{"type":"FeatureCollection","features":[{"type":"Feature","geometry":{"coordinates":[[[25.967365,44.966136,0.0],[25.967705,44.965927,0.0],[25.967725,44.965903,0.0],[25.967733,44.965833,0.0],[25.967717,44.965772,0.0],[25.967666,44.965711,0.0],[25.967625,44.965672,0.0],[25.967475,44.965622,0.0],[25.967315,44.965597,0.0],[25.967035,44.965559,0.0],[25.96681,44.965501,0.0],[25.966432,44.965376,0.0]]],"type":"MultiLineString"},"properties":{"Numar":"DN 1B","_s":{"f":"#db1e2a","fo":0.0,"s":"#000000","so":1.0,"w":3.78,"r":5.0,"cap":"round","join":"round","ml":true},"_l":"DN 1B","_a":40.2,"_p":[44.965615,25.967428]}},{"type":"Feature","geometry":{"coordinates":[[[25.688394,45.172754,0.0],[25.688332,45.172777,0.0],[25.688284,45.172817,0.0],[25.688262,45.172871,0.0],[25.688232,45.173003,0.0],[25.688221,45.17307,0.0],[25.688195,45.173176,0.0],[25.688162,45.173263,0.0],[25.68812,45.173329,0.0],[25.687973,45.173489,0.0]]],"type":"MultiLineString"},"properties":{"Numar":"DN 1","_s":{"f":"#db1e2a","fo":0.0,"s":"#000000","so":1.0,"w":3.78,"r":5.0,"cap":"round","join":"round","ml":true},"_l":"DN 1","_a":56.5,"_p":[45.17312,25.688209]}},{"type":"Feature","geometry":{"coordinates":[[[25.883813,44.811652,0.0],[25.883963,44.811731,0.0],[25.884265,44.811888,0.0],[25.884799,44.812176,0.0],[25.885078,44.812368,0.0],[25.885341,44.812575,0.0],[25.885616,44.812869,0.0],[25.885781,44.813108,0.0],[25.886205,44.813901,0.0],[25.886399,44.814274,0.0],[25.886775,44.814978,0.0],[25.887071,44.815534,0.0],[25.887352,44.816133,0.0],[25.887467,44.816512,0.0],[25.88751,44.816717,0.0],[25.887539,44.817086,0.0],[25.887491,44.817528,0.0],[25.887408,44.817948,0.0],[25.887321,44.818467,0.0],[25.8873,44.818723,0.0],[25.887309,44.819015,0.0],[25.887355,44.819279,0.0],[25.887395,44.81941,0.0],[25.887438,44.819517,0.0],[25.887532,44.819701,0.0],[25.88765,44.819871,0.0],[25.887744,44.819996,0.0],[25.887886,44.820146,0.0],[25.888056,44.820286,0.0],[25.888222,44.820419,0.0],[25.888526,44.82061,0.0],[25.888766,44.820754,0.0],[25.891502,44.822134,0.0],[25.89197,44.822375,0.0],[25.892638,44.822709,0.0],[25.893107,44.822943,0.0],[25.893654,44.823219,0.0],[25.893892,44.823369,0.0],[25.894081,44.823516,0.0],[25.894282,44.823694,0.0],[25.894406,44.823826,0.0],[25.894529,44.824,0.0],[25.89462,44.824151,0.0],[25.894702,44.824303,0.0],[25.894879,44.824788,0.0],[25.895188,44.825708,0.0],[25.895403,44.826303,0.0],[25.896029,44.828138,0.0],[25.896424,44.829316,0.0],[25.896696,44.830085,0.0],[25.89695,44.830821,0.0],[25.897068,44.831154,0.0],[25.897208,44.831444,0.0],[25.897343,44.831624,0.0],[25.897508,44.831805,0.0],[25.897669,44.831968,0.0],[25.897891,44.832165,0.0],[25.898346,44.832556,0.0],[25.898762,44.832933,0.0],[25.89916,44.833295,0.0],[25.899251,44.833394,0.0],[25.899317,44.833467,0.0],[25.899471,44.833669,0.0],[25.899705,44.834021,0.0],[25.900157,44.834758,0.0],[25.900307,44.834952,0.0],[25.900461,44.835117,0.0],[25.900645,44.835298,0.0],[25.900896,44.835492,0.0],[25.901152,44.835653,0.0],[25.901479,44.835822,0.0],[25.902642,44.836282,0.0],[25.902862,44.836386,0.0],[25.903139,44.836539,0.0],[25.903343,44.836674,0.0],[25.903532,44.836813,0.0],[25.903702,44.83695,0.0],[25.905135,44.838189,0.0],[25.906634,44.839488,0.0],[25.908139,44.840791,0.0],[25.909335,44.84181,0.0],[25.909674,44.842086,0.0],[25.909949,44.84227,0.0],[25.910092,44.842353,0.0],[25.910306,44.842464,0.0],[25.911002,44.842726,0.0],[25.912269,44.843134,0.0],[25.91501,44.844002,0.0],[25.91628,44.844411,0.0],[25.916961,44.844627,0.0],[25.917567,44.844833,0.0],[25.91793,44.844991,0.0],[25.91828,44.845199,0.0],[25.918568,44.845429,0.0],[25.918762,44.845626,0.0],[25.918891,44.845785,0.0],[25.919008,44.845961,0.0],[25.919123,44.846196,0.0],[25.919221,44.846438,0.0],[25.919782,44.848005,0.0],[25.920517,44.850051,0.0],[25.921503,44.852787,0.0],[25.921661,44.853161,0.0],[25.921839,44.853542,0.0],[25.92214,44.854142,0.0],[25.922403,44.854619,0.0],[25.92276,44.85517,0.0],[25.923165,44.855747,0.0],[25.923769,44.856606,0.0],[25.924138,44.857128,0.0],[25.924451,44.857583,0.0],[25.925873,44.859611,0.0],[25.927282,44.861599,0.0],[25.928645,44.863544,0.0],[25.929793,44.865183,0.0],[25.930608,44.86636,0.0],[25.931164,44.867158,0.0],[25.931456,44.867605,0.0],[25.931739,44.867986,0.0],[25.931931,44.86822,0.0],[25.93211,44.868427,0.0],[25.932319,44.868663,0.0],[25.932634,44.868955,0.0],[25.932969,44.869247,0.0],[25.93338,44.86958,0.0],[25.935841,44.871581,0.0],[25.937831,44.87319,0.0],[25.938536,44.873756,0.0],[25.938936,44.874077,0.0],[25.939327,44.874389,0.0],[25.939785,44.874768,0.0],[25.940045,44.875003,0.0],[25.940271,44.875199,0.0],[25.940701,44.875593,0.0],[25.941366,44.876221,0.0],[25.941735,44.876558,0.0],[25.941964,44.876759,0.0],[25.942658,44.87732,0.0],[25.945048,44.879228,0.0],[25.947469,44.881158,0.0],[25.948119,44.881674,0.0],[25.950096,44.883241,0.0],[25.953516,44.885977,0.0],[25.95515,44.88727,0.0],[25.955684,44.887688,0.0],[25.957641,44.889255,0.0],[25.960078,44.891193,0.0],[25.961772,44.892548,0.0],[25.962616,44.893214,0.0],[25.962973,44.893491,0.0],[25.963303,44.893747,0.0],[25.963621,44.893964,0.0],[25.963973,44.89418,0.0],[25.964433,44.894449,0.0],[25.96481,44.89466,0.0],[25.965361,44.894965,0.0],[25.9659,44.895258,0.0],[25.96686,44.895794,0.0],[25.967367,44.896073,0.0],[25.968077,44.896462,0.0],[25.968657,44.896797,0.0],[25.969498,44.897263,0.0],[25.969949,44.897522,0.0],[25.970204,44.897656,0.0],[25.970864,44.898005,0.0],[25.971524,44.898365,0.0],[25.972404,44.898845,0.0],[25.973835,44.899646,0.0],[25.975075,44.900324,0.0],[25.977101,44.90145,0.0],[25.978747,44.902357,0.0],[25.979937,44.903025,0.0],[25.981184,44.903708,0.0],[25.983387,44.904914,0.0],[25.986264,44.906501,0.0],[25.988373,44.90765,0.0],[25.989778,44.908418,0.0],[25.989996,44.908543,0.0],[25.990201,44.908662,0.0],[25.990339,44.908758,0.0],[25.99052,44.9089,0.0],[25.99072,44.909066,0.0],[25.990848,44.909199,0.0],[25.991039,44.909422,0.0],[25.991192,44.909634,0.0],[25.991317,44.909867,0.0],[25.991424,44.910107,0.0],[25.991542,44.910479,0.0],[25.99161,44.910736,0.0],[25.991719,44.910904,0.0],[25.991921,44.911119,0.0]]],"type":"MultiLineString"},"properties":{"Numar":"DN 1A","_s":{"f":"#db1e2a","fo":0.0,"s":"#000000","so":1.0,"w":3.78,"r":5.0,"cap":"round","join":"round","ml":true},"_l":"DN 1A","_a":-49.1,"_p":[44.864508,25.92932]}},{"type":"Feature","geometry":{"coordinates":[[[26.103487,44.765427,0.0],[26.102665,44.768644,0.0],[26.101563,44.77292,0.0],[26.10034,44.777654,0.0],[26.099125,44.782445,0.0],[26.098536,44.784785,0.0],[26.097946,44.787124,0.0],[26.097535,44.788804,0.0],[26.097404,44.789284,0.0],[26.09728,44.789657,0.0],[26.097212,44.789807,0.0],[26.097145,44.789953,0.0],[26.09707,44.79009,0.0],[26.096927,44.790306,0.0],[26.09677,44.790503,0.0],[26.096643,44.790643,0.0],[26.09651,44.790773,0.0],[26.096306,44.790957,0.0],[26.096114,44.791118,0.0],[26.095859,44.791309,0.0],[26.095268,44.791729,0.0],[26.092115,44.79394,0.0],[26.090345,44.795189,0.0],[26.088556,44.796468,0.0],[26.088106,44.796804,0.0],[26.087633,44.797155,0.0],[26.087453,44.797289,0.0],[26.087271,44.797423,0.0],[26.087135,44.797526,0.0],[26.086908,44.797708,0.0],[26.08678,44.797819,0.0],[26.086667,44.797927,0.0],[26.086554,44.79804,0.0],[26.086446,44.79817,0.0],[26.086303,44.798343,0.0],[26.086198,44.798491,0.0],[26.086067,44.798704,0.0],[26.085977,44.798879,0.0],[26.085916,44.799009,0.0],[26.08586,44.799153,0.0],[26.085799,44.799338,0.0],[26.085753,44.799503,0.0],[26.085725,44.799631,0.0],[26.085682,44.799845,0.0],[26.08564,44.800099,0.0],[26.08558,44.800461,0.0],[26.085445,44.801251,0.0],[26.084661,44.805839,0.0],[26.084602,44.806196,0.0],[26.084529,44.806611,0.0],[26.084439,44.807146,0.0],[26.084359,44.807607,0.0],[26.08428,44.808049,0.0],[26.084233,44.808353,0.0],[26.08417,44.808736,0.0],[26.084139,44.808969,0.0],[26.08413,44.809212,0.0],[26.084132,44.809417,0.0],[26.084145,44.809609,0.0],[26.084179,44.809872,0.0],[26.084214,44.810108,0.0],[26.08427,44.810407,0.0],[26.084317,44.810638,0.0],[26.084354,44.810885,0.0],[26.084379,44.811115,0.0],[26.084382,44.811302,0.0],[26.084359,44.811514,0.0],[26.084316,44.811719,0.0],[26.084258,44.811886,0.0],[26.08418,44.812047,0.0],[26.084081,44.812213,0.0],[26.083972,44.81237,0.0],[26.083766,44.81263,0.0],[26.083436,44.813008,0.0],[26.082965,44.813526,0.0],[26.082759,44.813761,0.0],[26.082559,44.814015,0.0],[26.082425,44.814211,0.0],[26.082316,44.814391,0.0],[26.082227,44.814563,0.0],[26.082163,44.814692,0.0],[26.082122,44.814808,0.0],[26.082079,44.814927,0.0],[26.082038,44.81506,0.0],[26.082004,44.815202,0.0],[26.081971,44.815356,0.0],[26.081915,44.815721,0.0],[26.081585,44.818235,0.0],[26.081172,44.821391,0.0],[26.080846,44.823895,0.0],[26.08075,44.824629,0.0],[26.080587,44.825851,0.0],[26.080334,44.827762,0.0],[26.080127,44.829362,0.0],[26.079919,44.830953,0.0],[26.079502,44.834101,0.0],[26.079061,44.83729,0.0],[26.078627,44.840428,0.0],[26.078442,44.841841,0.0],[26.078305,44.842824,0.0],[26.078199,44.843583,0.0],[26.078111,44.844252,0.0],[26.077845,44.845847,0.0],[26.077611,44.847285,0.0],[26.077521,44.847854,0.0],[26.077337,44.848985,0.0],[26.077162,44.850087,0.0],[26.07709,44.850548,0.0],[26.077029,44.850802,0.0],[26.076983,44.850978,0.0],[26.076911,44.851157,0.0],[26.076852,44.851271,0.0],[26.076788,44.851382,0.0],[26.076658,44.851566,0.0],[26.076521,44.851731,0.0],[26.076048,44.852261,0.0],[26.075194,44.85321,0.0],[26.074748,44.853706,0.0],[26.073976,44.854551,0.0],[26.072821,44.855822,0.0],[26.070955,44.857867,0.0],[26.069068,44.859935,0.0],[26.067315,44.86187,0.0],[26.066216,44.863087,0.0],[26.065058,44.864375,0.0],[26.06363,44.865964,0.0],[26.062071,44.867698,0.0],[26.061034,44.868855,0.0],[26.060185,44.869796,0.0],[26.059883,44.870124,0.0],[26.059725,44.870305,0.0],[26.059592,44.870459,0.0],[26.059297,44.87078,0.0],[26.058331,44.871841,0.0],[26.058046,44.872152,0.0],[26.057093,44.873195,0.0],[26.056825,44.873485,0.0],[26.055639,44.87479,0.0],[26.055299,44.875161,0.0],[26.054186,44.876382,0.0],[26.053637,44.876989,0.0],[26.052763,44.877949,0.0],[26.051704,44.879106,0.0],[26.051212,44.87965,0.0],[26.050434,44.880507,0.0],[26.049869,44.881111,0.0],[26.048896,44.882171,0.0],[26.04803,44.883119,0.0],[26.047683,44.883492,0.0],[26.047326,44.883887,0.0],[26.047025,44.884226,0.0],[26.046863,44.884412,0.0],[26.046641,44.884782,0.0],[26.046554,44.884947,0.0],[26.046318,44.884993,0.0],[26.046135,44.88504,0.0],[26.045998,44.885093,0.0],[26.045845,44.885162,0.0],[26.045608,44.88528,0.0],[26.045369,44.885375,0.0],[26.045165,44.885445,0.0],[26.044875,44.885526,0.0],[26.04467,44.885574,0.0],[26.044409,44.885618,0.0],[26.044267,44.885639,0.0],[26.044047,44.88566,0.0],[26.043895,44.885671,0.0],[26.043685,44.885678,0.0],[26.043325,44.885668,0.0],[26.042921,44.885649,0.0],[26.042484,44.885628,0.0],[26.042044,44.885609,0.0],[26.041729,44.885596,0.0],[26.041287,44.885571,0.0],[26.040632,44.885539,0.0],[26.038164,44.885428,0.0],[26.037108,44.88537,0.0],[26.035256,44.885289,0.0],[26.03439,44.885267,0.0],[26.033965,44.885254,0.0],[26.033702,44.885236,0.0],[26.033044,44.885121,0.0],[26.032697,44.88504,0.0],[26.032329,44.884926,0.0],[26.031988,44.885067,0.0],[26.031119,44.88509,0.0],[26.028824,44.885023,0.0],[26.027478,44.884957,0.0],[26.026645,44.884914,0.0],[26.025122,44.884853,0.0],[26.023308,44.88476,0.0],[26.022741,44.884731,0.0],[26.022053,44.884705,0.0],[26.020597,44.884637,0.0],[26.019217,44.884571,0.0],[26.018851,44.88456,0.0],[26.018644,44.884558,0.0],[26.018366,44.884559,0.0],[26.0181,44.884566,0.0],[26.017864,44.884582,0.0],[26.017553,44.884609,0.0],[26.017102,44.884665,0.0],[26.016797,44.884718,0.0],[26.01665,44.884752,0.0],[26.016503,44.884785,0.0],[26.016237,44.884858,0.0],[26.015926,44.884959,0.0],[26.015657,44.885062,0.0],[26.015341,44.885186,0.0],[26.015079,44.885301,0.0],[26.014808,44.88544,0.0],[26.014593,44.885561,0.0],[26.014387,44.885685,0.0],[26.014148,44.885844,0.0],[26.013866,44.886032,0.0],[26.013654,44.886205,0.0],[26.013194,44.886628,0.0],[26.012691,44.887203,0.0],[26.011731,44.888311,0.0],[26.011234,44.888891,0.0],[26.009732,44.890622,0.0],[26.008771,44.891744,0.0],[26.007824,44.892838,0.0],[26.006635,44.894217,0.0],[26.006465,44.894416,0.0],[26.006253,44.894662,0.0],[26.005164,44.895926,0.0],[26.003692,44.897628,0.0],[26.001789,44.899829,0.0],[26.000582,44.901213,0.0],[25.999347,44.902642,0.0],[25.998295,44.903851,0.0],[25.996472,44.905965,0.0],[25.994844,44.907847,0.0],[25.99313,44.909826,0.0],[25.992378,44.910704,0.0],[25.992165,44.91092,0.0],[25.991921,44.911119,0.0],[25.991619,44.9116,0.0],[25.991179,44.912098,0.0],[25.989827,44.913648,0.0],[25.988237,44.915462,0.0],[25.987819,44.915974,0.0],[25.987166,44.91673,0.0],[25.986572,44.91741,0.0],[25.986001,44.918066,0.0],[25.985783,44.918313,0.0],[25.985365,44.918808,0.0],[25.985035,44.919192,0.0],[25.984472,44.919832,0.0],[25.984202,44.920158,0.0],[25.983709,44.920724,0.0],[25.983212,44.921296,0.0],[25.982898,44.921667,0.0],[25.98259,44.922015,0.0],[25.982194,44.922473,0.0],[25.981752,44.922984,0.0],[25.98142,44.923368,0.0],[25.981221,44.923582,0.0],[25.981011,44.923784,0.0],[25.980694,44.924076,0.0],[25.980362,44.924375,0.0],[25.979973,44.924689,0.0],[25.979771,44.924862,0.0],[25.979494,44.925091,0.0],[25.979049,44.92545,0.0],[25.978547,44.925823,0.0],[25.978206,44.926031,0.0],[25.977922,44.926196,0.0],[25.977509,44.92644,0.0],[25.976987,44.926751,0.0],[25.976377,44.927108,0.0],[25.975715,44.927504,0.0],[25.975077,44.927879,0.0],[25.974396,44.928276,0.0],[25.973451,44.928842,0.0],[25.972436,44.929436,0.0],[25.971218,44.930094,0.0],[25.96859,44.931686,0.0],[25.967291,44.932478,0.0],[25.966615,44.932884,0.0],[25.96574,44.933411,0.0],[25.964981,44.933863,0.0],[25.96413,44.934369,0.0],[25.963638,44.934669,0.0],[25.963288,44.934909,0.0],[25.963123,44.93503,0.0],[25.962927,44.935183,0.0],[25.962788,44.935295,0.0],[25.96262,44.935444,0.0],[25.962456,44.935597,0.0],[25.962287,44.935764,0.0],[25.962124,44.935933,0.0],[25.962035,44.936038,0.0],[25.961926,44.936167,0.0],[25.961764,44.936369,0.0],[25.961614,44.936586,0.0],[25.961486,44.936771,0.0],[25.961377,44.936957,0.0],[25.961286,44.937119,0.0],[25.961205,44.93726,0.0],[25.961103,44.937463,0.0],[25.96101,44.937688,0.0],[25.96093,44.937893,0.0],[25.960876,44.938076,0.0],[25.960813,44.938292,0.0],[25.960772,44.938499,0.0],[25.960712,44.938812,0.0],[25.960682,44.939048,0.0],[25.960666,44.939288,0.0],[25.960674,44.939503,0.0],[25.960689,44.939748,0.0],[25.960699,44.939946,0.0],[25.96073,44.940166,0.0],[25.960781,44.940523,0.0],[25.960841,44.940956,0.0],[25.96104,44.942149,0.0],[25.961265,44.943753,0.0],[25.961616,44.945911,0.0],[25.962005,44.948175,0.0],[25.962314,44.950177,0.0],[25.962768,44.95249,0.0],[25.963189,44.954627,0.0],[25.96366,44.956991,0.0],[25.96413,44.95942,0.0],[25.964543,44.961502,0.0],[25.964576,44.961726,0.0],[25.9646,44.96191,0.0],[25.96462,44.962106,0.0],[25.964728,44.963599,0.0],[25.964723,44.963858,0.0],[25.964422,44.964289,0.0],[25.96432,44.964574,0.0],[25.964225,44.964813,0.0],[25.964137,44.965033,0.0],[25.964038,44.965243,0.0],[25.963844,44.965634,0.0],[25.963716,44.96586,0.0],[25.963536,44.966152,0.0],[25.963302,44.96649,0.0],[25.963088,44.966774,0.0],[25.962902,44.966995,0.0],[25.962755,44.967167,0.0],[25.962576,44.967362,0.0],[25.962341,44.9676,0.0],[25.962065,44.967864,0.0],[25.961834,44.968068,0.0],[25.961654,44.968222,0.0],[25.961488,44.968357,0.0],[25.961269,44.968529,0.0],[25.961002,44.968731,0.0],[25.960753,44.968915,0.0],[25.960606,44.96901,0.0],[25.960425,44.969126,0.0],[25.960059,44.969327,0.0],[25.959609,44.969543,0.0],[25.959458,44.969612,0.0],[25.958941,44.969839,0.0],[25.958299,44.970123,0.0],[25.957981,44.970264,0.0],[25.957616,44.970424,0.0],[25.95727,44.970574,0.0],[25.956675,44.970836,0.0],[25.95557,44.97132,0.0],[25.954944,44.971595,0.0],[25.954605,44.971746,0.0],[25.954199,44.971927,0.0],[25.953814,44.972095,0.0],[25.953551,44.972209,0.0],[25.953118,44.972397,0.0],[25.952181,44.972811,0.0],[25.951591,44.973069,0.0],[25.950865,44.973389,0.0],[25.949651,44.973922,0.0],[25.946433,44.975334,0.0],[25.941815,44.977355,0.0],[25.940756,44.977852,0.0],[25.940514,44.977941,0.0],[25.939867,44.978241,0.0],[25.938717,44.978717,0.0],[25.936289,44.979794,0.0],[25.930967,44.982132,0.0],[25.925727,44.984426,0.0],[25.920767,44.986602,0.0],[25.915803,44.988783,0.0],[25.915365,44.988971,0.0],[25.910643,44.991045,0.0],[25.905609,44.99325,0.0],[25.900264,44.995595,0.0],[25.888658,45.000683,0.0],[25.885151,45.002217,0.0],[25.883395,45.003008,0.0],[25.88001,45.004469,0.0],[25.874633,45.006812,0.0],[25.86931,45.009149,0.0],[25.863932,45.011506,0.0],[25.856473,45.01477,0.0],[25.852067,45.016698,0.0],[25.849905,45.017643,0.0],[25.84396,45.020245,0.0],[25.839278,45.0223,0.0],[25.835725,45.023848,0.0],[25.832236,45.025375,0.0],[25.827441,45.027477,0.0],[25.82622,45.028005,0.0],[25.825897,45.028161,0.0],[25.825566,45.028343,0.0],[25.825259,45.028542,0.0],[25.824856,45.028837,0.0],[25.823639,45.029763,0.0],[25.822035,45.030975,0.0],[25.821124,45.031696,0.0],[25.818461,45.03373,0.0],[25.81749,45.034462,0.0],[25.817115,45.034745,0.0],[25.816842,45.034975,0.0],[25.816648,45.035161,0.0],[25.81639,45.035452,0.0],[25.815056,45.037001,0.0],[25.813286,45.039116,0.0],[25.81258,45.039868,0.0],[25.810158,45.042678,0.0],[25.809392,45.043566,0.0],[25.806121,45.047358,0.0],[25.803785,45.050063,0.0],[25.801248,45.052999,0.0],[25.798505,45.056171,0.0],[25.795799,45.059302,0.0],[25.792844,45.06272,0.0],[25.790117,45.065863,0.0],[25.788307,45.067949,0.0],[25.786446,45.070091,0.0],[25.784368,45.072481,0.0],[25.782173,45.075015,0.0],[25.780057,45.077441,0.0],[25.777337,45.080564,0.0],[25.775823,45.082306,0.0],[25.773569,45.084886,0.0],[25.771598,45.087155,0.0],[25.769424,45.089648,0.0],[25.76734,45.092023,0.0],[25.765133,45.094525,0.0],[25.764244,45.095533,0.0],[25.762945,45.097014,0.0],[25.761892,45.098222,0.0],[25.761493,45.098708,0.0],[25.760933,45.099449,0.0],[25.760632,45.099853,0.0],[25.760386,45.100142,0.0],[25.760208,45.100323,0.0],[25.759978,45.100503,0.0],[25.759753,45.100629,0.0],[25.759533,45.100753,0.0],[25.759333,45.100852,0.0],[25.75905,45.100971,0.0],[25.758304,45.101268,0.0],[25.757983,45.101389,0.0],[25.757637,45.101543,0.0],[25.757326,45.101683,0.0],[25.756952,45.101875,0.0],[25.75656,45.102104,0.0],[25.7562,45.10235,0.0],[25.755851,45.102614,0.0],[25.755471,45.102908,0.0],[25.755231,45.103092,0.0],[25.755041,45.103218,0.0],[25.754836,45.103334,0.0],[25.754651,45.103432,0.0],[25.754335,45.103569,0.0],[25.754036,45.103675,0.0],[25.753662,45.103792,0.0],[25.751953,45.104274,0.0],[25.750646,45.104655,0.0],[25.750078,45.104819,0.0],[25.749397,45.10502,0.0],[25.748391,45.105314,0.0],[25.746334,45.105917,0.0],[25.745973,45.106023,0.0],[25.745546,45.106149,0.0],[25.745179,45.106264,0.0],[25.744785,45.106397,0.0],[25.744398,45.106539,0.0],[25.743974,45.106711,0.0],[25.743653,45.106854,0.0],[25.743231,45.107052,0.0],[25.742815,45.107263,0.0],[25.74249,45.107447,0.0],[25.741889,45.107807,0.0],[25.740059,45.108987,0.0],[25.739128,45.109589,0.0],[25.738461,45.110032,0.0],[25.738016,45.110363,0.0],[25.737609,45.110697,0.0],[25.737309,45.110956,0.0],[25.737043,45.111209,0.0],[25.736731,45.111517,0.0],[25.736426,45.111845,0.0],[25.736093,45.112215,0.0],[25.735859,45.11246,0.0],[25.735023,45.11339,0.0],[25.734361,45.114113,0.0],[25.734096,45.114393,0.0],[25.733797,45.114679,0.0],[25.733413,45.115032,0.0],[25.732961,45.115404,0.0],[25.731347,45.116654,0.0],[25.730479,45.117326,0.0],[25.73004,45.11767,0.0],[25.729637,45.118,0.0],[25.729161,45.118424,0.0],[25.728717,45.118857,0.0],[25.72794,45.119626,0.0],[25.727487,45.120074,0.0],[25.727228,45.12032,0.0],[25.726918,45.120576,0.0],[25.726624,45.1208,0.0],[25.725873,45.1213,0.0],[25.724775,45.122038,0.0],[25.72442,45.122292,0.0],[25.724083,45.12255,0.0],[25.723768,45.122825,0.0],[25.723385,45.123197,0.0],[25.723097,45.123513,0.0],[25.722763,45.12392,0.0],[25.722254,45.124573,0.0],[25.721209,45.125902,0.0],[25.720595,45.126683,0.0],[25.720401,45.126949,0.0],[25.720185,45.127296,0.0],[25.719913,45.127904,0.0],[25.719781,45.128323,0.0],[25.719705,45.128634,0.0],[25.719495,45.129606,0.0],[25.719414,45.130011,0.0],[25.719275,45.130587,0.0],[25.71915,45.130973,0.0],[25.718997,45.131339,0.0],[25.718854,45.131629,0.0],[25.718541,45.1321,0.0],[25.718354,45.132353,0.0],[25.716132,45.134886,0.0],[25.71542,45.135671,0.0],[25.71471,45.13637,0.0],[25.71424,45.136795,0.0],[25.713732,45.137233,0.0],[25.713043,45.137772,0.0],[25.71228,45.138329,0.0],[25.711609,45.1388,0.0],[25.711184,45.139066,0.0],[25.710718,45.139324,0.0],[25.710085,45.139626,0.0],[25.709546,45.139847,0.0],[25.708896,45.140077,0.0],[25.707043,45.140669,0.0],[25.706044,45.140981,0.0],[25.703641,45.141745,0.0],[25.702059,45.142246,0.0],[25.701535,45.142425,0.0],[25.701054,45.142603,0.0],[25.700632,45.1428,0.0],[25.700166,45.143015,0.0],[25.699753,45.143283,0.0],[25.699581,45.143408,0.0],[25.699271,45.143623,0.0],[25.699119,45.143731,0.0],[25.698903,45.143917,0.0],[25.698594,45.144215,0.0],[25.698345,45.144474,0.0],[25.698128,45.144732,0.0],[25.697943,45.145005,0.0],[25.69771,45.145374,0.0],[25.697517,45.145761,0.0],[25.697047,45.146723,0.0],[25.696578,45.147699,0.0],[25.696263,45.148456,0.0],[25.696015,45.149099,0.0],[25.695788,45.149754,0.0],[25.695569,45.150447,0.0],[25.695266,45.151622,0.0],[25.694989,45.15285,0.0],[25.694707,45.154127,0.0],[25.694422,45.155406,0.0],[25.694046,45.156958,0.0],[25.693791,45.1579,0.0],[25.693423,45.159145,0.0],[25.693046,45.160355,0.0],[25.692686,45.161502,0.0],[25.692572,45.161835,0.0],[25.692443,45.162165,0.0],[25.692289,45.162529,0.0],[25.692122,45.162885,0.0],[25.691846,45.163411,0.0],[25.69148,45.16403,0.0],[25.691086,45.164667,0.0],[25.690039,45.166386,0.0],[25.689752,45.166881,0.0],[25.689475,45.167419,0.0],[25.689305,45.167797,0.0],[25.689157,45.168156,0.0],[25.689025,45.168499,0.0],[25.688887,45.168911,0.0],[25.688815,45.169147,0.0],[25.688751,45.169386,0.0],[25.688661,45.169745,0.0],[25.688563,45.170219,0.0],[25.688393,45.171177,0.0],[25.688163,45.172535,0.0],[25.688027,45.173259,0.0],[25.687973,45.173489,0.0],[25.687895,45.173769,0.0],[25.687787,45.174055,0.0],[25.687565,45.174496,0.0],[25.687344,45.174851,0.0],[25.687174,45.175087,0.0],[25.686988,45.175322,0.0],[25.686752,45.175574,0.0],[25.686502,45.175814,0.0],[25.686261,45.176026,0.0],[25.685954,45.176265,0.0],[25.685194,45.176794,0.0],[25.683791,45.177718,0.0],[25.683308,45.178033,0.0],[25.682647,45.17849,0.0],[25.682305,45.178767,0.0],[25.682065,45.178994,0.0],[25.681913,45.17915,0.0],[25.681633,45.179489,0.0],[25.681498,45.179671,0.0],[25.68132,45.179971,0.0],[25.681145,45.180312,0.0],[25.680976,45.180782,0.0],[25.680853,45.181225,0.0],[25.680571,45.182187,0.0],[25.680413,45.18275,0.0],[25.68013,45.183753,0.0],[25.679738,45.185164,0.0],[25.679517,45.185917,0.0],[25.679341,45.186383,0.0],[25.679136,45.186806,0.0],[25.678879,45.187246,0.0],[25.678707,45.187504,0.0],[25.678517,45.187766,0.0],[25.678163,45.188187,0.0],[25.677265,45.189212,0.0],[25.675854,45.190816,0.0],[25.674666,45.192198,0.0],[25.673844,45.193167,0.0],[25.67299,45.194167,0.0],[25.672641,45.19455,0.0],[25.672362,45.194827,0.0],[25.672038,45.195107,0.0],[25.671739,45.195342,0.0],[25.671431,45.195571,0.0],[25.670081,45.196494,0.0],[25.669447,45.196928,0.0],[25.668852,45.197336,0.0],[25.668279,45.197729,0.0],[25.667616,45.198195,0.0],[25.667383,45.198378,0.0],[25.667117,45.198598,0.0],[25.666855,45.198837,0.0],[25.666571,45.199128,0.0],[25.666356,45.199378,0.0],[25.666159,45.199622,0.0],[25.665921,45.199964,0.0],[25.665658,45.20041,0.0],[25.665151,45.201238,0.0],[25.66495,45.201591,0.0],[25.664705,45.201917,0.0],[25.664511,45.202146,0.0],[25.664254,45.202432,0.0],[25.663915,45.202768,0.0],[25.66357,45.20305,0.0],[25.663466,45.203134,0.0],[25.662891,45.203586,0.0],[25.662502,45.20389,0.0],[25.66198,45.2043,0.0],[25.661677,45.204571,0.0],[25.661306,45.204943,0.0],[25.661069,45.205213,0.0],[25.660852,45.205487,0.0],[25.66032,45.206186,0.0],[25.660041,45.206551,0.0],[25.659681,45.207005,0.0],[25.659152,45.20763,0.0],[25.658735,45.208097,0.0],[25.658177,45.208688,0.0],[25.657741,45.209125,0.0],[25.657319,45.209537,0.0],[25.65681,45.210007,0.0],[25.656126,45.210594,0.0],[25.655513,45.211111,0.0],[25.654908,45.211581,0.0],[25.653973,45.212336,0.0],[25.653398,45.212815,0.0],[25.652987,45.213169,0.0],[25.652442,45.21366,0.0],[25.651899,45.214162,0.0],[25.651326,45.214699,0.0],[25.650379,45.215593,0.0],[25.650112,45.215847,0.0],[25.649555,45.216374,0.0],[25.648845,45.217041,0.0],[25.647677,45.21814,0.0],[25.646894,45.218878,0.0],[25.646379,45.219392,0.0],[25.646028,45.219784,0.0],[25.645506,45.220447,0.0],[25.644963,45.221135,0.0],[25.644709,45.22144,0.0],[25.644455,45.22172,0.0],[25.644086,45.222067,0.0],[25.643691,45.222417,0.0],[25.643211,45.222786,0.0],[25.642544,45.223299,0.0],[25.642285,45.223518,0.0],[25.641985,45.223792,0.0],[25.641754,45.22402,0.0],[25.641491,45.224292,0.0],[25.640889,45.224983,0.0],[25.640439,45.225536,0.0],[25.640141,45.225886,0.0],[25.640024,45.22603,0.0],[25.639708,45.226429,0.0],[25.639119,45.227143,0.0],[25.639027,45.227261,0.0],[25.63894,45.227385,0.0],[25.638847,45.22754,0.0],[25.63875,45.227728,0.0],[25.63831,45.228742,0.0],[25.637695,45.230188,0.0],[25.637611,45.230371,0.0],[25.637504,45.230575,0.0],[25.637426,45.230699,0.0],[25.637078,45.231137,0.0],[25.636937,45.231321,0.0],[25.636789,45.231543,0.0],[25.636683,45.231727,0.0],[25.636587,45.231935,0.0],[25.636488,45.232209,0.0],[25.636442,45.232382,0.0],[25.636417,45.232548,0.0],[25.636388,45.232777,0.0],[25.636388,45.233062,0.0],[25.636422,45.233387,0.0],[25.6365,45.233748,0.0],[25.636595,45.234238,0.0],[25.636619,45.234472,0.0],[25.636625,45.234727,0.0],[25.636635,45.234856,0.0],[25.636644,45.235178,0.0],[25.636694,45.235362,0.0],[25.636759,45.23548,0.0],[25.636868,45.235645,0.0],[25.636956,45.235781,0.0],[25.637046,45.235931,0.0],[25.637076,45.236019,0.0],[25.637097,45.2361,0.0],[25.637114,45.236193,0.0],[25.637117,45.236287,0.0],[25.637104,45.236412,0.0],[25.637075,45.23652,0.0],[25.637035,45.23662,0.0],[25.636972,45.236734,0.0],[25.636879,45.236848,0.0],[25.636761,45.23697,0.0],[25.636298,45.237433,0.0],[25.636054,45.237679,0.0],[25.635983,45.237759,0.0],[25.63594,45.23781,0.0],[25.635916,45.237856,0.0],[25.63588,45.237932,0.0],[25.635857,45.238032,0.0],[25.63585,45.23815,0.0],[25.635865,45.238291,0.0],[25.635917,45.238671,0.0],[25.635921,45.238763,0.0],[25.63592,45.238853,0.0],[25.63591,45.238981,0.0],[25.63587,45.239087,0.0],[25.635822,45.239171,0.0],[25.635731,45.23933,0.0],[25.635498,45.239697,0.0],[25.635273,45.240124,0.0],[25.634884,45.240969,0.0],[25.63465,45.241455,0.0],[25.634566,45.241603,0.0],[25.634476,45.241724,0.0],[25.634362,45.241842,0.0],[25.634151,45.242032,0.0],[25.633777,45.242367,0.0],[25.633435,45.242664,0.0],[25.633206,45.242869,0.0],[25.633025,45.243045,0.0],[25.63276,45.243337,0.0],[25.632679,45.243441,0.0],[25.632564,45.243597,0.0],[25.632434,45.243778,0.0],[25.632294,45.24394,0.0],[25.632118,45.244112,0.0],[25.631748,45.244443,0.0],[25.631637,45.244571,0.0],[25.631558,45.244686,0.0],[25.631407,45.24492,0.0],[25.631277,45.245154,0.0],[25.631196,45.245321,0.0],[25.631096,45.245572,0.0],[25.63098,45.245867,0.0],[25.630892,45.246129,0.0],[25.63084,45.24632,0.0],[25.630806,45.246555,0.0],[25.630806,45.246785,0.0],[25.630852,45.247655,0.0],[25.630875,45.248075,0.0],[25.630856,45.248386,0.0],[25.630833,45.248604,0.0],[25.630743,45.24901,0.0],[25.630681,45.249222,0.0],[25.630605,45.24943,0.0],[25.630506,45.249636,0.0],[25.630412,45.249808,0.0],[25.630232,45.250149,0.0],[25.630037,45.250517,0.0],[25.629949,45.250685,0.0],[25.629841,45.250891,0.0],[25.629777,45.251011,0.0],[25.629715,45.251143,0.0],[25.629686,45.251221,0.0],[25.629628,45.2514,0.0],[25.629525,45.251799,0.0],[25.629364,45.252454,0.0],[25.629154,45.253274,0.0],[25.629011,45.253833,0.0],[25.628891,45.254276,0.0],[25.628828,45.25448,0.0],[25.62875,45.254691,0.0],[25.628657,45.254893,0.0],[25.628562,45.25508,0.0],[25.628345,45.25549,0.0],[25.627953,45.256218,0.0],[25.627645,45.25677,0.0],[25.627333,45.257238,0.0],[25.627015,45.257721,0.0],[25.62651,45.258488,0.0],[25.626045,45.259188,0.0],[25.625843,45.259472,0.0],[25.625594,45.259791,0.0],[25.625348,45.260096,0.0],[25.625146,45.260364,0.0],[25.62502,45.260585,0.0],[25.624911,45.260815,0.0],[25.624772,45.261143,0.0],[25.624616,45.261558,0.0],[25.624526,45.261826,0.0],[25.62444,45.26216,0.0],[25.624356,45.262506,0.0],[25.624158,45.263376,0.0],[25.624034,45.263911,0.0],[25.62396,45.264233,0.0],[25.62392,45.264428,0.0],[25.623909,45.264532,0.0],[25.623906,45.264659,0.0],[25.623914,45.265033,0.0],[25.623944,45.265735,0.0],[25.623956,45.266129,0.0],[25.624042,45.267844,0.0],[25.624077,45.268577,0.0],[25.624117,45.269426,0.0],[25.624137,45.269913,0.0],[25.624131,45.270109,0.0],[25.624118,45.270186,0.0],[25.624098,45.270255,0.0],[25.624061,45.27035,0.0],[25.624008,45.270439,0.0],[25.623955,45.270513,0.0],[25.623883,45.270593,0.0],[25.62381,45.270659,0.0],[25.623725,45.270721,0.0],[25.623628,45.270776,0.0],[25.623505,45.270833,0.0],[25.622794,45.27112,0.0],[25.622662,45.271198,0.0],[25.622586,45.271261,0.0],[25.62253,45.271333,0.0],[25.622494,45.271416,0.0],[25.622477,45.27151,0.0],[25.622474,45.271615,0.0],[25.622481,45.2717,0.0],[25.622577,45.272211,0.0],[25.622643,45.27254,0.0],[25.622655,45.272651,0.0],[25.622645,45.272755,0.0],[25.622611,45.272849,0.0],[25.622576,45.272916,0.0],[25.62253,45.272989,0.0],[25.622417,45.273113,0.0],[25.622335,45.273187,0.0],[25.622044,45.273428,0.0],[25.621693,45.273707,0.0],[25.621631,45.273771,0.0],[25.62157,45.273859,0.0],[25.621538,45.273931,0.0],[25.621507,45.274076,0.0],[25.621483,45.274278,0.0],[25.621453,45.274711,0.0],[25.621421,45.275087,0.0],[25.621405,45.275186,0.0],[25.62137,45.275342,0.0],[25.62133,45.275509,0.0],[25.621293,45.275644,0.0],[25.621242,45.275755,0.0],[25.620908,45.276225,0.0],[25.620864,45.276308,0.0],[25.620846,45.276368,0.0],[25.62085,45.276449,0.0],[25.620898,45.276575,0.0],[25.620978,45.276717,0.0],[25.621153,45.276954,0.0],[25.621398,45.277296,0.0],[25.621628,45.277585,0.0],[25.621704,45.277728,0.0],[25.621716,45.277805,0.0],[25.62171,45.277886,0.0],[25.621687,45.277958,0.0],[25.621655,45.278017,0.0],[25.62161,45.278076,0.0],[25.621301,45.278521,0.0],[25.621141,45.27873,0.0],[25.62102,45.278941,0.0],[25.620861,45.279265,0.0],[25.620638,45.279667,0.0],[25.620373,45.280119,0.0],[25.620097,45.280686,0.0],[25.619929,45.280989,0.0],[25.619742,45.281154,0.0],[25.619587,45.281303,0.0],[25.61944,45.281523,0.0],[25.619345,45.281649,0.0],[25.619268,45.281709,0.0],[25.619147,45.281756,0.0],[25.618995,45.281783,0.0],[25.618711,45.281794,0.0],[25.618497,45.281811,0.0],[25.618348,45.281853,0.0],[25.618223,45.281926,0.0],[25.618132,45.282036,0.0],[25.618114,45.282168,0.0],[25.618133,45.282346,0.0],[25.618262,45.282569,0.0],[25.618582,45.283149,0.0],[25.61871,45.283452,0.0],[25.619064,45.284207,0.0],[25.619211,45.284551,0.0],[25.619258,45.284724,0.0],[25.619252,45.284855,0.0],[25.619208,45.285016,0.0],[25.619141,45.285226,0.0],[25.619064,45.285356,0.0],[25.618955,45.285482,0.0],[25.618517,45.285821,0.0],[25.618312,45.285997,0.0],[25.617913,45.286375,0.0],[25.617678,45.286629,0.0],[25.61719,45.287197,0.0],[25.616833,45.287619,0.0],[25.616733,45.287723,0.0],[25.616619,45.287798,0.0],[25.616446,45.287886,0.0],[25.616038,45.288068,0.0],[25.615891,45.288142,0.0],[25.615763,45.288237,0.0],[25.615609,45.288369,0.0],[25.615476,45.288524,0.0],[25.615321,45.288716,0.0],[25.615219,45.288819,0.0],[25.615089,45.288935,0.0],[25.614948,45.289038,0.0],[25.614745,45.289166,0.0],[25.614363,45.289369,0.0],[25.614223,45.289443,0.0],[25.614091,45.289528,0.0],[25.614014,45.289587,0.0],[25.613924,45.289674,0.0],[25.613757,45.289887,0.0],[25.613696,45.289961,0.0],[25.613591,45.290039,0.0],[25.613477,45.290108,0.0],[25.613313,45.290172,0.0],[25.612879,45.290315,0.0],[25.612454,45.290442,0.0],[25.612014,45.29054,0.0],[25.611343,45.290727,0.0],[25.61096,45.290848,0.0],[25.61064,45.290959,0.0],[25.610388,45.291066,0.0],[25.610082,45.291214,0.0],[25.609492,45.291494,0.0],[25.609125,45.291651,0.0],[25.608758,45.29178,0.0],[25.608162,45.291977,0.0],[25.607113,45.292267,0.0],[25.606292,45.292487,0.0],[25.605516,45.292661,0.0],[25.604635,45.292845,0.0],[25.603952,45.292985,0.0],[25.603555,45.293066,0.0],[25.603067,45.293198,0.0],[25.602732,45.293324,0.0],[25.602406,45.293453,0.0],[25.602075,45.293597,0.0],[25.601879,45.293747,0.0],[25.601708,45.293942,0.0],[25.601524,45.294106,0.0],[25.601388,45.294206,0.0],[25.601225,45.294284,0.0],[25.60108,45.294346,0.0],[25.600838,45.294432,0.0],[25.600502,45.294504,0.0],[25.599835,45.294636,0.0],[25.599423,45.29474,0.0],[25.599188,45.294812,0.0],[25.598998,45.294878,0.0],[25.598247,45.295206,0.0],[25.59788,45.295377,0.0],[25.59771,45.295477,0.0],[25.59758,45.295575,0.0],[25.597502,45.295649,0.0],[25.597457,45.295708,0.0],[25.597406,45.295799,0.0],[25.597367,45.29591,0.0],[25.597318,45.296196,0.0],[25.597274,45.296386,0.0],[25.59724,45.296472,0.0],[25.597201,45.296513,0.0],[25.597128,45.296573,0.0],[25.597004,45.296627,0.0],[25.596667,45.296718,0.0],[25.596297,45.296834,0.0],[25.595878,45.296951,0.0],[25.595679,45.29702,0.0],[25.595449,45.297107,0.0],[25.595206,45.297223,0.0],[25.594968,45.297397,0.0],[25.594854,45.29749,0.0],[25.59462,45.297711,0.0],[25.594426,45.297854,0.0],[25.594273,45.297942,0.0],[25.594079,45.298,0.0],[25.593804,45.298081,0.0],[25.593383,45.298182,0.0],[25.593059,45.298269,0.0],[25.592859,45.298319,0.0],[25.59264,45.298395,0.0],[25.59243,45.298502,0.0],[25.592048,45.298761,0.0],[25.591577,45.299067,0.0],[25.591313,45.299203,0.0],[25.591008,45.299334,0.0],[25.590634,45.299467,0.0],[25.590366,45.29954,0.0],[25.590177,45.299613,0.0],[25.589834,45.299822,0.0],[25.589208,45.300198,0.0],[25.588765,45.300488,0.0],[25.58848,45.300683,0.0],[25.588247,45.300793,0.0],[25.58801,45.30086,0.0],[25.587578,45.300912,0.0],[25.587297,45.300946,0.0],[25.587171,45.300985,0.0],[25.586919,45.301104,0.0],[25.586802,45.301195,0.0],[25.586639,45.30137,0.0],[25.586421,45.301623,0.0],[25.586233,45.301926,0.0],[25.586067,45.302156,0.0],[25.585742,45.302463,0.0],[25.585361,45.302769,0.0],[25.584929,45.303137,0.0],[25.584561,45.303458,0.0],[25.584108,45.303782,0.0],[25.583734,45.303993,0.0],[25.582428,45.304513,0.0],[25.582148,45.304618,0.0],[25.581958,45.304702,0.0],[25.581866,45.304759,0.0],[25.58136,45.305108,0.0],[25.58111,45.305234,0.0],[25.580754,45.305377,0.0],[25.580088,45.305624,0.0],[25.579819,45.305705,0.0],[25.579528,45.305738,0.0],[25.579069,45.305748,0.0],[25.578662,45.30575,0.0],[25.578123,45.30575,0.0],[25.577602,45.305765,0.0],[25.577294,45.305815,0.0],[25.577056,45.305882,0.0],[25.576879,45.305983,0.0],[25.576679,45.306127,0.0],[25.576122,45.30651,0.0],[25.575605,45.306908,0.0],[25.575367,45.307055,0.0],[25.575165,45.30712,0.0],[25.574941,45.307178,0.0],[25.574647,45.307257,0.0],[25.574462,45.307319,0.0],[25.57429,45.307401,0.0],[25.574045,45.30757,0.0],[25.573752,45.307812,0.0],[25.573474,45.308044,0.0],[25.573369,45.308143,0.0],[25.57327,45.308259,0.0],[25.573218,45.308336,0.0],[25.573173,45.30846,0.0],[25.573142,45.308586,0.0],[25.573113,45.308781,0.0],[25.573014,45.309294,0.0],[25.572971,45.309436,0.0],[25.572911,45.309558,0.0],[25.572835,45.309685,0.0],[25.572731,45.309813,0.0],[25.572585,45.309951,0.0],[25.572454,45.310055,0.0],[25.572337,45.310135,0.0],[25.572199,45.310213,0.0],[25.571683,45.310454,0.0],[25.57059,45.310907,0.0],[25.570315,45.311051,0.0],[25.570031,45.311221,0.0],[25.56959,45.311539,0.0],[25.569291,45.311784,0.0],[25.569126,45.311921,0.0],[25.568937,45.312095,0.0],[25.568835,45.312217,0.0],[25.568754,45.312342,0.0],[25.568159,45.313338,0.0],[25.567709,45.31407,0.0],[25.567302,45.31465,0.0],[25.566896,45.315168,0.0],[25.566787,45.315256,0.0],[25.56669,45.315317,0.0],[25.566604,45.315355,0.0],[25.566335,45.315468,0.0],[25.566097,45.315584,0.0],[25.565972,45.315662,0.0],[25.56585,45.315773,0.0],[25.565716,45.315963,0.0],[25.565387,45.316463,0.0],[25.565241,45.316656,0.0],[25.565078,45.316855,0.0],[25.564299,45.317825,0.0],[25.564126,45.318012,0.0],[25.563926,45.318255,0.0],[25.563699,45.318568,0.0],[25.563583,45.318791,0.0],[25.56347,45.319094,0.0],[25.563445,45.319197,0.0],[25.56343,45.319312,0.0],[25.563412,45.319523,0.0],[25.563417,45.319897,0.0],[25.563415,45.320339,0.0],[25.563444,45.320894,0.0],[25.563466,45.321156,0.0],[25.563514,45.322108,0.0],[25.563583,45.322373,0.0],[25.563661,45.322582,0.0],[25.563825,45.322873,0.0],[25.564027,45.323229,0.0],[25.564179,45.323503,0.0],[25.564216,45.323586,0.0],[25.564238,45.323676,0.0],[25.564251,45.323795,0.0],[25.564248,45.323933,0.0],[25.564214,45.324271,0.0],[25.564149,45.32477,0.0],[25.564095,45.325273,0.0],[25.564066,45.325572,0.0],[25.563998,45.3261,0.0],[25.563938,45.326374,0.0],[25.563736,45.326796,0.0],[25.563658,45.327008,0.0],[25.563636,45.327092,0.0],[25.563627,45.327168,0.0],[25.563633,45.327282,0.0],[25.563652,45.327379,0.0],[25.563765,45.327619,0.0],[25.56399,45.328056,0.0],[25.564278,45.3286,0.0],[25.564359,45.328803,0.0],[25.564375,45.328936,0.0],[25.564393,45.329122,0.0],[25.564393,45.329228,0.0],[25.564385,45.329321,0.0],[25.564368,45.329406,0.0],[25.56434,45.329513,0.0],[25.564307,45.329593,0.0],[25.564223,45.329784,0.0],[25.564163,45.329889,0.0],[25.564079,45.33001,0.0],[25.563884,45.330212,0.0],[25.563727,45.330342,0.0],[25.563222,45.330698,0.0],[25.562696,45.331082,0.0],[25.562619,45.331128,0.0],[25.56221,45.331356,0.0],[25.561417,45.331777,0.0],[25.559718,45.332663,0.0],[25.559505,45.332754,0.0],[25.559293,45.332839,0.0],[25.558955,45.332957,0.0],[25.558623,45.333047,0.0],[25.557968,45.333202,0.0],[25.557089,45.333404,0.0],[25.556693,45.333504,0.0],[25.556376,45.333608,0.0],[25.556159,45.333691,0.0],[25.555873,45.333829,0.0],[25.555611,45.33397,0.0],[25.555367,45.334125,0.0],[25.555038,45.334376,0.0],[25.554608,45.334724,0.0],[25.554013,45.335224,0.0],[25.553596,45.335567,0.0],[25.553279,45.335804,0.0],[25.552843,45.336077,0.0],[25.552532,45.336272,0.0],[25.5524,45.336389,0.0],[25.552339,45.336465,0.0],[25.552256,45.336607,0.0],[25.552156,45.336801,0.0],[25.552106,45.336954,0.0],[25.55208,45.337104,0.0],[25.552123,45.337297,0.0],[25.552198,45.337443,0.0],[25.55247,45.337798,0.0],[25.552611,45.338037,0.0],[25.552658,45.338202,0.0],[25.552664,45.338333,0.0],[25.552651,45.338489,0.0],[25.552583,45.338667,0.0],[25.552461,45.338913,0.0],[25.552118,45.339573,0.0],[25.55193,45.339941,0.0],[25.551878,45.340074,0.0],[25.551788,45.34029,0.0],[25.551381,45.341149,0.0],[25.551185,45.341598,0.0],[25.551074,45.341906,0.0],[25.550848,45.342748,0.0],[25.550761,45.342986,0.0],[25.550676,45.343162,0.0],[25.550488,45.343412,0.0],[25.550288,45.343655,0.0],[25.549959,45.343987,0.0],[25.549593,45.3444,0.0],[25.549507,45.344522,0.0],[25.549412,45.344694,0.0],[25.549341,45.344833,0.0],[25.549294,45.344943,0.0],[25.549251,45.34507,0.0],[25.549214,45.345229,0.0],[25.549124,45.345649,0.0],[25.5491,45.345711,0.0],[25.549064,45.345769,0.0],[25.548935,45.345929,0.0],[25.548845,45.346033,0.0],[25.548754,45.346139,0.0],[25.548687,45.346256,0.0],[25.548627,45.346366,0.0],[25.548583,45.346499,0.0],[25.548597,45.346645,0.0],[25.548622,45.34673,0.0],[25.548682,45.346928,0.0],[25.54882,45.347168,0.0],[25.548948,45.347336,0.0],[25.549245,45.347573,0.0],[25.54961,45.347762,0.0],[25.55014,45.347998,0.0],[25.5504,45.348121,0.0],[25.550598,45.348254,0.0],[25.550709,45.34839,0.0],[25.550969,45.34892,0.0],[25.551127,45.349304,0.0],[25.551216,45.34958,0.0],[25.551258,45.349761,0.0],[25.551273,45.349903,0.0],[25.551272,45.350013,0.0],[25.551258,45.350147,0.0],[25.55123,45.350267,0.0],[25.551188,45.350469,0.0],[25.551174,45.350567,0.0],[25.551167,45.350717,0.0],[25.551149,45.351005,0.0],[25.551231,45.351262,0.0],[25.551342,45.351458,0.0],[25.55149,45.351663,0.0],[25.551628,45.351847,0.0],[25.551774,45.351968,0.0],[25.552055,45.352195,0.0],[25.552434,45.352507,0.0],[25.552659,45.352698,0.0],[25.553143,45.353121,0.0],[25.55356,45.353571,0.0],[25.553831,45.353942,0.0],[25.554224,45.354393,0.0],[25.554524,45.35468,0.0],[25.554687,45.354817,0.0],[25.554928,45.354991,0.0],[25.555173,45.355134,0.0],[25.555425,45.355299,0.0],[25.555548,45.355395,0.0],[25.555651,45.355507,0.0],[25.555744,45.355678,0.0],[25.555805,45.355847,0.0],[25.555839,45.355974,0.0],[25.55588,45.356139,0.0],[25.555916,45.356325,0.0],[25.55594,45.356543,0.0],[25.555934,45.3566,0.0],[25.555904,45.356748,0.0],[25.555838,45.356896,0.0],[25.555727,45.357101,0.0],[25.555643,45.357289,0.0],[25.555503,45.357682,0.0],[25.555369,45.357904,0.0],[25.555283,45.358,0.0],[25.555159,45.358128,0.0],[25.555017,45.358254,0.0],[25.554832,45.358378,0.0],[25.554052,45.358754,0.0],[25.552954,45.359259,0.0],[25.552361,45.359538,0.0],[25.551402,45.35998,0.0],[25.551102,45.360117,0.0],[25.550956,45.36021,0.0],[25.5508,45.360321,0.0],[25.550634,45.360485,0.0],[25.550238,45.360951,0.0],[25.550035,45.36118,0.0],[25.549687,45.361581,0.0],[25.549321,45.362049,0.0],[25.549036,45.362441,0.0],[25.548855,45.362623,0.0],[25.548586,45.362855,0.0],[25.548125,45.363251,0.0],[25.547712,45.363639,0.0],[25.546985,45.36451,0.0],[25.546282,45.365365,0.0],[25.545479,45.366346,0.0],[25.544763,45.367217,0.0],[25.544313,45.367759,0.0],[25.544088,45.367982,0.0],[25.543878,45.368135,0.0],[25.543636,45.368285,0.0],[25.543375,45.368441,0.0],[25.543016,45.368636,0.0],[25.542671,45.368831,0.0],[25.542494,45.368935,0.0],[25.542315,45.369084,0.0],[25.542229,45.369184,0.0],[25.542176,45.369275,0.0],[25.542126,45.369405,0.0],[25.542061,45.369721,0.0],[25.541881,45.370549,0.0],[25.541778,45.371044,0.0],[25.541698,45.371387,0.0],[25.541619,45.371616,0.0],[25.541515,45.371814,0.0],[25.541351,45.372061,0.0],[25.541178,45.372313,0.0],[25.541045,45.372502,0.0],[25.540934,45.372684,0.0],[25.540853,45.372856,0.0],[25.540798,45.37302,0.0],[25.540548,45.373963,0.0],[25.540312,45.374789,0.0],[25.5402,45.375196,0.0],[25.540066,45.375698,0.0],[25.539881,45.376353,0.0],[25.53977,45.376824,0.0],[25.539656,45.377162,0.0],[25.539503,45.377705,0.0],[25.539309,45.378403,0.0],[25.539129,45.378906,0.0],[25.538876,45.379492,0.0],[25.53863,45.380099,0.0],[25.538411,45.380637,0.0],[25.538252,45.381035,0.0],[25.538048,45.381518,0.0],[25.537957,45.38175,0.0],[25.537891,45.381917,0.0],[25.537832,45.382073,0.0],[25.53778,45.382204,0.0],[25.537752,45.382314,0.0],[25.537734,45.382497,0.0],[25.537728,45.382789,0.0],[25.537702,45.382954,0.0],[25.537653,45.383176,0.0],[25.537546,45.383616,0.0],[25.537486,45.383883,0.0],[25.537423,45.384176,0.0],[25.537377,45.384384,0.0],[25.537367,45.384575,0.0],[25.537383,45.384748,0.0],[25.537519,45.385326,0.0],[25.537585,45.38561,0.0],[25.537601,45.385729,0.0],[25.537609,45.386337,0.0],[25.537618,45.386461,0.0],[25.537699,45.386717,0.0],[25.537744,45.386826,0.0],[25.537885,45.387022,0.0],[25.538021,45.38719,0.0],[25.538184,45.387369,0.0],[25.538288,45.387517,0.0],[25.538463,45.387802,0.0],[25.538581,45.387971,0.0],[25.538707,45.3881,0.0],[25.538877,45.38824,0.0],[25.539111,45.38842,0.0],[25.539373,45.388588,0.0],[25.539761,45.388808,0.0],[25.539978,45.388994,0.0],[25.540114,45.389156,0.0],[25.540192,45.389284,0.0],[25.540231,45.38939,0.0],[25.540247,45.389482,0.0],[25.540245,45.389567,0.0],[25.540236,45.389653,0.0],[25.540216,45.389728,0.0],[25.540187,45.389803,0.0],[25.540119,45.389919,0.0],[25.54001,45.390076,0.0],[25.539928,45.390201,0.0],[25.539884,45.390293,0.0],[25.53985,45.390382,0.0],[25.539829,45.39048,0.0],[25.539829,45.390667,0.0],[25.539858,45.391075,0.0],[25.539874,45.391474,0.0],[25.539867,45.391573,0.0],[25.539844,45.391697,0.0],[25.539801,45.391832,0.0],[25.539708,45.392112,0.0],[25.539448,45.392799,0.0],[25.539184,45.393454,0.0],[25.539003,45.393884,0.0],[25.53882,45.394323,0.0],[25.538758,45.394482,0.0],[25.538728,45.394562,0.0],[25.538692,45.394625,0.0],[25.538622,45.394704,0.0],[25.538492,45.394811,0.0],[25.538211,45.394999,0.0],[25.538074,45.395104,0.0],[25.537953,45.395208,0.0],[25.537876,45.395294,0.0],[25.537656,45.395605,0.0],[25.53738,45.395845,0.0],[25.5372,45.395994,0.0],[25.537124,45.396054,0.0],[25.537022,45.396115,0.0],[25.536882,45.396178,0.0],[25.53663,45.396282,0.0],[25.536458,45.396369,0.0],[25.536219,45.396576,0.0],[25.536008,45.396775,0.0],[25.535791,45.396999,0.0],[25.535641,45.397148,0.0],[25.535575,45.397227,0.0],[25.535529,45.397317,0.0],[25.535442,45.397573,0.0],[25.535373,45.397782,0.0],[25.535333,45.397961,0.0],[25.535306,45.398339,0.0],[25.5353,45.399003,0.0],[25.535278,45.399417,0.0],[25.535251,45.399563,0.0],[25.535198,45.399702,0.0],[25.535041,45.399963,0.0],[25.5349,45.400216,0.0],[25.534747,45.400566,0.0],[25.534566,45.401079,0.0],[25.534534,45.401188,0.0],[25.534507,45.4013,0.0],[25.534497,45.401466,0.0],[25.534519,45.40157,0.0],[25.53456,45.401667,0.0],[25.534638,45.401857,0.0],[25.534792,45.402183,0.0],[25.534936,45.402493,0.0],[25.535048,45.402745,0.0],[25.535091,45.402943,0.0],[25.535113,45.403065,0.0],[25.53511,45.403213,0.0],[25.535099,45.403371,0.0],[25.535054,45.403535,0.0],[25.53496,45.403786,0.0],[25.534797,45.404197,0.0],[25.534727,45.404374,0.0],[25.534698,45.404461,0.0],[25.534654,45.404633,0.0],[25.534638,45.404766,0.0],[25.534634,45.404947,0.0],[25.534648,45.405499,0.0],[25.534674,45.405986,0.0],[25.534713,45.406386,0.0],[25.534837,45.406685,0.0],[25.535016,45.40699,0.0],[25.535087,45.407159,0.0],[25.535114,45.40732,0.0],[25.535127,45.407485,0.0],[25.535129,45.407809,0.0],[25.535123,45.408215,0.0],[25.53513,45.408335,0.0],[25.535145,45.408474,0.0],[25.535168,45.408584,0.0],[25.535233,45.408803,0.0],[25.535257,45.408947,0.0],[25.535262,45.409107,0.0],[25.535246,45.409213,0.0],[25.53522,45.409316,0.0],[25.535154,45.409424,0.0],[25.53493,45.409657,0.0],[25.534837,45.409762,0.0],[25.534765,45.409863,0.0],[25.534704,45.410015,0.0],[25.534618,45.410297,0.0],[25.534576,45.410495,0.0],[25.534541,45.41064,0.0],[25.534521,45.410793,0.0],[25.534508,45.411114,0.0],[25.534487,45.411811,0.0],[25.534472,45.41234,0.0],[25.534474,45.412482,0.0],[25.534476,45.412579,0.0],[25.534493,45.412654,0.0],[25.534523,45.412746,0.0],[25.534564,45.412828,0.0],[25.534712,45.413064,0.0],[25.534899,45.413412,0.0],[25.535028,45.413643,0.0],[25.535156,45.413843,0.0],[25.535529,45.414316,0.0],[25.536099,45.415039,0.0],[25.536707,45.415804,0.0],[25.537404,45.416718,0.0],[25.537553,45.41692,0.0],[25.537771,45.417259,0.0],[25.538008,45.417498,0.0],[25.53865,45.417985,0.0],[25.539293,45.418467,0.0],[25.539627,45.418703,0.0],[25.539872,45.418808,0.0],[25.540125,45.418879,0.0],[25.540765,45.419007,0.0],[25.541031,45.419075,0.0],[25.541282,45.419166,0.0],[25.541876,45.419414,0.0],[25.543337,45.42004,0.0],[25.54488,45.420691,0.0],[25.548403,45.422186,0.0],[25.549767,45.422799,0.0],[25.550425,45.423111,0.0],[25.55085,45.423321,0.0],[25.551221,45.423524,0.0],[25.551456,45.42367,0.0],[25.551794,45.423924,0.0],[25.552101,45.424171,0.0],[25.552369,45.424409,0.0],[25.552587,45.424647,0.0],[25.552744,45.424885,0.0],[25.552827,45.425055,0.0],[25.552884,45.425187,0.0],[25.552923,45.425309,0.0],[25.552956,45.425459,0.0],[25.552968,45.425593,0.0],[25.552974,45.425758,0.0],[25.552972,45.425877,0.0],[25.552947,45.426085,0.0],[25.552769,45.426896,0.0],[25.552749,45.427036,0.0],[25.552743,45.427179,0.0],[25.552751,45.427313,0.0],[25.552842,45.427708,0.0],[25.552896,45.427841,0.0],[25.553034,45.428061,0.0],[25.553201,45.428265,0.0],[25.553408,45.428456,0.0],[25.55385,45.428837,0.0],[25.554128,45.429074,0.0],[25.554265,45.429212,0.0],[25.554407,45.429377,0.0],[25.554524,45.429533,0.0],[25.554575,45.429623,0.0],[25.554671,45.42981,0.0],[25.554752,45.430024,0.0],[25.55479,45.430201,0.0],[25.554789,45.430368,0.0],[25.554762,45.430519,0.0],[25.554722,45.430641,0.0],[25.554625,45.430829,0.0],[25.554544,45.430961,0.0],[25.554467,45.431064,0.0],[25.554407,45.431131,0.0],[25.55433,45.431201,0.0],[25.554211,45.431308,0.0],[25.553992,45.431478,0.0],[25.55354,45.431816,0.0],[25.5531,45.432143,0.0],[25.552891,45.432303,0.0],[25.552707,45.432473,0.0],[25.552583,45.432631,0.0],[25.552428,45.432872,0.0],[25.552119,45.433484,0.0],[25.551878,45.433998,0.0],[25.551533,45.434963,0.0],[25.551206,45.435988,0.0],[25.551055,45.436429,0.0],[25.550793,45.437057,0.0],[25.55043,45.43793,0.0],[25.550262,45.438347,0.0],[25.550198,45.438514,0.0],[25.550126,45.438722,0.0],[25.550112,45.438823,0.0],[25.550121,45.438937,0.0],[25.550156,45.439047,0.0],[25.550205,45.439134,0.0],[25.550272,45.439219,0.0],[25.550404,45.439348,0.0],[25.551296,45.440202,0.0],[25.55188,45.440763,0.0],[25.552195,45.440969,0.0],[25.552475,45.441126,0.0],[25.553215,45.441618,0.0],[25.55356,45.441892,0.0],[25.55364,45.441951,0.0],[25.553762,45.442019,0.0],[25.553903,45.442066,0.0],[25.554124,45.44211,0.0],[25.554297,45.44213,0.0],[25.554427,45.442153,0.0],[25.554565,45.442193,0.0],[25.554728,45.442295,0.0],[25.554837,45.442403,0.0],[25.554924,45.442563,0.0],[25.554979,45.442713,0.0],[25.555017,45.44281,0.0],[25.555035,45.44291,0.0],[25.555031,45.442985,0.0],[25.555007,45.443048,0.0],[25.554965,45.443114,0.0],[25.554733,45.443381,0.0],[25.554667,45.443462,0.0],[25.554612,45.443551,0.0],[25.554567,45.443628,0.0],[25.554544,45.443693,0.0],[25.554522,45.443808,0.0],[25.554504,45.443967,0.0],[25.55451,45.444244,0.0],[25.554558,45.444566,0.0],[25.55457,45.444665,0.0],[25.554668,45.445,0.0],[25.554834,45.445413,0.0],[25.554957,45.445582,0.0],[25.555352,45.446062,0.0],[25.555448,45.446215,0.0],[25.555682,45.44675,0.0],[25.555882,45.447037,0.0],[25.5561,45.447318,0.0],[25.556528,45.447755,0.0],[25.557044,45.448152,0.0],[25.557469,45.448486,0.0],[25.55801,45.448927,0.0],[25.558457,45.449361,0.0],[25.55873,45.449634,0.0],[25.559024,45.449912,0.0],[25.559247,45.450085,0.0],[25.559458,45.450186,0.0],[25.559707,45.450274,0.0],[25.559965,45.450343,0.0],[25.560504,45.450477,0.0],[25.561216,45.450645,0.0],[25.561742,45.450821,0.0],[25.562497,45.451135,0.0],[25.562817,45.45136,0.0],[25.563066,45.451555,0.0],[25.563283,45.451812,0.0],[25.563539,45.452202,0.0],[25.563664,45.452395,0.0],[25.563787,45.452528,0.0],[25.56412,45.452789,0.0],[25.564211,45.452871,0.0],[25.564298,45.452985,0.0],[25.564492,45.453309,0.0],[25.564611,45.453524,0.0],[25.564719,45.453696,0.0],[25.564876,45.453896,0.0],[25.565018,45.454047,0.0],[25.565267,45.454334,0.0],[25.565438,45.454495,0.0],[25.56554,45.454618,0.0],[25.565692,45.454854,0.0],[25.565995,45.455335,0.0],[25.56624,45.455751,0.0],[25.566418,45.456119,0.0],[25.566473,45.45631,0.0],[25.566504,45.456546,0.0],[25.566488,45.456719,0.0],[25.566386,45.456976,0.0],[25.566354,45.457137,0.0],[25.56636,45.457399,0.0],[25.566455,45.457956,0.0],[25.566523,45.458188,0.0],[25.566637,45.458358,0.0],[25.566885,45.45855,0.0],[25.567221,45.458744,0.0],[25.567418,45.458867,0.0],[25.567527,45.458984,0.0],[25.567655,45.459164,0.0],[25.567728,45.45933,0.0],[25.567784,45.459577,0.0],[25.567762,45.459771,0.0],[25.567672,45.460137,0.0],[25.567568,45.460439,0.0],[25.567319,45.460792,0.0],[25.567048,45.461081,0.0],[25.566124,45.461946,0.0],[25.565302,45.462639,0.0],[25.564422,45.463219,0.0],[25.564247,45.463425,0.0],[25.564137,45.463699,0.0],[25.564074,45.463926,0.0],[25.563919,45.464383,0.0],[25.563689,45.464895,0.0],[25.56332,45.465367,0.0],[25.56293,45.465747,0.0],[25.562769,45.465883,0.0]]],"type":"MultiLineString"},"properties":{"Numar":"DN 1","_s":{"f":"#db1e2a","fo":0.0,"s":"#000000","so":1.0,"w":3.78,"r":5.0,"cap":"round","join":"round","ml":true},"_l":"DN 1","_a":31.1,"_p":[45.100566,25.759866]}},{"type":"Feature","geometry":{"coordinates":[[[26.053575,44.953671,0.0],[26.053246,44.954002,0.0],[26.05302,44.954322,0.0],[26.052832,44.954605,0.0],[26.052679,44.954901,0.0],[26.05256,44.955255,0.0],[26.052497,44.955566,0.0],[26.052462,44.95592,0.0],[26.052481,44.956278,0.0],[26.052563,44.95663,0.0],[26.052684,44.956982,0.0],[26.05288,44.95732,0.0],[26.053071,44.957633,0.0],[26.053252,44.957867,0.0],[26.053561,44.958268,0.0]]],"type":"MultiLineString"},"properties":{"Numar":"DN 1B","_s":{"f":"#db1e2a","fo":0.0,"s":"#000000","so":1.0,"w":3.78,"r":5.0,"cap":"round","join":"round","ml":true},"_l":"DN 1B","_a":-62.0,"_p":[44.955962,26.052464]}},{"type":"Feature","geometry":{"coordinates":[[[26.487175,45.020176,0.0],[26.4868,45.020011,0.0],[26.485637,45.019522,0.0],[26.484749,45.019137,0.0],[26.484162,45.018884,0.0],[26.482189,45.018038,0.0],[26.478729,45.016559,0.0],[26.475106,45.015011,0.0],[26.471522,45.013494,0.0],[26.467956,45.011976,0.0],[26.464405,45.010457,0.0],[26.461032,45.009016,0.0],[26.460126,45.008631,0.0],[26.459635,45.008419,0.0],[26.458977,45.008135,0.0],[26.458113,45.007742,0.0],[26.457664,45.007519,0.0],[26.457236,45.007303,0.0],[26.456464,45.006891,0.0],[26.453855,45.0055,0.0],[26.453421,45.005284,0.0],[26.453189,45.005183,0.0],[26.452899,45.00507,0.0],[26.452682,45.004996,0.0],[26.452443,45.004934,0.0],[26.452164,45.004867,0.0],[26.451442,45.004705,0.0],[26.451074,45.004613,0.0],[26.450902,45.004562,0.0],[26.450676,45.004481,0.0],[26.450391,45.004372,0.0],[26.450261,45.004331,0.0],[26.450134,45.004317,0.0],[26.450013,45.004316,0.0],[26.449883,45.004334,0.0],[26.449731,45.004362,0.0],[26.449387,45.004426,0.0],[26.449081,45.004483,0.0],[26.448957,45.004494,0.0],[26.448842,45.004487,0.0],[26.448729,45.004468,0.0],[26.448512,45.004403,0.0],[26.446328,45.003704,0.0],[26.443287,45.002738,0.0],[26.442626,45.002522,0.0],[26.441956,45.002317,0.0],[26.440256,45.001831,0.0],[26.436594,45.000873,0.0],[26.434088,45.000194,0.0],[26.430838,44.999312,0.0],[26.426939,44.998265,0.0],[26.424295,44.997639,0.0],[26.41983,44.996652,0.0],[26.409368,44.994366,0.0],[26.402361,44.992847,0.0],[26.399826,44.992294,0.0],[26.394276,44.991091,0.0],[26.388703,44.989874,0.0],[26.384206,44.988894,0.0],[26.379772,44.98792,0.0],[26.37535,44.986951,0.0],[26.3709,44.985985,0.0],[26.36536,44.984779,0.0],[26.358593,44.983301,0.0],[26.351844,44.981826,0.0],[26.345175,44.980359,0.0],[26.340167,44.979248,0.0],[26.338514,44.978875,0.0],[26.332027,44.977412,0.0],[26.325545,44.975941,0.0],[26.321776,44.975073,0.0],[26.318396,44.974298,0.0],[26.317722,44.974147,0.0],[26.31699,44.973969,0.0],[26.315011,44.973521,0.0],[26.314437,44.973387,0.0],[26.313598,44.973195,0.0],[26.311758,44.97278,0.0],[26.310248,44.972436,0.0],[26.307663,44.971842,0.0],[26.305681,44.971388,0.0],[26.303572,44.970904,0.0],[26.301755,44.970486,0.0],[26.300439,44.97019,0.0],[26.2991,44.969876,0.0],[26.298027,44.969633,0.0],[26.295621,44.969078,0.0],[26.292967,44.968469,0.0],[26.289389,44.967649,0.0],[26.286261,44.966931,0.0],[26.282767,44.966132,0.0],[26.279279,44.965332,0.0],[26.274553,44.964243,0.0],[26.270306,44.963269,0.0],[26.268051,44.96275,0.0],[26.263541,44.961715,0.0],[26.258159,44.96048,0.0],[26.252836,44.959258,0.0],[26.246922,44.95791,0.0],[26.241291,44.956616,0.0],[26.23651,44.955516,0.0],[26.23453,44.955065,0.0],[26.232718,44.954641,0.0],[26.231987,44.954466,0.0],[26.231239,44.954302,0.0],[26.230612,44.954164,0.0],[26.229758,44.953947,0.0],[26.228195,44.953628,0.0],[26.227835,44.95357,0.0],[26.227515,44.953523,0.0],[26.227225,44.953498,0.0],[26.227023,44.953488,0.0],[26.226625,44.953485,0.0],[26.226124,44.953484,0.0],[26.225591,44.953492,0.0],[26.224283,44.953532,0.0],[26.223544,44.953549,0.0],[26.221465,44.953569,0.0],[26.220605,44.953608,0.0],[26.22001,44.953669,0.0],[26.219508,44.953719,0.0],[26.218865,44.953798,0.0],[26.21743,44.953982,0.0],[26.216537,44.954101,0.0],[26.215627,44.95422,0.0],[26.213901,44.95445,0.0],[26.212845,44.954592,0.0],[26.210841,44.954854,0.0],[26.210105,44.954949,0.0],[26.209434,44.955035,0.0],[26.208106,44.955212,0.0],[26.205829,44.955515,0.0],[26.204602,44.955676,0.0],[26.203711,44.955794,0.0],[26.202558,44.955947,0.0],[26.2007,44.956192,0.0],[26.199264,44.956383,0.0],[26.198701,44.956455,0.0],[26.198022,44.956542,0.0],[26.196785,44.956709,0.0],[26.19609,44.956802,0.0],[26.195507,44.956874,0.0],[26.194942,44.956941,0.0],[26.194596,44.956973,0.0],[26.19425,44.956996,0.0],[26.193848,44.95701,0.0],[26.193575,44.957016,0.0],[26.193149,44.957019,0.0],[26.192616,44.957022,0.0],[26.192123,44.957025,0.0],[26.191296,44.957033,0.0],[26.190224,44.957038,0.0],[26.189884,44.957038,0.0],[26.189532,44.957041,0.0],[26.189172,44.957038,0.0],[26.188902,44.957024,0.0],[26.188689,44.956997,0.0],[26.188256,44.956917,0.0],[26.187836,44.956833,0.0],[26.187591,44.956792,0.0],[26.18734,44.956749,0.0],[26.187098,44.956722,0.0],[26.186886,44.956702,0.0],[26.186485,44.956698,0.0],[26.186056,44.956712,0.0],[26.185426,44.956717,0.0],[26.184915,44.956702,0.0],[26.184472,44.956686,0.0],[26.183863,44.956672,0.0],[26.183404,44.956679,0.0],[26.183153,44.956693,0.0],[26.182942,44.956713,0.0],[26.182675,44.956745,0.0],[26.182427,44.956787,0.0],[26.181877,44.95688,0.0],[26.180936,44.957038,0.0],[26.180122,44.957177,0.0],[26.179266,44.957321,0.0],[26.17786,44.957553,0.0],[26.176642,44.957755,0.0],[26.175638,44.957919,0.0],[26.174563,44.958099,0.0],[26.173814,44.958225,0.0],[26.173231,44.958325,0.0],[26.172835,44.95839,0.0],[26.172573,44.958436,0.0],[26.172283,44.958494,0.0],[26.17203,44.958551,0.0],[26.171827,44.95861,0.0],[26.171632,44.958685,0.0],[26.171462,44.958764,0.0],[26.171182,44.958915,0.0],[26.170557,44.959273,0.0],[26.169934,44.959631,0.0],[26.169698,44.959766,0.0],[26.16947,44.959895,0.0],[26.169262,44.960007,0.0],[26.169039,44.960117,0.0],[26.168818,44.960213,0.0],[26.168663,44.960272,0.0],[26.168467,44.960323,0.0],[26.16826,44.960372,0.0],[26.168084,44.960407,0.0],[26.167905,44.96044,0.0],[26.167343,44.960534,0.0],[26.166474,44.960685,0.0],[26.166012,44.960788,0.0],[26.165633,44.960899,0.0],[26.165266,44.96101,0.0],[26.164891,44.96113,0.0],[26.1645,44.961262,0.0],[26.164173,44.961376,0.0],[26.163825,44.961517,0.0],[26.163438,44.961691,0.0],[26.163149,44.961829,0.0],[26.162899,44.961927,0.0],[26.16267,44.962004,0.0],[26.162391,44.962075,0.0],[26.161986,44.96216,0.0],[26.161727,44.962207,0.0],[26.161443,44.96225,0.0],[26.160937,44.962325,0.0],[26.160603,44.962372,0.0],[26.159992,44.96246,0.0],[26.159461,44.962522,0.0],[26.159184,44.962553,0.0],[26.158983,44.962574,0.0],[26.158745,44.962583,0.0],[26.158528,44.962579,0.0],[26.158317,44.962564,0.0],[26.157657,44.962493,0.0],[26.157031,44.962425,0.0],[26.15588,44.962288,0.0],[26.155291,44.962219,0.0],[26.15488,44.96218,0.0],[26.154506,44.962147,0.0],[26.154179,44.962124,0.0],[26.153881,44.962112,0.0],[26.153637,44.962109,0.0],[26.153411,44.96212,0.0],[26.153195,44.962154,0.0],[26.152847,44.962215,0.0],[26.151523,44.962475,0.0],[26.151106,44.962569,0.0],[26.150588,44.962681,0.0],[26.150095,44.962775,0.0],[26.14974,44.962847,0.0],[26.149544,44.962882,0.0],[26.149305,44.962914,0.0],[26.149025,44.962932,0.0],[26.148597,44.962936,0.0],[26.147873,44.962925,0.0],[26.146741,44.962901,0.0],[26.145766,44.962876,0.0],[26.144818,44.962862,0.0],[26.144301,44.962853,0.0],[26.143975,44.962846,0.0],[26.143677,44.962837,0.0],[26.143429,44.962807,0.0],[26.143135,44.962757,0.0],[26.141879,44.962567,0.0],[26.141171,44.962459,0.0],[26.140771,44.962396,0.0],[26.14054,44.962366,0.0],[26.140326,44.962344,0.0],[26.140049,44.962332,0.0],[26.139854,44.962333,0.0],[26.139655,44.962339,0.0],[26.139459,44.962356,0.0],[26.139266,44.962377,0.0],[26.138956,44.962412,0.0],[26.135564,44.962845,0.0],[26.13198,44.963303,0.0],[26.131439,44.96339,0.0],[26.131111,44.963456,0.0],[26.130807,44.963538,0.0],[26.130532,44.963642,0.0],[26.130258,44.963776,0.0],[26.129976,44.963928,0.0],[26.12623,44.965962,0.0],[26.122598,44.967929,0.0],[26.12218,44.968151,0.0],[26.121853,44.968325,0.0],[26.121711,44.968394,0.0],[26.121528,44.968477,0.0],[26.121283,44.968553,0.0],[26.121016,44.968622,0.0],[26.120594,44.968709,0.0],[26.120038,44.968819,0.0],[26.119348,44.96893,0.0],[26.118782,44.96903,0.0],[26.116785,44.969378,0.0],[26.111128,44.970365,0.0],[26.105373,44.971373,0.0],[26.099773,44.972366,0.0],[26.094276,44.973341,0.0],[26.091474,44.973843,0.0],[26.091198,44.973893,0.0],[26.090947,44.973928,0.0],[26.090704,44.973963,0.0],[26.090474,44.973989,0.0],[26.090151,44.974001,0.0],[26.089606,44.97401,0.0],[26.089124,44.974014,0.0],[26.088686,44.974013,0.0],[26.087791,44.974002,0.0],[26.087224,44.974003,0.0],[26.086817,44.973998,0.0],[26.086394,44.973993,0.0],[26.086017,44.973985,0.0],[26.085751,44.973978,0.0],[26.085362,44.973954,0.0],[26.085144,44.973931,0.0],[26.084908,44.973888,0.0],[26.084529,44.973811,0.0],[26.084141,44.973732,0.0],[26.083682,44.973644,0.0],[26.083333,44.973585,0.0],[26.082968,44.973516,0.0],[26.07871,44.972729,0.0],[26.078171,44.972625,0.0],[26.0779,44.972576,0.0],[26.077615,44.972522,0.0],[26.077379,44.972456,0.0],[26.077138,44.972369,0.0],[26.076869,44.972264,0.0],[26.076478,44.97209,0.0],[26.076101,44.971906,0.0],[26.075788,44.971742,0.0],[26.075567,44.971626,0.0],[26.075377,44.971526,0.0],[26.075174,44.971433,0.0],[26.074766,44.971271,0.0],[26.072818,44.970565,0.0],[26.06819,44.968888,0.0],[26.067207,44.968532,0.0],[26.066582,44.968308,0.0],[26.066026,44.968109,0.0],[26.065032,44.967753,0.0],[26.064342,44.967513,0.0],[26.064125,44.967438,0.0],[26.063931,44.967372,0.0],[26.063758,44.967302,0.0],[26.063568,44.967217,0.0],[26.063356,44.9671,0.0],[26.063211,44.966997,0.0],[26.063083,44.96688,0.0],[26.062963,44.966744,0.0],[26.062826,44.966587,0.0],[26.062719,44.966434,0.0],[26.062648,44.966324,0.0],[26.062469,44.966052,0.0],[26.062411,44.965966,0.0],[26.06197,44.965286,0.0],[26.060673,44.963336,0.0],[26.060531,44.963123,0.0],[26.060398,44.962931,0.0],[26.060265,44.962774,0.0],[26.060089,44.962594,0.0],[26.059842,44.962368,0.0],[26.059519,44.962118,0.0],[26.059242,44.961915,0.0],[26.056336,44.960037,0.0],[26.053561,44.958268,0.0],[26.052738,44.957741,0.0],[26.050638,44.956368,0.0],[26.050326,44.956201,0.0]]],"type":"MultiLineString"},"properties":{"Numar":"DN 1B","_s":{"f":"#db1e2a","fo":0.0,"s":"#000000","so":1.0,"w":3.78,"r":5.0,"cap":"round","join":"round","ml":true},"_l":"DN 1B","_a":-18.1,"_p":[44.962688,26.267779]}},{"type":"Feature","geometry":{"coordinates":[[[25.562696,45.331082,0.0],[25.562305,45.330803,0.0],[25.56209,45.330669,0.0],[25.561972,45.330614,0.0],[25.561888,45.330578,0.0],[25.561805,45.330561,0.0],[25.561674,45.33055,0.0],[25.561544,45.330547,0.0],[25.561124,45.330562,0.0],[25.560344,45.330581,0.0],[25.559365,45.33061,0.0],[25.558236,45.330633,0.0],[25.557846,45.330655,0.0],[25.557676,45.330667,0.0],[25.557496,45.330648,0.0],[25.557363,45.330625,0.0],[25.55699,45.330564,0.0],[25.555812,45.330367,0.0],[25.554129,45.330058,0.0],[25.55342,45.329927,0.0],[25.55324,45.329897,0.0],[25.5531,45.329872,0.0],[25.552982,45.329862,0.0],[25.552862,45.329861,0.0],[25.552695,45.32988,0.0],[25.552406,45.329923,0.0],[25.552223,45.32993,0.0],[25.551998,45.329913,0.0],[25.551858,45.329883,0.0],[25.551292,45.329754,0.0],[25.550873,45.329661,0.0],[25.55051,45.329558,0.0],[25.550121,45.329448,0.0],[25.54959,45.329286,0.0],[25.549053,45.329092,0.0],[25.547139,45.32831,0.0],[25.54616,45.327905,0.0],[25.546015,45.327856,0.0],[25.545856,45.327816,0.0],[25.545722,45.327795,0.0],[25.545587,45.327789,0.0],[25.54532,45.327799,0.0],[25.545084,45.327809,0.0],[25.544378,45.327821,0.0],[25.544182,45.32781,0.0],[25.544034,45.327789,0.0],[25.543866,45.327751,0.0],[25.543723,45.32771,0.0],[25.543027,45.327485,0.0],[25.542281,45.327244,0.0],[25.541849,45.327113,0.0],[25.541659,45.327073,0.0],[25.541528,45.327054,0.0],[25.541303,45.327044,0.0],[25.540685,45.32707,0.0],[25.539759,45.327124,0.0],[25.538962,45.327185,0.0],[25.538364,45.327221,0.0],[25.538022,45.327232,0.0],[25.537681,45.327213,0.0],[25.537387,45.327156,0.0],[25.53712,45.327074,0.0],[25.536513,45.326901,0.0],[25.53617,45.326801,0.0],[25.535863,45.326664,0.0],[25.535276,45.32626,0.0],[25.534888,45.325988,0.0],[25.534421,45.325714,0.0],[25.534164,45.325575,0.0],[25.534009,45.325485,0.0],[25.53383,45.325393,0.0],[25.533664,45.325347,0.0],[25.533421,45.325298,0.0],[25.533233,45.325264,0.0],[25.533052,45.325224,0.0],[25.532913,45.325186,0.0],[25.532016,45.324879,0.0],[25.531892,45.32486,0.0],[25.531788,45.324847,0.0],[25.531639,45.324843,0.0],[25.531375,45.324827,0.0],[25.531079,45.324811,0.0],[25.530489,45.324785,0.0],[25.530313,45.324799,0.0],[25.53014,45.324823,0.0],[25.529969,45.324873,0.0],[25.529051,45.3252,0.0],[25.52861,45.325376,0.0],[25.528255,45.325538,0.0],[25.527851,45.325772,0.0],[25.527559,45.325949,0.0],[25.527211,45.326171,0.0],[25.527053,45.326249,0.0],[25.526884,45.326311,0.0],[25.526442,45.326447,0.0],[25.526026,45.326569,0.0],[25.525839,45.326655,0.0],[25.525375,45.326955,0.0],[25.524915,45.327335,0.0],[25.524491,45.327608,0.0],[25.524328,45.327695,0.0],[25.523924,45.327876,0.0],[25.523411,45.328101,0.0],[25.523145,45.328223,0.0],[25.522898,45.328303,0.0],[25.522814,45.328294,0.0],[25.522736,45.328241,0.0],[25.522594,45.328106,0.0],[25.522271,45.32773,0.0],[25.522198,45.327682,0.0],[25.522123,45.327635,0.0],[25.52203,45.327618,0.0],[25.521931,45.327607,0.0],[25.521831,45.327608,0.0],[25.521731,45.327613,0.0],[25.521632,45.327618,0.0],[25.521534,45.327633,0.0],[25.52144,45.327655,0.0],[25.521348,45.32768,0.0],[25.521261,45.327714,0.0],[25.521181,45.327757,0.0],[25.521103,45.327801,0.0],[25.521031,45.32785,0.0],[25.520956,45.327897,0.0],[25.52088,45.327943,0.0],[25.520798,45.327982,0.0],[25.520706,45.328003,0.0],[25.52061,45.328001,0.0],[25.520535,45.327964,0.0],[25.520507,45.327908,0.0],[25.520543,45.327848,0.0],[25.520594,45.32779,0.0],[25.520659,45.327737,0.0],[25.520728,45.327686,0.0],[25.520796,45.327634,0.0],[25.520858,45.327579,0.0],[25.520915,45.327521,0.0],[25.520953,45.32746,0.0],[25.520981,45.327397,0.0],[25.520964,45.327334,0.0],[25.520887,45.327313,0.0],[25.520798,45.327332,0.0],[25.520719,45.327374,0.0],[25.520651,45.327426,0.0],[25.520585,45.327478,0.0],[25.520509,45.327523,0.0],[25.520432,45.327568,0.0],[25.520349,45.327608,0.0],[25.520264,45.327645,0.0],[25.520176,45.327679,0.0],[25.520088,45.327712,0.0],[25.519998,45.327743,0.0],[25.519908,45.327774,0.0],[25.519815,45.327798,0.0],[25.519719,45.327819,0.0],[25.519622,45.327837,0.0],[25.519524,45.32785,0.0],[25.519425,45.327863,0.0],[25.519328,45.327867,0.0],[25.51923,45.327866,0.0],[25.519136,45.327847,0.0],[25.519061,45.327807,0.0],[25.519031,45.32775,0.0],[25.519046,45.327698,0.0],[25.519108,45.327644,0.0],[25.51919,45.327604,0.0],[25.519273,45.327564,0.0],[25.519356,45.327523,0.0],[25.519438,45.327483,0.0],[25.51952,45.327442,0.0],[25.519602,45.327401,0.0],[25.519683,45.32736,0.0],[25.519765,45.327319,0.0],[25.519847,45.327278,0.0],[25.519929,45.327238,0.0],[25.520011,45.327197,0.0],[25.520093,45.327156,0.0],[25.520175,45.327116,0.0],[25.520253,45.327072,0.0],[25.520313,45.32702,0.0],[25.520352,45.326962,0.0],[25.520379,45.326902,0.0],[25.520364,45.326842,0.0],[25.520296,45.326798,0.0],[25.5202,45.326801,0.0],[25.520109,45.326823,0.0],[25.520021,45.326857,0.0],[25.519933,45.326891,0.0],[25.519848,45.326928,0.0],[25.519766,45.326969,0.0],[25.519686,45.327011,0.0],[25.519605,45.327053,0.0],[25.519522,45.327093,0.0],[25.519435,45.327128,0.0],[25.519349,45.327163,0.0],[25.51926,45.327196,0.0],[25.519169,45.327225,0.0],[25.519075,45.327249,0.0],[25.518981,45.327273,0.0],[25.518886,45.327296,0.0],[25.51879,45.327314,0.0],[25.51869,45.327317,0.0],[25.518591,45.32731,0.0],[25.51852,45.327262,0.0],[25.518456,45.327209,0.0],[25.518437,45.327145,0.0],[25.518452,45.327079,0.0],[25.518493,45.327017,0.0],[25.518541,45.326957,0.0],[25.518606,45.326903,0.0],[25.518671,45.326849,0.0],[25.518737,45.326796,0.0],[25.518803,45.326742,0.0],[25.518868,45.326689,0.0],[25.518934,45.326635,0.0],[25.519,45.326582,0.0],[25.519066,45.326528,0.0],[25.519132,45.326475,0.0],[25.519199,45.326422,0.0],[25.519263,45.326368,0.0],[25.519318,45.32631,0.0],[25.519366,45.326249,0.0],[25.519397,45.326185,0.0],[25.519391,45.326119,0.0],[25.51934,45.326061,0.0],[25.519253,45.326037,0.0],[25.519163,45.326041,0.0],[25.519074,45.326063,0.0],[25.518996,45.326103,0.0],[25.518921,45.326148,0.0],[25.518856,45.326201,0.0],[25.518797,45.326258,0.0],[25.518738,45.326315,0.0],[25.518667,45.326364,0.0],[25.518596,45.326413,0.0],[25.518524,45.326461,0.0],[25.518441,45.326495,0.0],[25.518354,45.326525,0.0],[25.518261,45.326548,0.0],[25.518165,45.326566,0.0],[25.518067,45.326582,0.0],[25.517969,45.326598,0.0],[25.517872,45.326613,0.0],[25.517787,45.326646,0.0],[25.517707,45.326687,0.0],[25.517624,45.326725,0.0],[25.517545,45.326769,0.0],[25.517466,45.326812,0.0],[25.517383,45.326849,0.0],[25.517291,45.326865,0.0],[25.517196,45.326859,0.0],[25.51715,45.326806,0.0],[25.517164,45.32674,0.0],[25.517189,45.326678,0.0],[25.517243,45.32662,0.0],[25.5173,45.326562,0.0],[25.517365,45.326508,0.0],[25.517431,45.326455,0.0],[25.517497,45.326402,0.0],[25.517563,45.326349,0.0],[25.517632,45.326298,0.0],[25.517704,45.326248,0.0],[25.517776,45.3262,0.0],[25.517855,45.326156,0.0],[25.517935,45.326114,0.0],[25.518019,45.326075,0.0],[25.518101,45.326035,0.0],[25.518174,45.325989,0.0],[25.518228,45.325936,0.0],[25.518268,45.325879,0.0],[25.518276,45.325821,0.0],[25.518215,45.325769,0.0],[25.518117,45.325758,0.0],[25.518021,45.325772,0.0],[25.517926,45.325795,0.0],[25.517834,45.325823,0.0],[25.517743,45.325853,0.0],[25.517654,45.325885,0.0],[25.517568,45.325921,0.0],[25.517482,45.325957,0.0],[25.517396,45.325994,0.0],[25.51731,45.32603,0.0],[25.517225,45.326068,0.0],[25.517144,45.326109,0.0],[25.517064,45.326152,0.0],[25.516987,45.326196,0.0],[25.51691,45.326243,0.0],[25.516838,45.326291,0.0],[25.516773,45.326345,0.0],[25.51671,45.3264,0.0],[25.516651,45.326457,0.0],[25.516589,45.326513,0.0],[25.516522,45.326564,0.0],[25.516443,45.326606,0.0],[25.516348,45.326623,0.0],[25.516254,45.326609,0.0],[25.516211,45.326558,0.0],[25.516204,45.326495,0.0],[25.516216,45.326439,0.0],[25.516263,45.32638,0.0],[25.516316,45.326322,0.0],[25.51638,45.326268,0.0],[25.516446,45.326215,0.0],[25.51651,45.326161,0.0],[25.516568,45.326103,0.0],[25.516626,45.326046,0.0],[25.516684,45.325989,0.0],[25.516738,45.32593,0.0],[25.516788,45.325868,0.0],[25.516837,45.325807,0.0],[25.516886,45.325746,0.0],[25.516932,45.325682,0.0],[25.516977,45.325619,0.0],[25.517022,45.325556,0.0],[25.517064,45.325492,0.0],[25.517106,45.325428,0.0],[25.517148,45.325363,0.0],[25.51719,45.325299,0.0],[25.517231,45.325234,0.0],[25.517272,45.32517,0.0],[25.517313,45.325105,0.0],[25.517354,45.325041,0.0],[25.517388,45.324975,0.0],[25.517414,45.324907,0.0],[25.517439,45.32484,0.0],[25.51746,45.324772,0.0],[25.517475,45.324702,0.0],[25.51749,45.324632,0.0],[25.517488,45.324561,0.0],[25.517493,45.324492,0.0],[25.517509,45.32443,0.0],[25.51754,45.324352,0.0],[25.517579,45.32429,0.0],[25.517634,45.324232,0.0],[25.517682,45.324173,0.0],[25.51774,45.324116,0.0],[25.517801,45.32406,0.0],[25.51786,45.324003,0.0],[25.517925,45.323948,0.0],[25.517989,45.323894,0.0],[25.518054,45.32384,0.0],[25.518118,45.323786,0.0],[25.518185,45.323728,0.0],[25.518244,45.323677,0.0],[25.518286,45.32361,0.0],[25.518329,45.323541,0.0],[25.518355,45.323477,0.0],[25.51838,45.323406,0.0],[25.518401,45.323337,0.0],[25.518408,45.32327,0.0],[25.518429,45.323201,0.0],[25.518453,45.323132,0.0],[25.518469,45.323063,0.0],[25.518484,45.322992,0.0],[25.518508,45.322916,0.0],[25.518558,45.322841,0.0],[25.518603,45.322778,0.0],[25.518663,45.322727,0.0],[25.518735,45.322674,0.0],[25.5188,45.322635,0.0],[25.518895,45.322611,0.0],[25.518979,45.322588,0.0],[25.51907,45.322567,0.0],[25.519177,45.322544,0.0],[25.519345,45.322501,0.0],[25.519379,45.32248,0.0],[25.519419,45.322436,0.0],[25.51947,45.322376,0.0],[25.519531,45.32232,0.0],[25.519587,45.322261,0.0],[25.519636,45.3222,0.0],[25.519682,45.322138,0.0],[25.519724,45.322074,0.0],[25.519755,45.322008,0.0],[25.519786,45.321942,0.0],[25.519808,45.321873,0.0],[25.519823,45.321804,0.0],[25.519822,45.321735,0.0],[25.519817,45.321666,0.0],[25.5198,45.321596,0.0],[25.519783,45.321527,0.0],[25.519765,45.321457,0.0],[25.519743,45.321388,0.0],[25.519734,45.321319,0.0],[25.519725,45.321229,0.0],[25.519741,45.321162,0.0],[25.519808,45.321086,0.0],[25.51986,45.321039,0.0],[25.51993,45.321009,0.0],[25.520036,45.320973,0.0],[25.520122,45.320969,0.0],[25.520229,45.320982,0.0],[25.520336,45.321012,0.0],[25.520403,45.321066,0.0],[25.520447,45.321111,0.0],[25.520476,45.321154,0.0],[25.520572,45.321262,0.0],[25.520654,45.32134,0.0],[25.52072,45.321355,0.0],[25.520774,45.321356,0.0],[25.520851,45.321333,0.0],[25.520902,45.321303,0.0],[25.520925,45.321228,0.0],[25.520911,45.321167,0.0],[25.520892,45.321101,0.0],[25.520853,45.321038,0.0],[25.520798,45.320979,0.0],[25.520744,45.320919,0.0],[25.520692,45.320858,0.0],[25.520641,45.320798,0.0],[25.520598,45.320734,0.0],[25.52056,45.320668,0.0],[25.520522,45.320603,0.0],[25.520487,45.320537,0.0],[25.520458,45.320469,0.0],[25.520431,45.320401,0.0],[25.520405,45.320333,0.0],[25.520393,45.320263,0.0],[25.520388,45.320192,0.0],[25.520384,45.320121,0.0],[25.520379,45.320051,0.0],[25.520372,45.31998,0.0],[25.520357,45.31991,0.0],[25.52034,45.319841,0.0],[25.520298,45.319778,0.0],[25.52025,45.319716,0.0],[25.52019,45.31966,0.0],[25.520138,45.319599,0.0],[25.520087,45.319538,0.0],[25.520046,45.319475,0.0],[25.520024,45.319408,0.0],[25.520008,45.31934,0.0],[25.520006,45.31927,0.0],[25.520006,45.319199,0.0],[25.520011,45.319128,0.0],[25.520016,45.319058,0.0],[25.520022,45.318987,0.0],[25.520027,45.318916,0.0],[25.520026,45.318846,0.0],[25.520016,45.318775,0.0],[25.520006,45.318705,0.0],[25.519997,45.318634,0.0],[25.519987,45.318564,0.0],[25.519977,45.318494,0.0],[25.519969,45.318423,0.0],[25.519967,45.318353,0.0],[25.519965,45.318283,0.0],[25.519971,45.318212,0.0],[25.51998,45.318142,0.0],[25.52,45.318073,0.0],[25.520023,45.318004,0.0],[25.520044,45.317935,0.0],[25.520059,45.317865,0.0],[25.520071,45.317795,0.0],[25.520074,45.317725,0.0],[25.52008,45.317654,0.0],[25.520085,45.317583,0.0],[25.520092,45.317513,0.0],[25.520112,45.317444,0.0],[25.520138,45.317376,0.0],[25.520168,45.317309,0.0],[25.520199,45.317241,0.0],[25.52023,45.317174,0.0],[25.520272,45.31711,0.0],[25.520316,45.317047,0.0],[25.52036,45.316983,0.0],[25.520404,45.316919,0.0],[25.520444,45.316855,0.0],[25.520484,45.31679,0.0],[25.520525,45.316725,0.0],[25.520566,45.31666,0.0],[25.520611,45.316597,0.0],[25.520658,45.316535,0.0],[25.520705,45.316472,0.0],[25.520754,45.316411,0.0],[25.520809,45.316352,0.0],[25.520865,45.316293,0.0],[25.520921,45.316234,0.0],[25.520978,45.316176,0.0],[25.521037,45.316119,0.0],[25.521089,45.316059,0.0],[25.521139,45.315998,0.0],[25.521188,45.315936,0.0],[25.521234,45.315874,0.0],[25.521277,45.31581,0.0],[25.521318,45.315746,0.0],[25.521352,45.315679,0.0],[25.521385,45.315612,0.0],[25.521419,45.315545,0.0],[25.521451,45.315479,0.0],[25.521481,45.315411,0.0],[25.521511,45.315343,0.0],[25.521542,45.315276,0.0],[25.521578,45.31521,0.0],[25.521615,45.315144,0.0],[25.521652,45.315079,0.0],[25.52169,45.315013,0.0],[25.521731,45.314949,0.0],[25.521772,45.314885,0.0],[25.521817,45.314821,0.0],[25.521863,45.314759,0.0],[25.521921,45.314709,0.0],[25.521966,45.314646,0.0],[25.522011,45.314582,0.0],[25.522056,45.314519,0.0],[25.522101,45.314456,0.0],[25.522143,45.314392,0.0],[25.522186,45.314328,0.0],[25.522216,45.314261,0.0],[25.522241,45.314193,0.0],[25.52226,45.314125,0.0],[25.522265,45.314055,0.0],[25.522262,45.313984,0.0],[25.522258,45.313914,0.0],[25.522249,45.313844,0.0],[25.522225,45.313775,0.0],[25.5222,45.313706,0.0],[25.522176,45.313638,0.0],[25.52215,45.31357,0.0],[25.522117,45.313503,0.0],[25.522084,45.313436,0.0],[25.522051,45.313369,0.0],[25.522018,45.313302,0.0],[25.521985,45.313235,0.0],[25.521951,45.313169,0.0],[25.521918,45.313102,0.0],[25.521883,45.313036,0.0],[25.521848,45.312969,0.0],[25.52181,45.312904,0.0],[25.521772,45.312838,0.0],[25.521734,45.312773,0.0],[25.521695,45.312707,0.0],[25.521657,45.312642,0.0],[25.521619,45.312577,0.0],[25.521581,45.312511,0.0],[25.521554,45.312443,0.0],[25.521529,45.312375,0.0],[25.521505,45.312306,0.0],[25.521494,45.312237,0.0],[25.521489,45.312166,0.0],[25.521483,45.312096,0.0],[25.521483,45.312025,0.0],[25.521486,45.311955,0.0],[25.521494,45.311885,0.0],[25.521502,45.311815,0.0],[25.52151,45.311745,0.0],[25.521518,45.311675,0.0],[25.521528,45.311606,0.0],[25.521535,45.311536,0.0],[25.52154,45.311466,0.0],[25.521545,45.311396,0.0],[25.521544,45.311325,0.0],[25.521532,45.311257,0.0],[25.52152,45.311188,0.0],[25.521494,45.31112,0.0],[25.521457,45.311056,0.0],[25.521412,45.310993,0.0],[25.521365,45.310931,0.0],[25.521314,45.31087,0.0],[25.521257,45.310812,0.0],[25.5212,45.310754,0.0],[25.521144,45.310695,0.0],[25.52109,45.310636,0.0],[25.521036,45.310576,0.0],[25.521022,45.310514,0.0],[25.521025,45.310484,0.0],[25.521028,45.310454,0.0],[25.521049,45.310404,0.0],[25.521093,45.310346,0.0],[25.521133,45.31028,0.0],[25.521195,45.310225,0.0],[25.52126,45.310172,0.0],[25.52133,45.310121,0.0],[25.521399,45.31007,0.0],[25.521469,45.310019,0.0],[25.521545,45.309973,0.0],[25.521622,45.309928,0.0],[25.5217,45.309884,0.0],[25.521782,45.309846,0.0],[25.521865,45.309809,0.0],[25.52195,45.309776,0.0],[25.522039,45.309746,0.0],[25.522128,45.309716,0.0],[25.522218,45.309688,0.0],[25.522314,45.309667,0.0],[25.522409,45.309644,0.0],[25.522501,45.309618,0.0],[25.522632,45.309597,0.0],[25.52275,45.309571,0.0],[25.522806,45.309538,0.0],[25.522849,45.30949,0.0],[25.522881,45.309416,0.0],[25.522871,45.309339,0.0],[25.522855,45.309267,0.0],[25.522821,45.309203,0.0],[25.522787,45.30914,0.0],[25.522759,45.309073,0.0],[25.522732,45.309005,0.0],[25.522709,45.308936,0.0],[25.522683,45.308868,0.0],[25.522661,45.308799,0.0],[25.522649,45.308729,0.0],[25.522631,45.30866,0.0],[25.522619,45.30859,0.0],[25.522611,45.308519,0.0],[25.522603,45.308449,0.0],[25.522595,45.308378,0.0],[25.522582,45.308308,0.0],[25.522571,45.308238,0.0],[25.522556,45.308168,0.0]]],"type":"MultiLineString"},"properties":{"Numar":"DN 71","_s":{"f":"#db1e2a","fo":0.0,"s":"#000000","so":1.0,"w":3.78,"r":5.0,"cap":"round","join":"round","ml":true},"_l":"DN 71","_a":-30.5,"_p":[45.327746,25.520648]}},{"type":"Feature","geometry":{"coordinates":[[[25.96462,44.962106,0.0],[25.964742,44.962499,0.0],[25.964777,44.962602,0.0],[25.964963,44.963519,0.0],[25.965106,44.964074,0.0],[25.96515,44.964257,0.0],[25.965249,44.964437,0.0],[25.965352,44.964585,0.0],[25.965486,44.96475,0.0],[25.965679,44.964929,0.0],[25.965947,44.965129,0.0],[25.966221,44.965289,0.0],[25.966432,44.965376,0.0],[25.966634,44.965425,0.0],[25.966839,44.965457,0.0],[25.967032,44.965465,0.0],[25.967275,44.965433,0.0],[25.967649,44.965341,0.0],[25.96795,44.965267,0.0],[25.968131,44.965239,0.0],[25.968355,44.965257,0.0],[25.96884,44.965487,0.0],[25.971028,44.964521,0.0],[25.971268,44.964419,0.0],[25.971386,44.964374,0.0],[25.971708,44.964316,0.0],[25.972051,44.964301,0.0],[25.972197,44.964288,0.0],[25.972464,44.964265,0.0],[25.973039,44.964209,0.0],[25.973367,44.964199,0.0],[25.973726,44.964207,0.0],[25.974137,44.964237,0.0],[25.974552,44.964281,0.0],[25.974927,44.964346,0.0],[25.975483,44.964477,0.0],[25.975848,44.964599,0.0],[25.97613,44.9647,0.0],[25.976397,44.964825,0.0],[25.976739,44.964985,0.0],[25.97707,44.96516,0.0],[25.977295,44.9653,0.0],[25.977366,44.965348,0.0],[25.977512,44.965447,0.0],[25.977674,44.96557,0.0],[25.977812,44.96568,0.0],[25.977964,44.965808,0.0],[25.978191,44.96603,0.0],[25.978448,44.966294,0.0],[25.978683,44.966542,0.0],[25.979666,44.967562,0.0],[25.980248,44.968166,0.0],[25.980423,44.968337,0.0],[25.980596,44.9685,0.0],[25.980704,44.968594,0.0],[25.980877,44.968741,0.0],[25.980986,44.968823,0.0],[25.98119,44.968975,0.0],[25.981586,44.969273,0.0],[25.981895,44.969502,0.0],[25.983017,44.97035,0.0],[25.984324,44.971321,0.0],[25.985576,44.972215,0.0],[25.986827,44.973108,0.0],[25.988574,44.974355,0.0],[25.989504,44.975047,0.0],[25.990519,44.975818,0.0],[25.991279,44.976398,0.0],[25.991915,44.976902,0.0],[25.992254,44.977181,0.0],[25.99313,44.97781,0.0],[25.994303,44.978739,0.0],[25.99527,44.979502,0.0],[25.995435,44.979624,0.0],[25.995571,44.979725,0.0],[25.995727,44.979825,0.0],[25.9959,44.97992,0.0],[25.996243,44.980087,0.0],[25.996863,44.980375,0.0],[25.998502,44.981147,0.0],[26.00115,44.982385,0.0],[26.001762,44.982659,0.0],[26.002223,44.982847,0.0],[26.002762,44.983046,0.0],[26.004016,44.983483,0.0],[26.005128,44.983884,0.0],[26.006962,44.98453,0.0],[26.008234,44.98498,0.0],[26.010473,44.985768,0.0],[26.011607,44.986167,0.0],[26.01189,44.986244,0.0],[26.012426,44.986384,0.0],[26.012846,44.986437,0.0]]],"type":"MultiLineString"},"properties":{"Numar":"DN 1B","_s":{"f":"#db1e2a","fo":0.0,"s":"#000000","so":1.0,"w":3.78,"r":5.0,"cap":"round","join":"round","ml":true},"_l":"DN 1B","_a":-34.1,"_p":[44.973335,25.987145]}},{"type":"Feature","geometry":{"coordinates":[[[26.229758,44.953947,0.0],[26.229916,44.953593,0.0],[26.230603,44.953119,0.0],[26.232165,44.95209,0.0],[26.235088,44.950177,0.0],[26.238113,44.948188,0.0],[26.241221,44.946151,0.0],[26.244312,44.944122,0.0],[26.247403,44.942085,0.0],[26.250468,44.940068,0.0],[26.253481,44.938097,0.0],[26.256491,44.936111,0.0],[26.259516,44.934121,0.0],[26.262589,44.932102,0.0],[26.26567,44.930061,0.0],[26.268718,44.928063,0.0],[26.271737,44.926076,0.0],[26.27483,44.924041,0.0],[26.277708,44.922123,0.0],[26.27931,44.921073,0.0],[26.280828,44.920061,0.0],[26.282781,44.918772,0.0],[26.283773,44.918116,0.0],[26.284121,44.917884,0.0],[26.28525,44.91714,0.0],[26.28586,44.916728,0.0],[26.286394,44.916373,0.0],[26.287229,44.915813,0.0],[26.287625,44.915555,0.0],[26.287934,44.915354,0.0],[26.288409,44.915037,0.0],[26.289379,44.914395,0.0],[26.290198,44.913835,0.0],[26.290745,44.913477,0.0],[26.291588,44.912919,0.0],[26.29213,44.912562,0.0],[26.292406,44.912387,0.0],[26.293113,44.911906,0.0],[26.294386,44.91106,0.0],[26.29621,44.909838,0.0],[26.297911,44.908711,0.0],[26.299648,44.907546,0.0],[26.301384,44.906386,0.0],[26.303016,44.905283,0.0],[26.303923,44.904676,0.0],[26.30436,44.904394,0.0],[26.304562,44.904289,0.0],[26.305533,44.903816,0.0],[26.307439,44.902867,0.0],[26.30882,44.902186,0.0],[26.30953,44.901838,0.0],[26.311065,44.90108,0.0],[26.312035,44.900596,0.0],[26.314025,44.899604,0.0],[26.31668,44.898266,0.0],[26.318164,44.897507,0.0],[26.320173,44.896488,0.0],[26.322869,44.89511,0.0],[26.324195,44.894448,0.0],[26.324833,44.894123,0.0],[26.326357,44.893367,0.0],[26.327932,44.892581,0.0],[26.329377,44.891858,0.0],[26.330337,44.89138,0.0],[26.331699,44.89071,0.0],[26.332706,44.890223,0.0],[26.332893,44.89013,0.0],[26.333025,44.890054,0.0],[26.333148,44.889988,0.0],[26.33329,44.889891,0.0],[26.333581,44.889701,0.0],[26.333846,44.889523,0.0],[26.334021,44.889402,0.0],[26.334615,44.889008,0.0],[26.335576,44.888366,0.0],[26.336378,44.887827,0.0],[26.336912,44.88747,0.0],[26.337659,44.886972,0.0],[26.338201,44.886611,0.0],[26.338844,44.886183,0.0],[26.339619,44.885668,0.0],[26.340244,44.88525,0.0],[26.340823,44.884862,0.0],[26.341267,44.884563,0.0],[26.34226,44.883902,0.0],[26.343358,44.883169,0.0],[26.343919,44.882796,0.0],[26.344913,44.882128,0.0],[26.346626,44.880984,0.0],[26.347491,44.880407,0.0],[26.348078,44.880013,0.0],[26.34841,44.879796,0.0],[26.348663,44.879637,0.0],[26.348891,44.879519,0.0],[26.349164,44.879382,0.0],[26.349541,44.879202,0.0],[26.349945,44.879013,0.0],[26.350942,44.878537,0.0],[26.351695,44.87818,0.0],[26.352205,44.877938,0.0],[26.353325,44.877399,0.0],[26.354709,44.876739,0.0],[26.356206,44.876025,0.0],[26.357599,44.875364,0.0],[26.359193,44.874596,0.0],[26.360599,44.873938,0.0],[26.361699,44.873406,0.0],[26.363455,44.872569,0.0],[26.364594,44.872021,0.0],[26.366365,44.871169,0.0],[26.367232,44.870752,0.0],[26.367961,44.870397,0.0],[26.369232,44.869779,0.0],[26.370334,44.869246,0.0],[26.372029,44.868425,0.0],[26.373311,44.867799,0.0],[26.373894,44.867522,0.0],[26.374139,44.867398,0.0],[26.374296,44.867307,0.0],[26.374389,44.867245,0.0],[26.374491,44.867165,0.0],[26.374629,44.867031,0.0],[26.374757,44.866868,0.0],[26.375315,44.866134,0.0],[26.375863,44.86543,0.0],[26.376431,44.86468,0.0],[26.376669,44.864378,0.0],[26.377169,44.863725,0.0],[26.378101,44.862523,0.0],[26.378764,44.861653,0.0],[26.379351,44.860896,0.0],[26.38013,44.859883,0.0],[26.38051,44.859388,0.0],[26.381157,44.858553,0.0],[26.382212,44.857195,0.0],[26.382621,44.856669,0.0],[26.383592,44.855424,0.0],[26.383977,44.854913,0.0],[26.38465,44.854024,0.0],[26.385206,44.853293,0.0],[26.385916,44.85236,0.0],[26.386636,44.851421,0.0],[26.38723,44.850623,0.0],[26.387557,44.850139,0.0],[26.388084,44.849374,0.0],[26.388595,44.848624,0.0],[26.389,44.848028,0.0],[26.389621,44.847113,0.0],[26.390205,44.84625,0.0],[26.390673,44.845551,0.0],[26.390804,44.845354,0.0],[26.390889,44.845177,0.0],[26.390923,44.845083,0.0],[26.390936,44.84499,0.0],[26.390939,44.84483,0.0],[26.390933,44.84468,0.0],[26.390879,44.844197,0.0],[26.390846,44.843868,0.0],[26.390811,44.843519,0.0],[26.3908,44.843421,0.0],[26.39081,44.843304,0.0],[26.390826,44.843221,0.0],[26.390884,44.843079,0.0],[26.391077,44.842842,0.0],[26.391476,44.842432,0.0],[26.391812,44.842076,0.0],[26.392857,44.840982,0.0],[26.393951,44.839852,0.0],[26.39503,44.838802,0.0],[26.395608,44.838232,0.0],[26.395721,44.83811,0.0],[26.395879,44.837908,0.0],[26.396014,44.837735,0.0],[26.396204,44.837467,0.0],[26.396451,44.837092,0.0],[26.396862,44.836464,0.0],[26.397135,44.836024,0.0],[26.397651,44.835204,0.0],[26.398171,44.834386,0.0],[26.398294,44.834183,0.0],[26.398436,44.833974,0.0],[26.398557,44.833825,0.0],[26.398767,44.833608,0.0],[26.398933,44.833459,0.0],[26.399169,44.833266,0.0],[26.399445,44.833074,0.0],[26.399804,44.832872,0.0],[26.40009,44.832699,0.0],[26.400195,44.832624,0.0],[26.400318,44.832523,0.0],[26.400852,44.83207,0.0],[26.401357,44.831646,0.0],[26.401795,44.831275,0.0],[26.402361,44.830811,0.0],[26.403393,44.829927,0.0],[26.403742,44.829654,0.0],[26.403978,44.829454,0.0],[26.404187,44.82925,0.0],[26.404326,44.829082,0.0],[26.404538,44.828791,0.0],[26.404782,44.828475,0.0],[26.405012,44.828199,0.0],[26.405323,44.827871,0.0],[26.405529,44.827627,0.0],[26.40565,44.827472,0.0],[26.405741,44.827321,0.0],[26.405771,44.827213,0.0],[26.405787,44.827106,0.0],[26.405752,44.826884,0.0],[26.405698,44.826672,0.0],[26.405693,44.826564,0.0],[26.405698,44.826512,0.0],[26.405728,44.826427,0.0],[26.405792,44.826313,0.0],[26.406026,44.825964,0.0],[26.406323,44.825573,0.0],[26.406502,44.82534,0.0],[26.406655,44.825125,0.0],[26.406793,44.8249,0.0],[26.40688,44.824738,0.0],[26.406928,44.824598,0.0],[26.406972,44.824448,0.0],[26.407027,44.824206,0.0],[26.407082,44.823978,0.0],[26.407154,44.823788,0.0],[26.407239,44.823639,0.0],[26.40744,44.823376,0.0],[26.407599,44.823172,0.0],[26.407798,44.822919,0.0],[26.408259,44.822302,0.0],[26.408632,44.821818,0.0],[26.409311,44.820934,0.0],[26.409382,44.820845,0.0],[26.40945,44.820742,0.0],[26.409527,44.820665,0.0],[26.409578,44.820637,0.0],[26.40963,44.820626,0.0],[26.409686,44.820616,0.0],[26.409753,44.820626,0.0],[26.409806,44.820642,0.0],[26.410192,44.820804,0.0],[26.410788,44.821076,0.0],[26.411326,44.821325,0.0],[26.411666,44.821476,0.0],[26.411958,44.821613,0.0],[26.412342,44.821783,0.0],[26.412455,44.821823,0.0],[26.412567,44.821845,0.0],[26.412719,44.821859,0.0],[26.412825,44.821849,0.0],[26.41294,44.821804,0.0],[26.412998,44.821766,0.0],[26.413102,44.821676,0.0],[26.413252,44.821503,0.0],[26.413606,44.821064,0.0],[26.413866,44.820742,0.0],[26.414679,44.81975,0.0],[26.415127,44.81922,0.0],[26.416115,44.81804,0.0],[26.416605,44.817447,0.0],[26.417201,44.816711,0.0],[26.417932,44.815837,0.0],[26.418408,44.81526,0.0],[26.418598,44.815029,0.0],[26.418848,44.814729,0.0],[26.418993,44.814556,0.0],[26.41909,44.814473,0.0],[26.419237,44.814385,0.0],[26.419447,44.814269,0.0],[26.4202,44.813901,0.0],[26.420582,44.81371,0.0],[26.420997,44.813496,0.0],[26.421265,44.813354,0.0],[26.421554,44.813186,0.0],[26.421761,44.813058,0.0],[26.421895,44.812966,0.0],[26.422567,44.812493,0.0],[26.42306,44.812155,0.0],[26.424301,44.811294,0.0],[26.424939,44.810856,0.0],[26.425685,44.810334,0.0],[26.426444,44.809824,0.0],[26.42697,44.8095,0.0],[26.427352,44.80927,0.0],[26.428,44.808891,0.0],[26.428903,44.808357,0.0],[26.429694,44.807886,0.0],[26.430774,44.807247,0.0],[26.431427,44.80686,0.0],[26.431936,44.806558,0.0],[26.432103,44.806462,0.0],[26.43223,44.80639,0.0],[26.432428,44.806283,0.0],[26.43263,44.806167,0.0],[26.432825,44.806069,0.0],[26.432997,44.805981,0.0],[26.433307,44.805836,0.0],[26.434343,44.805333,0.0],[26.435025,44.804998,0.0],[26.436111,44.80448,0.0],[26.436681,44.804202,0.0],[26.437328,44.803883,0.0],[26.438566,44.803288,0.0],[26.439731,44.802717,0.0],[26.440786,44.802201,0.0],[26.441038,44.802094,0.0]]],"type":"MultiLineString"},"properties":{"Numar":"DN 1D","_s":{"f":"#db1e2a","fo":0.0,"s":"#000000","so":1.0,"w":3.78,"r":5.0,"cap":"round","join":"round","ml":true},"_l":"DN 1D","_a":41.8,"_p":[44.881614,26.345683]}},{"type":"Feature","geometry":{"coordinates":[[[26.052738,44.957741,0.0],[26.052468,44.957659,0.0],[26.052093,44.957552,0.0],[26.051701,44.957449,0.0],[26.051222,44.957355,0.0],[26.050915,44.957325,0.0],[26.050626,44.957327,0.0],[26.050307,44.957339,0.0],[26.050038,44.95737,0.0],[26.049756,44.957407,0.0],[26.049443,44.95748,0.0],[26.049089,44.957572,0.0],[26.048688,44.957709,0.0],[26.048135,44.957977,0.0]]],"type":"MultiLineString"},"properties":{"Numar":"DN 1B","_s":{"f":"#db1e2a","fo":0.0,"s":"#000000","so":1.0,"w":3.78,"r":5.0,"cap":"round","join":"round","ml":true},"_l":"DN 1B","_a":33.6,"_p":[44.957336,26.050383]}},{"type":"Feature","geometry":{"coordinates":[[[26.046554,44.884947,0.0],[26.046548,44.885276,0.0],[26.046471,44.885543,0.0],[26.046175,44.886327,0.0],[26.046128,44.886471,0.0],[26.046093,44.886566,0.0],[26.046057,44.886684,0.0],[26.046016,44.886911,0.0],[26.045999,44.887024,0.0],[26.046005,44.887181,0.0],[26.046141,44.887686,0.0],[26.0462,44.887921,0.0],[26.046269,44.888147,0.0],[26.046359,44.888335,0.0],[26.046473,44.888543,0.0],[26.046609,44.888758,0.0],[26.046751,44.888951,0.0],[26.046914,44.88913,0.0],[26.047143,44.889369,0.0],[26.047383,44.889607,0.0],[26.047529,44.889751,0.0],[26.049075,44.891304,0.0],[26.049894,44.892115,0.0],[26.050245,44.892467,0.0],[26.050583,44.892809,0.0],[26.050799,44.893017,0.0],[26.05105,44.893253,0.0],[26.051338,44.893469,0.0],[26.05169,44.89371,0.0],[26.052224,44.894006,0.0],[26.05286,44.894358,0.0],[26.053219,44.894559,0.0],[26.054853,44.895468,0.0],[26.05561,44.895887,0.0],[26.05754,44.896955,0.0],[26.059776,44.898181,0.0],[26.061676,44.899238,0.0],[26.062604,44.899771,0.0],[26.064107,44.900585,0.0],[26.065364,44.901281,0.0],[26.066967,44.902173,0.0],[26.068458,44.903005,0.0],[26.071458,44.904668,0.0],[26.07423,44.906203,0.0],[26.076395,44.907403,0.0],[26.077308,44.907911,0.0],[26.079726,44.909262,0.0],[26.082468,44.910788,0.0],[26.083486,44.911354,0.0],[26.083774,44.911513,0.0],[26.084043,44.911675,0.0],[26.084231,44.911802,0.0],[26.084408,44.911931,0.0],[26.084789,44.912226,0.0],[26.085248,44.912582,0.0],[26.085538,44.912803,0.0],[26.085715,44.912926,0.0],[26.085783,44.91296,0.0],[26.085885,44.91301,0.0],[26.086106,44.913069,0.0],[26.086508,44.91315,0.0],[26.08747,44.91334,0.0],[26.090033,44.91385,0.0],[26.091829,44.914208,0.0],[26.092157,44.91428,0.0],[26.092618,44.914399,0.0],[26.092894,44.914478,0.0],[26.093129,44.914554,0.0],[26.093738,44.914767,0.0],[26.095006,44.915228,0.0],[26.096523,44.915773,0.0],[26.097293,44.916062,0.0],[26.097503,44.916155,0.0],[26.097767,44.916285,0.0],[26.098081,44.916455,0.0],[26.09865,44.916817,0.0],[26.099247,44.917227,0.0],[26.099795,44.917583,0.0],[26.100232,44.917881,0.0],[26.100535,44.918122,0.0],[26.100732,44.918296,0.0],[26.1009,44.918495,0.0],[26.101054,44.918686,0.0],[26.101249,44.918976,0.0],[26.101353,44.919166,0.0],[26.101473,44.919433,0.0],[26.101539,44.919653,0.0],[26.101595,44.919875,0.0],[26.101655,44.920162,0.0],[26.102206,44.922894,0.0],[26.102483,44.924416,0.0],[26.102806,44.925895,0.0],[26.103193,44.927841,0.0],[26.103882,44.931313,0.0],[26.103971,44.931772,0.0],[26.104049,44.932158,0.0],[26.104071,44.932424,0.0],[26.104072,44.932671,0.0],[26.10405,44.932932,0.0],[26.104002,44.933168,0.0],[26.103962,44.933342,0.0],[26.103795,44.933894,0.0],[26.103596,44.934514,0.0],[26.103335,44.935363,0.0],[26.102867,44.936887,0.0],[26.10284,44.937565,0.0],[26.102557,44.937777,0.0],[26.102435,44.938256,0.0],[26.101907,44.939978,0.0],[26.101603,44.940912,0.0],[26.101347,44.94177,0.0],[26.101051,44.942715,0.0],[26.100746,44.943702,0.0],[26.100308,44.945132,0.0],[26.099848,44.946582,0.0],[26.099696,44.946934,0.0],[26.09962,44.94707,0.0],[26.099507,44.947266,0.0],[26.099345,44.947499,0.0],[26.099127,44.947765,0.0],[26.098938,44.947973,0.0],[26.098747,44.94816,0.0],[26.098463,44.948387,0.0],[26.098041,44.94869,0.0],[26.097784,44.94884,0.0],[26.097148,44.949174,0.0],[26.095969,44.949739,0.0],[26.09514,44.950138,0.0],[26.093885,44.950731,0.0],[26.092575,44.951365,0.0],[26.090639,44.952299,0.0],[26.088846,44.953152,0.0],[26.088344,44.953393,0.0],[26.087999,44.953542,0.0],[26.087669,44.953669,0.0],[26.087347,44.953772,0.0],[26.08696,44.953879,0.0],[26.086719,44.953935,0.0],[26.086426,44.95399,0.0],[26.086135,44.954036,0.0],[26.085816,44.95408,0.0],[26.085345,44.954113,0.0],[26.084899,44.954133,0.0],[26.084132,44.954163,0.0],[26.082967,44.954203,0.0],[26.082081,44.954238,0.0],[26.08042,44.954312,0.0],[26.078522,44.954373,0.0],[26.076754,44.954448,0.0],[26.074922,44.954513,0.0],[26.072907,44.954592,0.0],[26.070813,44.95467,0.0],[26.07003,44.95469,0.0],[26.06957,44.954691,0.0],[26.068524,44.954676,0.0],[26.067585,44.954655,0.0],[26.0658,44.954622,0.0],[26.065159,44.954602,0.0],[26.064713,44.95457,0.0],[26.064491,44.954548,0.0],[26.064197,44.954506,0.0],[26.063917,44.954456,0.0],[26.063566,44.954382,0.0],[26.063362,44.954328,0.0],[26.063,44.954219,0.0],[26.062645,44.954095,0.0],[26.06229,44.953954,0.0],[26.061966,44.953815,0.0],[26.061551,44.953629,0.0],[26.061133,44.953441,0.0],[26.060588,44.953198,0.0],[26.06034,44.953083,0.0],[26.060045,44.952955,0.0],[26.05978,44.95284,0.0],[26.059448,44.952713,0.0],[26.059062,44.952602,0.0],[26.058731,44.952525,0.0],[26.058396,44.952467,0.0],[26.058076,44.952427,0.0],[26.057764,44.952407,0.0],[26.057454,44.952392,0.0],[26.057199,44.952391,0.0],[26.056931,44.952404,0.0],[26.056598,44.952437,0.0],[26.056207,44.952493,0.0],[26.055879,44.952562,0.0],[26.055593,44.952632,0.0],[26.055263,44.952736,0.0],[26.055064,44.952804,0.0],[26.054753,44.952935,0.0],[26.054568,44.953024,0.0],[26.054325,44.953158,0.0],[26.054188,44.953235,0.0],[26.053963,44.953377,0.0],[26.053764,44.953526,0.0],[26.053575,44.953671,0.0],[26.053126,44.954032,0.0],[26.052596,44.954451,0.0],[26.052197,44.954766,0.0],[26.051758,44.955103,0.0],[26.050995,44.955683,0.0],[26.050326,44.956201,0.0]]],"type":"MultiLineString"},"properties":{"Numar":"DN 1A","_s":{"f":"#db1e2a","fo":0.0,"s":"#000000","so":1.0,"w":3.78,"r":5.0,"cap":"round","join":"round","ml":true},"_l":"DN 1A","_a":-82.8,"_p":[44.926005,26.102828]}},{"type":"Feature","geometry":{"coordinates":[[[25.960457,44.940757,0.0],[25.959865,44.940806,0.0],[25.958969,44.940876,0.0],[25.957735,44.940974,0.0],[25.955732,44.941132,0.0],[25.95307,44.941345,0.0],[25.951227,44.941488,0.0],[25.94846,44.941704,0.0],[25.945731,44.941921,0.0],[25.943805,44.942069,0.0],[25.942431,44.94218,0.0],[25.940391,44.942344,0.0],[25.93998,44.942382,0.0],[25.939603,44.942406,0.0],[25.939236,44.942414,0.0],[25.938973,44.942402,0.0],[25.938714,44.942371,0.0],[25.93847,44.942325,0.0],[25.938204,44.942271,0.0],[25.937594,44.942131,0.0],[25.937072,44.942008,0.0],[25.935635,44.941679,0.0],[25.935282,44.941607,0.0],[25.934933,44.941532,0.0],[25.93422,44.941356,0.0],[25.932456,44.940958,0.0],[25.930072,44.940414,0.0],[25.927884,44.93991,0.0],[25.925711,44.939412,0.0],[25.924406,44.939113,0.0],[25.923238,44.938842,0.0],[25.921582,44.938463,0.0],[25.920413,44.938195,0.0],[25.918807,44.937828,0.0],[25.917626,44.937557,0.0],[25.916811,44.937368,0.0],[25.913681,44.936648,0.0],[25.909916,44.935775,0.0],[25.907558,44.935235,0.0],[25.905822,44.934832,0.0],[25.895382,44.932427,0.0],[25.887088,44.930516,0.0],[25.886436,44.930365,0.0],[25.885682,44.930206,0.0],[25.884925,44.930086,0.0],[25.884005,44.929968,0.0],[25.882021,44.929733,0.0],[25.880148,44.929506,0.0],[25.878972,44.929357,0.0],[25.877156,44.929139,0.0],[25.875998,44.929001,0.0],[25.874515,44.928821,0.0],[25.872849,44.928617,0.0],[25.871823,44.928491,0.0],[25.870103,44.928281,0.0],[25.869271,44.928181,0.0],[25.867738,44.927993,0.0],[25.865801,44.927743,0.0],[25.863445,44.927433,0.0],[25.862204,44.927268,0.0],[25.860214,44.927002,0.0],[25.859018,44.926845,0.0],[25.857451,44.926643,0.0],[25.855955,44.926446,0.0],[25.854861,44.926256,0.0],[25.854062,44.926109,0.0],[25.85352,44.926008,0.0],[25.853085,44.925933,0.0],[25.85287,44.925901,0.0],[25.852622,44.925871,0.0],[25.851928,44.925824,0.0],[25.851012,44.925772,0.0],[25.849489,44.925685,0.0],[25.848457,44.925624,0.0],[25.847871,44.925593,0.0],[25.845772,44.925468,0.0],[25.843599,44.925337,0.0],[25.841938,44.925235,0.0],[25.84043,44.925138,0.0],[25.838278,44.925009,0.0],[25.83707,44.924936,0.0],[25.835567,44.924849,0.0],[25.833863,44.924749,0.0],[25.832287,44.924652,0.0],[25.830938,44.924571,0.0],[25.829641,44.924495,0.0],[25.828281,44.924414,0.0],[25.827144,44.924344,0.0],[25.825046,44.924223,0.0],[25.824682,44.924204,0.0],[25.823608,44.924139,0.0],[25.822432,44.924067,0.0],[25.821426,44.924004,0.0],[25.819681,44.923901,0.0],[25.818694,44.923844,0.0],[25.818325,44.92382,0.0],[25.818029,44.923796,0.0],[25.817821,44.923777,0.0],[25.817582,44.923747,0.0],[25.817274,44.923699,0.0],[25.816334,44.923536,0.0],[25.815344,44.923362,0.0],[25.814588,44.923231,0.0],[25.813352,44.923008,0.0],[25.81221,44.922811,0.0],[25.811174,44.92263,0.0]]],"type":"MultiLineString"},"properties":{"Numar":"DN 72","_s":{"f":"#db1e2a","fo":0.0,"s":"#000000","so":1.0,"w":3.78,"r":5.0,"cap":"round","join":"round","ml":true},"_l":"DN 72","_a":-18.6,"_p":[44.930434,25.886733]}},{"type":"Feature","geometry":{"coordinates":[[[26.050326,44.956201,0.0],[26.049053,44.957246,0.0],[26.048135,44.957977,0.0],[26.047109,44.958786,0.0],[26.046845,44.958985,0.0],[26.04651,44.959218,0.0],[26.046211,44.959397,0.0],[26.045882,44.959581,0.0],[26.045436,44.959789,0.0],[26.044897,44.96005,0.0],[26.044419,44.960285,0.0],[26.041197,44.961831,0.0],[26.040938,44.961946,0.0],[26.040562,44.962127,0.0],[26.040144,44.962309,0.0],[26.039766,44.962448,0.0],[26.039339,44.962575,0.0],[26.039061,44.962643,0.0],[26.038642,44.962739,0.0],[26.037643,44.962942,0.0],[26.036397,44.963204,0.0],[26.035172,44.963461,0.0],[26.034205,44.963653,0.0],[26.03382,44.963741,0.0],[26.033584,44.963801,0.0],[26.033325,44.963872,0.0],[26.033064,44.963954,0.0],[26.032745,44.964073,0.0],[26.032324,44.964252,0.0],[26.032049,44.964386,0.0],[26.031696,44.964585,0.0],[26.031271,44.964863,0.0],[26.030809,44.965204,0.0],[26.029712,44.966047,0.0],[26.029052,44.966544,0.0],[26.028002,44.967343,0.0],[26.027693,44.967574,0.0],[26.027237,44.967922,0.0],[26.026842,44.968213,0.0],[26.026397,44.96855,0.0],[26.026013,44.968848,0.0],[26.025341,44.969354,0.0],[26.024726,44.969808,0.0],[26.023924,44.970434,0.0],[26.022998,44.971127,0.0],[26.021773,44.972044,0.0],[26.021484,44.97226,0.0],[26.02095,44.972661,0.0],[26.020491,44.97301,0.0],[26.02003,44.973359,0.0],[26.019489,44.973768,0.0],[26.019136,44.974022,0.0],[26.018873,44.974232,0.0],[26.01869,44.974396,0.0],[26.018475,44.974588,0.0],[26.018323,44.974735,0.0],[26.018134,44.974956,0.0],[26.017867,44.975142,0.0],[26.017663,44.975708,0.0],[26.017515,44.97612,0.0],[26.0174,44.976544,0.0],[26.017289,44.977075,0.0],[26.01703,44.978249,0.0],[26.016642,44.979991,0.0],[26.016184,44.982058,0.0],[26.015874,44.983437,0.0],[26.015697,44.984219,0.0],[26.015604,44.984608,0.0],[26.015534,44.984912,0.0],[26.015472,44.985038,0.0],[26.015406,44.985145,0.0],[26.01532,44.985283,0.0],[26.015186,44.985439,0.0],[26.015044,44.985582,0.0],[26.014789,44.9858,0.0],[26.014569,44.98593,0.0],[26.014271,44.986083,0.0],[26.013934,44.986201,0.0],[26.013612,44.986293,0.0],[26.013368,44.986348,0.0],[26.012846,44.986437,0.0],[26.013004,44.98661,0.0],[26.013266,44.986744,0.0],[26.01354,44.986837,0.0],[26.013972,44.98699,0.0],[26.014339,44.987136,0.0],[26.014582,44.987265,0.0],[26.014799,44.987402,0.0],[26.014977,44.987545,0.0],[26.015143,44.987706,0.0],[26.015266,44.987856,0.0],[26.015374,44.988028,0.0],[26.015443,44.988179,0.0],[26.015506,44.988331,0.0],[26.015522,44.9884,0.0],[26.015538,44.988554,0.0],[26.015544,44.988732,0.0],[26.01553,44.988869,0.0],[26.015502,44.989006,0.0],[26.015459,44.989152,0.0],[26.015366,44.989361,0.0],[26.015232,44.989592,0.0],[26.01505,44.989856,0.0],[26.014887,44.990074,0.0],[26.014559,44.990483,0.0],[26.014041,44.991126,0.0],[26.01368,44.991577,0.0],[26.013442,44.991877,0.0],[26.013165,44.992228,0.0],[26.013064,44.992356,0.0],[26.012959,44.992511,0.0],[26.012873,44.992659,0.0],[26.012779,44.992859,0.0],[26.012714,44.993034,0.0],[26.012676,44.993165,0.0],[26.012649,44.993275,0.0],[26.01263,44.9934,0.0],[26.012615,44.993553,0.0],[26.012613,44.993663,0.0],[26.012622,44.993928,0.0],[26.012653,44.994121,0.0],[26.01269,44.99427,0.0],[26.01277,44.994487,0.0],[26.012873,44.994696,0.0],[26.01303,44.994953,0.0],[26.013204,44.995184,0.0],[26.013427,44.995416,0.0],[26.013724,44.995665,0.0],[26.014045,44.995875,0.0],[26.014617,44.996176,0.0],[26.015667,44.996709,0.0],[26.016097,44.99692,0.0],[26.016969,44.997321,0.0],[26.017258,44.997482,0.0],[26.017461,44.997611,0.0],[26.0176,44.997722,0.0],[26.017835,44.997928,0.0],[26.018031,44.998132,0.0],[26.018149,44.998304,0.0],[26.018245,44.99847,0.0],[26.018341,44.998655,0.0],[26.018407,44.998888,0.0],[26.018446,44.999166,0.0],[26.018461,44.999469,0.0],[26.018461,44.999812,0.0],[26.018459,45.000248,0.0],[26.018468,45.000754,0.0],[26.018468,45.001399,0.0],[26.018474,45.002285,0.0],[26.018455,45.002961,0.0],[26.018435,45.003122,0.0],[26.018385,45.00331,0.0],[26.018289,45.003521,0.0],[26.018118,45.003799,0.0],[26.017953,45.004038,0.0],[26.017743,45.004304,0.0],[26.017476,45.004653,0.0],[26.016858,45.005461,0.0],[26.015983,45.006615,0.0],[26.01558,45.007123,0.0],[26.015147,45.007682,0.0],[26.014904,45.008008,0.0],[26.014671,45.00831,0.0],[26.014533,45.008495,0.0],[26.014182,45.008957,0.0],[26.01392,45.0093,0.0],[26.013703,45.009586,0.0],[26.013585,45.009747,0.0],[26.013414,45.009985,0.0],[26.013282,45.010203,0.0],[26.013132,45.010501,0.0],[26.013033,45.010719,0.0],[26.012793,45.011218,0.0],[26.012595,45.011636,0.0],[26.012398,45.012048,0.0],[26.012345,45.012186,0.0],[26.012295,45.012329,0.0],[26.012281,45.012471,0.0],[26.012269,45.012604,0.0],[26.012262,45.012734,0.0],[26.01228,45.012909,0.0],[26.012393,45.013278,0.0],[26.012447,45.013431,0.0],[26.012576,45.013826,0.0],[26.012678,45.014081,0.0],[26.012822,45.014333,0.0],[26.012982,45.014543,0.0],[26.013124,45.014721,0.0],[26.013311,45.014913,0.0],[26.013556,45.015109,0.0],[26.013855,45.015343,0.0],[26.015411,45.016413,0.0],[26.01814,45.018327,0.0],[26.018282,45.018471,0.0],[26.018417,45.01863,0.0],[26.018535,45.018839,0.0],[26.018816,45.019537,0.0],[26.01906,45.020217,0.0],[26.019107,45.020373,0.0],[26.019146,45.020539,0.0],[26.019167,45.020755,0.0],[26.019187,45.020954,0.0],[26.019187,45.021326,0.0],[26.019141,45.02193,0.0],[26.018951,45.024358,0.0],[26.018864,45.025368,0.0],[26.018757,45.02641,0.0],[26.018411,45.029048,0.0],[26.018193,45.030741,0.0],[26.018131,45.031284,0.0],[26.01807,45.031606,0.0],[26.018002,45.031939,0.0],[26.01793,45.032226,0.0],[26.01784,45.032513,0.0],[26.017695,45.032946,0.0],[26.017474,45.033628,0.0],[26.017151,45.034604,0.0],[26.016887,45.035383,0.0],[26.016731,45.035849,0.0],[26.016676,45.036007,0.0],[26.016628,45.036218,0.0],[26.016602,45.036397,0.0],[26.016596,45.036592,0.0],[26.016627,45.036878,0.0],[26.016729,45.037259,0.0],[26.016909,45.037823,0.0],[26.017065,45.038325,0.0],[26.017305,45.039033,0.0],[26.017957,45.041031,0.0],[26.018042,45.041304,0.0],[26.018162,45.041722,0.0],[26.018292,45.042207,0.0],[26.01842,45.043044,0.0],[26.018459,45.043335,0.0],[26.018576,45.044204,0.0],[26.018712,45.045045,0.0],[26.018933,45.046846,0.0],[26.019098,45.048071,0.0],[26.01921,45.048973,0.0],[26.019322,45.049783,0.0],[26.019864,45.053481,0.0],[26.020021,45.054552,0.0],[26.020275,45.056336,0.0],[26.020356,45.056886,0.0],[26.020398,45.057217,0.0],[26.020478,45.057552,0.0],[26.020869,45.058575,0.0],[26.021477,45.060136,0.0],[26.022381,45.062382,0.0],[26.022939,45.063745,0.0],[26.023167,45.06426,0.0],[26.02347,45.064824,0.0],[26.023781,45.065356,0.0],[26.023981,45.065728,0.0],[26.024479,45.066576,0.0],[26.024921,45.067327,0.0],[26.025217,45.067835,0.0],[26.026316,45.069707,0.0],[26.027536,45.071843,0.0],[26.028473,45.073545,0.0],[26.029718,45.075839,0.0],[26.031363,45.078882,0.0],[26.032179,45.080362,0.0],[26.032957,45.081822,0.0],[26.033457,45.082759,0.0],[26.034277,45.084247,0.0],[26.035275,45.086092,0.0],[26.03624,45.087877,0.0],[26.036532,45.088434,0.0],[26.036697,45.088736,0.0],[26.036769,45.088898,0.0],[26.036801,45.089077,0.0],[26.036808,45.089899,0.0],[26.036793,45.091843,0.0],[26.036791,45.093825,0.0],[26.036811,45.094596,0.0],[26.036794,45.095849,0.0],[26.036788,45.096162,0.0],[26.036786,45.096775,0.0],[26.036793,45.097167,0.0],[26.036762,45.097498,0.0],[26.0367,45.097785,0.0],[26.03659,45.09819,0.0],[26.036433,45.098769,0.0],[26.036194,45.099806,0.0],[26.035787,45.101637,0.0],[26.035463,45.103203,0.0],[26.035413,45.103481,0.0],[26.035398,45.103742,0.0],[26.035392,45.104218,0.0],[26.03544,45.106289,0.0],[26.035468,45.107211,0.0],[26.035504,45.107593,0.0],[26.035581,45.107912,0.0],[26.035607,45.108178,0.0],[26.035603,45.10842,0.0],[26.035397,45.110475,0.0],[26.03538,45.110722,0.0],[26.035414,45.110989,0.0],[26.035543,45.111599,0.0],[26.035568,45.11182,0.0],[26.035547,45.112019,0.0],[26.035476,45.112196,0.0],[26.035348,45.112452,0.0],[26.03477,45.113542,0.0],[26.034284,45.114464,0.0],[26.034165,45.114692,0.0],[26.034105,45.114826,0.0],[26.034039,45.114999,0.0],[26.034006,45.115218,0.0],[26.033976,45.115579,0.0],[26.033852,45.117553,0.0],[26.033812,45.118345,0.0],[26.033818,45.118661,0.0],[26.033868,45.119563,0.0],[26.033939,45.120447,0.0],[26.033959,45.120636,0.0],[26.034006,45.120859,0.0],[26.03425,45.121563,0.0],[26.034996,45.12353,0.0],[26.035466,45.124789,0.0],[26.035606,45.125144,0.0],[26.035677,45.125386,0.0],[26.035705,45.125773,0.0],[26.035652,45.126063,0.0],[26.035497,45.1265,0.0],[26.035156,45.127366,0.0],[26.034781,45.128417,0.0],[26.034683,45.128638,0.0],[26.034566,45.128839,0.0],[26.034416,45.129034,0.0],[26.034209,45.129237,0.0],[26.03397,45.129442,0.0],[26.033697,45.129632,0.0],[26.0327,45.130222,0.0],[26.030667,45.131433,0.0],[26.030353,45.131623,0.0],[26.030134,45.131777,0.0],[26.029983,45.13191,0.0],[26.029865,45.13205,0.0],[26.029789,45.132198,0.0],[26.029746,45.132356,0.0],[26.029718,45.132575,0.0],[26.029757,45.132797,0.0],[26.029877,45.133021,0.0],[26.030121,45.13341,0.0],[26.030328,45.13372,0.0],[26.030993,45.134747,0.0],[26.031097,45.13494,0.0],[26.031161,45.135098,0.0],[26.03118,45.135241,0.0],[26.031178,45.135365,0.0],[26.031137,45.135663,0.0],[26.030901,45.136477,0.0],[26.030759,45.137041,0.0],[26.030486,45.138072,0.0],[26.030143,45.139321,0.0],[26.029765,45.140863,0.0],[26.029416,45.142203,0.0],[26.028945,45.143925,0.0],[26.028816,45.144429,0.0],[26.028509,45.14566,0.0],[26.028442,45.145928,0.0],[26.028434,45.146318,0.0],[26.028645,45.150153,0.0],[26.028722,45.151378,0.0],[26.028964,45.152707,0.0],[26.029292,45.154478,0.0],[26.029597,45.156214,0.0],[26.02983,45.157462,0.0],[26.029956,45.158143,0.0],[26.030118,45.158963,0.0],[26.030203,45.159492,0.0],[26.030438,45.160767,0.0],[26.030542,45.161379,0.0],[26.030636,45.161933,0.0],[26.030883,45.163298,0.0],[26.03105,45.164188,0.0],[26.03132,45.165139,0.0],[26.031531,45.165836,0.0],[26.031788,45.166686,0.0],[26.032612,45.169513,0.0],[26.033244,45.171674,0.0],[26.03377,45.173497,0.0],[26.034401,45.175601,0.0],[26.034662,45.176479,0.0],[26.035064,45.177477,0.0],[26.035657,45.17898,0.0],[26.035741,45.179374,0.0],[26.036052,45.179845,0.0],[26.036601,45.181076,0.0],[26.03701,45.181941,0.0],[26.037654,45.183331,0.0],[26.038136,45.184449,0.0],[26.038469,45.185,0.0],[26.03863,45.185223,0.0],[26.038816,45.185491,0.0],[26.038959,45.185687,0.0],[26.039098,45.185873,0.0],[26.039224,45.185999,0.0],[26.039465,45.186162,0.0],[26.039659,45.186282,0.0],[26.040011,45.186469,0.0],[26.040328,45.186664,0.0],[26.040423,45.186731,0.0],[26.040527,45.18683,0.0],[26.040668,45.186995,0.0],[26.04078,45.187123,0.0],[26.040927,45.187291,0.0],[26.04115,45.187544,0.0],[26.041295,45.187716,0.0],[26.041483,45.18795,0.0],[26.041661,45.188199,0.0],[26.041776,45.188419,0.0],[26.041883,45.188661,0.0],[26.042011,45.188818,0.0],[26.042146,45.188937,0.0],[26.042774,45.189443,0.0],[26.042835,45.189518,0.0],[26.042887,45.189595,0.0],[26.042908,45.189702,0.0],[26.042891,45.189894,0.0],[26.042836,45.190335,0.0],[26.042811,45.19057,0.0],[26.042814,45.190763,0.0],[26.042919,45.191378,0.0],[26.042978,45.191868,0.0],[26.04297,45.192138,0.0],[26.042903,45.19255,0.0],[26.042797,45.193015,0.0],[26.042732,45.193329,0.0],[26.042702,45.193553,0.0],[26.042707,45.193863,0.0],[26.042792,45.194308,0.0],[26.043191,45.196348,0.0],[26.04353,45.198197,0.0],[26.043654,45.19882,0.0],[26.043771,45.199447,0.0],[26.043816,45.199843,0.0],[26.043792,45.199983,0.0],[26.043784,45.200046,0.0],[26.04376,45.200152,0.0],[26.043712,45.20033,0.0],[26.043226,45.202258,0.0],[26.04293,45.203352,0.0],[26.042903,45.203512,0.0],[26.042881,45.203741,0.0],[26.042931,45.204615,0.0],[26.042937,45.204917,0.0],[26.042904,45.205115,0.0],[26.042829,45.205277,0.0],[26.042635,45.205633,0.0],[26.04235,45.206135,0.0],[26.041607,45.207381,0.0],[26.03963,45.210824,0.0],[26.038854,45.212174,0.0],[26.038028,45.213597,0.0],[26.037212,45.215015,0.0],[26.035826,45.217401,0.0],[26.033949,45.220653,0.0],[26.032344,45.223418,0.0],[26.031603,45.224711,0.0],[26.030099,45.227275,0.0],[26.030013,45.22746,0.0],[26.029964,45.227679,0.0],[26.029964,45.227914,0.0],[26.030015,45.228132,0.0],[26.0301,45.228349,0.0],[26.030214,45.228578,0.0],[26.030314,45.228787,0.0],[26.030393,45.228986,0.0],[26.030447,45.229238,0.0],[26.03048,45.229466,0.0],[26.030452,45.229706,0.0],[26.030183,45.230902,0.0],[26.029684,45.233087,0.0],[26.029236,45.234975,0.0],[26.028804,45.236818,0.0],[26.028447,45.238361,0.0],[26.02839,45.238598,0.0],[26.028326,45.238859,0.0],[26.028223,45.2393,0.0],[26.028062,45.239997,0.0],[26.02774,45.241343,0.0],[26.02763,45.241768,0.0],[26.027527,45.242012,0.0],[26.027349,45.242301,0.0],[26.027122,45.242584,0.0],[26.026247,45.243709,0.0],[26.025502,45.244648,0.0],[26.024759,45.245586,0.0],[26.02397,45.246611,0.0],[26.023785,45.246845,0.0],[26.023636,45.247048,0.0],[26.023557,45.247239,0.0],[26.023526,45.247451,0.0],[26.023547,45.24764,0.0],[26.023634,45.247971,0.0],[26.023735,45.248316,0.0],[26.02385,45.24867,0.0],[26.023988,45.249003,0.0],[26.024166,45.249223,0.0],[26.024789,45.249657,0.0],[26.024873,45.249712,0.0],[26.024996,45.249817,0.0],[26.025044,45.249881,0.0],[26.025096,45.249988,0.0],[26.025133,45.25009,0.0],[26.025131,45.250172,0.0],[26.025086,45.250274,0.0],[26.025007,45.25038,0.0],[26.024822,45.250536,0.0],[26.024733,45.250636,0.0],[26.024694,45.250753,0.0],[26.024686,45.250982,0.0],[26.024742,45.251516,0.0],[26.024889,45.252152,0.0],[26.024913,45.252362,0.0],[26.024888,45.252581,0.0],[26.024834,45.252806,0.0],[26.024743,45.253131,0.0],[26.024668,45.25342,0.0],[26.024578,45.253765,0.0],[26.024523,45.253898,0.0],[26.02447,45.253975,0.0],[26.024345,45.254097,0.0],[26.024146,45.254244,0.0],[26.022904,45.255,0.0],[26.022017,45.255526,0.0],[26.019366,45.257135,0.0],[26.019215,45.257242,0.0],[26.019003,45.257404,0.0],[26.01877,45.257626,0.0],[26.018118,45.258374,0.0],[26.018071,45.258496,0.0],[26.01806,45.258629,0.0],[26.018058,45.259003,0.0],[26.01804,45.259101,0.0],[26.017974,45.259242,0.0],[26.01755,45.259787,0.0],[26.017382,45.260122,0.0],[26.017219,45.260459,0.0],[26.017149,45.260601,0.0],[26.017036,45.260744,0.0],[26.01689,45.260877,0.0],[26.016675,45.261036,0.0],[26.016383,45.26123,0.0],[26.016004,45.261482,0.0],[26.015783,45.261656,0.0],[26.015558,45.261895,0.0],[26.015063,45.262586,0.0],[26.014952,45.26277,0.0],[26.014848,45.262962,0.0],[26.014616,45.263738,0.0],[26.014325,45.264863,0.0],[26.014154,45.265491,0.0],[26.014124,45.265743,0.0],[26.014135,45.266038,0.0],[26.014157,45.26619,0.0],[26.014209,45.26636,0.0],[26.014305,45.266528,0.0],[26.014516,45.266739,0.0],[26.014792,45.266958,0.0],[26.014945,45.267102,0.0],[26.01504,45.267206,0.0],[26.015077,45.267311,0.0],[26.015095,45.267441,0.0],[26.015065,45.26761,0.0],[26.014902,45.268218,0.0],[26.014896,45.268353,0.0],[26.014913,45.26856,0.0],[26.014933,45.268694,0.0],[26.014998,45.268829,0.0],[26.015138,45.269056,0.0],[26.015367,45.269273,0.0],[26.01556,45.26942,0.0],[26.015858,45.269652,0.0],[26.016031,45.269807,0.0],[26.01613,45.269923,0.0],[26.016174,45.270009,0.0],[26.01618,45.27013,0.0],[26.016069,45.270485,0.0],[26.016018,45.270712,0.0],[26.015988,45.271132,0.0],[26.01599,45.271436,0.0],[26.016042,45.271786,0.0],[26.016143,45.272066,0.0],[26.016233,45.272185,0.0],[26.016339,45.272277,0.0],[26.016474,45.272331,0.0],[26.016635,45.27236,0.0],[26.016821,45.272349,0.0],[26.017072,45.27234,0.0],[26.017178,45.272383,0.0],[26.017223,45.272427,0.0],[26.017235,45.272469,0.0],[26.017227,45.272532,0.0],[26.017158,45.272582,0.0],[26.017046,45.272612,0.0],[26.016864,45.272622,0.0],[26.016701,45.272627,0.0],[26.016547,45.272621,0.0],[26.016363,45.272599,0.0],[26.016166,45.272555,0.0],[26.015839,45.272433,0.0],[26.015707,45.272394,0.0],[26.015549,45.272393,0.0],[26.015439,45.27242,0.0],[26.015345,45.272497,0.0],[26.01528,45.272579,0.0],[26.015231,45.272679,0.0],[26.015179,45.272752,0.0],[26.015109,45.272819,0.0],[26.015004,45.272863,0.0],[26.014911,45.272885,0.0],[26.014666,45.272897,0.0],[26.014363,45.272888,0.0],[26.014116,45.272911,0.0],[26.013918,45.272962,0.0],[26.013774,45.273032,0.0],[26.013611,45.273123,0.0],[26.013469,45.273237,0.0],[26.013359,45.273342,0.0],[26.013238,45.273478,0.0],[26.012659,45.274172,0.0],[26.012351,45.27456,0.0],[26.012266,45.274642,0.0],[26.012173,45.274693,0.0],[26.012063,45.274732,0.0],[26.011761,45.274815,0.0],[26.011514,45.27486,0.0],[26.011355,45.274901,0.0],[26.011317,45.274981,0.0],[26.011334,45.275065,0.0],[26.011408,45.275129,0.0],[26.01156,45.275127,0.0],[26.011688,45.275094,0.0],[26.011906,45.275038,0.0],[26.012001,45.275037,0.0],[26.012078,45.275065,0.0],[26.012114,45.2751,0.0],[26.012142,45.275145,0.0],[26.012133,45.275202,0.0],[26.012081,45.275263,0.0],[26.011982,45.275302,0.0],[26.011878,45.275332,0.0],[26.01169,45.275364,0.0],[26.011387,45.275414,0.0],[26.011243,45.275446,0.0],[26.011105,45.27549,0.0],[26.011004,45.275554,0.0],[26.010953,45.275631,0.0],[26.010952,45.275734,0.0],[26.010988,45.275818,0.0],[26.011098,45.275897,0.0],[26.01124,45.275958,0.0],[26.011497,45.276003,0.0],[26.011876,45.276061,0.0],[26.012112,45.276101,0.0],[26.012241,45.276104,0.0],[26.012388,45.276102,0.0],[26.01257,45.276073,0.0],[26.012749,45.276022,0.0],[26.012905,45.275956,0.0],[26.013034,45.275872,0.0],[26.013171,45.275786,0.0],[26.013294,45.275703,0.0],[26.013415,45.275655,0.0],[26.013578,45.275617,0.0],[26.01374,45.275603,0.0],[26.013873,45.275613,0.0],[26.013978,45.275645,0.0],[26.014073,45.275685,0.0],[26.014135,45.275767,0.0],[26.01415,45.275847,0.0],[26.014136,45.275943,0.0],[26.014055,45.276049,0.0],[26.013979,45.276148,0.0],[26.013547,45.276593,0.0],[26.013474,45.276655,0.0],[26.013359,45.27671,0.0],[26.013206,45.276765,0.0],[26.013022,45.276791,0.0],[26.012814,45.276802,0.0],[26.012504,45.276793,0.0],[26.012215,45.276818,0.0],[26.011927,45.276908,0.0],[26.011652,45.277054,0.0],[26.011507,45.277186,0.0],[26.011233,45.277469,0.0],[26.011147,45.27754,0.0],[26.011044,45.277612,0.0],[26.010889,45.277685,0.0],[26.010551,45.277773,0.0],[26.00973,45.27802,0.0],[26.009564,45.278083,0.0],[26.009454,45.278137,0.0],[26.009368,45.278194,0.0],[26.009335,45.278279,0.0],[26.009331,45.278379,0.0],[26.009394,45.278616,0.0],[26.009479,45.278893,0.0],[26.009556,45.279157,0.0],[26.009627,45.279427,0.0],[26.009664,45.279622,0.0],[26.009669,45.279768,0.0],[26.009641,45.279911,0.0],[26.009598,45.28,0.0],[26.009544,45.280116,0.0],[26.009211,45.280757,0.0],[26.009123,45.280893,0.0],[26.009024,45.281022,0.0],[26.008869,45.281237,0.0],[26.00862,45.28159,0.0],[26.008349,45.282013,0.0],[26.007684,45.283126,0.0],[26.007244,45.283926,0.0],[26.006714,45.284991,0.0],[26.006459,45.285491,0.0],[26.006394,45.285584,0.0],[26.006323,45.285675,0.0],[26.006222,45.285778,0.0],[26.00595,45.286029,0.0],[26.005755,45.286206,0.0],[26.005641,45.286307,0.0],[26.005512,45.286396,0.0],[26.005341,45.286487,0.0],[26.00478,45.286756,0.0],[26.00461,45.286839,0.0],[26.00447,45.286931,0.0],[26.004324,45.287086,0.0],[26.004074,45.287434,0.0],[26.003969,45.287575,0.0],[26.003881,45.287683,0.0],[26.003781,45.287752,0.0],[26.00366,45.287801,0.0],[26.003514,45.287827,0.0],[26.003195,45.287854,0.0],[26.002382,45.287871,0.0],[26.001981,45.287892,0.0],[26.001733,45.287933,0.0],[26.001492,45.287988,0.0],[26.00106,45.288124,0.0],[26.000865,45.2882,0.0],[26.000636,45.288306,0.0],[26.000467,45.288385,0.0],[26.000309,45.288477,0.0],[26.000146,45.288594,0.0],[26.000062,45.288682,0.0],[26.000011,45.28876,0.0],[25.999981,45.288882,0.0],[25.999994,45.289014,0.0],[26.000058,45.289142,0.0],[26.000153,45.289257,0.0],[26.000282,45.28937,0.0],[26.00043,45.289469,0.0],[26.000484,45.289561,0.0],[26.000508,45.289769,0.0],[26.000487,45.289907,0.0],[26.000429,45.290042,0.0],[26.000333,45.29015,0.0],[26.000218,45.290237,0.0],[25.999931,45.290432,0.0],[25.9997,45.290602,0.0],[25.999636,45.290657,0.0],[25.999491,45.290807,0.0],[25.999385,45.290971,0.0],[25.999318,45.291137,0.0],[25.99928,45.291321,0.0],[25.99925,45.291755,0.0],[25.999247,45.292096,0.0],[25.999239,45.292725,0.0],[25.999229,45.292938,0.0],[25.999253,45.293074,0.0],[25.999333,45.293191,0.0],[25.999485,45.293287,0.0],[25.999713,45.293421,0.0],[25.999796,45.293502,0.0],[25.999871,45.293631,0.0],[26.000145,45.294161,0.0],[26.000184,45.294308,0.0],[26.000213,45.294507,0.0],[26.000212,45.294713,0.0],[26.000221,45.295201,0.0],[26.000225,45.295487,0.0],[26.000217,45.295793,0.0],[26.000166,45.296255,0.0],[26.000138,45.296432,0.0],[26.000084,45.296603,0.0],[25.999983,45.296841,0.0],[25.999808,45.297138,0.0],[25.999398,45.297878,0.0],[25.999243,45.298193,0.0],[25.998956,45.298805,0.0],[25.998706,45.299342,0.0],[25.998269,45.300217,0.0],[25.997592,45.30148,0.0],[25.997468,45.301658,0.0],[25.997284,45.30188,0.0],[25.996961,45.302233,0.0],[25.995701,45.303623,0.0],[25.995188,45.30419,0.0],[25.994284,45.305177,0.0],[25.993383,45.306162,0.0],[25.992408,45.307228,0.0],[25.992225,45.307443,0.0],[25.992112,45.307605,0.0],[25.992054,45.307736,0.0],[25.991994,45.307958,0.0],[25.991918,45.308452,0.0],[25.991871,45.30863,0.0],[25.991807,45.308807,0.0],[25.991692,45.309059,0.0],[25.991537,45.309259,0.0],[25.99134,45.309495,0.0],[25.990897,45.309957,0.0],[25.990382,45.310552,0.0],[25.990274,45.310725,0.0],[25.990199,45.310886,0.0],[25.990086,45.311129,0.0],[25.989977,45.311338,0.0],[25.989879,45.311466,0.0],[25.989729,45.3116,0.0],[25.98956,45.311716,0.0],[25.989464,45.311807,0.0],[25.989409,45.311899,0.0],[25.98941,45.311985,0.0],[25.989457,45.312102,0.0],[25.989568,45.312266,0.0],[25.989702,45.312432,0.0],[25.989811,45.31257,0.0],[25.98984,45.312657,0.0],[25.989849,45.312737,0.0],[25.989817,45.312811,0.0],[25.989723,45.312949,0.0],[25.988952,45.31389,0.0],[25.988505,45.314544,0.0],[25.988112,45.315156,0.0],[25.987648,45.315889,0.0],[25.987016,45.316898,0.0],[25.986432,45.317836,0.0],[25.986342,45.317999,0.0],[25.986207,45.31829,0.0],[25.985553,45.319772,0.0],[25.984641,45.321847,0.0],[25.983777,45.323811,0.0],[25.983642,45.324064,0.0],[25.983504,45.324291,0.0],[25.982791,45.325204,0.0],[25.98269,45.325333,0.0],[25.982627,45.32539,0.0],[25.982527,45.325469,0.0],[25.982408,45.325545,0.0],[25.982249,45.325619,0.0],[25.982084,45.325677,0.0],[25.981914,45.325736,0.0],[25.98171,45.325789,0.0],[25.981528,45.325817,0.0],[25.98133,45.325821,0.0],[25.980982,45.325816,0.0],[25.980877,45.325832,0.0],[25.980784,45.325871,0.0],[25.980739,45.325943,0.0],[25.980727,45.326032,0.0],[25.980765,45.326159,0.0],[25.980833,45.326275,0.0],[25.980887,45.326357,0.0],[25.980898,45.326419,0.0],[25.98089,45.326506,0.0],[25.98085,45.32662,0.0],[25.98078,45.326737,0.0],[25.980262,45.327378,0.0],[25.980157,45.327491,0.0],[25.980076,45.327565,0.0],[25.979967,45.327642,0.0],[25.979816,45.327733,0.0],[25.978558,45.328395,0.0],[25.978388,45.328495,0.0],[25.978253,45.328585,0.0],[25.978137,45.328677,0.0],[25.977719,45.329057,0.0],[25.977607,45.329149,0.0],[25.977445,45.329252,0.0],[25.97729,45.329341,0.0],[25.977071,45.329453,0.0],[25.976886,45.329526,0.0],[25.976657,45.329595,0.0],[25.976399,45.329648,0.0],[25.976159,45.329675,0.0],[25.975898,45.329674,0.0],[25.975685,45.329671,0.0],[25.975497,45.329668,0.0],[25.975322,45.329691,0.0],[25.97515,45.329753,0.0],[25.975016,45.329846,0.0],[25.974774,45.330054,0.0],[25.974663,45.33014,0.0],[25.974486,45.330238,0.0],[25.974243,45.330333,0.0],[25.973817,45.330488,0.0],[25.973589,45.330555,0.0],[25.973367,45.330598,0.0],[25.97304,45.330625,0.0],[25.971887,45.330648,0.0],[25.971437,45.330653,0.0],[25.971145,45.330679,0.0],[25.970933,45.330714,0.0],[25.970715,45.330768,0.0],[25.970558,45.330839,0.0],[25.97028,45.330998,0.0],[25.969813,45.331319,0.0],[25.969588,45.331488,0.0],[25.96941,45.331667,0.0],[25.96925,45.331861,0.0],[25.969086,45.332099,0.0],[25.969001,45.332209,0.0],[25.968854,45.332339,0.0],[25.968639,45.332453,0.0],[25.967883,45.332825,0.0],[25.96768,45.33292,0.0],[25.967465,45.332983,0.0],[25.966737,45.333159,0.0],[25.966521,45.33322,0.0],[25.966371,45.333293,0.0],[25.966291,45.333364,0.0],[25.966288,45.33345,0.0],[25.966339,45.333537,0.0],[25.966425,45.3336,0.0],[25.966557,45.33364,0.0],[25.966685,45.333625,0.0],[25.96695,45.333537,0.0],[25.967273,45.33341,0.0],[25.967541,45.333318,0.0],[25.967843,45.333206,0.0],[25.967979,45.333181,0.0],[25.968097,45.333188,0.0],[25.968202,45.33323,0.0],[25.96826,45.333272,0.0],[25.968276,45.33332,0.0],[25.968256,45.333376,0.0],[25.968224,45.33345,0.0],[25.968147,45.333509,0.0],[25.968043,45.333567,0.0],[25.967774,45.333645,0.0],[25.96748,45.333716,0.0],[25.967337,45.333773,0.0],[25.967259,45.333839,0.0],[25.967192,45.333925,0.0],[25.967147,45.334029,0.0],[25.967118,45.334142,0.0],[25.967077,45.334398,0.0],[25.967047,45.334486,0.0],[25.966985,45.334581,0.0],[25.966903,45.334675,0.0],[25.966813,45.334747,0.0],[25.966649,45.334856,0.0],[25.966429,45.334988,0.0],[25.966265,45.335066,0.0],[25.966074,45.335131,0.0],[25.965704,45.335225,0.0],[25.965374,45.335313,0.0],[25.964961,45.335465,0.0],[25.964583,45.335611,0.0],[25.964283,45.335746,0.0],[25.963828,45.335983,0.0],[25.963478,45.336199,0.0],[25.963339,45.336283,0.0],[25.96321,45.336411,0.0],[25.963125,45.336529,0.0],[25.962946,45.336837,0.0],[25.962886,45.336966,0.0],[25.962796,45.337075,0.0],[25.962697,45.337184,0.0],[25.9626,45.337251,0.0],[25.962491,45.337318,0.0],[25.962375,45.337371,0.0],[25.962253,45.337422,0.0],[25.961937,45.337481,0.0],[25.961535,45.337511,0.0],[25.961289,45.337545,0.0],[25.960998,45.33763,0.0],[25.960717,45.337753,0.0],[25.960528,45.337855,0.0],[25.960392,45.337929,0.0],[25.960194,45.338056,0.0],[25.96,45.338192,0.0],[25.959766,45.338341,0.0],[25.95923,45.338614,0.0],[25.958147,45.339204,0.0],[25.957832,45.339351,0.0],[25.957578,45.33945,0.0],[25.957356,45.339518,0.0],[25.957125,45.339577,0.0],[25.956943,45.339625,0.0],[25.9568,45.339683,0.0],[25.956675,45.339772,0.0],[25.956568,45.339925,0.0],[25.956474,45.340102,0.0],[25.956373,45.340305,0.0],[25.956295,45.340543,0.0],[25.956253,45.340633,0.0],[25.956143,45.340764,0.0],[25.956071,45.34083,0.0],[25.955976,45.340888,0.0],[25.955769,45.340973,0.0],[25.955548,45.34103,0.0],[25.955387,45.341054,0.0],[25.955193,45.341058,0.0],[25.9549,45.341068,0.0],[25.954725,45.341094,0.0],[25.954583,45.341149,0.0],[25.954422,45.341227,0.0],[25.953669,45.341759,0.0],[25.953416,45.341933,0.0],[25.953122,45.342138,0.0],[25.952641,45.342392,0.0],[25.952341,45.342555,0.0],[25.951445,45.343142,0.0],[25.950468,45.343642,0.0],[25.950034,45.343841,0.0],[25.949769,45.343982,0.0],[25.949531,45.344148,0.0],[25.948948,45.344665,0.0],[25.948836,45.344749,0.0],[25.948721,45.344804,0.0],[25.9486,45.344845,0.0],[25.948434,45.344896,0.0],[25.948215,45.344946,0.0],[25.948092,45.344979,0.0],[25.947999,45.345022,0.0],[25.947907,45.34513,0.0],[25.947878,45.345246,0.0],[25.947873,45.345347,0.0],[25.947885,45.345551,0.0],[25.947893,45.346461,0.0],[25.947849,45.346663,0.0],[25.947767,45.346903,0.0],[25.947699,45.347032,0.0],[25.947599,45.347178,0.0],[25.947561,45.347322,0.0],[25.947576,45.347459,0.0],[25.947645,45.347644,0.0],[25.948081,45.348468,0.0],[25.948159,45.348705,0.0],[25.94814,45.348838,0.0],[25.948069,45.348895,0.0],[25.947968,45.348935,0.0],[25.947837,45.348945,0.0],[25.947729,45.348945,0.0],[25.947607,45.34894,0.0],[25.947381,45.348884,0.0],[25.946995,45.348652,0.0],[25.946683,45.348438,0.0],[25.946522,45.348315,0.0],[25.946388,45.348253,0.0],[25.946294,45.348242,0.0],[25.946202,45.348278,0.0],[25.94614,45.348345,0.0],[25.946146,45.348461,0.0],[25.946181,45.348552,0.0],[25.946439,45.349014,0.0],[25.946575,45.349209,0.0],[25.946788,45.34939,0.0],[25.947761,45.350176,0.0],[25.94798,45.350325,0.0],[25.948129,45.350435,0.0],[25.948213,45.350542,0.0],[25.948238,45.350649,0.0],[25.948217,45.350742,0.0],[25.948162,45.350844,0.0],[25.948022,45.350973,0.0],[25.947091,45.351682,0.0],[25.946391,45.352225,0.0],[25.945403,45.352993,0.0],[25.944112,45.353979,0.0],[25.943796,45.354226,0.0],[25.943353,45.354554,0.0],[25.94311,45.354691,0.0],[25.942821,45.354833,0.0],[25.942482,45.355011,0.0],[25.942343,45.35513,0.0],[25.942274,45.355238,0.0],[25.942208,45.35542,0.0],[25.942194,45.355641,0.0],[25.942253,45.355793,0.0],[25.942305,45.35591,0.0],[25.942415,45.356154,0.0],[25.94253,45.356301,0.0],[25.942818,45.356614,0.0],[25.942929,45.356773,0.0],[25.942961,45.356868,0.0],[25.942978,45.357115,0.0],[25.942945,45.357249,0.0],[25.942841,45.357355,0.0],[25.942699,45.357469,0.0],[25.942471,45.357546,0.0],[25.942148,45.357627,0.0],[25.941795,45.357735,0.0],[25.941582,45.35785,0.0],[25.941422,45.357997,0.0],[25.941273,45.358149,0.0],[25.941168,45.358296,0.0],[25.941093,45.358431,0.0],[25.941057,45.358526,0.0],[25.941064,45.358678,0.0],[25.941117,45.358923,0.0],[25.941175,45.359175,0.0],[25.941247,45.359288,0.0],[25.941404,45.359444,0.0],[25.941548,45.35958,0.0],[25.941617,45.359658,0.0],[25.941652,45.359765,0.0],[25.941659,45.359868,0.0],[25.941626,45.359966,0.0],[25.941402,45.360194,0.0],[25.941192,45.36037,0.0],[25.940982,45.360604,0.0],[25.940521,45.361181,0.0],[25.94041,45.361294,0.0],[25.940343,45.361368,0.0],[25.94021,45.361465,0.0],[25.939974,45.361587,0.0],[25.939673,45.361747,0.0],[25.939398,45.361889,0.0],[25.939116,45.362017,0.0],[25.938761,45.362224,0.0],[25.938368,45.362486,0.0],[25.937652,45.362911,0.0],[25.937163,45.363171,0.0],[25.936898,45.363296,0.0],[25.936641,45.363393,0.0],[25.936383,45.363468,0.0],[25.936139,45.363523,0.0],[25.935872,45.363559,0.0],[25.935659,45.363581,0.0],[25.93547,45.363595,0.0],[25.935217,45.363602,0.0],[25.934858,45.363565,0.0],[25.934453,45.363442,0.0],[25.934206,45.363388,0.0],[25.933807,45.363373,0.0],[25.933522,45.363352,0.0],[25.933333,45.363314,0.0],[25.932987,45.363225,0.0],[25.932725,45.363194,0.0],[25.932481,45.363216,0.0],[25.932267,45.363284,0.0],[25.932067,45.363438,0.0],[25.931301,45.364129,0.0],[25.931089,45.364317,0.0],[25.930967,45.364444,0.0],[25.930865,45.364588,0.0],[25.930797,45.364757,0.0],[25.930757,45.364979,0.0],[25.93076,45.365378,0.0],[25.930802,45.365729,0.0],[25.930829,45.365964,0.0],[25.930848,45.366207,0.0],[25.930862,45.366557,0.0],[25.930861,45.366698,0.0],[25.930835,45.366815,0.0],[25.9308,45.366908,0.0],[25.930717,45.367056,0.0],[25.930614,45.367182,0.0],[25.93044,45.367364,0.0],[25.930191,45.367598,0.0],[25.929883,45.367881,0.0],[25.929649,45.368116,0.0],[25.929418,45.368375,0.0],[25.929338,45.368539,0.0],[25.929325,45.368729,0.0],[25.92936,45.368979,0.0],[25.929451,45.369176,0.0],[25.929632,45.36938,0.0],[25.929892,45.369594,0.0],[25.930145,45.369783,0.0],[25.930345,45.369956,0.0],[25.93053,45.370141,0.0],[25.930656,45.370298,0.0],[25.930691,45.370409,0.0],[25.93069,45.370561,0.0],[25.930659,45.370686,0.0],[25.930591,45.37085,0.0],[25.930485,45.371102,0.0],[25.930251,45.371614,0.0],[25.929983,45.372193,0.0],[25.929917,45.372334,0.0],[25.929871,45.372471,0.0],[25.92984,45.372602,0.0],[25.929826,45.372831,0.0],[25.929784,45.37318,0.0],[25.92976,45.373268,0.0],[25.929705,45.37337,0.0],[25.929528,45.373602,0.0],[25.929461,45.373703,0.0],[25.929403,45.373923,0.0],[25.929452,45.374452,0.0],[25.929455,45.374632,0.0],[25.929403,45.374761,0.0],[25.929342,45.374843,0.0],[25.929235,45.37498,0.0],[25.929047,45.375263,0.0],[25.928933,45.375458,0.0],[25.928899,45.375586,0.0],[25.928925,45.375832,0.0],[25.928957,45.376042,0.0],[25.929021,45.376303,0.0],[25.929109,45.376488,0.0],[25.929304,45.376796,0.0],[25.929508,45.377051,0.0],[25.929895,45.37758,0.0],[25.930087,45.37785,0.0],[25.930173,45.378008,0.0],[25.930209,45.378115,0.0],[25.930229,45.378205,0.0],[25.930212,45.378301,0.0],[25.930095,45.378502,0.0],[25.929745,45.378855,0.0],[25.929558,45.378999,0.0],[25.929425,45.379086,0.0],[25.929348,45.379145,0.0],[25.929245,45.379231,0.0],[25.929179,45.379345,0.0],[25.929129,45.379461,0.0],[25.929097,45.379576,0.0],[25.929089,45.379724,0.0],[25.929205,45.380023,0.0],[25.929376,45.38035,0.0],[25.929472,45.380481,0.0],[25.929586,45.380646,0.0],[25.929693,45.380825,0.0],[25.929751,45.380996,0.0],[25.929791,45.381123,0.0],[25.929788,45.381231,0.0],[25.929773,45.381328,0.0],[25.929665,45.381477,0.0],[25.92952,45.381583,0.0],[25.929338,45.381678,0.0],[25.9291,45.381783,0.0],[25.92887,45.38186,0.0],[25.928671,45.381917,0.0],[25.928474,45.381974,0.0],[25.928266,45.382055,0.0],[25.928166,45.382143,0.0],[25.928111,45.382245,0.0],[25.928147,45.382372,0.0],[25.928281,45.382582,0.0],[25.928446,45.382818,0.0],[25.928638,45.38294,0.0],[25.9288,45.382992,0.0],[25.929146,45.383095,0.0],[25.929364,45.383206,0.0],[25.929434,45.383265,0.0],[25.929559,45.383384,0.0],[25.929612,45.383518,0.0],[25.929578,45.383766,0.0],[25.929518,45.383933,0.0],[25.929401,45.384331,0.0],[25.929384,45.38455,0.0],[25.929396,45.384726,0.0],[25.929405,45.385099,0.0],[25.929452,45.38599,0.0],[25.929457,45.386358,0.0],[25.92947,45.38685,0.0],[25.929431,45.387114,0.0],[25.929357,45.387381,0.0],[25.929271,45.38763,0.0],[25.929247,45.387768,0.0],[25.929259,45.387893,0.0],[25.929317,45.38807,0.0],[25.929461,45.388345,0.0],[25.929615,45.388584,0.0],[25.929743,45.388736,0.0],[25.929956,45.388893,0.0],[25.9305,45.389193,0.0],[25.930602,45.389266,0.0],[25.930724,45.389381,0.0],[25.930802,45.389531,0.0],[25.930831,45.389636,0.0],[25.930839,45.389785,0.0],[25.930716,45.390796,0.0],[25.930655,45.391268,0.0],[25.930674,45.39153,0.0],[25.930755,45.391746,0.0],[25.930865,45.391949,0.0],[25.93097,45.392119,0.0],[25.931717,45.393202,0.0],[25.931919,45.393538,0.0],[25.932098,45.393962,0.0],[25.93218,45.394227,0.0],[25.932194,45.394376,0.0],[25.93218,45.394488,0.0],[25.932124,45.394685,0.0],[25.932115,45.394812,0.0],[25.932144,45.394992,0.0],[25.932363,45.395422,0.0],[25.932484,45.395686,0.0],[25.932565,45.395998,0.0],[25.932615,45.396488,0.0],[25.932676,45.397148,0.0],[25.932645,45.397674,0.0],[25.932601,45.398077,0.0],[25.932589,45.398321,0.0],[25.932602,45.39848,0.0],[25.932631,45.398641,0.0],[25.932691,45.398781,0.0],[25.932746,45.398942,0.0],[25.932821,45.39916,0.0],[25.932886,45.399361,0.0],[25.932865,45.399542,0.0],[25.93283,45.39969,0.0],[25.932743,45.399941,0.0],[25.932706,45.400074,0.0],[25.932689,45.400262,0.0],[25.932713,45.400459,0.0],[25.932793,45.400672,0.0],[25.933036,45.400988,0.0],[25.933332,45.401339,0.0],[25.93355,45.401647,0.0],[25.933853,45.402267,0.0],[25.934664,45.403819,0.0],[25.934768,45.404007,0.0],[25.934915,45.404211,0.0],[25.935118,45.404463,0.0],[25.935537,45.404969,0.0],[25.93572,45.405155,0.0],[25.935987,45.405374,0.0],[25.936349,45.405604,0.0],[25.936533,45.405724,0.0],[25.936631,45.405804,0.0],[25.93724,45.406626,0.0],[25.937505,45.406916,0.0],[25.937971,45.407341,0.0],[25.93818,45.407565,0.0],[25.93837,45.407818,0.0],[25.938596,45.408134,0.0],[25.938722,45.40828,0.0],[25.938929,45.408451,0.0],[25.939128,45.408598,0.0],[25.939384,45.40874,0.0],[25.939734,45.408905,0.0],[25.939958,45.409022,0.0],[25.940121,45.40911,0.0],[25.940227,45.409207,0.0],[25.940285,45.409317,0.0],[25.940346,45.409478,0.0],[25.940372,45.409729,0.0],[25.940405,45.409899,0.0],[25.94047,45.410061,0.0],[25.940622,45.410221,0.0],[25.940848,45.410338,0.0],[25.941391,45.41059,0.0],[25.941662,45.410707,0.0],[25.941868,45.410845,0.0],[25.942081,45.411006,0.0],[25.942339,45.411237,0.0],[25.942452,45.411346,0.0],[25.942529,45.411419,0.0],[25.942625,45.411519,0.0],[25.942669,45.411646,0.0],[25.942694,45.411756,0.0],[25.942691,45.411864,0.0],[25.942483,45.412287,0.0],[25.94241,45.412458,0.0],[25.942367,45.412577,0.0],[25.942282,45.412881,0.0],[25.942209,45.413156,0.0],[25.942159,45.413403,0.0],[25.942143,45.413517,0.0],[25.942149,45.413677,0.0],[25.942347,45.413982,0.0],[25.942549,45.414203,0.0],[25.942693,45.414434,0.0],[25.942761,45.414632,0.0],[25.94279,45.414951,0.0],[25.942845,45.415967,0.0],[25.942877,45.416431,0.0],[25.943016,45.418694,0.0],[25.943054,45.419399,0.0],[25.94307,45.419711,0.0],[25.943056,45.419867,0.0],[25.943009,45.420045,0.0],[25.942874,45.420449,0.0],[25.942596,45.421188,0.0],[25.941717,45.423534,0.0],[25.941187,45.424905,0.0],[25.940524,45.426625,0.0],[25.939949,45.428109,0.0],[25.939843,45.428338,0.0],[25.93959,45.428786,0.0],[25.939373,45.429204,0.0],[25.939222,45.429636,0.0],[25.939071,45.430068,0.0],[25.939009,45.430358,0.0],[25.938994,45.430706,0.0],[25.938995,45.430954,0.0],[25.938992,45.431136,0.0],[25.938965,45.431282,0.0],[25.938926,45.431407,0.0],[25.938722,45.431857,0.0],[25.93857,45.432242,0.0],[25.938411,45.432777,0.0],[25.938297,45.433206,0.0],[25.938176,45.433612,0.0],[25.93803,45.433967,0.0],[25.937828,45.434532,0.0],[25.937748,45.434727,0.0],[25.93767,45.434829,0.0],[25.937448,45.435031,0.0],[25.936855,45.43559,0.0],[25.936574,45.435847,0.0],[25.93643,45.436015,0.0],[25.936285,45.436357,0.0],[25.936216,45.436582,0.0],[25.936194,45.436756,0.0],[25.936236,45.436873,0.0],[25.936407,45.437095,0.0],[25.936751,45.43732,0.0],[25.937084,45.437528,0.0],[25.937289,45.437683,0.0],[25.937489,45.437868,0.0],[25.937828,45.438186,0.0],[25.938287,45.438661,0.0],[25.938562,45.438964,0.0],[25.938739,45.43919,0.0],[25.938886,45.439479,0.0],[25.938947,45.43971,0.0],[25.938974,45.439888,0.0],[25.938971,45.440497,0.0],[25.938903,45.440913,0.0],[25.938785,45.441433,0.0],[25.938688,45.441843,0.0],[25.938581,45.442179,0.0],[25.938456,45.442533,0.0],[25.938311,45.442863,0.0],[25.938146,45.44322,0.0],[25.938077,45.443425,0.0],[25.93795,45.443932,0.0],[25.937864,45.444173,0.0],[25.937663,45.444656,0.0],[25.937557,45.44489,0.0],[25.937427,45.445146,0.0],[25.937299,45.44539,0.0],[25.9372,45.445632,0.0],[25.937132,45.445909,0.0],[25.937095,45.446148,0.0],[25.937039,45.446501,0.0],[25.936985,45.446879,0.0],[25.936864,45.447579,0.0],[25.936783,45.448042,0.0],[25.936698,45.448649,0.0],[25.93667,45.448895,0.0],[25.936653,45.44919,0.0],[25.936674,45.449366,0.0],[25.936809,45.449838,0.0],[25.936876,45.450073,0.0],[25.936895,45.450228,0.0],[25.936873,45.450366,0.0],[25.936738,45.45081,0.0],[25.936496,45.45156,0.0],[25.936406,45.451774,0.0],[25.936241,45.452081,0.0],[25.936146,45.452275,0.0],[25.936107,45.452387,0.0],[25.936095,45.452496,0.0],[25.936104,45.452662,0.0],[25.936146,45.452849,0.0],[25.936264,45.453085,0.0],[25.936638,45.453715,0.0],[25.936711,45.453842,0.0],[25.936933,45.45423,0.0],[25.937095,45.45441,0.0],[25.937266,45.454527,0.0],[25.937452,45.454637,0.0],[25.937623,45.454718,0.0],[25.937899,45.454813,0.0],[25.938257,45.454883,0.0],[25.938567,45.4549,0.0],[25.939021,45.454877,0.0],[25.940479,45.454769,0.0],[25.941461,45.45475,0.0],[25.942793,45.454742,0.0],[25.943217,45.454742,0.0],[25.943658,45.454771,0.0],[25.94403,45.454814,0.0],[25.944375,45.454861,0.0],[25.944681,45.454912,0.0],[25.945098,45.454992,0.0],[25.946095,45.455179,0.0],[25.947026,45.455348,0.0],[25.947878,45.4555,0.0],[25.948412,45.455606,0.0],[25.948685,45.455671,0.0],[25.94895,45.455738,0.0],[25.949193,45.455845,0.0],[25.949391,45.456019,0.0],[25.949643,45.456241,0.0],[25.94986,45.456428,0.0],[25.950128,45.456686,0.0],[25.950364,45.456922,0.0],[25.950609,45.457151,0.0],[25.950812,45.457353,0.0],[25.950996,45.457501,0.0],[25.951214,45.457638,0.0],[25.951462,45.457731,0.0],[25.95179,45.457843,0.0],[25.95218,45.457969,0.0],[25.952444,45.458114,0.0],[25.952628,45.458238,0.0],[25.952735,45.458333,0.0],[25.953056,45.458697,0.0],[25.953374,45.459119,0.0],[25.953509,45.459363,0.0],[25.953545,45.459541,0.0],[25.953526,45.459751,0.0],[25.953499,45.460015,0.0],[25.953379,45.460342,0.0],[25.95328,45.460537,0.0],[25.953099,45.460737,0.0],[25.95294,45.46087,0.0],[25.952773,45.46096,0.0],[25.952528,45.461036,0.0],[25.952249,45.461093,0.0],[25.95169,45.461111,0.0],[25.951195,45.461152,0.0],[25.950836,45.46123,0.0],[25.950615,45.461342,0.0],[25.950322,45.461537,0.0],[25.950068,45.461714,0.0],[25.949517,45.462132,0.0],[25.949204,45.462375,0.0],[25.948747,45.462722,0.0],[25.948502,45.4629,0.0],[25.948255,45.463014,0.0],[25.948011,45.463094,0.0],[25.947789,45.463151,0.0],[25.946554,45.463366,0.0],[25.946265,45.463416,0.0],[25.94601,45.463453,0.0],[25.945812,45.463467,0.0],[25.94556,45.463454,0.0],[25.944949,45.463353,0.0],[25.944703,45.463323,0.0],[25.944592,45.463315,0.0],[25.944469,45.463311,0.0],[25.944074,45.463348,0.0],[25.943537,45.463428,0.0],[25.943083,45.463551,0.0],[25.942184,45.463918,0.0],[25.941948,45.464024,0.0],[25.941771,45.464134,0.0],[25.941617,45.464238,0.0],[25.941065,45.464743,0.0],[25.940949,45.46485,0.0],[25.940822,45.464985,0.0],[25.94072,45.465143,0.0],[25.940646,45.465375,0.0],[25.940587,45.465628,0.0],[25.940532,45.465802,0.0],[25.940417,45.466053,0.0],[25.940349,45.46619,0.0],[25.940261,45.466322,0.0],[25.940161,45.46644,0.0],[25.94,45.466563,0.0],[25.939811,45.466641,0.0],[25.939443,45.466814,0.0],[25.938863,45.467065,0.0],[25.938534,45.467217,0.0],[25.938294,45.467318,0.0],[25.938146,45.467375,0.0],[25.937871,45.467445,0.0],[25.937441,45.467547,0.0],[25.937148,45.467626,0.0],[25.936934,45.467692,0.0],[25.936702,45.4678,0.0],[25.936524,45.467919,0.0],[25.936357,45.468069,0.0],[25.936007,45.468405,0.0],[25.93583,45.468596,0.0],[25.935737,45.468722,0.0],[25.935643,45.468921,0.0],[25.935573,45.469116,0.0],[25.935519,45.469289,0.0],[25.935434,45.469479,0.0],[25.935337,45.46962,0.0],[25.935193,45.469777,0.0],[25.934987,45.469989,0.0],[25.93487,45.470169,0.0],[25.934763,45.470359,0.0],[25.934647,45.470704,0.0],[25.934557,45.471001,0.0],[25.934523,45.471163,0.0],[25.934417,45.471575,0.0],[25.934301,45.471906,0.0],[25.934209,45.472078,0.0],[25.934069,45.472261,0.0],[25.9339,45.472466,0.0],[25.933766,45.472635,0.0],[25.933737,45.472732,0.0],[25.933736,45.472941,0.0],[25.933722,45.473074,0.0],[25.933675,45.473161,0.0],[25.933587,45.473258,0.0],[25.933481,45.47332,0.0],[25.933317,45.473342,0.0],[25.933185,45.473334,0.0],[25.933069,45.473316,0.0],[25.932966,45.473262,0.0],[25.932884,45.473185,0.0],[25.932833,45.473093,0.0],[25.932747,45.472892,0.0],[25.932711,45.472596,0.0],[25.932662,45.472356,0.0],[25.932574,45.472112,0.0],[25.932438,45.471774,0.0],[25.93237,45.471514,0.0],[25.932268,45.470943,0.0],[25.932223,45.470732,0.0],[25.932141,45.470559,0.0],[25.932033,45.470381,0.0],[25.931861,45.470145,0.0],[25.931621,45.469746,0.0],[25.931295,45.469285,0.0],[25.931122,45.469014,0.0],[25.930989,45.468847,0.0],[25.930888,45.468775,0.0],[25.930728,45.468726,0.0],[25.930534,45.468721,0.0],[25.930416,45.468736,0.0],[25.9303,45.468773,0.0],[25.930155,45.468826,0.0],[25.930003,45.468959,0.0],[25.929795,45.469172,0.0],[25.929711,45.469292,0.0],[25.92964,45.469467,0.0],[25.929626,45.469622,0.0],[25.929621,45.470075,0.0],[25.929542,45.470453,0.0],[25.929487,45.470645,0.0],[25.929419,45.4709,0.0],[25.929302,45.471186,0.0],[25.929148,45.471426,0.0],[25.929017,45.471635,0.0],[25.928833,45.471763,0.0],[25.928739,45.471793,0.0],[25.928615,45.47182,0.0],[25.92851,45.471828,0.0],[25.928356,45.471816,0.0],[25.928179,45.471776,0.0],[25.92807,45.471726,0.0],[25.927978,45.47165,0.0],[25.927758,45.471352,0.0],[25.927495,45.470984,0.0],[25.927383,45.470868,0.0],[25.927245,45.47076,0.0],[25.926797,45.470508,0.0],[25.926533,45.470334,0.0],[25.926401,45.470231,0.0],[25.926289,45.47012,0.0],[25.926077,45.469933,0.0],[25.925966,45.469839,0.0],[25.925801,45.469785,0.0],[25.925655,45.469772,0.0],[25.925408,45.469786,0.0],[25.925123,45.469817,0.0],[25.924965,45.469855,0.0],[25.924782,45.469906,0.0],[25.92427,45.470074,0.0],[25.924092,45.470134,0.0],[25.923979,45.470161,0.0],[25.923852,45.470164,0.0],[25.923538,45.470137,0.0],[25.923389,45.470122,0.0],[25.923266,45.470131,0.0],[25.922924,45.47023,0.0],[25.92247,45.470394,0.0],[25.922201,45.470538,0.0],[25.92179,45.470814,0.0],[25.92128,45.471161,0.0],[25.920989,45.47135,0.0],[25.920814,45.471434,0.0],[25.92066,45.471523,0.0],[25.920556,45.471597,0.0],[25.9205,45.47166,0.0],[25.920478,45.471751,0.0],[25.920541,45.471902,0.0],[25.920602,45.472044,0.0],[25.920631,45.472191,0.0],[25.920678,45.472453,0.0],[25.920812,45.472668,0.0],[25.920899,45.472828,0.0],[25.920992,45.473052,0.0],[25.921002,45.473324,0.0],[25.921036,45.473556,0.0],[25.921132,45.4738,0.0],[25.921167,45.47396,0.0],[25.921164,45.474215,0.0],[25.921106,45.474405,0.0],[25.920991,45.474568,0.0],[25.920839,45.474754,0.0],[25.920611,45.475004,0.0],[25.920451,45.475138,0.0],[25.920263,45.475249,0.0],[25.919834,45.475479,0.0],[25.91936,45.475673,0.0],[25.919084,45.475785,0.0],[25.918945,45.475859,0.0],[25.918857,45.475948,0.0],[25.918832,45.476057,0.0],[25.918843,45.476216,0.0],[25.918908,45.476385,0.0],[25.919039,45.476536,0.0],[25.919242,45.476665,0.0],[25.919342,45.476788,0.0],[25.919398,45.476945,0.0],[25.919366,45.477144,0.0],[25.919343,45.477291,0.0],[25.919311,45.477469,0.0],[25.919311,45.477567,0.0],[25.919368,45.477699,0.0],[25.919475,45.477854,0.0],[25.919614,45.478042,0.0],[25.919773,45.478247,0.0],[25.919845,45.478379,0.0],[25.919968,45.478753,0.0],[25.920049,45.479063,0.0],[25.920095,45.479253,0.0],[25.920184,45.479443,0.0],[25.920338,45.479717,0.0],[25.92063,45.480222,0.0],[25.920716,45.480356,0.0],[25.920764,45.480508,0.0],[25.920772,45.48061,0.0],[25.920784,45.480823,0.0],[25.920765,45.481242,0.0],[25.920741,45.481656,0.0],[25.920734,45.48187,0.0],[25.920714,45.482066,0.0],[25.920666,45.482201,0.0],[25.920606,45.482313,0.0],[25.920537,45.482367,0.0],[25.920439,45.482436,0.0],[25.920181,45.482524,0.0],[25.920043,45.482553,0.0],[25.918936,45.482775,0.0],[25.917678,45.483063,0.0],[25.917255,45.483166,0.0],[25.916957,45.483214,0.0],[25.916835,45.483228,0.0],[25.916737,45.483218,0.0],[25.916655,45.483199,0.0],[25.916595,45.483159,0.0],[25.91655,45.483083,0.0],[25.91657,45.482974,0.0],[25.916639,45.482922,0.0],[25.916813,45.482861,0.0],[25.917079,45.482802,0.0],[25.91727,45.482721,0.0],[25.917368,45.482658,0.0],[25.917378,45.482613,0.0],[25.917363,45.482509,0.0],[25.917299,45.482482,0.0],[25.917148,45.482463,0.0],[25.916971,45.482505,0.0],[25.9168,45.48256,0.0],[25.916392,45.482705,0.0],[25.916247,45.482716,0.0],[25.916153,45.482669,0.0],[25.916121,45.482616,0.0],[25.916128,45.482542,0.0],[25.916203,45.482461,0.0],[25.916314,45.482397,0.0],[25.916458,45.482353,0.0],[25.916763,45.482266,0.0],[25.917573,45.482041,0.0],[25.917833,45.481983,0.0],[25.918046,45.481957,0.0],[25.918305,45.481939,0.0],[25.918527,45.481906,0.0],[25.918628,45.481848,0.0],[25.918672,45.481776,0.0],[25.918657,45.481723,0.0],[25.918596,45.481662,0.0],[25.918491,45.48164,0.0],[25.918314,45.481671,0.0],[25.918075,45.481726,0.0],[25.917862,45.481762,0.0],[25.917537,45.481784,0.0],[25.917249,45.48179,0.0],[25.916869,45.481801,0.0],[25.916466,45.481815,0.0],[25.916087,45.481818,0.0],[25.915954,45.481776,0.0],[25.915902,45.481714,0.0],[25.915905,45.481644,0.0],[25.915955,45.481588,0.0],[25.916054,45.481542,0.0],[25.916278,45.48154,0.0],[25.91643,45.481548,0.0],[25.916708,45.481546,0.0],[25.916968,45.481523,0.0],[25.917232,45.48149,0.0],[25.917638,45.481413,0.0],[25.917983,45.481338,0.0],[25.918168,45.481274,0.0],[25.918247,45.481212,0.0],[25.91826,45.481159,0.0],[25.918247,45.481108,0.0],[25.918202,45.48106,0.0],[25.91808,45.481029,0.0],[25.917918,45.481048,0.0],[25.917635,45.48119,0.0],[25.917482,45.481241,0.0],[25.917341,45.481275,0.0],[25.917172,45.481282,0.0],[25.916977,45.48127,0.0],[25.916423,45.481204,0.0],[25.916188,45.481162,0.0],[25.916028,45.481123,0.0],[25.915929,45.481084,0.0],[25.915877,45.481024,0.0],[25.91589,45.48095,0.0],[25.91599,45.4809,0.0],[25.916136,45.480898,0.0],[25.916307,45.480926,0.0],[25.916472,45.480971,0.0],[25.916637,45.48101,0.0],[25.91683,45.481019,0.0],[25.917025,45.480999,0.0],[25.917262,45.480947,0.0],[25.917426,45.480893,0.0],[25.9175,45.480831,0.0],[25.917509,45.480765,0.0],[25.917489,45.480697,0.0],[25.917408,45.48066,0.0],[25.917281,45.480644,0.0],[25.91708,45.480663,0.0],[25.916879,45.480673,0.0],[25.916529,45.480669,0.0],[25.916147,45.480638,0.0],[25.915961,45.480601,0.0],[25.915894,45.480536,0.0],[25.915876,45.480478,0.0],[25.915901,45.480419,0.0],[25.915978,45.480368,0.0],[25.9161,45.480363,0.0],[25.916211,45.48037,0.0],[25.916437,45.480417,0.0],[25.916839,45.480439,0.0],[25.916978,45.480404,0.0],[25.917027,45.480338,0.0],[25.917036,45.480281,0.0],[25.917015,45.480216,0.0],[25.916973,45.480186,0.0],[25.916863,45.480158,0.0],[25.91673,45.480153,0.0],[25.915911,45.480165,0.0],[25.915701,45.48015,0.0],[25.915565,45.48012,0.0],[25.915493,45.480067,0.0],[25.915459,45.480012,0.0],[25.91551,45.47992,0.0],[25.915629,45.479874,0.0],[25.915961,45.479893,0.0],[25.916142,45.479894,0.0],[25.916386,45.47987,0.0],[25.916532,45.479811,0.0],[25.916572,45.479734,0.0],[25.916535,45.479654,0.0],[25.916473,45.479614,0.0],[25.916366,45.479597,0.0],[25.916169,45.479593,0.0],[25.915906,45.479599,0.0],[25.915468,45.47957,0.0],[25.915039,45.47952,0.0],[25.914819,45.479487,0.0],[25.914709,45.479434,0.0],[25.914712,45.479354,0.0],[25.914757,45.479296,0.0],[25.914826,45.479254,0.0],[25.914931,45.479212,0.0],[25.915572,45.479097,0.0],[25.915724,45.479043,0.0],[25.915836,45.478991,0.0],[25.915917,45.478901,0.0],[25.915959,45.478779,0.0],[25.915967,45.47866,0.0],[25.915939,45.478512,0.0],[25.915892,45.478437,0.0],[25.915797,45.478352,0.0],[25.91568,45.478312,0.0],[25.915417,45.478274,0.0],[25.915021,45.478251,0.0],[25.91451,45.478236,0.0],[25.914136,45.478226,0.0],[25.913884,45.478216,0.0],[25.913553,45.478202,0.0],[25.91342,45.478182,0.0],[25.913145,45.478119,0.0],[25.912901,45.478058,0.0],[25.911829,45.477774,0.0],[25.911612,45.47772,0.0],[25.911409,45.477692,0.0],[25.911062,45.477676,0.0],[25.910738,45.477696,0.0],[25.910551,45.477716,0.0],[25.910269,45.477771,0.0],[25.909883,45.4779,0.0],[25.909573,45.478007,0.0],[25.909276,45.478127,0.0],[25.909017,45.478196,0.0],[25.908867,45.478221,0.0],[25.908726,45.478215,0.0],[25.908398,45.478183,0.0],[25.908191,45.478172,0.0],[25.908044,45.478204,0.0],[25.907921,45.478255,0.0],[25.907727,45.478389,0.0],[25.907551,45.478508,0.0],[25.907352,45.47865,0.0],[25.90723,45.478707,0.0],[25.907111,45.478713,0.0],[25.90706,45.478691,0.0],[25.907028,45.47865,0.0],[25.907012,45.478599,0.0],[25.907058,45.478533,0.0],[25.907278,45.47836,0.0],[25.907357,45.478267,0.0],[25.907347,45.478198,0.0],[25.907323,45.478147,0.0],[25.90726,45.478115,0.0],[25.907165,45.478108,0.0],[25.90704,45.478145,0.0],[25.906648,45.478524,0.0],[25.906479,45.478713,0.0],[25.906357,45.478794,0.0],[25.906272,45.478811,0.0],[25.906218,45.478806,0.0],[25.906154,45.47878,0.0],[25.906107,45.478739,0.0],[25.906104,45.478683,0.0],[25.906157,45.478615,0.0],[25.906413,45.478412,0.0],[25.906481,45.47834,0.0],[25.906509,45.478279,0.0],[25.906498,45.478209,0.0],[25.906485,45.478175,0.0],[25.906431,45.478128,0.0],[25.906361,45.478106,0.0],[25.90626,45.478118,0.0],[25.906097,45.478184,0.0],[25.905989,45.478249,0.0],[25.905875,45.47834,0.0],[25.905697,45.478498,0.0],[25.905458,45.47869,0.0],[25.905301,45.478772,0.0],[25.905102,45.478826,0.0],[25.904937,45.478844,0.0],[25.904754,45.478849,0.0],[25.904473,45.478846,0.0],[25.903664,45.47882,0.0],[25.9027,45.478779,0.0],[25.902399,45.478759,0.0],[25.901992,45.478752,0.0],[25.901608,45.478759,0.0],[25.901148,45.47877,0.0],[25.90033,45.478808,0.0],[25.900067,45.478839,0.0],[25.899831,45.478884,0.0],[25.899544,45.478956,0.0],[25.899232,45.479052,0.0],[25.898441,45.479309,0.0],[25.898065,45.479473,0.0],[25.897814,45.479628,0.0],[25.897563,45.479813,0.0],[25.897248,45.480061,0.0],[25.896851,45.48029,0.0]]],"type":"MultiLineString"},"properties":{"Numar":"DN 1A","_s":{"f":"#db1e2a","fo":0.0,"s":"#000000","so":1.0,"w":3.78,"r":5.0,"cap":"round","join":"round","ml":true},"_l":"DN 1A","_a":-88.5,"_p":[45.266602,26.014379]}},{"type":"Feature","geometry":{"coordinates":[[[25.959754,44.969473,0.0],[25.960577,44.969127,0.0],[25.961324,44.969051,0.0],[25.961486,44.968864,0.0],[25.961617,44.968743,0.0],[25.961743,44.968647,0.0],[25.961923,44.968556,0.0],[25.962409,44.96834,0.0],[25.9633,44.967937,0.0],[25.964735,44.967294,0.0],[25.966231,44.966641,0.0],[25.967848,44.96592,0.0],[25.96884,44.965487,0.0]]],"type":"MultiLineString"},"properties":{"Numar":"DN 1B","_s":{"f":"#db1e2a","fo":0.0,"s":"#000000","so":1.0,"w":3.78,"r":5.0,"cap":"round","join":"round","ml":true},"_l":"DN 1B","_a":31.4,"_p":[44.967509,25.964254]}}]}