{"type":"FeatureCollection","features":[{"type":"Feature","geometry":{"coordinates":[[[[25.839507,45.14013],[25.83948,45.140114],[25.839507,45.140113],[25.839448,45.136091],[25.838249,45.1361],[25.83824,45.135502],[25.83788,45.135505],[25.837826,45.135537],[25.837772,45.135579],[25.837726,45.135625],[25.837688,45.135675],[25.837659,45.135727],[25.83764,45.135782],[25.837631,45.135838],[25.837632,45.135895],[25.837643,45.135951],[25.837663,45.136005],[25.837694,45.136058],[25.837733,45.136107],[25.83778,45.136152],[25.837836,45.136193],[25.837898,45.136229],[25.837966,45.136258],[25.838038,45.136282],[25.838114,45.136299],[25.838193,45.136309],[25.838273,45.136312],[25.838352,45.136308],[25.838431,45.136297],[25.838453,45.136291],[25.83846,45.136326],[25.83848,45.13638],[25.83851,45.136432],[25.83855,45.136482],[25.838597,45.136527],[25.838639,45.136558],[25.838594,45.136593],[25.838547,45.136639],[25.83851,45.136688],[25.838481,45.136741],[25.838462,45.136796],[25.838453,45.136852],[25.838454,45.136909],[25.838465,45.136965],[25.838485,45.137019],[25.838515,45.137072],[25.838555,45.137121],[25.838602,45.137166],[25.838624,45.137183],[25.83861,45.137179],[25.838531,45.137169],[25.838451,45.137166],[25.838372,45.13717],[25.838313,45.137179],[25.838313,45.137145],[25.838302,45.137089],[25.838281,45.137035],[25.838251,45.136982],[25.838212,45.136933],[25.838164,45.136888],[25.838109,45.136847],[25.838047,45.136811],[25.837979,45.136782],[25.837906,45.136758],[25.83783,45.136741],[25.837752,45.136731],[25.837672,45.136728],[25.837592,45.136732],[25.837514,45.136744],[25.837438,45.136762],[25.837367,45.136786],[25.8373,45.136817],[25.837239,45.136853],[25.837185,45.136895],[25.837138,45.136941],[25.837101,45.136991],[25.837072,45.137044],[25.837053,45.137099],[25.837044,45.137155],[25.837045,45.137211],[25.837055,45.137267],[25.837076,45.137322],[25.837106,45.137374],[25.837145,45.137423],[25.837193,45.137468],[25.837149,45.137454],[25.837073,45.137437],[25.836994,45.137427],[25.836914,45.137424],[25.836835,45.137428],[25.836757,45.13744],[25.836681,45.137458],[25.836659,45.137465],[25.836617,45.137425],[25.836562,45.137384],[25.8365,45.137349],[25.836432,45.137319],[25.836359,45.137295],[25.836283,45.137278],[25.836204,45.137268],[25.836125,45.137265],[25.836045,45.13727],[25.835967,45.137281],[25.835891,45.137299],[25.835819,45.137323],[25.835752,45.137354],[25.835691,45.137391],[25.835637,45.137432],[25.835591,45.137478],[25.835553,45.137528],[25.835525,45.137581],[25.835522,45.137589],[25.835458,45.137569],[25.835382,45.137552],[25.835304,45.137542],[25.835224,45.137539],[25.835144,45.137543],[25.835087,45.137551],[25.8351,45.138453],[25.833829,45.138462],[25.833221,45.138467],[25.83325,45.138488],[25.833312,45.138524],[25.833329,45.138531],[25.833298,45.138572],[25.833297,45.138573],[25.83329,45.138567],[25.833228,45.138531],[25.83316,45.138502],[25.833087,45.138478],[25.833042,45.138468],[25.832665,45.138471],[25.832619,45.138482],[25.832548,45.138506],[25.832481,45.138537],[25.83242,45.138573],[25.832366,45.138615],[25.832319,45.138661],[25.832282,45.138711],[25.832253,45.138764],[25.832234,45.138818],[25.832225,45.138875],[25.832225,45.138931],[25.832236,45.138987],[25.832257,45.139042],[25.832279,45.139081],[25.832206,45.139085],[25.832128,45.139096],[25.832052,45.139114],[25.83198,45.139138],[25.831913,45.139169],[25.831852,45.139206],[25.831819,45.139231],[25.831811,45.139232],[25.831735,45.13925],[25.831663,45.139275],[25.831596,45.139305],[25.831535,45.139342],[25.831481,45.139383],[25.831435,45.13943],[25.831397,45.139479],[25.831369,45.139532],[25.831349,45.139587],[25.831347,45.139603],[25.83135,45.139659],[25.831359,45.139702],[25.831412,45.139733],[25.83148,45.139772],[25.83162,45.139854],[25.831674,45.139892],[25.8317,45.139914],[25.831765,45.139975],[25.83183,45.140037],[25.831895,45.140098],[25.831912,45.140115],[25.831941,45.140146],[25.831956,45.140163],[25.83197,45.140181],[25.831982,45.140199],[25.831993,45.140218],[25.832002,45.140237],[25.83201,45.140257],[25.832016,45.140276],[25.832021,45.140296],[25.832024,45.140317],[25.832025,45.140342],[25.832025,45.140349],[25.832051,45.140376],[25.832102,45.14043],[25.832928,45.140424],[25.832933,45.140752],[25.833631,45.140747],[25.833634,45.140916],[25.83371,45.140925],[25.833811,45.140936],[25.83391,45.140948],[25.833968,45.140957],[25.834036,45.140974],[25.8341,45.140998],[25.834159,45.141029],[25.834177,45.14104],[25.834214,45.141067],[25.834258,45.141108],[25.834294,45.141153],[25.83432,45.141201],[25.834332,45.14124],[25.834509,45.141232],[25.834513,45.141232],[25.834524,45.141233],[25.835085,45.141303],[25.835517,45.14122],[25.835807,45.141066],[25.836134,45.140787],[25.836141,45.140783],[25.836148,45.140778],[25.836157,45.140775],[25.836165,45.140773],[25.836427,45.14072],[25.836432,45.140719],[25.836443,45.140718],[25.836454,45.140719],[25.836465,45.140721],[25.836475,45.140724],[25.836484,45.140728],[25.836492,45.140734],[25.836499,45.14074],[25.836504,45.140747],[25.836507,45.140755],[25.836508,45.140763],[25.836507,45.140768],[25.836494,45.140853],[25.836602,45.141109],[25.836636,45.141101],[25.836651,45.141096],[25.836645,45.141101],[25.836612,45.141134],[25.836621,45.141157],[25.836623,45.141164],[25.836624,45.141172],[25.836599,45.141432],[25.836594,45.14159],[25.836595,45.141799],[25.836594,45.141894],[25.836604,45.141896],[25.836652,45.141906],[25.8367,45.141917],[25.836747,45.14193],[25.836794,45.141944],[25.83684,45.14196],[25.836884,45.141977],[25.836928,45.141995],[25.837583,45.14199],[25.837586,45.142206],[25.837597,45.142206],[25.837618,45.143648],[25.837759,45.143647],[25.837737,45.142214],[25.839009,45.142205],[25.839153,45.142204],[25.839134,45.142185],[25.839079,45.142145],[25.839017,45.142109],[25.838949,45.142079],[25.838876,45.142056],[25.8388,45.142039],[25.838722,45.142029],[25.838642,45.142026],[25.838562,45.14203],[25.838484,45.142041],[25.838408,45.142059],[25.838336,45.142084],[25.838269,45.142115],[25.838208,45.142151],[25.838162,45.142187],[25.838161,45.142177],[25.83816,45.142171],[25.838209,45.142133],[25.838256,45.142087],[25.838293,45.142037],[25.838322,45.141984],[25.838341,45.141929],[25.83835,45.141873],[25.838349,45.141817],[25.838339,45.141761],[25.838318,45.141706],[25.838288,45.141654],[25.838248,45.141604],[25.838201,45.141559],[25.838146,45.141518],[25.838084,45.141483],[25.838016,45.141453],[25.837943,45.141429],[25.837867,45.141413],[25.837788,45.141402],[25.837774,45.141402],[25.837773,45.141351],[25.837771,45.141336],[25.837789,45.141345],[25.837862,45.141368],[25.837938,45.141385],[25.838017,45.141395],[25.838096,45.141398],[25.838176,45.141394],[25.838254,45.141383],[25.83833,45.141365],[25.838402,45.14134],[25.838469,45.141309],[25.83853,45.141273],[25.838584,45.141231],[25.83863,45.141185],[25.838668,45.141135],[25.838696,45.141083],[25.838715,45.141028],[25.838725,45.140972],[25.838724,45.140915],[25.838713,45.140859],[25.838699,45.140822],[25.838735,45.140843],[25.838803,45.140873],[25.838875,45.140896],[25.838952,45.140913],[25.83903,45.140923],[25.83911,45.140926],[25.83919,45.140922],[25.839268,45.140911],[25.839344,45.140893],[25.839415,45.140868],[25.839482,45.140837],[25.839518,45.140816],[25.839507,45.14013]],[[25.834338,45.140847],[25.834339,45.140903],[25.83435,45.140959],[25.83436,45.140985],[25.834328,45.140966],[25.83426,45.140937],[25.834187,45.140913],[25.834111,45.140896],[25.834033,45.140886],[25.833953,45.140883],[25.833948,45.140883],[25.833976,45.140831],[25.833995,45.140776],[25.834004,45.14072],[25.834004,45.140663],[25.833993,45.140607],[25.833972,45.140553],[25.833942,45.140501],[25.833903,45.140451],[25.833855,45.140406],[25.8338,45.140365],[25.833738,45.14033],[25.83367,45.1403],[25.833597,45.140276],[25.833521,45.140259],[25.833443,45.140249],[25.833363,45.140246],[25.833321,45.140249],[25.833317,45.140242],[25.833278,45.140193],[25.83323,45.140147],[25.833175,45.140107],[25.833154,45.140095],[25.83317,45.140082],[25.833216,45.140036],[25.833254,45.139986],[25.833282,45.139934],[25.833302,45.139879],[25.833311,45.139823],[25.83331,45.139766],[25.833299,45.13971],[25.833286,45.139676],[25.833293,45.139663],[25.833309,45.139617],[25.833343,45.139601],[25.833404,45.139565],[25.833458,45.139523],[25.833504,45.139477],[25.833542,45.139427],[25.833571,45.139374],[25.833571,45.139373],[25.833609,45.139409],[25.833664,45.13945],[25.833726,45.139485],[25.833794,45.139515],[25.833867,45.139538],[25.833943,45.139555],[25.834022,45.139565],[25.834101,45.139568],[25.834181,45.139564],[25.834259,45.139553],[25.834335,45.139535],[25.834407,45.13951],[25.834474,45.13948],[25.834535,45.139443],[25.834589,45.139402],[25.834623,45.139367],[25.834642,45.1394],[25.834681,45.139449],[25.834729,45.139495],[25.834784,45.139535],[25.834846,45.139571],[25.834914,45.139601],[25.834987,45.139624],[25.835063,45.139641],[25.835098,45.139646],[25.835057,45.139651],[25.834981,45.13967],[25.834909,45.139694],[25.834842,45.139725],[25.834781,45.139761],[25.834727,45.139803],[25.834681,45.139849],[25.834643,45.139899],[25.834615,45.139952],[25.834596,45.140006],[25.834587,45.140063],[25.834587,45.140119],[25.834598,45.140175],[25.834619,45.14023],[25.834649,45.140282],[25.834663,45.1403],[25.834647,45.140322],[25.834618,45.140375],[25.834599,45.140429],[25.83459,45.140486],[25.83459,45.140511],[25.834533,45.140545],[25.834479,45.140587],[25.834433,45.140633],[25.834395,45.140683],[25.834366,45.140736],[25.834347,45.14079],[25.834338,45.140847]],[[25.836393,45.138176],[25.836374,45.138195],[25.836301,45.138186],[25.836221,45.138183],[25.836141,45.138187],[25.836063,45.138198],[25.835987,45.138216],[25.835915,45.138241],[25.835848,45.138272],[25.835788,45.138308],[25.835733,45.13835],[25.835687,45.138396],[25.835683,45.138401],[25.835668,45.138396],[25.835592,45.138379],[25.835556,45.138375],[25.83561,45.13835],[25.835671,45.138314],[25.835725,45.138272],[25.835771,45.138226],[25.835809,45.138176],[25.835837,45.138123],[25.83584,45.138115],[25.835903,45.138135],[25.83598,45.138152],[25.836058,45.138162],[25.836138,45.138165],[25.836218,45.138161],[25.836296,45.13815],[25.836372,45.138132],[25.836393,45.138125],[25.836423,45.138153],[25.836393,45.138176]],[[25.835373,45.139649],[25.835338,45.139645],[25.835379,45.139639],[25.835385,45.139637],[25.835385,45.139639],[25.835387,45.139652],[25.835373,45.139649]],[[25.83652,45.13933],[25.836527,45.139333],[25.836539,45.139337],[25.83653,45.139339],[25.83653,45.13934],[25.83652,45.13933]],[[25.836012,45.139156],[25.835933,45.13916],[25.835854,45.139171],[25.835849,45.139173],[25.835849,45.139171],[25.835847,45.139161],[25.835881,45.139141],[25.835935,45.139099],[25.835981,45.139053],[25.835985,45.139048],[25.836,45.139053],[25.836076,45.13907],[25.836154,45.13908],[25.836226,45.139083],[25.836255,45.139133],[25.836294,45.139182],[25.836327,45.139213],[25.836319,45.139209],[25.836247,45.139186],[25.836171,45.139169],[25.836092,45.139159],[25.836012,45.139156]],[[25.835761,45.140751],[25.835765,45.140746],[25.835767,45.140744],[25.835768,45.140749],[25.835761,45.140751]],[[25.835848,45.14042],[25.835872,45.140431],[25.835856,45.140447],[25.835854,45.14045],[25.835848,45.14042],[25.835848,45.14042]],[[25.837031,45.140386],[25.837032,45.140443],[25.837042,45.140498],[25.837063,45.140553],[25.837093,45.140605],[25.837133,45.140655],[25.83718,45.1407],[25.837235,45.140741],[25.837297,45.140776],[25.837365,45.140806],[25.837438,45.14083],[25.837475,45.140838],[25.837464,45.140868],[25.837455,45.140924],[25.837456,45.140981],[25.837458,45.140995],[25.83744,45.140987],[25.837367,45.140964],[25.837291,45.140947],[25.837212,45.140937],[25.837133,45.140934],[25.837053,45.140938],[25.836975,45.140949],[25.836899,45.140967],[25.836885,45.140972],[25.83689,45.140968],[25.836936,45.140922],[25.836974,45.140872],[25.837003,45.140819],[25.837022,45.140764],[25.837031,45.140708],[25.83703,45.140652],[25.837019,45.140596],[25.836999,45.140541],[25.836969,45.140489],[25.836929,45.140439],[25.836882,45.140394],[25.836826,45.140353],[25.836764,45.140318],[25.836724,45.1403],[25.836741,45.140283],[25.836778,45.140234],[25.836794,45.140205],[25.836857,45.140202],[25.836935,45.140191],[25.837008,45.140173],[25.837024,45.140188],[25.837079,45.140228],[25.837083,45.140231],[25.837059,45.140275],[25.83704,45.14033],[25.837031,45.140386]]],[[[25.839402,45.133008],[25.839327,45.132991],[25.839248,45.132981],[25.839169,45.132978],[25.839089,45.132982],[25.839011,45.132993],[25.838935,45.133011],[25.838863,45.133036],[25.838796,45.133067],[25.838735,45.133103],[25.838681,45.133145],[25.838635,45.133191],[25.838597,45.133241],[25.838569,45.133294],[25.83855,45.133348],[25.838546,45.133368],[25.83849,45.133335],[25.838422,45.133306],[25.83835,45.133282],[25.838274,45.133265],[25.838195,45.133255],[25.838115,45.133252],[25.838036,45.133256],[25.837957,45.133268],[25.837882,45.133286],[25.83781,45.13331],[25.837743,45.133341],[25.837725,45.133351],[25.837717,45.133343],[25.837713,45.133341],[25.837719,45.133706],[25.838677,45.133699],[25.838686,45.134297],[25.839421,45.134292],[25.839402,45.133008]]],[[[25.839229,45.121284],[25.839216,45.121289],[25.839149,45.121319],[25.839088,45.121356],[25.839034,45.121398],[25.838988,45.121444],[25.838968,45.12147],[25.8389,45.121467],[25.838821,45.121471],[25.838742,45.121482],[25.838667,45.121501],[25.838595,45.121525],[25.838528,45.121556],[25.838467,45.121592],[25.838413,45.121634],[25.838367,45.12168],[25.838329,45.12173],[25.8383,45.121783],[25.838281,45.121837],[25.838272,45.121894],[25.838273,45.12195],[25.838284,45.122006],[25.838304,45.122061],[25.838335,45.122113],[25.838354,45.122137],[25.838305,45.122139],[25.838226,45.122151],[25.838151,45.122169],[25.838079,45.122193],[25.838012,45.122224],[25.838005,45.122228],[25.838445,45.122225],[25.83906,45.122221],[25.839051,45.121597],[25.839234,45.121596],[25.839229,45.121284]]],[[[25.839214,45.120273],[25.839146,45.120265],[25.83919,45.12022],[25.839213,45.12019],[25.839204,45.119607],[25.838723,45.119611],[25.838737,45.120572],[25.837839,45.120579],[25.83784,45.12058],[25.837874,45.120613],[25.837808,45.120622],[25.837732,45.12064],[25.83766,45.120665],[25.837593,45.120695],[25.837564,45.120713],[25.837529,45.12068],[25.837474,45.120639],[25.837411,45.120604],[25.837363,45.120583],[25.836712,45.120587],[25.836664,45.120609],[25.836603,45.120646],[25.836549,45.120687],[25.836503,45.120733],[25.836465,45.120783],[25.836437,45.120836],[25.836418,45.120891],[25.83641,45.12094],[25.836408,45.120931],[25.836387,45.120877],[25.836357,45.120824],[25.836318,45.120775],[25.83627,45.12073],[25.836215,45.120689],[25.836153,45.120654],[25.836085,45.120624],[25.836013,45.1206],[25.835937,45.120583],[25.835858,45.120573],[25.835778,45.12057],[25.835699,45.120574],[25.835621,45.120586],[25.835545,45.120604],[25.835473,45.120628],[25.835406,45.120659],[25.835345,45.120696],[25.835291,45.120737],[25.835245,45.120783],[25.835207,45.120833],[25.835193,45.120858],[25.835122,45.120849],[25.835043,45.120846],[25.834963,45.120851],[25.834885,45.120862],[25.834809,45.12088],[25.834737,45.120904],[25.83467,45.120935],[25.834609,45.120972],[25.834555,45.121013],[25.834509,45.121059],[25.834471,45.121109],[25.834443,45.121162],[25.834424,45.121217],[25.834415,45.121273],[25.834415,45.121329],[25.834426,45.121385],[25.834447,45.12144],[25.834477,45.121492],[25.834516,45.121541],[25.834564,45.121587],[25.834619,45.121628],[25.834681,45.121663],[25.834749,45.121693],[25.834821,45.121716],[25.834898,45.121733],[25.834976,45.121743],[25.835056,45.121746],[25.835136,45.121742],[25.835214,45.121731],[25.835289,45.121713],[25.835361,45.121688],[25.835428,45.121658],[25.835489,45.121621],[25.835543,45.12158],[25.835589,45.121534],[25.835627,45.121484],[25.835641,45.121458],[25.835712,45.121467],[25.835792,45.12147],[25.835871,45.121466],[25.835949,45.121455],[25.836025,45.121437],[25.836097,45.121412],[25.836164,45.121382],[25.836225,45.121345],[25.836279,45.121304],[25.836325,45.121257],[25.836363,45.121208],[25.836391,45.121155],[25.836411,45.1211],[25.836419,45.121051],[25.83642,45.121059],[25.836441,45.121114],[25.836471,45.121166],[25.83651,45.121215],[25.836558,45.121261],[25.836613,45.121302],[25.836675,45.121337],[25.836743,45.121367],[25.836815,45.121391],[25.836847,45.121398],[25.836837,45.121398],[25.836758,45.121409],[25.836683,45.121427],[25.836611,45.121452],[25.836544,45.121483],[25.836483,45.121519],[25.836429,45.121561],[25.836383,45.121607],[25.836345,45.121657],[25.836316,45.121709],[25.836297,45.121764],[25.836288,45.12182],[25.836289,45.121877],[25.8363,45.121933],[25.836321,45.121987],[25.836351,45.12204],[25.83639,45.122089],[25.836437,45.122134],[25.836493,45.122175],[25.836555,45.122211],[25.836603,45.122232],[25.836541,45.122253],[25.836474,45.122284],[25.836413,45.122321],[25.836359,45.122362],[25.83635,45.122371],[25.836354,45.122349],[25.836353,45.122293],[25.836342,45.122237],[25.836321,45.122182],[25.836291,45.12213],[25.836252,45.122081],[25.836204,45.122035],[25.836149,45.121995],[25.836087,45.121959],[25.836019,45.121929],[25.835947,45.121906],[25.835922,45.1219],[25.835868,45.121861],[25.835806,45.121825],[25.835738,45.121795],[25.835666,45.121772],[25.83559,45.121755],[25.835511,45.121745],[25.835431,45.121742],[25.835352,45.121746],[25.835274,45.121757],[25.835198,45.121775],[25.835126,45.1218],[25.835059,45.121831],[25.834998,45.121867],[25.834944,45.121909],[25.834898,45.121955],[25.83486,45.122004],[25.834832,45.122057],[25.834813,45.122112],[25.834803,45.122168],[25.834804,45.122225],[25.834815,45.122281],[25.834836,45.122335],[25.834866,45.122388],[25.834905,45.122437],[25.834953,45.122482],[25.835008,45.122523],[25.83507,45.122559],[25.835086,45.122566],[25.835039,45.122577],[25.834967,45.122601],[25.8349,45.122632],[25.834839,45.122669],[25.834785,45.12271],[25.834739,45.122756],[25.834701,45.122806],[25.834673,45.122859],[25.834654,45.122914],[25.834644,45.12297],[25.834645,45.123026],[25.834656,45.123082],[25.834677,45.123137],[25.834707,45.123189],[25.834746,45.123238],[25.834794,45.123284],[25.834849,45.123325],[25.834911,45.12336],[25.834979,45.12339],[25.835051,45.123414],[25.835128,45.12343],[25.835206,45.12344],[25.835286,45.123443],[25.83532,45.123442],[25.835309,45.122674],[25.83658,45.122664],[25.83718,45.12266],[25.837174,45.122258],[25.837173,45.122257],[25.837174,45.122257],[25.837174,45.122235],[25.837939,45.122229],[25.837999,45.122193],[25.838053,45.122152],[25.838099,45.122106],[25.838137,45.122056],[25.838165,45.122003],[25.838184,45.121948],[25.838193,45.121892],[25.838193,45.121835],[25.838182,45.12178],[25.838161,45.121725],[25.838131,45.121673],[25.838092,45.121623],[25.838044,45.121578],[25.837989,45.121537],[25.837933,45.121505],[25.837979,45.121507],[25.838058,45.121503],[25.838137,45.121491],[25.838212,45.121473],[25.838284,45.121449],[25.838351,45.121418],[25.838412,45.121382],[25.838466,45.12134],[25.838512,45.121294],[25.83855,45.121244],[25.838579,45.121191],[25.838598,45.121136],[25.838607,45.12108],[25.838606,45.121024],[25.838606,45.121022],[25.838632,45.121042],[25.838694,45.121077],[25.838762,45.121107],[25.838835,45.121131],[25.838911,45.121147],[25.83899,45.121157],[25.839069,45.12116],[25.839149,45.121156],[25.839227,45.121145],[25.839214,45.120273]],[[25.837223,45.121447],[25.837151,45.121424],[25.837119,45.121417],[25.83713,45.121416],[25.837208,45.121405],[25.837283,45.121387],[25.837355,45.121362],[25.837422,45.121332],[25.837452,45.121314],[25.837487,45.121347],[25.837542,45.121388],[25.837598,45.12142],[25.837552,45.121418],[25.837473,45.121423],[25.837394,45.121434],[25.837319,45.121452],[25.837271,45.121468],[25.837223,45.121447]]],[[[25.839126,45.114292],[25.838994,45.11422],[25.838993,45.114219],[25.838992,45.114218],[25.838745,45.114068],[25.838585,45.114013],[25.838538,45.114034],[25.838478,45.11407],[25.838423,45.114112],[25.838377,45.114158],[25.83834,45.114208],[25.838311,45.114261],[25.838292,45.114316],[25.838283,45.114372],[25.838284,45.114428],[25.838294,45.114484],[25.838315,45.114539],[25.838345,45.114591],[25.838384,45.11464],[25.838432,45.114686],[25.838487,45.114726],[25.838549,45.114762],[25.838559,45.114767],[25.838538,45.114806],[25.838537,45.114809],[25.838516,45.11483],[25.838479,45.11488],[25.83845,45.114932],[25.838431,45.114987],[25.838422,45.115043],[25.838423,45.1151],[25.838433,45.115156],[25.838454,45.11521],[25.838457,45.115215],[25.838426,45.115219],[25.838351,45.115237],[25.838279,45.115262],[25.838262,45.115269],[25.838264,45.115381],[25.838086,45.115382],[25.838051,45.115417],[25.838013,45.115467],[25.837984,45.115519],[25.837965,45.115574],[25.83796,45.115607],[25.838524,45.115603],[25.838529,45.115599],[25.838676,45.115472],[25.838729,45.115434],[25.838736,45.11543],[25.838744,45.115409],[25.838754,45.115389],[25.838765,45.115369],[25.838778,45.11535],[25.838795,45.115326],[25.838804,45.115314],[25.838883,45.115215],[25.83893,45.115134],[25.838963,45.115073],[25.839011,45.114918],[25.839022,45.114882],[25.839037,45.114837],[25.839048,45.114795],[25.839059,45.114761],[25.839063,45.114752],[25.83913,45.114598],[25.839126,45.114292]]],[[[25.695703,45.084172],[25.695683,45.084117],[25.695653,45.084065],[25.695614,45.084016],[25.695566,45.08397],[25.695511,45.08393],[25.695449,45.083894],[25.695381,45.083864],[25.695309,45.08384],[25.695233,45.083823],[25.695154,45.083813],[25.695075,45.08381],[25.694995,45.083814],[25.694917,45.083825],[25.694841,45.083843],[25.694769,45.083868],[25.694703,45.083898],[25.694641,45.083935],[25.694587,45.083976],[25.694541,45.084022],[25.694503,45.084072],[25.694475,45.084125],[25.694455,45.08418],[25.694446,45.084236],[25.694447,45.084292],[25.694457,45.084348],[25.694478,45.084403],[25.694508,45.084455],[25.694547,45.084505],[25.694594,45.08455],[25.69465,45.084591],[25.694711,45.084627],[25.694779,45.084656],[25.694852,45.08468],[25.694928,45.084697],[25.695006,45.084707],[25.695086,45.08471],[25.695165,45.084706],[25.695244,45.084695],[25.695319,45.084677],[25.695391,45.084653],[25.695458,45.084622],[25.695519,45.084586],[25.695573,45.084544],[25.69562,45.084498],[25.695657,45.084448],[25.695686,45.084396],[25.695705,45.084341],[25.695715,45.084285],[25.695714,45.084228],[25.695703,45.084172]]],[[[25.703079,45.086882],[25.703049,45.08683],[25.70301,45.08678],[25.702962,45.086735],[25.702907,45.086694],[25.702845,45.086658],[25.702777,45.086628],[25.702705,45.086605],[25.702629,45.086588],[25.70255,45.086578],[25.702471,45.086575],[25.702391,45.086579],[25.702313,45.08659],[25.702237,45.086608],[25.702165,45.086632],[25.702098,45.086663],[25.702037,45.086699],[25.701983,45.086741],[25.701937,45.086787],[25.701899,45.086837],[25.701871,45.086889],[25.701851,45.086944],[25.701842,45.087],[25.701843,45.087057],[25.701853,45.087113],[25.701874,45.087167],[25.701904,45.08722],[25.701943,45.087269],[25.70199,45.087315],[25.702046,45.087355],[25.702107,45.087391],[25.702175,45.087421],[25.702248,45.087444],[25.702324,45.087461],[25.702402,45.087472],[25.702482,45.087475],[25.702561,45.087471],[25.70264,45.08746],[25.702715,45.087442],[25.702787,45.087417],[25.702854,45.087386],[25.702915,45.08735],[25.702969,45.087308],[25.703016,45.087262],[25.703053,45.087213],[25.703082,45.08716],[25.703101,45.087105],[25.703111,45.087049],[25.70311,45.086992],[25.703099,45.086936],[25.703079,45.086882]]],[[[25.688249,45.093286],[25.688219,45.093233],[25.68818,45.093184],[25.688147,45.093153],[25.688154,45.093698],[25.688186,45.093666],[25.688224,45.093617],[25.688253,45.093564],[25.688272,45.093509],[25.688281,45.093453],[25.68828,45.093396],[25.68827,45.09334],[25.688249,45.093286]]],[[[25.689683,45.09362],[25.689653,45.093568],[25.689614,45.093519],[25.689566,45.093473],[25.689511,45.093432],[25.689449,45.093397],[25.689381,45.093367],[25.689309,45.093343],[25.689233,45.093326],[25.689154,45.093316],[25.689075,45.093313],[25.688995,45.093317],[25.688917,45.093328],[25.688841,45.093346],[25.688769,45.09337],[25.688702,45.093401],[25.688641,45.093438],[25.688587,45.093479],[25.688541,45.093525],[25.688503,45.093575],[25.688474,45.093628],[25.688455,45.093682],[25.688446,45.093739],[25.688446,45.093795],[25.688457,45.093851],[25.688478,45.093906],[25.688508,45.093958],[25.688547,45.094007],[25.688594,45.094053],[25.688649,45.094094],[25.688711,45.094129],[25.688779,45.094159],[25.688851,45.094183],[25.688927,45.0942],[25.689006,45.09421],[25.689086,45.094213],[25.689165,45.094209],[25.689243,45.094198],[25.689319,45.09418],[25.689391,45.094155],[25.689458,45.094125],[25.689519,45.094088],[25.689573,45.094047],[25.689619,45.094001],[25.689657,45.093951],[25.689686,45.093898],[25.689705,45.093843],[25.689714,45.093787],[25.689714,45.093731],[25.689703,45.093675],[25.689683,45.09362]]],[[[25.690164,45.095081],[25.690134,45.095028],[25.690095,45.094979],[25.690048,45.094934],[25.689993,45.094893],[25.689931,45.094857],[25.689863,45.094827],[25.689791,45.094804],[25.689715,45.094787],[25.689636,45.094777],[25.689556,45.094774],[25.689477,45.094778],[25.689399,45.094789],[25.689323,45.094807],[25.689251,45.094831],[25.689184,45.094862],[25.689123,45.094898],[25.689069,45.09494],[25.689023,45.094986],[25.688985,45.095035],[25.688956,45.095088],[25.688937,45.095143],[25.688928,45.095199],[25.688928,45.095256],[25.688939,45.095312],[25.688959,45.095366],[25.688989,45.095419],[25.689028,45.095468],[25.689076,45.095513],[25.689131,45.095554],[25.689193,45.09559],[25.689261,45.09562],[25.689333,45.095643],[25.689409,45.09566],[25.689488,45.09567],[25.689567,45.095674],[25.689647,45.095669],[25.689725,45.095658],[25.689801,45.095641],[25.689873,45.095616],[25.68994,45.095585],[25.690001,45.095549],[25.690055,45.095507],[25.690101,45.095461],[25.690139,45.095412],[25.690168,45.095359],[25.690187,45.095304],[25.690196,45.095248],[25.690196,45.095191],[25.690185,45.095135],[25.690164,45.095081]]],[[[25.69492,45.095795],[25.694865,45.095754],[25.694803,45.095718],[25.694735,45.095688],[25.694663,45.095665],[25.694587,45.095648],[25.694508,45.095638],[25.694429,45.095634],[25.694349,45.095639],[25.694271,45.09565],[25.694195,45.095668],[25.694123,45.095692],[25.694056,45.095723],[25.693995,45.095759],[25.693941,45.095801],[25.693895,45.095847],[25.693857,45.095896],[25.693828,45.095949],[25.693809,45.096004],[25.6938,45.09606],[25.6938,45.096117],[25.693811,45.096173],[25.693832,45.096227],[25.693862,45.09628],[25.693901,45.096329],[25.693948,45.096374],[25.694003,45.096415],[25.694065,45.096451],[25.694083,45.096458],[25.694795,45.096454],[25.694812,45.096446],[25.694873,45.09641],[25.694927,45.096368],[25.694973,45.096322],[25.695011,45.096273],[25.69504,45.09622],[25.695059,45.096165],[25.695068,45.096109],[25.695068,45.096052],[25.695057,45.095996],[25.695037,45.095942],[25.695007,45.095889],[25.694968,45.09584],[25.69492,45.095795]]],[[[25.696358,45.096946],[25.696337,45.096892],[25.696307,45.096839],[25.696268,45.09679],[25.696221,45.096745],[25.696166,45.096704],[25.696104,45.096668],[25.696036,45.096638],[25.695964,45.096615],[25.695888,45.096598],[25.695809,45.096588],[25.695729,45.096584],[25.69565,45.096589],[25.695572,45.0966],[25.695496,45.096618],[25.695424,45.096642],[25.695357,45.096673],[25.695296,45.096709],[25.695242,45.096751],[25.695209,45.096784],[25.695193,45.096742],[25.695163,45.096689],[25.695124,45.09664],[25.695076,45.096595],[25.695021,45.096554],[25.694959,45.096518],[25.694892,45.096488],[25.694861,45.096478],[25.694868,45.097024],[25.69559,45.09702],[25.696369,45.097015],[25.696369,45.097002],[25.696358,45.096946]]],[[[25.689143,45.096844],[25.689088,45.096803],[25.689026,45.096768],[25.688958,45.096738],[25.688886,45.096714],[25.68881,45.096697],[25.688731,45.096687],[25.688652,45.096684],[25.688576,45.096688],[25.688593,45.09675],[25.688662,45.096921],[25.68876,45.097102],[25.688769,45.097121],[25.688813,45.097218],[25.688817,45.097225],[25.688875,45.097332],[25.688946,45.097457],[25.688949,45.097462],[25.689022,45.097595],[25.689123,45.0976],[25.689251,45.097603],[25.68926,45.097603],[25.689355,45.097607],[25.689381,45.097608],[25.689423,45.09761],[25.689437,45.097612],[25.689608,45.097632],[25.689602,45.097624],[25.689554,45.097579],[25.689499,45.097538],[25.689437,45.097502],[25.689369,45.097472],[25.689297,45.097449],[25.689221,45.097432],[25.689145,45.097422],[25.68915,45.097418],[25.689196,45.097372],[25.689234,45.097322],[25.689263,45.097269],[25.689282,45.097215],[25.689292,45.097158],[25.689291,45.097102],[25.68928,45.097046],[25.68926,45.096991],[25.68923,45.096939],[25.689191,45.09689],[25.689143,45.096844]]],[[[25.702669,45.098044],[25.702629,45.097995],[25.702582,45.097949],[25.702527,45.097909],[25.702465,45.097873],[25.702397,45.097843],[25.702325,45.097819],[25.702249,45.097802],[25.70217,45.097792],[25.70209,45.097789],[25.702011,45.097793],[25.701933,45.097804],[25.701899,45.097812],[25.702017,45.097843],[25.702052,45.097853],[25.702069,45.097858],[25.702243,45.097919],[25.702324,45.097946],[25.702376,45.097967],[25.702606,45.098071],[25.70265,45.098093],[25.70271,45.098128],[25.702699,45.098096],[25.702669,45.098044]]],[[[25.701795,45.098635],[25.701867,45.098659],[25.701943,45.098676],[25.702022,45.098686],[25.702072,45.098688],[25.702035,45.098667],[25.701856,45.098586],[25.701799,45.098566],[25.701682,45.098526],[25.701682,45.09858],[25.701727,45.098606],[25.701795,45.098635]]],[[[25.692341,45.098269],[25.692339,45.098078],[25.692301,45.098042],[25.692246,45.098001],[25.692184,45.097966],[25.692183,45.097965],[25.692177,45.097969],[25.692157,45.097981],[25.692102,45.09801],[25.69208,45.098021],[25.692058,45.098031],[25.692034,45.09804],[25.692011,45.098049],[25.691986,45.098056],[25.691927,45.098074],[25.691883,45.098084],[25.691817,45.098095],[25.691722,45.098106],[25.691624,45.098117],[25.69155,45.098122],[25.691536,45.098122],[25.691446,45.09812],[25.691357,45.098119],[25.691298,45.098119],[25.691255,45.098122],[25.691238,45.098144],[25.691209,45.098197],[25.69119,45.098251],[25.691181,45.098308],[25.691181,45.098364],[25.691192,45.09842],[25.691213,45.098475],[25.691243,45.098527],[25.691282,45.098576],[25.691329,45.098622],[25.691384,45.098663],[25.691446,45.098698],[25.691514,45.098728],[25.691586,45.098752],[25.691662,45.098769],[25.691741,45.098779],[25.691821,45.098782],[25.6919,45.098778],[25.691978,45.098767],[25.692054,45.098749],[25.692126,45.098724],[25.692193,45.098694],[25.692254,45.098657],[25.692308,45.098616],[25.692354,45.09857],[25.692392,45.09852],[25.692421,45.098467],[25.69244,45.098412],[25.692449,45.098356],[25.692449,45.0983],[25.692443,45.098269],[25.692341,45.098269]]],[[[25.696078,45.09932],[25.696107,45.099267],[25.696126,45.099212],[25.696135,45.099159],[25.696165,45.099163],[25.696237,45.099166],[25.696233,45.098874],[25.696096,45.098912],[25.696087,45.098914],[25.696078,45.098915],[25.696068,45.098915],[25.696059,45.098914],[25.695717,45.098861],[25.695723,45.099387],[25.696025,45.099385],[25.69604,45.099369],[25.696078,45.09932]]],[[[25.70244,45.100874],[25.702468,45.10089],[25.703282,45.100885],[25.703309,45.100869],[25.703364,45.100827],[25.70341,45.100781],[25.703448,45.100731],[25.703476,45.100679],[25.703496,45.100624],[25.703505,45.100568],[25.703504,45.100511],[25.703493,45.100455],[25.703473,45.100401],[25.703443,45.100348],[25.703404,45.100299],[25.703356,45.100254],[25.703301,45.100213],[25.703239,45.100177],[25.703172,45.100147],[25.703099,45.100124],[25.703023,45.100107],[25.702945,45.100097],[25.702865,45.100093],[25.702785,45.100098],[25.702707,45.100109],[25.702631,45.100127],[25.702559,45.100151],[25.702493,45.100182],[25.702431,45.100218],[25.702427,45.100221],[25.702441,45.100208],[25.702479,45.100158],[25.702507,45.100105],[25.702527,45.10005],[25.702536,45.099994],[25.702535,45.099938],[25.702525,45.099882],[25.702504,45.099827],[25.702474,45.099775],[25.702435,45.099726],[25.702388,45.09968],[25.702352,45.099654],[25.702366,45.100816],[25.702384,45.100833],[25.70244,45.100874]]],[[[25.698202,45.100711],[25.698222,45.100656],[25.698225,45.100636],[25.698197,45.100622],[25.698165,45.100606],[25.698167,45.100773],[25.698174,45.100764],[25.698202,45.100711]]],[[[25.700172,45.101827],[25.700124,45.101781],[25.700069,45.101741],[25.700007,45.101705],[25.69994,45.101675],[25.699867,45.101651],[25.699791,45.101634],[25.699713,45.101624],[25.699633,45.101621],[25.699553,45.101625],[25.699475,45.101636],[25.699399,45.101654],[25.699327,45.101679],[25.69926,45.101709],[25.699199,45.101746],[25.699145,45.101787],[25.699099,45.101833],[25.699061,45.101883],[25.699032,45.101936],[25.699013,45.101991],[25.699004,45.102047],[25.699005,45.102103],[25.699015,45.102159],[25.699029,45.102195],[25.699059,45.102139],[25.699069,45.102122],[25.699081,45.102105],[25.699093,45.102089],[25.699107,45.102073],[25.699122,45.102057],[25.699218,45.101963],[25.699243,45.101941],[25.699294,45.101904],[25.699351,45.101873],[25.699415,45.101848],[25.699465,45.101834],[25.699592,45.101803],[25.699609,45.101799],[25.69968,45.101788],[25.699752,45.101784],[25.699825,45.101787],[25.699896,45.101797],[25.699964,45.101815],[25.699972,45.101818],[25.700115,45.101865],[25.700223,45.101897],[25.700211,45.101876],[25.700172,45.101827]]],[[[25.71767,45.078599],[25.71764,45.078546],[25.717601,45.078497],[25.717554,45.078452],[25.717499,45.078411],[25.717437,45.078375],[25.717369,45.078345],[25.717296,45.078322],[25.71722,45.078305],[25.717142,45.078295],[25.717062,45.078292],[25.716983,45.078296],[25.716904,45.078307],[25.716829,45.078325],[25.716757,45.078349],[25.71669,45.07838],[25.716629,45.078416],[25.716575,45.078458],[25.716529,45.078504],[25.716491,45.078554],[25.716462,45.078606],[25.716443,45.078661],[25.716434,45.078717],[25.716434,45.078774],[25.716445,45.07883],[25.716466,45.078884],[25.716496,45.078937],[25.716535,45.078986],[25.716582,45.079032],[25.716637,45.079072],[25.716699,45.079108],[25.716767,45.079138],[25.716839,45.079161],[25.716915,45.079178],[25.716994,45.079189],[25.717074,45.079192],[25.717153,45.079188],[25.717231,45.079176],[25.717307,45.079158],[25.717379,45.079134],[25.717446,45.079103],[25.717507,45.079067],[25.717561,45.079025],[25.717607,45.078979],[25.717645,45.07893],[25.717674,45.078877],[25.717693,45.078822],[25.717702,45.078766],[25.717701,45.078709],[25.717691,45.078653],[25.71767,45.078599]]],[[[25.706472,45.08387],[25.706442,45.083818],[25.706402,45.083769],[25.706355,45.083723],[25.7063,45.083683],[25.706238,45.083647],[25.70617,45.083617],[25.706098,45.083593],[25.706022,45.083576],[25.705943,45.083566],[25.705864,45.083563],[25.705784,45.083567],[25.705706,45.083578],[25.70563,45.083596],[25.705558,45.083621],[25.705491,45.083652],[25.70543,45.083688],[25.705376,45.083729],[25.70533,45.083775],[25.705292,45.083825],[25.705263,45.083878],[25.705244,45.083933],[25.705235,45.083989],[25.705236,45.084045],[25.705246,45.084101],[25.705267,45.084156],[25.705297,45.084208],[25.705336,45.084258],[25.705383,45.084303],[25.705438,45.084344],[25.7055,45.08438],[25.705568,45.084409],[25.705641,45.084433],[25.705717,45.08445],[25.705795,45.08446],[25.705875,45.084463],[25.705954,45.084459],[25.706033,45.084448],[25.706108,45.08443],[25.70618,45.084406],[25.706247,45.084375],[25.706308,45.084339],[25.706362,45.084297],[25.706408,45.084251],[25.706446,45.084201],[25.706475,45.084149],[25.706494,45.084094],[25.706503,45.084038],[25.706503,45.083981],[25.706492,45.083925],[25.706472,45.08387]]],[[[25.709826,45.088726],[25.709796,45.088674],[25.709757,45.088624],[25.709709,45.088579],[25.709654,45.088538],[25.709592,45.088502],[25.709524,45.088473],[25.709452,45.088449],[25.709376,45.088432],[25.709297,45.088422],[25.709218,45.088419],[25.709138,45.088423],[25.70906,45.088434],[25.708984,45.088452],[25.708912,45.088476],[25.708845,45.088507],[25.708784,45.088543],[25.70873,45.088585],[25.708684,45.088631],[25.708646,45.088681],[25.708617,45.088734],[25.708598,45.088788],[25.708589,45.088844],[25.70859,45.088901],[25.7086,45.088957],[25.708621,45.089012],[25.708651,45.089064],[25.70869,45.089113],[25.708737,45.089159],[25.708793,45.0892],[25.708854,45.089235],[25.708922,45.089265],[25.708995,45.089289],[25.709071,45.089306],[25.709149,45.089316],[25.709229,45.089319],[25.709308,45.089315],[25.709387,45.089304],[25.709462,45.089286],[25.709534,45.089261],[25.709601,45.08923],[25.709662,45.089194],[25.709716,45.089153],[25.709763,45.089107],[25.7098,45.089057],[25.709829,45.089004],[25.709848,45.088949],[25.709858,45.088893],[25.709857,45.088837],[25.709846,45.088781],[25.709826,45.088726]]],[[[25.71033,45.090503],[25.71031,45.090449],[25.710279,45.090396],[25.71024,45.090347],[25.710193,45.090302],[25.710138,45.090261],[25.710076,45.090225],[25.710008,45.090195],[25.709936,45.090172],[25.70986,45.090155],[25.709781,45.090145],[25.709701,45.090141],[25.709622,45.090146],[25.709544,45.090157],[25.709468,45.090175],[25.709396,45.090199],[25.709329,45.09023],[25.709268,45.090266],[25.709214,45.090308],[25.709168,45.090354],[25.70913,45.090403],[25.709101,45.090456],[25.709082,45.090511],[25.709073,45.090567],[25.709073,45.090624],[25.709084,45.09068],[25.709105,45.090734],[25.709135,45.090787],[25.709174,45.090836],[25.709221,45.090881],[25.709276,45.090922],[25.709338,45.090958],[25.709406,45.090988],[25.709478,45.091011],[25.709555,45.091028],[25.709633,45.091038],[25.709713,45.091041],[25.709792,45.091037],[25.709871,45.091026],[25.709946,45.091008],[25.710018,45.090984],[25.710085,45.090953],[25.710146,45.090917],[25.7102,45.090875],[25.710246,45.090829],[25.710284,45.090779],[25.710313,45.090727],[25.710332,45.090672],[25.710341,45.090616],[25.710341,45.090559],[25.71033,45.090503]]],[[[25.72406,45.092781],[25.72403,45.092729],[25.723991,45.092679],[25.723943,45.092634],[25.723888,45.092593],[25.723826,45.092557],[25.723758,45.092528],[25.723686,45.092504],[25.72361,45.092487],[25.723531,45.092477],[25.723452,45.092474],[25.723372,45.092478],[25.723294,45.092489],[25.723218,45.092507],[25.723146,45.092532],[25.723079,45.092562],[25.723018,45.092599],[25.722964,45.09264],[25.722918,45.092686],[25.72288,45.092736],[25.722851,45.092789],[25.722832,45.092844],[25.722823,45.0929],[25.722824,45.092956],[25.722834,45.093012],[25.722855,45.093067],[25.722885,45.093119],[25.722924,45.093168],[25.722971,45.093214],[25.723027,45.093255],[25.723089,45.09329],[25.723156,45.09332],[25.723229,45.093344],[25.723305,45.093361],[25.723383,45.093371],[25.723463,45.093374],[25.723543,45.09337],[25.723621,45.093359],[25.723696,45.093341],[25.723768,45.093316],[25.723835,45.093286],[25.723896,45.093249],[25.72395,45.093208],[25.723997,45.093162],[25.724035,45.093112],[25.724063,45.093059],[25.724082,45.093004],[25.724092,45.092948],[25.724091,45.092892],[25.72408,45.092836],[25.72406,45.092781]]],[[[25.717091,45.094348],[25.717061,45.094295],[25.717022,45.094246],[25.716974,45.094201],[25.716919,45.09416],[25.716857,45.094124],[25.716789,45.094094],[25.716717,45.094071],[25.716641,45.094054],[25.716562,45.094043],[25.716483,45.09404],[25.716403,45.094045],[25.716325,45.094056],[25.716249,45.094074],[25.716177,45.094098],[25.71611,45.094129],[25.716049,45.094165],[25.715995,45.094207],[25.715949,45.094253],[25.715911,45.094302],[25.715882,45.094355],[25.715863,45.09441],[25.715854,45.094466],[25.715855,45.094523],[25.715865,45.094579],[25.715886,45.094633],[25.715916,45.094686],[25.715955,45.094735],[25.716002,45.09478],[25.716058,45.094821],[25.716119,45.094857],[25.716187,45.094887],[25.71626,45.09491],[25.716336,45.094927],[25.716414,45.094937],[25.716494,45.09494],[25.716573,45.094936],[25.716652,45.094925],[25.716727,45.094907],[25.716799,45.094883],[25.716866,45.094852],[25.716927,45.094816],[25.716981,45.094774],[25.717028,45.094728],[25.717065,45.094678],[25.717094,45.094626],[25.717113,45.094571],[25.717123,45.094515],[25.717122,45.094458],[25.717111,45.094402],[25.717091,45.094348]]],[[[25.704871,45.101579],[25.704933,45.101614],[25.705,45.101644],[25.705073,45.101668],[25.705149,45.101685],[25.705228,45.101695],[25.705307,45.101698],[25.705387,45.101694],[25.705465,45.101683],[25.705541,45.101665],[25.705613,45.10164],[25.70568,45.10161],[25.705741,45.101573],[25.705795,45.101532],[25.7058,45.101526],[25.704944,45.101532],[25.70481,45.101532],[25.704816,45.101538],[25.704871,45.101579]]],[[[25.708672,45.101278],[25.708596,45.101261],[25.708517,45.101251],[25.708438,45.101248],[25.708358,45.101252],[25.70828,45.101263],[25.708204,45.101281],[25.708132,45.101306],[25.708077,45.101331],[25.708588,45.101328],[25.7088,45.101327],[25.708744,45.101302],[25.708672,45.101278]]],[[[25.718081,45.101784],[25.718051,45.101731],[25.718012,45.101682],[25.717964,45.101637],[25.717909,45.101596],[25.717847,45.10156],[25.717779,45.10153],[25.717707,45.101507],[25.717631,45.10149],[25.717552,45.10148],[25.717473,45.101477],[25.717393,45.101481],[25.717315,45.101492],[25.717239,45.10151],[25.717167,45.101534],[25.7171,45.101565],[25.717039,45.101601],[25.716985,45.101643],[25.716939,45.101689],[25.716901,45.101739],[25.716872,45.101791],[25.716853,45.101846],[25.716844,45.101902],[25.716845,45.101959],[25.716855,45.102015],[25.716876,45.102069],[25.716906,45.102122],[25.716945,45.102171],[25.716992,45.102216],[25.717047,45.102257],[25.717109,45.102293],[25.717177,45.102323],[25.71725,45.102346],[25.717326,45.102363],[25.717404,45.102373],[25.717484,45.102377],[25.717564,45.102372],[25.717642,45.102361],[25.717717,45.102343],[25.717789,45.102319],[25.717856,45.102288],[25.717917,45.102252],[25.717971,45.10221],[25.718018,45.102164],[25.718056,45.102115],[25.718084,45.102062],[25.718103,45.102007],[25.718113,45.101951],[25.718112,45.101894],[25.718101,45.101838],[25.718081,45.101784]]],[[[25.713598,45.101904],[25.71352,45.101915],[25.713444,45.101933],[25.713372,45.101957],[25.713305,45.101988],[25.713244,45.102024],[25.71319,45.102066],[25.713144,45.102112],[25.713106,45.102162],[25.713077,45.102214],[25.713058,45.102269],[25.713049,45.102325],[25.713049,45.102382],[25.71306,45.102438],[25.71308,45.102492],[25.713111,45.102545],[25.71315,45.102594],[25.713197,45.102639],[25.7132,45.102642],[25.713201,45.102644],[25.713219,45.102693],[25.713355,45.10261],[25.713378,45.102597],[25.713402,45.102584],[25.713427,45.102573],[25.713453,45.102563],[25.713479,45.102554],[25.713506,45.102546],[25.713534,45.102539],[25.713642,45.102515],[25.713716,45.102503],[25.713788,45.102499],[25.71386,45.102502],[25.713867,45.102503],[25.713865,45.102288],[25.71433,45.102285],[25.71431,45.102266],[25.714306,45.102264],[25.714306,45.102261],[25.714285,45.102207],[25.714255,45.102154],[25.714216,45.102105],[25.714169,45.10206],[25.714114,45.102019],[25.714052,45.101983],[25.713984,45.101953],[25.713912,45.10193],[25.713836,45.101913],[25.713757,45.101903],[25.713677,45.1019],[25.713598,45.101904]]],[[[25.706535,45.10248],[25.706505,45.102428],[25.706465,45.102379],[25.706418,45.102333],[25.706363,45.102293],[25.706301,45.102257],[25.706233,45.102227],[25.706161,45.102203],[25.706085,45.102186],[25.706006,45.102176],[25.705926,45.102173],[25.705847,45.102177],[25.705769,45.102188],[25.705693,45.102206],[25.705621,45.102231],[25.705554,45.102262],[25.705493,45.102298],[25.705439,45.102339],[25.705393,45.102385],[25.705355,45.102435],[25.705326,45.102488],[25.705307,45.102543],[25.705298,45.102599],[25.705298,45.102655],[25.705309,45.102711],[25.705329,45.102766],[25.70536,45.102818],[25.705399,45.102868],[25.705446,45.102913],[25.705501,45.102954],[25.705563,45.10299],[25.705631,45.103019],[25.705703,45.103043],[25.705779,45.10306],[25.705858,45.10307],[25.705938,45.103073],[25.706017,45.103069],[25.706095,45.103058],[25.706171,45.10304],[25.706243,45.103016],[25.70631,45.102985],[25.706371,45.102949],[25.706425,45.102907],[25.706471,45.102861],[25.706509,45.102811],[25.706538,45.102759],[25.706557,45.102704],[25.706566,45.102648],[25.706566,45.102591],[25.706555,45.102535],[25.706535,45.10248]]],[[[25.727347,45.102539],[25.727327,45.102484],[25.727297,45.102432],[25.727258,45.102382],[25.72721,45.102337],[25.727155,45.102296],[25.727093,45.102261],[25.727025,45.102231],[25.726953,45.102207],[25.726877,45.10219],[25.726798,45.10218],[25.726718,45.102177],[25.726639,45.102181],[25.726561,45.102192],[25.726485,45.10221],[25.726413,45.102235],[25.726346,45.102265],[25.726285,45.102302],[25.726231,45.102343],[25.726185,45.102389],[25.726147,45.102439],[25.726118,45.102492],[25.726099,45.102547],[25.72609,45.102603],[25.72609,45.102659],[25.726101,45.102715],[25.726122,45.10277],[25.726152,45.102822],[25.726191,45.102872],[25.726238,45.102917],[25.726293,45.102958],[25.726355,45.102993],[25.726423,45.103023],[25.726496,45.103047],[25.726572,45.103064],[25.72665,45.103074],[25.72673,45.103077],[25.72681,45.103073],[25.726888,45.103062],[25.726963,45.103044],[25.727035,45.103019],[25.727102,45.102989],[25.727163,45.102952],[25.727217,45.102911],[25.727264,45.102865],[25.727302,45.102815],[25.72733,45.102762],[25.727349,45.102707],[25.727359,45.102651],[25.727358,45.102595],[25.727347,45.102539]]],[[[25.717415,45.10281],[25.717385,45.102758],[25.717346,45.102708],[25.717299,45.102663],[25.717244,45.102622],[25.717182,45.102586],[25.717114,45.102556],[25.717042,45.102533],[25.716965,45.102516],[25.716887,45.102506],[25.716807,45.102503],[25.716728,45.102507],[25.716649,45.102518],[25.716574,45.102536],[25.716502,45.10256],[25.716435,45.102591],[25.71641,45.102606],[25.716419,45.103305],[25.716444,45.103319],[25.716512,45.103349],[25.716584,45.103373],[25.71666,45.10339],[25.716739,45.1034],[25.716819,45.103403],[25.716898,45.103399],[25.716976,45.103388],[25.717052,45.10337],[25.717124,45.103345],[25.717191,45.103314],[25.717252,45.103278],[25.717306,45.103236],[25.717352,45.10319],[25.71739,45.103141],[25.717419,45.103088],[25.717438,45.103033],[25.717447,45.102977],[25.717447,45.10292],[25.717436,45.102864],[25.717415,45.10281]]],[[[25.703826,45.103678],[25.703893,45.103708],[25.703913,45.103715],[25.70388,45.10371],[25.7038,45.103707],[25.70372,45.103711],[25.703642,45.103722],[25.703566,45.10374],[25.703495,45.103765],[25.703428,45.103796],[25.703366,45.103832],[25.703312,45.103873],[25.703285,45.103901],[25.703285,45.103902],[25.703284,45.103922],[25.703281,45.103941],[25.703283,45.103957],[25.703288,45.103975],[25.703292,45.103993],[25.703294,45.104011],[25.703295,45.104029],[25.703295,45.104047],[25.703293,45.104065],[25.703289,45.104083],[25.703274,45.104152],[25.703258,45.104225],[25.703275,45.104271],[25.70329,45.104309],[25.703312,45.104351],[25.703341,45.104408],[25.703387,45.104495],[25.703437,45.104524],[25.703504,45.104553],[25.703538,45.104565],[25.703543,45.104558],[25.703549,45.10455],[25.703596,45.104485],[25.703634,45.104434],[25.703651,45.10441],[25.70367,45.104388],[25.703709,45.104337],[25.703745,45.104283],[25.703786,45.104221],[25.703817,45.10418],[25.70386,45.104139],[25.70391,45.104102],[25.703968,45.104071],[25.704031,45.104046],[25.704098,45.104027],[25.704104,45.104025],[25.704159,45.104005],[25.704187,45.103996],[25.704216,45.103989],[25.704245,45.103983],[25.704275,45.103978],[25.704306,45.103974],[25.704337,45.103972],[25.704382,45.103969],[25.704378,45.103962],[25.704339,45.103913],[25.704292,45.103867],[25.704236,45.103827],[25.704174,45.103791],[25.704107,45.103761],[25.704087,45.103755],[25.70412,45.103759],[25.7042,45.103762],[25.70428,45.103758],[25.704358,45.103747],[25.704417,45.103733],[25.704327,45.103697],[25.704237,45.103661],[25.704216,45.103652],[25.704165,45.103626],[25.704078,45.103576],[25.703991,45.103525],[25.703904,45.103475],[25.703887,45.103464],[25.70387,45.103495],[25.703856,45.10352],[25.703822,45.103566],[25.703779,45.103607],[25.703747,45.10363],[25.703764,45.103643],[25.703826,45.103678]]],[[[25.719624,45.10312],[25.719585,45.103071],[25.719538,45.103025],[25.719483,45.102985],[25.719421,45.102949],[25.719353,45.102919],[25.71928,45.102896],[25.719204,45.102879],[25.719126,45.102868],[25.719046,45.102865],[25.718967,45.102869],[25.718888,45.102881],[25.718813,45.102898],[25.718741,45.102923],[25.718674,45.102954],[25.718613,45.10299],[25.718559,45.103032],[25.718512,45.103078],[25.718474,45.103127],[25.718446,45.10318],[25.718427,45.103235],[25.718417,45.103291],[25.718418,45.103348],[25.718429,45.103404],[25.718449,45.103458],[25.718479,45.103511],[25.718518,45.10356],[25.718566,45.103605],[25.718621,45.103646],[25.718683,45.103682],[25.718751,45.103712],[25.718823,45.103735],[25.718899,45.103752],[25.718978,45.103762],[25.719057,45.103765],[25.719137,45.103761],[25.719215,45.10375],[25.719291,45.103732],[25.719363,45.103708],[25.71943,45.103677],[25.719491,45.103641],[25.719545,45.103599],[25.719591,45.103553],[25.719629,45.103503],[25.719629,45.103503],[25.719626,45.103226],[25.719674,45.103226],[25.719654,45.103172],[25.719624,45.10312]]],[[[25.712303,45.103257],[25.712223,45.103254],[25.712144,45.103258],[25.712066,45.103269],[25.71199,45.103287],[25.711918,45.103311],[25.711851,45.103342],[25.71179,45.103379],[25.711736,45.10342],[25.71169,45.103466],[25.711652,45.103516],[25.711623,45.103569],[25.711604,45.103623],[25.7116,45.103645],[25.711618,45.103639],[25.711645,45.10363],[25.711672,45.103623],[25.711701,45.103617],[25.711729,45.103612],[25.711758,45.103608],[25.711938,45.103588],[25.712129,45.103565],[25.712181,45.103491],[25.712207,45.103459],[25.712312,45.103342],[25.712353,45.103301],[25.712378,45.103283],[25.712395,45.10327],[25.712382,45.103267],[25.712303,45.103257]]],[[[25.715089,45.104232],[25.715146,45.104244],[25.714957,45.104182],[25.715017,45.104208],[25.715089,45.104232]]],[[[25.727138,45.103727],[25.727118,45.103673],[25.727088,45.10362],[25.727048,45.103571],[25.727001,45.103526],[25.726946,45.103485],[25.726884,45.103449],[25.726816,45.103419],[25.726744,45.103396],[25.726668,45.103379],[25.726589,45.103369],[25.726509,45.103366],[25.72643,45.10337],[25.726351,45.103381],[25.726276,45.103399],[25.726204,45.103423],[25.726137,45.103454],[25.726076,45.10349],[25.726022,45.103532],[25.725976,45.103578],[25.725938,45.103628],[25.725909,45.103681],[25.72589,45.103735],[25.725881,45.103792],[25.725881,45.103848],[25.725892,45.103904],[25.725913,45.103959],[25.725943,45.104011],[25.725982,45.10406],[25.726029,45.104106],[25.726084,45.104147],[25.726146,45.104182],[25.726214,45.104212],[25.726287,45.104236],[25.726363,45.104253],[25.726441,45.104263],[25.726521,45.104266],[25.7266,45.104262],[25.726679,45.104251],[25.726754,45.104233],[25.726826,45.104208],[25.726893,45.104177],[25.726954,45.104141],[25.727008,45.104099],[25.727055,45.104053],[25.727092,45.104004],[25.727121,45.103951],[25.72714,45.103896],[25.72715,45.10384],[25.727149,45.103783],[25.727138,45.103727]]],[[[25.72562,45.104046],[25.72559,45.103994],[25.725551,45.103945],[25.725503,45.103899],[25.725448,45.103858],[25.725386,45.103823],[25.725319,45.103793],[25.725246,45.103769],[25.72517,45.103752],[25.725092,45.103742],[25.725012,45.103739],[25.724932,45.103743],[25.724854,45.103754],[25.724778,45.103772],[25.724706,45.103797],[25.724639,45.103827],[25.724578,45.103864],[25.724524,45.103905],[25.724478,45.103951],[25.72444,45.104001],[25.724412,45.104054],[25.724392,45.104109],[25.724383,45.104165],[25.724384,45.104221],[25.724395,45.104277],[25.724415,45.104332],[25.724445,45.104384],[25.724484,45.104434],[25.724532,45.104479],[25.724587,45.10452],[25.724649,45.104555],[25.724716,45.104585],[25.724789,45.104609],[25.724865,45.104626],[25.724944,45.104636],[25.725023,45.104639],[25.725103,45.104635],[25.725181,45.104624],[25.725257,45.104606],[25.725329,45.104581],[25.725396,45.104551],[25.725457,45.104514],[25.725511,45.104473],[25.725557,45.104427],[25.725595,45.104377],[25.725624,45.104324],[25.725643,45.104269],[25.725652,45.104213],[25.725651,45.104157],[25.725641,45.104101],[25.72562,45.104046]]],[[[25.719582,45.104131],[25.719563,45.104186],[25.71956,45.104204],[25.719581,45.104204],[25.719638,45.104203],[25.719636,45.104045],[25.719611,45.104078],[25.719582,45.104131]]],[[[25.718245,45.104059],[25.718178,45.104029],[25.718105,45.104005],[25.718029,45.103988],[25.71795,45.103978],[25.717871,45.103975],[25.717791,45.103979],[25.717713,45.10399],[25.717637,45.104008],[25.717565,45.104033],[25.717511,45.104058],[25.717516,45.104059],[25.71758,45.104083],[25.717639,45.104113],[25.71769,45.104149],[25.717734,45.10419],[25.717756,45.104218],[25.717863,45.10424],[25.717968,45.104244],[25.718166,45.104241],[25.71835,45.104227],[25.71836,45.104226],[25.718442,45.104221],[25.71841,45.104181],[25.718362,45.104135],[25.718307,45.104094],[25.718245,45.104059]]],[[[25.717141,45.10486],[25.717188,45.104905],[25.717243,45.104946],[25.717305,45.104982],[25.717373,45.105012],[25.717445,45.105035],[25.717521,45.105052],[25.7176,45.105062],[25.71768,45.105065],[25.717759,45.105061],[25.717837,45.10505],[25.717913,45.105032],[25.717985,45.105008],[25.718052,45.104977],[25.718076,45.104963],[25.717965,45.104964],[25.717929,45.104964],[25.717747,45.104956],[25.717708,45.104954],[25.717635,45.104943],[25.717447,45.104904],[25.717409,45.104895],[25.717219,45.104844],[25.717193,45.104836],[25.717129,45.104812],[25.717091,45.104792],[25.717101,45.104811],[25.717141,45.10486]]],[[[25.723926,45.105921],[25.723955,45.105868],[25.723974,45.105813],[25.723983,45.105757],[25.723983,45.105701],[25.723972,45.105645],[25.723951,45.10559],[25.723921,45.105538],[25.723882,45.105489],[25.723881,45.105488],[25.723887,45.105972],[25.723888,45.105971],[25.723926,45.105921]]],[[[25.723331,45.10503],[25.72333,45.104974],[25.723319,45.104918],[25.723299,45.104863],[25.723269,45.104811],[25.72323,45.104761],[25.723182,45.104716],[25.723127,45.104675],[25.723065,45.10464],[25.722998,45.10461],[25.722925,45.104586],[25.722849,45.104569],[25.72277,45.104559],[25.722691,45.104556],[25.722611,45.10456],[25.722533,45.104571],[25.722457,45.104589],[25.722432,45.104598],[25.722428,45.104593],[25.722381,45.104547],[25.722326,45.104506],[25.722264,45.104471],[25.722196,45.104441],[25.722183,45.104437],[25.72219,45.10501],[25.721313,45.105016],[25.721322,45.105032],[25.721361,45.105082],[25.721402,45.105121],[25.722606,45.105113],[25.723314,45.105108],[25.723322,45.105086],[25.723331,45.10503]]],[[[25.724824,45.104922],[25.724794,45.104869],[25.724755,45.10482],[25.724708,45.104775],[25.724653,45.104734],[25.724591,45.104698],[25.724523,45.104668],[25.724451,45.104645],[25.724374,45.104628],[25.724296,45.104618],[25.724216,45.104615],[25.724137,45.104619],[25.724058,45.10463],[25.723983,45.104648],[25.723911,45.104672],[25.723844,45.104703],[25.723783,45.104739],[25.723729,45.104781],[25.723682,45.104827],[25.723645,45.104877],[25.723616,45.104929],[25.723597,45.104984],[25.723587,45.10504],[25.723588,45.105097],[25.72359,45.105107],[25.723876,45.105105],[25.723881,45.105443],[25.723921,45.105461],[25.723993,45.105484],[25.72407,45.105501],[25.724148,45.105511],[25.724228,45.105514],[25.724307,45.10551],[25.724386,45.105499],[25.724461,45.105481],[25.724533,45.105457],[25.7246,45.105426],[25.724661,45.10539],[25.724715,45.105348],[25.724762,45.105302],[25.724799,45.105252],[25.724828,45.1052],[25.724847,45.105145],[25.724856,45.105089],[25.724856,45.105032],[25.724845,45.104976],[25.724824,45.104922]]],[[[25.710103,45.105091],[25.710064,45.105042],[25.710017,45.104997],[25.709962,45.104956],[25.7099,45.10492],[25.709832,45.10489],[25.709759,45.104867],[25.709683,45.10485],[25.709605,45.10484],[25.709525,45.104836],[25.709446,45.104841],[25.709367,45.104852],[25.709292,45.10487],[25.70922,45.104894],[25.709153,45.104925],[25.709092,45.104961],[25.709038,45.105003],[25.708991,45.105049],[25.708953,45.105098],[25.708925,45.105151],[25.708906,45.105206],[25.708896,45.105262],[25.708897,45.105319],[25.708907,45.105373],[25.708862,45.105384],[25.708862,45.105384],[25.708858,45.105364],[25.708838,45.105309],[25.708808,45.105257],[25.708769,45.105208],[25.708721,45.105162],[25.708666,45.105121],[25.708604,45.105086],[25.708536,45.105056],[25.708464,45.105032],[25.708388,45.105015],[25.708309,45.105005],[25.70823,45.105002],[25.70815,45.105006],[25.708072,45.105017],[25.707996,45.105035],[25.707924,45.10506],[25.707898,45.105072],[25.707906,45.105091],[25.707912,45.105112],[25.707917,45.105131],[25.707931,45.105185],[25.707998,45.105301],[25.708004,45.10531],[25.708044,45.105358],[25.708051,45.105366],[25.708092,45.105386],[25.708105,45.105392],[25.708187,45.105435],[25.708269,45.105477],[25.708351,45.105519],[25.708433,45.105562],[25.708464,45.105578],[25.708499,45.105602],[25.708576,45.105658],[25.708652,45.105714],[25.708729,45.10577],[25.708806,45.105826],[25.708879,45.105879],[25.708936,45.105919],[25.708997,45.105961],[25.709021,45.105978],[25.709087,45.106006],[25.709192,45.10605],[25.709296,45.106094],[25.709307,45.106098],[25.709422,45.106104],[25.709534,45.106111],[25.709559,45.106112],[25.709595,45.106084],[25.709641,45.106038],[25.709679,45.105989],[25.709708,45.105936],[25.709727,45.105881],[25.709736,45.105825],[25.709735,45.105768],[25.709725,45.105714],[25.70977,45.105703],[25.709842,45.105679],[25.709909,45.105648],[25.70997,45.105612],[25.710024,45.10557],[25.71007,45.105524],[25.710108,45.105474],[25.710137,45.105422],[25.710156,45.105367],[25.710165,45.105311],[25.710165,45.105254],[25.710154,45.105198],[25.710133,45.105144],[25.710103,45.105091]]],[[[25.719482,45.106296],[25.719452,45.106244],[25.719413,45.106195],[25.719365,45.106149],[25.71931,45.106108],[25.719248,45.106073],[25.71918,45.106043],[25.719108,45.106019],[25.719032,45.106002],[25.718953,45.105992],[25.718873,45.105989],[25.718794,45.105993],[25.718716,45.106004],[25.71864,45.106022],[25.718568,45.106047],[25.718501,45.106077],[25.71844,45.106114],[25.718386,45.106155],[25.71834,45.106201],[25.718302,45.106251],[25.718273,45.106304],[25.718254,45.106359],[25.718249,45.106386],[25.718195,45.106355],[25.718127,45.106325],[25.718054,45.106301],[25.717978,45.106284],[25.7179,45.106274],[25.71782,45.106271],[25.71774,45.106275],[25.717662,45.106286],[25.717587,45.106304],[25.717515,45.106329],[25.717448,45.106359],[25.717387,45.106396],[25.717333,45.106437],[25.717286,45.106483],[25.717248,45.106533],[25.71722,45.106586],[25.717201,45.106641],[25.717191,45.106697],[25.717192,45.106753],[25.717203,45.106809],[25.717223,45.106864],[25.717253,45.106916],[25.717292,45.106966],[25.71734,45.107011],[25.717395,45.107052],[25.717457,45.107088],[25.717525,45.107117],[25.717597,45.107141],[25.717673,45.107158],[25.717752,45.107168],[25.717831,45.107171],[25.717911,45.107167],[25.717989,45.107156],[25.718065,45.107138],[25.718137,45.107113],[25.718204,45.107083],[25.718265,45.107046],[25.718319,45.107005],[25.718365,45.106959],[25.718403,45.106909],[25.718432,45.106856],[25.718451,45.106801],[25.718456,45.106774],[25.71851,45.106806],[25.718578,45.106835],[25.71865,45.106859],[25.718727,45.106876],[25.718805,45.106886],[25.718885,45.106889],[25.718964,45.106885],[25.719043,45.106874],[25.719118,45.106856],[25.71919,45.106831],[25.719257,45.106801],[25.719318,45.106764],[25.719372,45.106723],[25.719419,45.106677],[25.719456,45.106627],[25.719485,45.106574],[25.719504,45.106519],[25.719514,45.106463],[25.719513,45.106407],[25.719502,45.106351],[25.719482,45.106296]]],[[[25.716904,45.106754],[25.716874,45.106701],[25.716835,45.106652],[25.716788,45.106607],[25.716732,45.106566],[25.71667,45.10653],[25.716603,45.1065],[25.71653,45.106477],[25.716454,45.10646],[25.716376,45.10645],[25.716296,45.106447],[25.716216,45.106451],[25.716138,45.106462],[25.716062,45.10648],[25.715991,45.106504],[25.715924,45.106535],[25.715863,45.106571],[25.715808,45.106613],[25.715762,45.106659],[25.715724,45.106709],[25.715696,45.106761],[25.715676,45.106816],[25.715667,45.106872],[25.715668,45.106929],[25.715679,45.106985],[25.715699,45.107039],[25.715729,45.107092],[25.715768,45.107141],[25.715816,45.107186],[25.715871,45.107227],[25.715933,45.107263],[25.716,45.107293],[25.716073,45.107316],[25.716149,45.107333],[25.716228,45.107343],[25.716307,45.107347],[25.716387,45.107342],[25.716465,45.107331],[25.716541,45.107313],[25.716613,45.107289],[25.71668,45.107258],[25.716741,45.107222],[25.716795,45.10718],[25.716841,45.107134],[25.716879,45.107084],[25.716908,45.107032],[25.716927,45.106977],[25.716936,45.106921],[25.716935,45.106864],[25.716925,45.106808],[25.716904,45.106754]]],[[[25.709553,45.107083],[25.709573,45.107138],[25.709603,45.10719],[25.709642,45.107239],[25.70969,45.107285],[25.709745,45.107325],[25.709787,45.10735],[25.709784,45.107342],[25.709755,45.107298],[25.709703,45.107222],[25.709652,45.107146],[25.7096,45.10707],[25.709549,45.106994],[25.709542,45.106983],[25.709542,45.107027],[25.709553,45.107083]]],[[[25.712502,45.10657],[25.712423,45.10656],[25.712353,45.106557],[25.71231,45.106596],[25.712295,45.10661],[25.712261,45.106636],[25.712117,45.106734],[25.712081,45.106788],[25.712062,45.106825],[25.71209,45.106834],[25.712121,45.106845],[25.712202,45.106877],[25.712283,45.106909],[25.712307,45.106919],[25.71236,45.106946],[25.712452,45.107],[25.712545,45.107055],[25.712638,45.107109],[25.712731,45.107163],[25.712753,45.107177],[25.712774,45.107191],[25.712793,45.107206],[25.712812,45.107222],[25.712829,45.107239],[25.71296,45.107376],[25.712996,45.107422],[25.713011,45.107445],[25.713027,45.107468],[25.713062,45.107522],[25.713098,45.107576],[25.713125,45.107624],[25.713139,45.107665],[25.713157,45.107736],[25.713175,45.107807],[25.713193,45.107879],[25.713211,45.10795],[25.713213,45.107959],[25.713217,45.107982],[25.713225,45.108047],[25.713233,45.108112],[25.713236,45.108134],[25.71324,45.108132],[25.713301,45.108096],[25.713355,45.108054],[25.713402,45.108008],[25.713439,45.107958],[25.713468,45.107906],[25.713487,45.107851],[25.713497,45.107795],[25.713496,45.107738],[25.713485,45.107682],[25.713465,45.107628],[25.713435,45.107575],[25.713396,45.107526],[25.713348,45.10748],[25.713293,45.10744],[25.713231,45.107404],[25.713189,45.107385],[25.713189,45.107361],[25.713178,45.107305],[25.713157,45.10725],[25.713127,45.107198],[25.713088,45.107149],[25.713041,45.107103],[25.712986,45.107062],[25.712979,45.107059],[25.712984,45.107031],[25.712983,45.106974],[25.712972,45.106918],[25.712952,45.106864],[25.712922,45.106811],[25.712883,45.106762],[25.712835,45.106717],[25.71278,45.106676],[25.712718,45.10664],[25.71265,45.10661],[25.712578,45.106587],[25.712502,45.10657]]],[[[25.711043,45.107371],[25.711044,45.107428],[25.711055,45.107484],[25.711075,45.107538],[25.711105,45.107591],[25.711144,45.10764],[25.711148,45.107644],[25.711383,45.107655],[25.711551,45.107657],[25.711607,45.10766],[25.711639,45.107664],[25.711854,45.107695],[25.711895,45.107702],[25.711824,45.107643],[25.711807,45.107637],[25.71167,45.107576],[25.711612,45.107545],[25.71158,45.107524],[25.711412,45.107404],[25.711367,45.107389],[25.711356,45.107385],[25.711344,45.107381],[25.711337,45.107378],[25.711315,45.107371],[25.711299,45.107365],[25.711203,45.107331],[25.711107,45.107297],[25.711064,45.107282],[25.711053,45.107315],[25.711043,45.107371]]],[[[25.715281,45.107325],[25.71525,45.107273],[25.715211,45.107224],[25.715164,45.107178],[25.715109,45.107137],[25.715047,45.107102],[25.714979,45.107072],[25.714907,45.107048],[25.71483,45.107031],[25.714752,45.107021],[25.714672,45.107018],[25.714593,45.107022],[25.714514,45.107033],[25.714439,45.107051],[25.714367,45.107076],[25.7143,45.107106],[25.714239,45.107143],[25.714185,45.107184],[25.714138,45.10723],[25.714101,45.10728],[25.714072,45.107333],[25.714053,45.107388],[25.714043,45.107444],[25.714044,45.1075],[25.714055,45.107556],[25.714075,45.107611],[25.714105,45.107663],[25.714144,45.107713],[25.714192,45.107758],[25.714247,45.107799],[25.714309,45.107835],[25.714377,45.107864],[25.714449,45.107888],[25.714525,45.107905],[25.714604,45.107915],[25.714684,45.107918],[25.714763,45.107914],[25.714841,45.107903],[25.714917,45.107885],[25.714989,45.107861],[25.715056,45.10783],[25.715117,45.107793],[25.715171,45.107752],[25.715217,45.107706],[25.715255,45.107656],[25.715284,45.107603],[25.715303,45.107549],[25.715312,45.107492],[25.715312,45.107436],[25.715301,45.10738],[25.715281,45.107325]]],[[[25.711112,45.107635],[25.711116,45.107638],[25.711107,45.107629],[25.711112,45.107635]]],[[[25.709979,45.107887],[25.709979,45.107944],[25.70999,45.108],[25.710011,45.108054],[25.710041,45.108107],[25.71008,45.108156],[25.710127,45.108202],[25.710182,45.108242],[25.710244,45.108278],[25.710312,45.108308],[25.710384,45.108331],[25.710461,45.108348],[25.710539,45.108359],[25.710619,45.108362],[25.710698,45.108358],[25.710719,45.108355],[25.710638,45.108338],[25.710577,45.108321],[25.710513,45.108297],[25.710454,45.108267],[25.710402,45.108231],[25.710379,45.108211],[25.71031,45.108147],[25.710241,45.108082],[25.710172,45.108018],[25.710151,45.107997],[25.710124,45.107964],[25.710073,45.107894],[25.710022,45.107823],[25.710001,45.107794],[25.709988,45.107831],[25.709979,45.107887]]],[[[25.707708,45.107806],[25.707678,45.107753],[25.707639,45.107704],[25.707591,45.107659],[25.707536,45.107618],[25.707474,45.107582],[25.707406,45.107552],[25.707334,45.107529],[25.707258,45.107512],[25.707179,45.107502],[25.7071,45.107498],[25.70702,45.107503],[25.706942,45.107514],[25.706866,45.107532],[25.706794,45.107556],[25.706727,45.107587],[25.706666,45.107623],[25.706612,45.107665],[25.706566,45.107711],[25.706528,45.10776],[25.706499,45.107813],[25.70648,45.107868],[25.706471,45.107924],[25.706471,45.107981],[25.706482,45.108037],[25.706503,45.108091],[25.706533,45.108144],[25.706572,45.108193],[25.706619,45.108238],[25.706674,45.108279],[25.706736,45.108315],[25.706804,45.108345],[25.706877,45.108368],[25.706953,45.108385],[25.707031,45.108395],[25.707111,45.108398],[25.70719,45.108394],[25.707269,45.108383],[25.707344,45.108365],[25.707416,45.108341],[25.707483,45.10831],[25.707544,45.108274],[25.707598,45.108232],[25.707645,45.108186],[25.707683,45.108136],[25.707711,45.108084],[25.70773,45.108029],[25.70774,45.107973],[25.707739,45.107916],[25.707728,45.10786],[25.707708,45.107806]]],[[[25.716861,45.108122],[25.716831,45.10807],[25.716792,45.10802],[25.716744,45.107975],[25.716689,45.107934],[25.716627,45.107898],[25.71656,45.107868],[25.716487,45.107845],[25.716411,45.107828],[25.716332,45.107818],[25.716253,45.107815],[25.716173,45.107819],[25.716095,45.10783],[25.716019,45.107848],[25.715947,45.107872],[25.71588,45.107903],[25.715819,45.107939],[25.715765,45.107981],[25.715719,45.108027],[25.715681,45.108077],[25.715652,45.10813],[25.715633,45.108184],[25.715624,45.10824],[25.715625,45.108297],[25.715635,45.108353],[25.715656,45.108408],[25.715686,45.10846],[25.715725,45.108509],[25.715772,45.108555],[25.715828,45.108595],[25.71589,45.108631],[25.715957,45.108661],[25.71603,45.108685],[25.716106,45.108702],[25.716184,45.108712],[25.716264,45.108715],[25.716344,45.108711],[25.716422,45.1087],[25.716498,45.108682],[25.71657,45.108657],[25.716637,45.108626],[25.716698,45.10859],[25.716752,45.108548],[25.716798,45.108502],[25.716836,45.108453],[25.716865,45.1084],[25.716884,45.108345],[25.716893,45.108289],[25.716892,45.108232],[25.716882,45.108176],[25.716861,45.108122]]],[[[25.711715,45.108681],[25.711696,45.108736],[25.711687,45.108792],[25.711688,45.108848],[25.711698,45.108904],[25.711719,45.108959],[25.711749,45.109011],[25.711788,45.10906],[25.711835,45.109106],[25.711891,45.109147],[25.711952,45.109182],[25.71202,45.109212],[25.712047,45.109221],[25.712069,45.109145],[25.71209,45.109074],[25.712101,45.10902],[25.712108,45.108987],[25.712053,45.108926],[25.711988,45.108853],[25.711926,45.108784],[25.711922,45.108779],[25.711856,45.108706],[25.711799,45.108641],[25.711762,45.108605],[25.711744,45.108628],[25.711715,45.108681]]],[[[25.719508,45.108654],[25.719478,45.108602],[25.719439,45.108553],[25.719391,45.108507],[25.719336,45.108466],[25.719274,45.108431],[25.719206,45.108401],[25.719134,45.108377],[25.719058,45.10836],[25.718979,45.10835],[25.7189,45.108347],[25.71882,45.108351],[25.718742,45.108362],[25.718666,45.10838],[25.718594,45.108405],[25.718527,45.108436],[25.718466,45.108472],[25.718412,45.108514],[25.718366,45.10856],[25.718328,45.108609],[25.718299,45.108662],[25.71828,45.108717],[25.718271,45.108773],[25.718272,45.10883],[25.718282,45.108886],[25.718303,45.10894],[25.718333,45.108992],[25.718372,45.109042],[25.718419,45.109087],[25.718475,45.109128],[25.718536,45.109164],[25.718604,45.109193],[25.718677,45.109217],[25.718753,45.109234],[25.718831,45.109244],[25.718911,45.109247],[25.718991,45.109243],[25.719069,45.109232],[25.719145,45.109214],[25.719216,45.10919],[25.719283,45.109159],[25.719344,45.109122],[25.719399,45.109081],[25.719445,45.109035],[25.719483,45.108985],[25.719511,45.108932],[25.719531,45.108878],[25.71954,45.108821],[25.719539,45.108765],[25.719528,45.108709],[25.719508,45.108654]]],[[[25.724728,45.108677],[25.724689,45.108627],[25.724641,45.108582],[25.724586,45.108541],[25.724524,45.108506],[25.724456,45.108476],[25.724384,45.108452],[25.724308,45.108435],[25.724229,45.108425],[25.724149,45.108422],[25.72407,45.108426],[25.723992,45.108437],[25.723916,45.108455],[25.723844,45.10848],[25.723777,45.10851],[25.723716,45.108547],[25.723662,45.108588],[25.723616,45.108634],[25.723578,45.108684],[25.723549,45.108737],[25.72353,45.108792],[25.723521,45.108848],[25.723521,45.108904],[25.723532,45.10896],[25.72355,45.109009],[25.723532,45.109001],[25.723459,45.108977],[25.723383,45.10896],[25.723304,45.10895],[25.723225,45.108947],[25.723145,45.108951],[25.723067,45.108962],[25.722991,45.10898],[25.722919,45.109004],[25.722852,45.109035],[25.722791,45.109072],[25.722737,45.109113],[25.722691,45.109159],[25.722653,45.109209],[25.722624,45.109262],[25.722605,45.109316],[25.722596,45.109373],[25.722597,45.109429],[25.722607,45.109485],[25.722628,45.10954],[25.722658,45.109592],[25.722697,45.109641],[25.722744,45.109687],[25.7228,45.109728],[25.722862,45.109763],[25.722929,45.109793],[25.723002,45.109817],[25.723078,45.109834],[25.723156,45.109844],[25.723236,45.109847],[25.723316,45.109843],[25.723394,45.109832],[25.72347,45.109814],[25.723537,45.109791],[25.723548,45.109797],[25.723616,45.109827],[25.723688,45.109851],[25.723764,45.109868],[25.723843,45.109878],[25.723923,45.109881],[25.724002,45.109877],[25.72408,45.109866],[25.724156,45.109848],[25.724228,45.109823],[25.724295,45.109792],[25.724356,45.109756],[25.72441,45.109714],[25.724457,45.109668],[25.724494,45.109619],[25.724523,45.109566],[25.724542,45.109511],[25.724551,45.109455],[25.724551,45.109398],[25.72454,45.109342],[25.724519,45.109288],[25.724498,45.10925],[25.724533,45.109234],[25.724594,45.109197],[25.724648,45.109156],[25.724695,45.10911],[25.724733,45.10906],[25.724761,45.109007],[25.72478,45.108952],[25.72479,45.108896],[25.724789,45.10884],[25.724778,45.108784],[25.724758,45.108729],[25.724728,45.108677]]],[[[25.716777,45.109058],[25.716747,45.109006],[25.716708,45.108957],[25.716661,45.108911],[25.716606,45.10887],[25.716544,45.108835],[25.716476,45.108805],[25.716403,45.108781],[25.716327,45.108764],[25.716249,45.108754],[25.716169,45.108751],[25.71609,45.108755],[25.716011,45.108766],[25.715936,45.108784],[25.715864,45.108809],[25.715797,45.108839],[25.715736,45.108876],[25.715682,45.108917],[25.715635,45.108963],[25.715597,45.109013],[25.715569,45.109066],[25.71555,45.109121],[25.71554,45.109177],[25.715541,45.109233],[25.715552,45.109289],[25.715572,45.109344],[25.715602,45.109396],[25.715641,45.109446],[25.715689,45.109491],[25.715744,45.109532],[25.715771,45.109548],[25.716587,45.109542],[25.716614,45.109526],[25.716668,45.109485],[25.716714,45.109439],[25.716752,45.109389],[25.716781,45.109336],[25.7168,45.109281],[25.716809,45.109225],[25.716809,45.109169],[25.716798,45.109113],[25.716777,45.109058]]],[[[25.721945,45.108969],[25.721898,45.108923],[25.721843,45.108882],[25.721781,45.108847],[25.721713,45.108817],[25.72164,45.108793],[25.721564,45.108776],[25.721486,45.108766],[25.721406,45.108763],[25.721326,45.108767],[25.721248,45.108778],[25.721173,45.108796],[25.721101,45.108821],[25.721034,45.108851],[25.720973,45.108888],[25.720918,45.108929],[25.720872,45.108975],[25.720834,45.109025],[25.720806,45.109078],[25.720786,45.109133],[25.720777,45.109189],[25.720778,45.109245],[25.720789,45.109301],[25.720809,45.109356],[25.720839,45.109408],[25.720878,45.109458],[25.720926,45.109503],[25.720965,45.109532],[25.720913,45.109563],[25.720859,45.109605],[25.720812,45.109651],[25.720775,45.1097],[25.720746,45.109753],[25.720727,45.109808],[25.720718,45.109864],[25.720718,45.109921],[25.720729,45.109977],[25.720749,45.110031],[25.72078,45.110084],[25.720819,45.110133],[25.720866,45.110178],[25.720921,45.110219],[25.720983,45.110255],[25.721051,45.110285],[25.721123,45.110308],[25.7212,45.110325],[25.721278,45.110335],[25.721358,45.110338],[25.721437,45.110334],[25.721516,45.110323],[25.721591,45.110305],[25.721663,45.110281],[25.72173,45.11025],[25.721788,45.110216],[25.721788,45.110232],[25.721798,45.110288],[25.721819,45.110343],[25.721849,45.110395],[25.721888,45.110445],[25.721936,45.11049],[25.721991,45.110531],[25.722053,45.110567],[25.72212,45.110596],[25.722193,45.11062],[25.722269,45.110637],[25.722348,45.110647],[25.722427,45.11065],[25.722507,45.110646],[25.722585,45.110635],[25.722618,45.110627],[25.722639,45.110663],[25.722678,45.110712],[25.722725,45.110758],[25.72278,45.110799],[25.722842,45.110834],[25.72291,45.110864],[25.722983,45.110888],[25.723059,45.110905],[25.723137,45.110915],[25.723217,45.110918],[25.723296,45.110914],[25.723375,45.110903],[25.72345,45.110885],[25.723522,45.11086],[25.723589,45.11083],[25.72365,45.110793],[25.723704,45.110752],[25.723751,45.110706],[25.723789,45.110656],[25.723817,45.110603],[25.723836,45.110548],[25.723846,45.110492],[25.723845,45.110436],[25.723834,45.11038],[25.723814,45.110325],[25.723784,45.110273],[25.723745,45.110223],[25.723697,45.110178],[25.723642,45.110137],[25.72358,45.110101],[25.723512,45.110072],[25.72344,45.110048],[25.723364,45.110031],[25.723285,45.110021],[25.723205,45.110018],[25.723126,45.110022],[25.723048,45.110033],[25.723015,45.110041],[25.722994,45.110005],[25.722955,45.109956],[25.722908,45.10991],[25.722852,45.109869],[25.72279,45.109834],[25.722723,45.109804],[25.72265,45.10978],[25.722574,45.109763],[25.722496,45.109753],[25.722416,45.10975],[25.722336,45.109754],[25.722258,45.109765],[25.722182,45.109783],[25.72211,45.109808],[25.722043,45.109838],[25.721986,45.109873],[25.721986,45.109856],[25.721975,45.1098],[25.721955,45.109745],[25.721925,45.109693],[25.721886,45.109644],[25.721838,45.109598],[25.721799,45.109569],[25.721851,45.109538],[25.721905,45.109497],[25.721951,45.109451],[25.721989,45.109401],[25.722018,45.109348],[25.722037,45.109293],[25.722046,45.109237],[25.722046,45.109181],[25.722035,45.109125],[25.722014,45.10907],[25.721984,45.109018],[25.721945,45.108969]]],[[[25.717591,45.108985],[25.717513,45.108996],[25.717437,45.109014],[25.717365,45.109038],[25.717298,45.109069],[25.717237,45.109106],[25.717183,45.109147],[25.717137,45.109193],[25.717099,45.109243],[25.71707,45.109296],[25.717051,45.10935],[25.717042,45.109407],[25.717042,45.109463],[25.717053,45.109519],[25.717061,45.109539],[25.717988,45.109534],[25.717997,45.110211],[25.718052,45.110213],[25.718132,45.110209],[25.71821,45.110198],[25.718286,45.11018],[25.718358,45.110155],[25.718425,45.110124],[25.718486,45.110088],[25.71854,45.110046],[25.718586,45.11],[25.718624,45.109951],[25.718653,45.109898],[25.718672,45.109843],[25.718681,45.109787],[25.71868,45.10973],[25.71867,45.109674],[25.718649,45.10962],[25.718619,45.109567],[25.71858,45.109518],[25.718533,45.109473],[25.718477,45.109432],[25.718415,45.109396],[25.718348,45.109366],[25.718301,45.109351],[25.718299,45.109343],[25.718279,45.109288],[25.718249,45.109236],[25.71821,45.109186],[25.718162,45.109141],[25.718107,45.1091],[25.718045,45.109064],[25.717977,45.109035],[25.717905,45.109011],[25.717829,45.108994],[25.71775,45.108984],[25.71767,45.108981],[25.717591,45.108985]]],[[[25.715329,45.110125],[25.715309,45.11007],[25.715279,45.110018],[25.71524,45.109969],[25.715192,45.109923],[25.715137,45.109883],[25.715075,45.109847],[25.715007,45.109817],[25.714935,45.109793],[25.714912,45.109788],[25.714914,45.109965],[25.714172,45.10997],[25.714167,45.109976],[25.714129,45.110025],[25.7141,45.110078],[25.714081,45.110133],[25.714072,45.110189],[25.714072,45.110246],[25.714083,45.110302],[25.714104,45.110356],[25.714134,45.110409],[25.714173,45.110458],[25.71422,45.110503],[25.714275,45.110544],[25.714337,45.11058],[25.714405,45.11061],[25.714477,45.110633],[25.714554,45.11065],[25.714632,45.11066],[25.714712,45.110663],[25.714791,45.110659],[25.71487,45.110648],[25.714945,45.11063],[25.715017,45.110606],[25.715084,45.110575],[25.715145,45.110539],[25.715199,45.110497],[25.715246,45.110451],[25.715283,45.110401],[25.715312,45.110349],[25.715331,45.110294],[25.715341,45.110238],[25.71534,45.110181],[25.715329,45.110125]]],[[[25.724187,45.110925],[25.724177,45.110924],[25.724097,45.110928],[25.724019,45.110939],[25.723943,45.110957],[25.723871,45.110982],[25.723804,45.111012],[25.723743,45.111049],[25.723689,45.11109],[25.723643,45.111136],[25.723605,45.111186],[25.723576,45.111239],[25.723557,45.111294],[25.723548,45.11135],[25.723548,45.111359],[25.723518,45.111358],[25.723439,45.111362],[25.72336,45.111373],[25.723285,45.111391],[25.723213,45.111416],[25.723146,45.111446],[25.723085,45.111483],[25.723031,45.111524],[25.722984,45.11157],[25.722947,45.11162],[25.722918,45.111673],[25.722899,45.111728],[25.72289,45.111784],[25.72289,45.11184],[25.722901,45.111896],[25.722921,45.111951],[25.722952,45.112003],[25.722991,45.112053],[25.723038,45.112098],[25.723093,45.112139],[25.723155,45.112174],[25.723223,45.112204],[25.723295,45.112228],[25.723372,45.112245],[25.72345,45.112255],[25.72353,45.112258],[25.723609,45.112254],[25.723688,45.112243],[25.723763,45.112225],[25.723835,45.1122],[25.723902,45.11217],[25.723963,45.112133],[25.724017,45.112092],[25.724064,45.112046],[25.724101,45.111996],[25.72413,45.111943],[25.724149,45.111888],[25.724159,45.111832],[25.724159,45.111823],[25.724188,45.111824],[25.724219,45.111822],[25.724207,45.110857],[25.72419,45.110905],[25.724187,45.110925]]],[[[25.719977,45.110678],[25.719947,45.110626],[25.719908,45.110576],[25.719861,45.110531],[25.719805,45.11049],[25.719743,45.110455],[25.719676,45.110425],[25.719603,45.110401],[25.719527,45.110384],[25.719449,45.110374],[25.719369,45.110371],[25.719289,45.110375],[25.719211,45.110386],[25.719135,45.110404],[25.719063,45.110429],[25.718996,45.110459],[25.718935,45.110496],[25.718881,45.110537],[25.718835,45.110583],[25.718797,45.110633],[25.718768,45.110686],[25.718749,45.110741],[25.71874,45.110797],[25.718741,45.110853],[25.718751,45.110909],[25.718772,45.110964],[25.718802,45.111016],[25.718841,45.111066],[25.718889,45.111111],[25.718944,45.111152],[25.719006,45.111187],[25.719073,45.111217],[25.719146,45.111241],[25.719222,45.111258],[25.719301,45.111268],[25.71938,45.111271],[25.71946,45.111267],[25.719538,45.111256],[25.719614,45.111238],[25.719686,45.111213],[25.719753,45.111183],[25.719814,45.111146],[25.719868,45.111105],[25.719914,45.111059],[25.719952,45.111009],[25.719981,45.110956],[25.72,45.110901],[25.720009,45.110845],[25.720008,45.110789],[25.719998,45.110733],[25.719977,45.110678]]],[[[25.718529,45.11079],[25.718499,45.110738],[25.71846,45.110689],[25.718412,45.110643],[25.718357,45.110602],[25.718295,45.110567],[25.718227,45.110537],[25.718155,45.110513],[25.718079,45.110496],[25.718,45.110486],[25.718,45.110486],[25.718011,45.111333],[25.717644,45.111336],[25.717697,45.111353],[25.717774,45.11137],[25.717852,45.11138],[25.717932,45.111383],[25.718011,45.111379],[25.71809,45.111368],[25.718165,45.11135],[25.718237,45.111326],[25.718304,45.111295],[25.718365,45.111258],[25.718419,45.111217],[25.718466,45.111171],[25.718504,45.111121],[25.718532,45.111068],[25.718551,45.111014],[25.718561,45.110957],[25.71856,45.110901],[25.718549,45.110845],[25.718529,45.11079]]],[[[25.728437,45.111231],[25.728516,45.111241],[25.728596,45.111244],[25.728675,45.11124],[25.728753,45.111229],[25.728816,45.111214],[25.72882,45.11124],[25.728841,45.111295],[25.728871,45.111347],[25.72891,45.111396],[25.728958,45.111442],[25.729013,45.111482],[25.729075,45.111518],[25.729143,45.111548],[25.729215,45.111572],[25.729291,45.111588],[25.72937,45.111599],[25.729449,45.111602],[25.729529,45.111598],[25.729607,45.111586],[25.729683,45.111569],[25.729755,45.111544],[25.729822,45.111513],[25.729883,45.111477],[25.729937,45.111435],[25.729983,45.111389],[25.730021,45.11134],[25.73005,45.111287],[25.730069,45.111232],[25.730078,45.111176],[25.730077,45.111119],[25.730067,45.111063],[25.730046,45.111009],[25.730016,45.110956],[25.729977,45.110907],[25.72993,45.110862],[25.729874,45.110821],[25.729812,45.110785],[25.729745,45.110755],[25.729672,45.110732],[25.729596,45.110715],[25.729517,45.110705],[25.729438,45.110702],[25.729358,45.110706],[25.72928,45.110717],[25.729218,45.110732],[25.729213,45.110706],[25.729192,45.110651],[25.729162,45.110599],[25.729158,45.110593],[25.729171,45.110555],[25.729181,45.110499],[25.72918,45.110443],[25.729169,45.110387],[25.729149,45.110332],[25.729119,45.11028],[25.72908,45.11023],[25.729032,45.110185],[25.728977,45.110144],[25.728915,45.110109],[25.728847,45.110079],[25.728775,45.110055],[25.72871,45.110041],[25.728703,45.110054],[25.728699,45.110063],[25.728673,45.110113],[25.728646,45.110164],[25.728634,45.110186],[25.728626,45.110196],[25.72856,45.110293],[25.728554,45.110302],[25.728484,45.110398],[25.728473,45.110411],[25.728435,45.110458],[25.728399,45.110503],[25.728362,45.110549],[25.728325,45.110595],[25.728289,45.110642],[25.728252,45.110689],[25.728216,45.110735],[25.728179,45.110783],[25.728169,45.110795],[25.72809,45.110888],[25.728075,45.110903],[25.72806,45.110919],[25.728044,45.110933],[25.728026,45.110947],[25.727974,45.110986],[25.727922,45.111026],[25.727887,45.11105],[25.727853,45.111069],[25.727828,45.111082],[25.727802,45.111094],[25.727775,45.111104],[25.727747,45.111113],[25.727719,45.111121],[25.72769,45.111128],[25.72766,45.111134],[25.72763,45.111138],[25.727613,45.11114],[25.727515,45.111149],[25.727488,45.111152],[25.72746,45.111153],[25.727432,45.111153],[25.727405,45.111152],[25.727377,45.111149],[25.72735,45.111146],[25.727323,45.111142],[25.727307,45.111139],[25.72728,45.111134],[25.727252,45.111127],[25.727226,45.11112],[25.7272,45.111111],[25.727174,45.111101],[25.72715,45.11109],[25.727124,45.111087],[25.727098,45.111082],[25.727072,45.111076],[25.727047,45.111069],[25.727023,45.111061],[25.727022,45.111061],[25.727016,45.111097],[25.727017,45.111153],[25.727027,45.111209],[25.727048,45.111264],[25.727078,45.111316],[25.727117,45.111366],[25.727164,45.111411],[25.72722,45.111452],[25.727282,45.111487],[25.727349,45.111517],[25.727422,45.111541],[25.727498,45.111558],[25.727576,45.111568],[25.727656,45.111571],[25.727736,45.111567],[25.727814,45.111556],[25.72789,45.111538],[25.727962,45.111513],[25.728029,45.111483],[25.72809,45.111446],[25.728144,45.111405],[25.72819,45.111359],[25.728228,45.111309],[25.728257,45.111256],[25.728276,45.111201],[25.728278,45.111186],[25.728289,45.11119],[25.728361,45.111214],[25.728437,45.111231]]],[[[25.721379,45.111313],[25.721349,45.111261],[25.72131,45.111212],[25.721262,45.111166],[25.721207,45.111125],[25.721145,45.11109],[25.721077,45.11106],[25.721005,45.111036],[25.720929,45.111019],[25.72085,45.111009],[25.720771,45.111006],[25.720691,45.11101],[25.720613,45.111021],[25.720537,45.111039],[25.720465,45.111064],[25.720398,45.111094],[25.720337,45.111131],[25.720283,45.111172],[25.720237,45.111218],[25.720199,45.111268],[25.72017,45.111321],[25.720151,45.111376],[25.720142,45.111432],[25.720143,45.111488],[25.720153,45.111544],[25.720174,45.111599],[25.720204,45.111651],[25.720243,45.111701],[25.72029,45.111746],[25.720346,45.111787],[25.720407,45.111822],[25.720475,45.111852],[25.720548,45.111876],[25.720624,45.111893],[25.720702,45.111903],[25.720782,45.111906],[25.720862,45.111902],[25.72094,45.111891],[25.721016,45.111873],[25.721087,45.111848],[25.721154,45.111818],[25.721216,45.111781],[25.72127,45.11174],[25.721316,45.111694],[25.721354,45.111644],[25.721382,45.111591],[25.721402,45.111536],[25.721411,45.11148],[25.72141,45.111424],[25.721399,45.111368],[25.721379,45.111313]]],[[[25.725096,45.112395],[25.725035,45.112431],[25.724981,45.112473],[25.724935,45.112519],[25.7249,45.112564],[25.724954,45.112571],[25.725044,45.112574],[25.725092,45.112576],[25.725114,45.11256],[25.725143,45.112538],[25.725214,45.11246],[25.725221,45.112446],[25.725228,45.112432],[25.725232,45.112402],[25.725234,45.11239],[25.72523,45.112381],[25.725226,45.112369],[25.72521,45.112352],[25.725208,45.112349],[25.725163,45.112364],[25.725096,45.112395]]],[[[25.725786,45.113149],[25.725853,45.113118],[25.725914,45.113082],[25.725968,45.11304],[25.72599,45.113018],[25.726024,45.113033],[25.726097,45.113057],[25.726173,45.113074],[25.726251,45.113084],[25.726331,45.113087],[25.726411,45.113083],[25.726489,45.113072],[25.726565,45.113054],[25.726637,45.113029],[25.726704,45.112999],[25.726765,45.112962],[25.726819,45.112921],[25.726865,45.112875],[25.726903,45.112825],[25.726931,45.112772],[25.72695,45.112719],[25.726957,45.112726],[25.727012,45.112766],[25.727029,45.112776],[25.727021,45.112787],[25.726992,45.11284],[25.726973,45.112895],[25.726964,45.112951],[25.726965,45.113008],[25.726975,45.113064],[25.726996,45.113118],[25.727026,45.11317],[25.727065,45.11322],[25.727113,45.113265],[25.727168,45.113306],[25.72723,45.113342],[25.727297,45.113371],[25.72737,45.113395],[25.727446,45.113412],[25.727525,45.113422],[25.727604,45.113425],[25.727684,45.113421],[25.727762,45.11341],[25.727795,45.113402],[25.727804,45.113448],[25.727824,45.113503],[25.727854,45.113555],[25.727872,45.113577],[25.727848,45.113583],[25.727776,45.113608],[25.727709,45.113638],[25.727648,45.113675],[25.727594,45.113716],[25.727548,45.113762],[25.72751,45.113812],[25.727481,45.113865],[25.727462,45.11392],[25.727453,45.113976],[25.727454,45.114032],[25.727464,45.114088],[25.727485,45.114143],[25.727515,45.114195],[25.727554,45.114244],[25.727573,45.114263],[25.727551,45.114284],[25.727547,45.11429],[25.727519,45.114241],[25.72748,45.114191],[25.727432,45.114146],[25.727377,45.114105],[25.727315,45.114069],[25.727247,45.11404],[25.727175,45.114016],[25.727099,45.113999],[25.72702,45.113989],[25.72694,45.113986],[25.726861,45.11399],[25.726782,45.114001],[25.726707,45.114019],[25.726635,45.114043],[25.726568,45.114074],[25.726507,45.114111],[25.726453,45.114152],[25.726406,45.114198],[25.726369,45.114248],[25.72634,45.114301],[25.726321,45.114355],[25.726312,45.114412],[25.726312,45.114468],[25.726323,45.114524],[25.726344,45.114579],[25.726374,45.114631],[25.726413,45.11468],[25.726454,45.11472],[25.726434,45.114731],[25.72638,45.114773],[25.726337,45.114815],[25.726288,45.114778],[25.726226,45.114743],[25.726158,45.114713],[25.726085,45.114689],[25.726009,45.114672],[25.725931,45.114662],[25.725851,45.114659],[25.725771,45.114663],[25.725693,45.114674],[25.725617,45.114692],[25.725546,45.114717],[25.725479,45.114748],[25.725418,45.114784],[25.725363,45.114825],[25.725317,45.114871],[25.725279,45.114921],[25.725251,45.114974],[25.725231,45.115029],[25.725222,45.115085],[25.725223,45.115141],[25.725234,45.115197],[25.725254,45.115252],[25.725284,45.115304],[25.725323,45.115354],[25.725371,45.115399],[25.725426,45.11544],[25.725488,45.115476],[25.725556,45.115505],[25.725628,45.115529],[25.725704,45.115546],[25.725783,45.115556],[25.725862,45.115559],[25.725942,45.115555],[25.72602,45.115544],[25.726096,45.115526],[25.726168,45.115501],[25.726235,45.115471],[25.726292,45.115437],[25.726261,45.115467],[25.726224,45.115517],[25.726195,45.11557],[25.726176,45.115625],[25.726166,45.115681],[25.726167,45.115709],[25.726134,45.115711],[25.726055,45.115722],[25.72598,45.11574],[25.725908,45.115764],[25.725841,45.115795],[25.72578,45.115831],[25.725726,45.115873],[25.725679,45.115919],[25.725641,45.115969],[25.725636,45.115978],[25.725641,45.115979],[25.7257,45.115985],[25.725773,45.115985],[25.725891,45.115986],[25.725907,45.115986],[25.725977,45.115969],[25.725991,45.115966],[25.726034,45.115958],[25.726138,45.115943],[25.726243,45.115927],[25.726347,45.115911],[25.726375,45.115908],[25.726396,45.115906],[25.726498,45.115898],[25.72655,45.115896],[25.726622,45.115899],[25.726693,45.115909],[25.726762,45.115927],[25.726815,45.115946],[25.726875,45.115972],[25.726935,45.115997],[25.726946,45.116002],[25.726961,45.116009],[25.727041,45.116047],[25.727069,45.116028],[25.727128,45.115985],[25.727194,45.115936],[25.727262,45.115886],[25.727329,45.115837],[25.727396,45.115789],[25.727461,45.115742],[25.727527,45.115692],[25.727596,45.115641],[25.727662,45.115593],[25.727736,45.115536],[25.727812,45.115478],[25.727829,45.115466],[25.72789,45.115424],[25.728011,45.115339],[25.728081,45.115291],[25.728216,45.115198],[25.728372,45.115083],[25.728428,45.115043],[25.728463,45.115017],[25.728516,45.114979],[25.728554,45.114959],[25.728565,45.114927],[25.728575,45.114871],[25.728574,45.114834],[25.728599,45.11484],[25.728677,45.11485],[25.728757,45.114853],[25.728836,45.114849],[25.728915,45.114838],[25.72899,45.11482],[25.729062,45.114795],[25.729129,45.114765],[25.72919,45.114728],[25.729244,45.114687],[25.729291,45.114641],[25.729328,45.114591],[25.729357,45.114538],[25.729376,45.114483],[25.729386,45.114427],[25.729385,45.114371],[25.729374,45.114315],[25.729354,45.11426],[25.729324,45.114208],[25.729284,45.114158],[25.729256,45.114132],[25.729256,45.114101],[25.729245,45.114045],[25.729225,45.11399],[25.729195,45.113938],[25.729156,45.113889],[25.729108,45.113843],[25.729053,45.113803],[25.728991,45.113767],[25.728923,45.113737],[25.728851,45.113713],[25.728827,45.113708],[25.728866,45.113685],[25.72892,45.113644],[25.728967,45.113598],[25.728998,45.113556],[25.729059,45.113541],[25.729131,45.113517],[25.729188,45.113491],[25.729232,45.113492],[25.729311,45.113488],[25.72939,45.113477],[25.729465,45.113459],[25.729537,45.113435],[25.729604,45.113404],[25.729665,45.113368],[25.729719,45.113326],[25.729766,45.11328],[25.729803,45.11323],[25.729832,45.113178],[25.729851,45.113123],[25.729861,45.113067],[25.72986,45.11301],[25.729849,45.112954],[25.729829,45.112899],[25.729798,45.112847],[25.729759,45.112798],[25.729712,45.112752],[25.729657,45.112712],[25.729595,45.112676],[25.729527,45.112646],[25.729455,45.112623],[25.729378,45.112606],[25.729323,45.112598],[25.729324,45.112591],[25.729323,45.112535],[25.729312,45.112479],[25.729292,45.112424],[25.729262,45.112372],[25.729223,45.112322],[25.729175,45.112277],[25.72912,45.112236],[25.729058,45.112201],[25.72899,45.112171],[25.728918,45.112147],[25.728842,45.11213],[25.728763,45.11212],[25.728684,45.112117],[25.728604,45.112121],[25.728526,45.112132],[25.72845,45.11215],[25.728378,45.112175],[25.728311,45.112205],[25.72825,45.112242],[25.728196,45.112283],[25.72815,45.112329],[25.728112,45.112379],[25.728083,45.112432],[25.728077,45.112449],[25.728077,45.112403],[25.728066,45.112347],[25.728045,45.112293],[25.728015,45.11224],[25.727976,45.112191],[25.727929,45.112146],[25.727874,45.112105],[25.727812,45.112069],[25.727744,45.112039],[25.727671,45.112016],[25.727595,45.111999],[25.727517,45.111989],[25.727437,45.111986],[25.727357,45.11199],[25.727279,45.112001],[25.727204,45.112019],[25.727132,45.112043],[25.727065,45.112074],[25.727004,45.11211],[25.726949,45.112152],[25.726903,45.112198],[25.726865,45.112248],[25.726837,45.112301],[25.726818,45.112354],[25.726811,45.112347],[25.726756,45.112306],[25.726694,45.112271],[25.726626,45.112241],[25.726609,45.112235],[25.726611,45.112233],[25.72663,45.112178],[25.726639,45.112122],[25.726638,45.112066],[25.726627,45.11201],[25.726624,45.111999],[25.726102,45.112003],[25.726126,45.11203],[25.726141,45.112046],[25.726154,45.112063],[25.726165,45.112081],[25.726176,45.112099],[25.726184,45.112118],[25.726192,45.112137],[25.726216,45.112206],[25.726241,45.112275],[25.726247,45.112295],[25.726252,45.112315],[25.726255,45.112335],[25.726256,45.112355],[25.726256,45.112376],[25.726254,45.112396],[25.726244,45.112469],[25.726235,45.112543],[25.726231,45.112564],[25.726225,45.112585],[25.726218,45.112606],[25.726209,45.112627],[25.726182,45.112682],[25.726155,45.112737],[25.726139,45.112766],[25.726103,45.112813],[25.725971,45.112958],[25.725931,45.112996],[25.725911,45.113012],[25.725848,45.113058],[25.725785,45.113105],[25.725722,45.113151],[25.725692,45.113172],[25.725669,45.113184],[25.725714,45.113173],[25.725786,45.113149]],[[25.726393,45.11535],[25.726401,45.115356],[25.726366,45.115377],[25.726393,45.11535]]],[[[25.724961,45.1166],[25.724952,45.116656],[25.724952,45.116713],[25.724963,45.116769],[25.724984,45.116823],[25.725014,45.116876],[25.72503,45.116896],[25.725026,45.116906],[25.725017,45.116962],[25.725018,45.117019],[25.725028,45.117075],[25.725049,45.117129],[25.725079,45.117182],[25.725118,45.117231],[25.725166,45.117276],[25.725221,45.117317],[25.725283,45.117353],[25.725351,45.117383],[25.725423,45.117406],[25.725499,45.117423],[25.725578,45.117433],[25.725657,45.117436],[25.725737,45.117432],[25.725815,45.117421],[25.725891,45.117403],[25.725963,45.117379],[25.72603,45.117348],[25.726091,45.117312],[25.726145,45.11727],[25.726191,45.117224],[25.726229,45.117174],[25.726258,45.117122],[25.726277,45.117067],[25.726286,45.117011],[25.726286,45.116954],[25.726275,45.116898],[25.726254,45.116843],[25.726224,45.116791],[25.726208,45.116771],[25.726212,45.116761],[25.726221,45.116705],[25.726221,45.11668],[25.726119,45.116696],[25.726109,45.116698],[25.726092,45.116701],[25.726082,45.116703],[25.726033,45.116711],[25.726017,45.116713],[25.726005,45.116715],[25.725942,45.116719],[25.725934,45.116719],[25.725923,45.116719],[25.725861,45.11672],[25.725797,45.116722],[25.725785,45.116722],[25.725668,45.116723],[25.725637,45.116722],[25.725607,45.11672],[25.725577,45.116717],[25.725547,45.116713],[25.725517,45.116707],[25.725432,45.116689],[25.725363,45.116673],[25.725349,45.116671],[25.725305,45.116662],[25.725262,45.116652],[25.725237,45.116646],[25.725212,45.116638],[25.725203,45.116636],[25.725179,45.116626],[25.725143,45.116615],[25.725083,45.116589],[25.725023,45.116563],[25.725017,45.11656],[25.725,45.116553],[25.724981,45.116543],[25.72498,45.116545],[25.724961,45.1166]]],[[[25.721953,45.113382],[25.722028,45.113364],[25.7221,45.11334],[25.722167,45.113309],[25.722228,45.113272],[25.722283,45.113231],[25.722306,45.113208],[25.722275,45.113212],[25.722183,45.113227],[25.722075,45.113245],[25.721966,45.113264],[25.721858,45.113282],[25.721829,45.113286],[25.721754,45.113296],[25.721714,45.113299],[25.721782,45.113359],[25.721822,45.113396],[25.721875,45.113393],[25.721953,45.113382]]],[[[25.721863,45.1125],[25.721784,45.112497],[25.721704,45.112501],[25.721626,45.112512],[25.72157,45.112526],[25.721547,45.112484],[25.721508,45.112435],[25.72146,45.11239],[25.721405,45.112349],[25.721343,45.112313],[25.721275,45.112283],[25.721203,45.11226],[25.721127,45.112243],[25.721048,45.112233],[25.720968,45.11223],[25.720889,45.112234],[25.720811,45.112245],[25.720735,45.112263],[25.720663,45.112287],[25.720596,45.112318],[25.720535,45.112354],[25.720481,45.112396],[25.720435,45.112442],[25.720397,45.112492],[25.720381,45.11252],[25.720459,45.112519],[25.720545,45.112519],[25.720575,45.112519],[25.720604,45.112521],[25.720633,45.112524],[25.720662,45.112528],[25.720691,45.112533],[25.720719,45.112539],[25.720746,45.112547],[25.720773,45.112555],[25.720799,45.112565],[25.720835,45.112579],[25.720857,45.112588],[25.720878,45.1126],[25.720954,45.112604],[25.721076,45.112611],[25.721156,45.112616],[25.721221,45.112612],[25.721325,45.112606],[25.721434,45.112599],[25.721521,45.112594],[25.721574,45.112587],[25.721636,45.112579],[25.72173,45.112563],[25.721839,45.112545],[25.721947,45.112527],[25.721986,45.11252],[25.721942,45.11251],[25.721863,45.1125]]],[[[25.718728,45.113744],[25.718795,45.113774],[25.718868,45.113798],[25.718944,45.113815],[25.719023,45.113825],[25.719102,45.113828],[25.719182,45.113824],[25.71926,45.113813],[25.719336,45.113795],[25.719408,45.11377],[25.719475,45.11374],[25.719536,45.113703],[25.71959,45.113662],[25.719636,45.113616],[25.719674,45.113566],[25.719703,45.113513],[25.719718,45.113468],[25.719671,45.113476],[25.719578,45.113492],[25.719462,45.11351],[25.719349,45.113528],[25.719236,45.113546],[25.719124,45.113564],[25.719011,45.113582],[25.718926,45.113595],[25.718857,45.113612],[25.71876,45.113636],[25.718738,45.113641],[25.718723,45.113649],[25.718646,45.11369],[25.718643,45.113692],[25.718666,45.113709],[25.718728,45.113744]]],[[[25.723882,45.113295],[25.723852,45.113243],[25.723813,45.113193],[25.723765,45.113148],[25.723719,45.113114],[25.723646,45.113102],[25.723571,45.113089],[25.723513,45.113084],[25.723491,45.113082],[25.723436,45.113086],[25.723331,45.113094],[25.723221,45.113106],[25.723101,45.113119],[25.723014,45.113129],[25.722927,45.113139],[25.722836,45.113149],[25.722785,45.113155],[25.72274,45.1132],[25.722702,45.11325],[25.722673,45.113303],[25.722654,45.113358],[25.722645,45.113414],[25.722645,45.11347],[25.722656,45.113526],[25.722677,45.113581],[25.722707,45.113633],[25.722746,45.113682],[25.722793,45.113728],[25.722848,45.113769],[25.72291,45.113804],[25.722978,45.113834],[25.723051,45.113858],[25.723127,45.113875],[25.723205,45.113885],[25.723285,45.113888],[25.723365,45.113884],[25.723443,45.113873],[25.723519,45.113855],[25.72359,45.11383],[25.723657,45.1138],[25.723718,45.113763],[25.723773,45.113722],[25.723819,45.113676],[25.723857,45.113626],[25.723885,45.113573],[25.723905,45.113518],[25.723914,45.113462],[25.723913,45.113406],[25.723902,45.11335],[25.723882,45.113295]]],[[[25.719932,45.113483],[25.719903,45.113536],[25.719884,45.113591],[25.719875,45.113647],[25.719876,45.113703],[25.719886,45.113759],[25.719907,45.113814],[25.719937,45.113866],[25.719976,45.113915],[25.720024,45.113961],[25.720079,45.114002],[25.720141,45.114037],[25.720208,45.114067],[25.720281,45.114091],[25.720357,45.114108],[25.720436,45.114118],[25.720515,45.114121],[25.720595,45.114117],[25.720673,45.114106],[25.720749,45.114088],[25.720821,45.114063],[25.720888,45.114033],[25.720949,45.113996],[25.721003,45.113955],[25.72104,45.113918],[25.721023,45.113904],[25.720974,45.113864],[25.720904,45.113818],[25.720816,45.113759],[25.720727,45.1137],[25.720695,45.113676],[25.720663,45.113648],[25.720601,45.113586],[25.720414,45.113402],[25.72035,45.113339],[25.720305,45.113293],[25.720297,45.113295],[25.720275,45.113297],[25.720201,45.113325],[25.72009,45.113368],[25.720001,45.113403],[25.71997,45.113433],[25.719932,45.113483]]],[[[25.724168,45.114329],[25.724138,45.114277],[25.724098,45.114228],[25.724051,45.114182],[25.723996,45.114141],[25.723934,45.114106],[25.723866,45.114076],[25.723794,45.114052],[25.723717,45.114035],[25.723639,45.114025],[25.723559,45.114022],[25.72348,45.114026],[25.723401,45.114037],[25.723326,45.114055],[25.723254,45.11408],[25.723187,45.114111],[25.723126,45.114147],[25.723072,45.114188],[25.723029,45.114231],[25.723053,45.114247],[25.723143,45.114307],[25.723195,45.11434],[25.723242,45.114361],[25.723335,45.114401],[25.723416,45.114436],[25.723427,45.114441],[25.723502,45.114472],[25.723521,45.11448],[25.723545,45.11449],[25.723553,45.114494],[25.723588,45.114508],[25.723614,45.114519],[25.723674,45.114544],[25.723708,45.114559],[25.72372,45.114563],[25.723775,45.114579],[25.723857,45.114604],[25.723924,45.11463],[25.724,45.114665],[25.724075,45.114698],[25.724103,45.114711],[25.724105,45.11471],[25.724142,45.11466],[25.724171,45.114607],[25.72419,45.114553],[25.7242,45.114496],[25.724199,45.11444],[25.724188,45.114384],[25.724168,45.114329]]],[[[25.722845,45.115123],[25.722846,45.11518],[25.722857,45.115236],[25.722877,45.11529],[25.722907,45.115343],[25.722946,45.115392],[25.722994,45.115437],[25.723049,45.115478],[25.723111,45.115514],[25.723179,45.115544],[25.723251,45.115567],[25.723327,45.115584],[25.723406,45.115594],[25.723486,45.115597],[25.723565,45.115593],[25.723643,45.115582],[25.723719,45.115564],[25.723791,45.11554],[25.723858,45.115509],[25.723885,45.115493],[25.723865,45.11548],[25.723809,45.115445],[25.723801,45.115441],[25.723713,45.115404],[25.723606,45.115358],[25.7235,45.115313],[25.723393,45.115267],[25.723287,45.115221],[25.723236,45.115197],[25.72321,45.115186],[25.723182,45.115175],[25.723165,45.115167],[25.723089,45.115136],[25.723079,45.115131],[25.723036,45.115114],[25.723028,45.11511],[25.722994,45.115096],[25.722904,45.115059],[25.722863,45.115042],[25.722855,45.115067],[25.722845,45.115123]]],[[[25.716066,45.114254],[25.715998,45.114225],[25.715926,45.114201],[25.71585,45.114184],[25.715771,45.114174],[25.715692,45.114171],[25.715612,45.114175],[25.715534,45.114186],[25.715458,45.114204],[25.715386,45.114228],[25.715319,45.114259],[25.715258,45.114296],[25.715204,45.114337],[25.715158,45.114383],[25.71512,45.114433],[25.715091,45.114486],[25.715072,45.11454],[25.715063,45.114597],[25.715063,45.114653],[25.715074,45.114709],[25.715095,45.114764],[25.71511,45.114791],[25.715179,45.114759],[25.715277,45.114713],[25.715375,45.114666],[25.715473,45.11462],[25.715571,45.114574],[25.715767,45.114482],[25.715866,45.114435],[25.715901,45.11442],[25.715997,45.114382],[25.716093,45.114345],[25.716164,45.114317],[25.716128,45.11429],[25.716066,45.114254]]],[[[25.719629,45.120425],[25.719599,45.120373],[25.71956,45.120323],[25.719513,45.120278],[25.719458,45.120237],[25.719396,45.120202],[25.719328,45.120172],[25.719255,45.120148],[25.719179,45.120131],[25.719101,45.120121],[25.719021,45.120118],[25.718941,45.120122],[25.718863,45.120133],[25.718787,45.120151],[25.718716,45.120176],[25.718649,45.120206],[25.718587,45.120243],[25.718533,45.120284],[25.718487,45.12033],[25.718449,45.12038],[25.71842,45.120433],[25.718401,45.120488],[25.718392,45.120544],[25.718393,45.1206],[25.718403,45.120656],[25.718424,45.120711],[25.718454,45.120763],[25.718493,45.120813],[25.718541,45.120858],[25.718596,45.120899],[25.718658,45.120934],[25.718725,45.120964],[25.718798,45.120988],[25.718874,45.121005],[25.718953,45.121015],[25.719032,45.121018],[25.719112,45.121014],[25.71919,45.121003],[25.719266,45.120985],[25.719338,45.12096],[25.719405,45.12093],[25.719466,45.120893],[25.71952,45.120852],[25.719566,45.120806],[25.719604,45.120756],[25.719633,45.120703],[25.719652,45.120648],[25.719661,45.120592],[25.719661,45.120536],[25.71965,45.12048],[25.719629,45.120425]]],[[[25.718168,45.136668],[25.718138,45.136616],[25.718099,45.136567],[25.718052,45.136521],[25.717997,45.13648],[25.717935,45.136445],[25.717867,45.136415],[25.717794,45.136391],[25.717718,45.136374],[25.71764,45.136364],[25.71756,45.136361],[25.71748,45.136365],[25.717402,45.136376],[25.717326,45.136394],[25.717254,45.136419],[25.717187,45.13645],[25.717126,45.136486],[25.717072,45.136528],[25.717026,45.136574],[25.716988,45.136623],[25.716959,45.136676],[25.71694,45.136731],[25.716931,45.136787],[25.716931,45.136844],[25.716942,45.1369],[25.716963,45.136954],[25.716993,45.137006],[25.717032,45.137056],[25.717079,45.137101],[25.717134,45.137142],[25.717196,45.137178],[25.717264,45.137208],[25.717337,45.137231],[25.717413,45.137248],[25.717491,45.137258],[25.717571,45.137261],[25.717651,45.137257],[25.717729,45.137246],[25.717805,45.137228],[25.717877,45.137204],[25.717944,45.137173],[25.718005,45.137137],[25.718059,45.137095],[25.718105,45.137049],[25.718143,45.136999],[25.718172,45.136946],[25.718191,45.136892],[25.7182,45.136835],[25.7182,45.136779],[25.718189,45.136723],[25.718168,45.136668]]],[[[25.721733,45.137378],[25.721703,45.137326],[25.721664,45.137277],[25.721616,45.137231],[25.721561,45.13719],[25.721499,45.137155],[25.721432,45.137125],[25.721359,45.137101],[25.721283,45.137084],[25.721204,45.137074],[25.721125,45.137071],[25.721045,45.137075],[25.720967,45.137086],[25.720891,45.137104],[25.720819,45.137129],[25.720752,45.137159],[25.720691,45.137196],[25.720637,45.137237],[25.72059,45.137283],[25.720553,45.137333],[25.720524,45.137386],[25.720505,45.137441],[25.720495,45.137497],[25.720496,45.137553],[25.720507,45.137609],[25.720527,45.137664],[25.720557,45.137716],[25.720597,45.137766],[25.720644,45.137811],[25.720699,45.137852],[25.720761,45.137887],[25.720829,45.137917],[25.720902,45.137941],[25.720978,45.137958],[25.721056,45.137968],[25.721136,45.137971],[25.721216,45.137967],[25.721294,45.137956],[25.72137,45.137938],[25.721442,45.137913],[25.721509,45.137883],[25.72157,45.137846],[25.721624,45.137805],[25.72167,45.137759],[25.721708,45.137709],[25.721737,45.137656],[25.721756,45.137601],[25.721765,45.137545],[25.721764,45.137489],[25.721754,45.137433],[25.721733,45.137378]]],[[[25.719593,45.137763],[25.719563,45.13771],[25.719524,45.137661],[25.719476,45.137616],[25.719421,45.137575],[25.719359,45.137539],[25.719291,45.137509],[25.719219,45.137486],[25.719142,45.137469],[25.719064,45.137459],[25.718984,45.137456],[25.718904,45.13746],[25.718826,45.137471],[25.71875,45.137489],[25.718679,45.137513],[25.718612,45.137544],[25.71855,45.13758],[25.718496,45.137622],[25.71845,45.137668],[25.718412,45.137718],[25.718383,45.13777],[25.718364,45.137825],[25.718355,45.137881],[25.718356,45.137938],[25.718366,45.137994],[25.718387,45.138048],[25.718417,45.138101],[25.718456,45.13815],[25.718474,45.138167],[25.71843,45.138174],[25.718354,45.138192],[25.718282,45.138216],[25.718215,45.138247],[25.718154,45.138283],[25.7181,45.138325],[25.718053,45.138371],[25.718016,45.138421],[25.717987,45.138473],[25.717968,45.138528],[25.717958,45.138584],[25.717959,45.138641],[25.71797,45.138697],[25.71799,45.138751],[25.71802,45.138804],[25.718059,45.138853],[25.718107,45.138898],[25.718162,45.138939],[25.718224,45.138975],[25.718292,45.139005],[25.718364,45.139028],[25.718441,45.139045],[25.718519,45.139055],[25.718599,45.139059],[25.718679,45.139054],[25.718757,45.139043],[25.718833,45.139025],[25.718904,45.139001],[25.718971,45.13897],[25.719033,45.138934],[25.719087,45.138892],[25.719133,45.138846],[25.719171,45.138796],[25.7192,45.138744],[25.719219,45.138689],[25.719228,45.138633],[25.719227,45.138576],[25.719217,45.13852],[25.719196,45.138466],[25.719166,45.138413],[25.719127,45.138364],[25.719109,45.138347],[25.719153,45.13834],[25.719229,45.138322],[25.719301,45.138298],[25.719368,45.138267],[25.719429,45.138231],[25.719483,45.138189],[25.71953,45.138143],[25.719567,45.138093],[25.719596,45.138041],[25.719615,45.137986],[25.719625,45.13793],[25.719624,45.137873],[25.719613,45.137817],[25.719593,45.137763]]],[[[25.706073,45.165446],[25.706043,45.165394],[25.706003,45.165345],[25.705956,45.165299],[25.705901,45.165259],[25.705839,45.165223],[25.705771,45.165193],[25.705698,45.165169],[25.705622,45.165152],[25.705544,45.165142],[25.705464,45.165139],[25.705384,45.165143],[25.705306,45.165154],[25.70523,45.165172],[25.705158,45.165197],[25.705091,45.165228],[25.70503,45.165264],[25.704976,45.165305],[25.704929,45.165351],[25.704892,45.165401],[25.704863,45.165454],[25.704844,45.165509],[25.704834,45.165565],[25.704835,45.165621],[25.704846,45.165677],[25.704866,45.165732],[25.704896,45.165784],[25.704935,45.165834],[25.704983,45.165879],[25.705038,45.16592],[25.7051,45.165956],[25.705168,45.165985],[25.70524,45.166009],[25.705317,45.166026],[25.705395,45.166036],[25.705475,45.166039],[25.705555,45.166035],[25.705633,45.166024],[25.705709,45.166006],[25.705781,45.165982],[25.705848,45.165951],[25.705909,45.165915],[25.705963,45.165873],[25.706009,45.165827],[25.706047,45.165777],[25.706076,45.165725],[25.706095,45.16567],[25.706105,45.165614],[25.706104,45.165557],[25.706093,45.165501],[25.706073,45.165446]]],[[[25.734299,45.103579],[25.734269,45.103527],[25.73423,45.103478],[25.734183,45.103432],[25.734127,45.103392],[25.734065,45.103356],[25.733998,45.103326],[25.733925,45.103302],[25.733849,45.103286],[25.733771,45.103275],[25.733691,45.103272],[25.733611,45.103276],[25.733533,45.103288],[25.733457,45.103306],[25.733386,45.10333],[25.733319,45.103361],[25.733258,45.103397],[25.733203,45.103439],[25.733157,45.103485],[25.733119,45.103535],[25.733091,45.103587],[25.733071,45.103642],[25.733062,45.103698],[25.733063,45.103755],[25.733074,45.103811],[25.733094,45.103865],[25.733124,45.103918],[25.733163,45.103967],[25.733211,45.104012],[25.733266,45.104053],[25.733328,45.104089],[25.733396,45.104119],[25.733468,45.104142],[25.733544,45.104159],[25.733623,45.104169],[25.733702,45.104172],[25.733782,45.104168],[25.73386,45.104157],[25.733936,45.104139],[25.734008,45.104115],[25.734075,45.104084],[25.734136,45.104048],[25.73419,45.104006],[25.734236,45.10396],[25.734274,45.10391],[25.734303,45.103858],[25.734322,45.103803],[25.734331,45.103747],[25.73433,45.10369],[25.73432,45.103634],[25.734299,45.103579]]],[[[25.730502,45.10423],[25.730472,45.104177],[25.730432,45.104128],[25.730385,45.104083],[25.73033,45.104042],[25.730268,45.104006],[25.7302,45.103976],[25.730128,45.103953],[25.730052,45.103936],[25.729973,45.103926],[25.729893,45.103923],[25.729814,45.103927],[25.729736,45.103938],[25.72966,45.103956],[25.729588,45.10398],[25.729521,45.104011],[25.72946,45.104048],[25.729406,45.104089],[25.72936,45.104135],[25.729322,45.104185],[25.729293,45.104238],[25.729274,45.104292],[25.729265,45.104349],[25.729265,45.104405],[25.729276,45.104461],[25.729297,45.104516],[25.729327,45.104568],[25.729366,45.104617],[25.729413,45.104663],[25.729468,45.104704],[25.72953,45.104739],[25.729598,45.104769],[25.729671,45.104793],[25.729747,45.10481],[25.729825,45.10482],[25.729905,45.104823],[25.729984,45.104819],[25.730063,45.104808],[25.730138,45.10479],[25.73021,45.104765],[25.730277,45.104734],[25.730338,45.104698],[25.730392,45.104656],[25.730439,45.10461],[25.730476,45.104561],[25.730505,45.104508],[25.730524,45.104453],[25.730534,45.104397],[25.730533,45.10434],[25.730522,45.104284],[25.730502,45.10423]]],[[[25.732086,45.10562],[25.732056,45.105568],[25.732017,45.105519],[25.731969,45.105473],[25.731914,45.105432],[25.731852,45.105397],[25.731784,45.105367],[25.731712,45.105343],[25.731636,45.105326],[25.731557,45.105316],[25.731478,45.105313],[25.731398,45.105317],[25.73132,45.105328],[25.731244,45.105346],[25.731172,45.105371],[25.731105,45.105402],[25.731044,45.105438],[25.73099,45.105479],[25.730944,45.105525],[25.730906,45.105575],[25.730877,45.105628],[25.730858,45.105683],[25.730849,45.105739],[25.73085,45.105795],[25.73086,45.105851],[25.730881,45.105906],[25.730911,45.105958],[25.73095,45.106008],[25.730997,45.106053],[25.731053,45.106094],[25.731115,45.10613],[25.731182,45.106159],[25.731255,45.106183],[25.731331,45.1062],[25.731409,45.10621],[25.731489,45.106213],[25.731569,45.106209],[25.731647,45.106198],[25.731723,45.10618],[25.731795,45.106155],[25.731861,45.106125],[25.731923,45.106088],[25.731977,45.106047],[25.732023,45.106001],[25.732061,45.105951],[25.732089,45.105898],[25.732109,45.105843],[25.732118,45.105787],[25.732117,45.105731],[25.732106,45.105675],[25.732086,45.10562]]],[[[25.730851,45.106183],[25.730831,45.106128],[25.730801,45.106076],[25.730762,45.106026],[25.730714,45.105981],[25.730659,45.10594],[25.730597,45.105904],[25.73058,45.105897],[25.73059,45.10664],[25.730606,45.106633],[25.730667,45.106596],[25.730721,45.106555],[25.730768,45.106509],[25.730806,45.106459],[25.730834,45.106406],[25.730853,45.106351],[25.730863,45.106295],[25.730862,45.106239],[25.730851,45.106183]]],[[[25.730182,45.105823],[25.730263,45.105822],[25.730222,45.105821],[25.730182,45.105823]]],[[[25.739831,45.106389],[25.739801,45.106336],[25.739762,45.106287],[25.739714,45.106242],[25.739659,45.106201],[25.739597,45.106165],[25.739529,45.106135],[25.739457,45.106112],[25.739381,45.106095],[25.739302,45.106085],[25.739222,45.106082],[25.739143,45.106086],[25.739065,45.106097],[25.738989,45.106115],[25.738917,45.106139],[25.73885,45.10617],[25.738789,45.106207],[25.738735,45.106248],[25.738689,45.106294],[25.738651,45.106344],[25.738622,45.106397],[25.738603,45.106452],[25.738594,45.106508],[25.738595,45.106564],[25.738605,45.10662],[25.738626,45.106675],[25.738656,45.106727],[25.738695,45.106776],[25.738742,45.106822],[25.738798,45.106863],[25.73886,45.106898],[25.738927,45.106928],[25.739,45.106952],[25.739076,45.106969],[25.739155,45.106979],[25.739234,45.106982],[25.739314,45.106978],[25.739392,45.106967],[25.739468,45.106949],[25.73954,45.106924],[25.739607,45.106893],[25.739668,45.106857],[25.739722,45.106815],[25.739768,45.106769],[25.739806,45.10672],[25.739834,45.106667],[25.739854,45.106612],[25.739863,45.106556],[25.739862,45.106499],[25.739851,45.106443],[25.739831,45.106389]]],[[[25.735995,45.106824],[25.735965,45.106771],[25.735926,45.106722],[25.735878,45.106677],[25.735823,45.106636],[25.735761,45.1066],[25.735694,45.10657],[25.735621,45.106547],[25.735545,45.10653],[25.735466,45.10652],[25.735387,45.106517],[25.735307,45.106521],[25.735229,45.106532],[25.735153,45.10655],[25.735081,45.106574],[25.735014,45.106605],[25.734953,45.106641],[25.734899,45.106683],[25.734853,45.106729],[25.734815,45.106779],[25.734786,45.106831],[25.734767,45.106886],[25.734758,45.106942],[25.734759,45.106999],[25.734769,45.107055],[25.73479,45.107109],[25.73482,45.107162],[25.734859,45.107211],[25.734907,45.107257],[25.734962,45.107297],[25.735024,45.107333],[25.735092,45.107363],[25.735164,45.107386],[25.73524,45.107403],[25.735319,45.107413],[25.735398,45.107416],[25.735478,45.107412],[25.735556,45.107401],[25.735632,45.107383],[25.735704,45.107359],[25.735771,45.107328],[25.735832,45.107292],[25.735886,45.10725],[25.735932,45.107204],[25.73597,45.107154],[25.735999,45.107102],[25.736018,45.107047],[25.736027,45.106991],[25.736026,45.106934],[25.736016,45.106878],[25.735995,45.106824]]],[[[25.733123,45.106967],[25.733093,45.106915],[25.733054,45.106866],[25.733007,45.10682],[25.732952,45.106779],[25.73289,45.106744],[25.732822,45.106714],[25.732749,45.10669],[25.732673,45.106673],[25.732595,45.106663],[25.732515,45.10666],[25.732436,45.106664],[25.732357,45.106675],[25.732282,45.106693],[25.73221,45.106718],[25.732143,45.106749],[25.732082,45.106785],[25.732028,45.106826],[25.731981,45.106872],[25.731944,45.106922],[25.731915,45.106975],[25.731896,45.10703],[25.731886,45.107086],[25.731887,45.107142],[25.731898,45.107198],[25.731918,45.107253],[25.731948,45.107305],[25.731988,45.107355],[25.732035,45.1074],[25.73209,45.107441],[25.732152,45.107477],[25.73222,45.107506],[25.732292,45.10753],[25.732369,45.107547],[25.732447,45.107557],[25.732527,45.10756],[25.732606,45.107556],[25.732685,45.107545],[25.73276,45.107527],[25.732832,45.107502],[25.732899,45.107472],[25.73296,45.107435],[25.733014,45.107394],[25.733061,45.107348],[25.733098,45.107298],[25.733127,45.107245],[25.733146,45.10719],[25.733155,45.107134],[25.733155,45.107078],[25.733144,45.107022],[25.733123,45.106967]]],[[[25.727771,45.106834],[25.72771,45.10687],[25.727656,45.106912],[25.727609,45.106958],[25.727572,45.107007],[25.727543,45.10706],[25.727524,45.107115],[25.727515,45.107171],[25.727515,45.107228],[25.727526,45.107284],[25.727547,45.107338],[25.727577,45.10739],[25.727616,45.10744],[25.727663,45.107485],[25.727718,45.107526],[25.72778,45.107562],[25.727848,45.107591],[25.727873,45.107599],[25.727862,45.106795],[25.727838,45.106803],[25.727771,45.106834]]],[[[25.738262,45.107618],[25.738232,45.107565],[25.738193,45.107516],[25.738146,45.107471],[25.73809,45.10743],[25.738028,45.107394],[25.737961,45.107364],[25.737888,45.107341],[25.737812,45.107324],[25.737734,45.107314],[25.737654,45.107311],[25.737574,45.107315],[25.737496,45.107326],[25.73742,45.107344],[25.737349,45.107368],[25.737282,45.107399],[25.737221,45.107436],[25.737166,45.107477],[25.73712,45.107523],[25.737082,45.107573],[25.737054,45.107626],[25.737034,45.10768],[25.737025,45.107737],[25.737026,45.107793],[25.737037,45.107849],[25.737057,45.107904],[25.737087,45.107956],[25.737126,45.108005],[25.737174,45.108051],[25.737229,45.108092],[25.737291,45.108127],[25.737359,45.108157],[25.737431,45.108181],[25.737507,45.108198],[25.737586,45.108208],[25.737666,45.108211],[25.737745,45.108207],[25.737823,45.108196],[25.737899,45.108178],[25.737971,45.108153],[25.738038,45.108122],[25.738099,45.108086],[25.738153,45.108044],[25.738199,45.107998],[25.738237,45.107949],[25.738266,45.107896],[25.738285,45.107841],[25.738294,45.107785],[25.738294,45.107728],[25.738283,45.107672],[25.738262,45.107618]]],[[[25.730397,45.108046],[25.730367,45.107994],[25.730328,45.107945],[25.730281,45.107899],[25.730225,45.107859],[25.730163,45.107823],[25.730096,45.107793],[25.730023,45.107769],[25.729947,45.107753],[25.729928,45.10775],[25.72965,45.107752],[25.729631,45.107755],[25.729555,45.107773],[25.729483,45.107797],[25.729416,45.107828],[25.729355,45.107864],[25.729301,45.107906],[25.729255,45.107952],[25.729217,45.108001],[25.729212,45.108011],[25.729191,45.108013],[25.729182,45.108044],[25.729168,45.108096],[25.729144,45.10819],[25.729136,45.108235],[25.729127,45.108286],[25.72912,45.108336],[25.729112,45.108389],[25.729105,45.108443],[25.729098,45.108492],[25.729093,45.108541],[25.729087,45.108595],[25.729077,45.108693],[25.729076,45.108737],[25.729075,45.108789],[25.729075,45.10884],[25.729075,45.108894],[25.729074,45.108898],[25.72915,45.108908],[25.72923,45.108911],[25.72931,45.108907],[25.729388,45.108896],[25.729464,45.108878],[25.729535,45.108853],[25.729602,45.108823],[25.729663,45.108786],[25.729718,45.108745],[25.729764,45.108699],[25.729802,45.108649],[25.729807,45.108639],[25.72988,45.108635],[25.729958,45.108624],[25.730034,45.108606],[25.730106,45.108582],[25.730173,45.108551],[25.730234,45.108515],[25.730288,45.108473],[25.730334,45.108427],[25.730372,45.108377],[25.730401,45.108325],[25.73042,45.10827],[25.730429,45.108214],[25.730428,45.108157],[25.730418,45.108101],[25.730397,45.108046]]],[[[25.734088,45.108827],[25.734058,45.108775],[25.734019,45.108726],[25.733971,45.10868],[25.733916,45.10864],[25.733854,45.108604],[25.733786,45.108574],[25.733714,45.108551],[25.733638,45.108534],[25.733559,45.108523],[25.73348,45.10852],[25.7334,45.108525],[25.733322,45.108536],[25.733246,45.108554],[25.733174,45.108578],[25.733107,45.108609],[25.733046,45.108645],[25.732992,45.108687],[25.732946,45.108733],[25.732908,45.108783],[25.732879,45.108835],[25.73286,45.10889],[25.732851,45.108946],[25.732852,45.109003],[25.732862,45.109059],[25.732883,45.109113],[25.732913,45.109166],[25.732952,45.109215],[25.732999,45.10926],[25.733055,45.109301],[25.733117,45.109337],[25.733184,45.109367],[25.733257,45.10939],[25.733333,45.109407],[25.733411,45.109417],[25.733491,45.10942],[25.733571,45.109416],[25.733649,45.109405],[25.733725,45.109387],[25.733797,45.109363],[25.733864,45.109332],[25.733925,45.109296],[25.733979,45.109254],[25.734025,45.109208],[25.734063,45.109158],[25.734091,45.109106],[25.734111,45.109051],[25.73412,45.108995],[25.734119,45.108938],[25.734108,45.108882],[25.734088,45.108827]]],[[[25.738624,45.108718],[25.738563,45.108755],[25.738509,45.108796],[25.738463,45.108842],[25.738459,45.108847],[25.738468,45.108841],[25.738538,45.108794],[25.738605,45.10875],[25.738674,45.108702],[25.7387,45.108684],[25.738691,45.108687],[25.738624,45.108718]]],[[[25.739381,45.109441],[25.739442,45.109405],[25.739496,45.109363],[25.739513,45.109346],[25.739462,45.109306],[25.73945,45.109295],[25.739436,45.109285],[25.739424,45.109276],[25.739387,45.109257],[25.73937,45.109246],[25.739338,45.109267],[25.73924,45.109346],[25.739217,45.109363],[25.739146,45.109413],[25.739129,45.109425],[25.73904,45.109481],[25.739291,45.10948],[25.739314,45.109472],[25.739381,45.109441]]],[[[25.736793,45.109306],[25.736772,45.109251],[25.736742,45.109199],[25.736703,45.10915],[25.736656,45.109104],[25.736601,45.109064],[25.736539,45.109028],[25.736471,45.108998],[25.736398,45.108974],[25.736322,45.108958],[25.736244,45.108947],[25.736164,45.108944],[25.736084,45.108948],[25.736006,45.10896],[25.735931,45.108978],[25.735859,45.109002],[25.735792,45.109033],[25.735731,45.109069],[25.735677,45.109111],[25.73563,45.109157],[25.735592,45.109207],[25.735564,45.109259],[25.735545,45.109314],[25.735535,45.10937],[25.735536,45.109427],[25.735547,45.109483],[25.735567,45.109537],[25.735597,45.10959],[25.735636,45.109639],[25.735684,45.109684],[25.735739,45.109725],[25.735801,45.109761],[25.735869,45.109791],[25.735941,45.109814],[25.736017,45.109831],[25.736096,45.109841],[25.736176,45.109844],[25.736255,45.10984],[25.736334,45.109829],[25.736409,45.109811],[25.736481,45.109787],[25.736548,45.109756],[25.736609,45.10972],[25.736663,45.109678],[25.73671,45.109632],[25.736747,45.109582],[25.736776,45.109529],[25.736795,45.109475],[25.736804,45.109419],[25.736804,45.109362],[25.736793,45.109306]]],[[[25.738026,45.10906],[25.737948,45.10905],[25.737868,45.109047],[25.737788,45.109051],[25.73771,45.109062],[25.737634,45.10908],[25.737562,45.109105],[25.737495,45.109136],[25.737434,45.109172],[25.73738,45.109214],[25.737334,45.10926],[25.737296,45.109309],[25.737268,45.109362],[25.737248,45.109417],[25.737239,45.109473],[25.73724,45.10953],[25.737251,45.109586],[25.737271,45.10964],[25.737301,45.109693],[25.737338,45.109738],[25.737398,45.109677],[25.73747,45.109605],[25.737499,45.109579],[25.737512,45.109568],[25.737531,45.109552],[25.737556,45.109531],[25.737556,45.109491],[25.737605,45.109491],[25.737649,45.109454],[25.737705,45.109407],[25.737771,45.109352],[25.737839,45.109293],[25.737855,45.109281],[25.737916,45.109234],[25.737976,45.109188],[25.738037,45.109142],[25.738053,45.10913],[25.738116,45.109086],[25.73812,45.109083],[25.738102,45.109077],[25.738026,45.10906]]],[[[25.735517,45.11031],[25.735438,45.1103],[25.735359,45.110297],[25.735279,45.110301],[25.735201,45.110312],[25.735125,45.11033],[25.735053,45.110355],[25.734986,45.110385],[25.734925,45.110422],[25.734871,45.110463],[25.734825,45.110509],[25.734787,45.110559],[25.734758,45.110612],[25.734739,45.110667],[25.734737,45.110678],[25.734698,45.110701],[25.734644,45.110743],[25.734598,45.110789],[25.73456,45.110839],[25.734531,45.110891],[25.734512,45.110946],[25.734503,45.111002],[25.734504,45.111059],[25.734514,45.111115],[25.734535,45.11117],[25.734565,45.111222],[25.73459,45.111253],[25.734589,45.111253],[25.734509,45.111257],[25.734431,45.111268],[25.734356,45.111286],[25.734284,45.111311],[25.734217,45.111342],[25.734156,45.111378],[25.734102,45.11142],[25.734055,45.111466],[25.734017,45.111515],[25.733989,45.111568],[25.73397,45.111623],[25.73396,45.111679],[25.733961,45.111736],[25.733972,45.111792],[25.733992,45.111846],[25.734004,45.111867],[25.733965,45.111873],[25.733889,45.111891],[25.733817,45.111915],[25.73375,45.111946],[25.733689,45.111983],[25.733635,45.112024],[25.73359,45.112069],[25.733589,45.112069],[25.733522,45.1121],[25.733461,45.112136],[25.733407,45.112178],[25.733361,45.112224],[25.733323,45.112274],[25.733294,45.112326],[25.733275,45.112381],[25.733266,45.112437],[25.733266,45.112482],[25.733261,45.112484],[25.733194,45.112515],[25.733133,45.112551],[25.733079,45.112593],[25.733033,45.112639],[25.732995,45.112689],[25.732966,45.112741],[25.732947,45.112796],[25.732938,45.112852],[25.732938,45.112909],[25.732949,45.112965],[25.73297,45.113019],[25.732973,45.113025],[25.732954,45.113028],[25.732879,45.113046],[25.732818,45.113067],[25.732811,45.113062],[25.732749,45.113027],[25.732682,45.112997],[25.732609,45.112973],[25.732533,45.112956],[25.732454,45.112946],[25.732375,45.112943],[25.732295,45.112947],[25.732217,45.112958],[25.732141,45.112976],[25.732069,45.113001],[25.732002,45.113031],[25.731941,45.113068],[25.731887,45.113109],[25.731841,45.113155],[25.731803,45.113205],[25.731796,45.113219],[25.731778,45.113237],[25.73174,45.113286],[25.731711,45.113339],[25.731698,45.113378],[25.731639,45.113392],[25.731567,45.113416],[25.7315,45.113447],[25.731439,45.113483],[25.731385,45.113525],[25.731339,45.113571],[25.731301,45.113621],[25.731276,45.113666],[25.73123,45.113672],[25.731154,45.11369],[25.731082,45.113715],[25.731015,45.113746],[25.730954,45.113782],[25.7309,45.113823],[25.730854,45.113869],[25.730816,45.113919],[25.730787,45.113972],[25.730768,45.114027],[25.730759,45.114083],[25.730759,45.114112],[25.73075,45.114114],[25.730678,45.114139],[25.730636,45.114158],[25.730622,45.11416],[25.730547,45.114178],[25.730475,45.114203],[25.730408,45.114233],[25.730347,45.11427],[25.730293,45.114311],[25.730246,45.114357],[25.730208,45.114407],[25.73018,45.11446],[25.730161,45.114515],[25.730151,45.114571],[25.730151,45.114581],[25.730104,45.114618],[25.730058,45.114664],[25.730046,45.114679],[25.729984,45.114652],[25.729911,45.114628],[25.729835,45.114611],[25.729757,45.114601],[25.729677,45.114598],[25.729597,45.114602],[25.729519,45.114613],[25.729443,45.114631],[25.729372,45.114656],[25.729305,45.114687],[25.729243,45.114723],[25.729189,45.114765],[25.729143,45.114811],[25.729105,45.11486],[25.729077,45.114913],[25.729073,45.114924],[25.729125,45.114944],[25.72916,45.114961],[25.729202,45.114984],[25.729225,45.114997],[25.729279,45.115034],[25.729329,45.115075],[25.729359,45.115076],[25.729389,45.115077],[25.729419,45.11508],[25.729449,45.115085],[25.729478,45.11509],[25.729507,45.115097],[25.729535,45.115105],[25.729553,45.11511],[25.729577,45.115118],[25.729602,45.115128],[25.729625,45.115138],[25.729648,45.115149],[25.729669,45.115161],[25.72969,45.115173],[25.729705,45.115183],[25.729712,45.115184],[25.729818,45.115198],[25.729845,45.115203],[25.729871,45.115208],[25.729896,45.115214],[25.729922,45.115221],[25.729946,45.115229],[25.730049,45.115266],[25.730076,45.115276],[25.730102,45.115287],[25.730126,45.115299],[25.73015,45.115313],[25.730173,45.115327],[25.730194,45.115342],[25.730263,45.115394],[25.730331,45.115446],[25.730399,45.115498],[25.730408,45.115505],[25.73044,45.115533],[25.730513,45.115605],[25.730586,45.115677],[25.730599,45.11569],[25.730613,45.115707],[25.730645,45.115745],[25.730656,45.115759],[25.730661,45.115765],[25.730669,45.115778],[25.730747,45.115826],[25.730762,45.115834],[25.730831,45.115876],[25.730853,45.115889],[25.730874,45.115903],[25.730894,45.115918],[25.730912,45.115934],[25.730929,45.11595],[25.730976,45.115994],[25.73101,45.116016],[25.731074,45.116053],[25.731083,45.116046],[25.731091,45.11604],[25.731103,45.11603],[25.731177,45.115975],[25.731183,45.11597],[25.73122,45.115943],[25.731226,45.115939],[25.731221,45.115933],[25.731235,45.115932],[25.731248,45.115922],[25.731309,45.115876],[25.731321,45.115867],[25.731338,45.115855],[25.731359,45.11584],[25.731382,45.115824],[25.73139,45.115818],[25.731467,45.11576],[25.731546,45.115701],[25.731625,45.115642],[25.731703,45.115583],[25.731782,45.115524],[25.731861,45.115465],[25.731939,45.115407],[25.731965,45.115387],[25.732009,45.115349],[25.732066,45.115299],[25.732073,45.115293],[25.732064,45.114596],[25.732861,45.11459],[25.732866,45.114585],[25.732924,45.114527],[25.732981,45.114469],[25.733024,45.114426],[25.733055,45.114387],[25.733097,45.114333],[25.733148,45.114267],[25.733199,45.1142],[25.73324,45.114144],[25.73326,45.114116],[25.733252,45.113485],[25.733732,45.113482],[25.733765,45.113458],[25.733822,45.113427],[25.733886,45.113402],[25.733953,45.113384],[25.733973,45.11338],[25.73398,45.113374],[25.733992,45.113363],[25.734001,45.113355],[25.734014,45.113345],[25.734082,45.113293],[25.734139,45.113248],[25.734195,45.1132],[25.734261,45.113142],[25.734326,45.113084],[25.734388,45.11303],[25.734424,45.112998],[25.734436,45.112984],[25.734456,45.112959],[25.734497,45.11291],[25.734535,45.112864],[25.734579,45.112807],[25.73462,45.112754],[25.73466,45.112698],[25.734705,45.112633],[25.734751,45.112567],[25.734806,45.11249],[25.73484,45.112447],[25.734845,45.112438],[25.734857,45.112421],[25.734861,45.112415],[25.734871,45.112402],[25.734895,45.112369],[25.734905,45.112356],[25.734914,45.112344],[25.734929,45.112324],[25.734934,45.112316],[25.734949,45.112277],[25.734977,45.112212],[25.734985,45.112192],[25.734991,45.112177],[25.734967,45.112174],[25.734887,45.11217],[25.734807,45.112175],[25.734738,45.112184],[25.734731,45.112165],[25.734719,45.112144],[25.734759,45.112138],[25.734834,45.11212],[25.734906,45.112096],[25.734937,45.112082],[25.734964,45.11213],[25.734995,45.112168],[25.735006,45.112141],[25.735029,45.112096],[25.735038,45.112083],[25.735093,45.112007],[25.735108,45.111985],[25.735145,45.11193],[25.735171,45.111897],[25.735224,45.111838],[25.735277,45.111778],[25.735292,45.111762],[25.735354,45.1117],[25.735403,45.111652],[25.735449,45.111606],[25.735497,45.111555],[25.735548,45.111502],[25.735562,45.111487],[25.7356,45.111443],[25.735626,45.111412],[25.735626,45.11139],[25.735618,45.111398],[25.735581,45.111448],[25.73556,45.111486],[25.735531,45.111485],[25.735451,45.111489],[25.735373,45.1115],[25.735298,45.111518],[25.735226,45.111542],[25.735195,45.111556],[25.735167,45.111508],[25.735142,45.111477],[25.735143,45.111477],[25.735223,45.111472],[25.735301,45.111461],[25.735377,45.111443],[25.735449,45.111419],[25.735516,45.111388],[25.735577,45.111352],[25.735625,45.111315],[25.735612,45.110333],[25.735593,45.110327],[25.735517,45.11031]],[[25.732003,45.115206],[25.731973,45.115154],[25.731961,45.115139],[25.731993,45.115135],[25.732068,45.115117],[25.73207,45.115116],[25.732062,45.115168],[25.732062,45.115219],[25.732014,45.115235],[25.732003,45.115206]],[[25.730125,45.115243],[25.73013,45.115236],[25.730136,45.11523],[25.730142,45.115226],[25.730501,45.114985],[25.730822,45.114768],[25.731175,45.114532],[25.731458,45.114342],[25.731869,45.114065],[25.731871,45.114063],[25.73188,45.114059],[25.73189,45.114055],[25.731901,45.114053],[25.731912,45.114052],[25.731923,45.114053],[25.731934,45.114055],[25.731944,45.114058],[25.731953,45.114063],[25.731961,45.114068],[25.731967,45.114075],[25.731972,45.114082],[25.731975,45.114089],[25.731976,45.114097],[25.731975,45.114105],[25.731972,45.114112],[25.731968,45.11412],[25.731962,45.114126],[25.731956,45.11413],[25.731546,45.114407],[25.731263,45.114598],[25.73091,45.114834],[25.730589,45.11505],[25.730229,45.115291],[25.730226,45.115293],[25.730217,45.115297],[25.730207,45.1153],[25.730197,45.115303],[25.730186,45.115303],[25.730175,45.115303],[25.730164,45.115301],[25.730154,45.115298],[25.730145,45.115293],[25.730137,45.115288],[25.73013,45.115281],[25.730126,45.115274],[25.730123,45.115267],[25.730122,45.115259],[25.730122,45.115251],[25.730125,45.115243]]],[[[25.728255,45.116911],[25.728333,45.116921],[25.728413,45.116924],[25.728493,45.11692],[25.728571,45.116909],[25.728647,45.116891],[25.728719,45.116866],[25.728786,45.116836],[25.728847,45.116799],[25.728901,45.116758],[25.728947,45.116712],[25.728954,45.116702],[25.728967,45.116712],[25.729029,45.116748],[25.729097,45.116778],[25.729161,45.116798],[25.729179,45.116847],[25.729209,45.116899],[25.729248,45.116949],[25.729296,45.116994],[25.729351,45.117035],[25.729413,45.117071],[25.72948,45.1171],[25.729553,45.117124],[25.729629,45.117141],[25.729708,45.117151],[25.729787,45.117154],[25.729867,45.11715],[25.729945,45.117139],[25.730021,45.117121],[25.730093,45.117096],[25.73016,45.117066],[25.730221,45.117029],[25.730275,45.116988],[25.730276,45.116987],[25.730268,45.117037],[25.730268,45.117093],[25.730279,45.117149],[25.7303,45.117204],[25.73033,45.117256],[25.730369,45.117305],[25.730416,45.117351],[25.730471,45.117392],[25.730533,45.117427],[25.730559,45.117438],[25.730568,45.117464],[25.730598,45.117516],[25.730637,45.117566],[25.730685,45.117611],[25.73074,45.117652],[25.730802,45.117687],[25.73087,45.117717],[25.730942,45.117741],[25.731018,45.117758],[25.731097,45.117768],[25.731177,45.117771],[25.731197,45.11777],[25.73126,45.117784],[25.731315,45.117791],[25.731303,45.116923],[25.731277,45.11693],[25.731248,45.116937],[25.731204,45.116942],[25.731132,45.116946],[25.731059,45.116943],[25.730988,45.116932],[25.73092,45.116915],[25.730856,45.116891],[25.73084,45.116882],[25.730796,45.116862],[25.730791,45.116856],[25.730775,45.116846],[25.730703,45.116804],[25.730618,45.116751],[25.730533,45.116697],[25.730531,45.116696],[25.730524,45.116699],[25.730463,45.116736],[25.730409,45.116777],[25.730408,45.116778],[25.730416,45.116728],[25.730415,45.116672],[25.730405,45.116617],[25.730362,45.11659],[25.73033,45.11657],[25.730296,45.116554],[25.730237,45.116523],[25.730222,45.116515],[25.730164,45.116482],[25.730105,45.116449],[25.730093,45.116442],[25.730087,45.116438],[25.730002,45.116385],[25.729917,45.116332],[25.729873,45.116302],[25.729812,45.116253],[25.72975,45.116204],[25.729705,45.116168],[25.729679,45.116147],[25.729629,45.116114],[25.729559,45.116069],[25.729489,45.116023],[25.729477,45.116015],[25.729397,45.115963],[25.729367,45.115944],[25.72935,45.115957],[25.729272,45.116015],[25.729195,45.116073],[25.729116,45.116131],[25.729041,45.116186],[25.728966,45.116241],[25.728817,45.116351],[25.728746,45.116403],[25.72867,45.116461],[25.728591,45.116521],[25.728512,45.116581],[25.728438,45.116637],[25.728362,45.116698],[25.728281,45.116763],[25.728266,45.116775],[25.728191,45.11683],[25.728127,45.116877],[25.728179,45.116894],[25.728255,45.116911]]],[[[25.731289,45.118238],[25.73128,45.118294],[25.73128,45.11835],[25.731291,45.118406],[25.731312,45.118461],[25.731324,45.118482],[25.731319,45.118162],[25.731308,45.118183],[25.731289,45.118238]]],[[[25.731428,45.118608],[25.731483,45.118649],[25.731545,45.118684],[25.731613,45.118714],[25.731686,45.118738],[25.731762,45.118755],[25.73184,45.118765],[25.73192,45.118768],[25.732,45.118764],[25.732078,45.118753],[25.732154,45.118735],[25.732225,45.11871],[25.732292,45.118679],[25.732353,45.118643],[25.732408,45.118602],[25.732454,45.118555],[25.732464,45.118542],[25.73137,45.118549],[25.731381,45.118562],[25.731428,45.118608]]],[[[25.735139,45.117953],[25.735156,45.117961],[25.735139,45.11801],[25.73513,45.118066],[25.735131,45.118123],[25.735141,45.118179],[25.735162,45.118233],[25.735192,45.118286],[25.735231,45.118335],[25.735234,45.118337],[25.735234,45.118347],[25.735245,45.118403],[25.735265,45.118458],[25.735295,45.11851],[25.735334,45.11856],[25.735382,45.118605],[25.735437,45.118646],[25.735499,45.118681],[25.735567,45.118711],[25.735639,45.118735],[25.735709,45.118751],[25.735697,45.118773],[25.735678,45.118827],[25.735669,45.118884],[25.73567,45.11894],[25.73568,45.118996],[25.735701,45.119051],[25.735731,45.119103],[25.73577,45.119152],[25.735818,45.119198],[25.735873,45.119239],[25.735935,45.119274],[25.736002,45.119304],[25.736075,45.119328],[25.736151,45.119345],[25.73623,45.119355],[25.736309,45.119358],[25.736329,45.119357],[25.736339,45.119382],[25.736369,45.119434],[25.736408,45.119483],[25.736455,45.119529],[25.73651,45.11957],[25.736572,45.119605],[25.73664,45.119635],[25.736713,45.119659],[25.736789,45.119676],[25.736867,45.119686],[25.73688,45.119686],[25.736918,45.119734],[25.736965,45.119779],[25.73702,45.11982],[25.737082,45.119856],[25.73715,45.119886],[25.737223,45.119909],[25.737299,45.119926],[25.737377,45.119936],[25.737457,45.119939],[25.737537,45.119935],[25.737615,45.119924],[25.737691,45.119906],[25.737763,45.119882],[25.73783,45.119851],[25.737881,45.11982],[25.737884,45.119826],[25.737922,45.119874],[25.737909,45.11991],[25.7379,45.119966],[25.737901,45.120022],[25.737912,45.120078],[25.737932,45.120133],[25.737962,45.120185],[25.738001,45.120235],[25.738049,45.12028],[25.738104,45.120321],[25.738166,45.120357],[25.738234,45.120386],[25.738306,45.12041],[25.738382,45.120427],[25.738461,45.120437],[25.738541,45.12044],[25.73862,45.120436],[25.738699,45.120425],[25.738735,45.120416],[25.738738,45.120417],[25.738817,45.120427],[25.738897,45.12043],[25.738976,45.120426],[25.739054,45.120415],[25.73913,45.120397],[25.739202,45.120372],[25.739269,45.120342],[25.73933,45.120305],[25.739384,45.120264],[25.739431,45.120218],[25.739468,45.120168],[25.739497,45.120115],[25.739516,45.12006],[25.739525,45.120004],[25.739525,45.119948],[25.739514,45.119892],[25.739493,45.119837],[25.739463,45.119785],[25.73946,45.11978],[25.739482,45.119775],[25.739554,45.11975],[25.739621,45.119719],[25.739682,45.119683],[25.739736,45.119641],[25.739783,45.119595],[25.73982,45.119546],[25.739849,45.119493],[25.739863,45.119454],[25.739924,45.119451],[25.740002,45.11944],[25.740045,45.119429],[25.740046,45.119476],[25.740057,45.119532],[25.740077,45.119586],[25.740107,45.119639],[25.740147,45.119688],[25.740194,45.119733],[25.740228,45.119758],[25.740244,45.119802],[25.740274,45.119854],[25.740313,45.119904],[25.740336,45.119925],[25.740285,45.119942],[25.740218,45.119973],[25.740157,45.12001],[25.740148,45.120017],[25.740141,45.120018],[25.740065,45.120036],[25.739993,45.12006],[25.739926,45.120091],[25.739865,45.120127],[25.739821,45.120162],[25.741958,45.120294],[25.741944,45.119192],[25.743215,45.119184],[25.744486,45.119175],[25.744493,45.119695],[25.744537,45.119646],[25.744744,45.119423],[25.744748,45.119419],[25.744756,45.119414],[25.744765,45.119409],[25.744775,45.119406],[25.744786,45.119404],[25.744797,45.119403],[25.744808,45.119404],[25.744818,45.119405],[25.744829,45.119409],[25.74483,45.119409],[25.745161,45.119552],[25.745162,45.119553],[25.74562,45.119741],[25.745622,45.119742],[25.745631,45.119746],[25.745775,45.119807],[25.745841,45.119772],[25.745847,45.119768],[25.745855,45.119766],[25.745863,45.119764],[25.745871,45.119762],[25.745875,45.119762],[25.745886,45.119761],[25.745897,45.119762],[25.745908,45.119764],[25.745918,45.119767],[25.745927,45.119771],[25.745935,45.119777],[25.745942,45.119783],[25.745947,45.11979],[25.745949,45.119798],[25.745951,45.119806],[25.74595,45.119813],[25.745947,45.119821],[25.745942,45.119828],[25.745936,45.119835],[25.745928,45.11984],[25.745919,45.119845],[25.745909,45.119848],[25.745817,45.119897],[25.745811,45.1199],[25.745801,45.119903],[25.74579,45.119905],[25.745779,45.119906],[25.745768,45.119906],[25.745758,45.119904],[25.745747,45.1199],[25.745746,45.1199],[25.745565,45.119823],[25.745563,45.119822],[25.745555,45.119818],[25.745183,45.119666],[25.745155,45.119865],[25.74517,45.119867],[25.74525,45.11987],[25.745329,45.119866],[25.745408,45.119855],[25.745483,45.119837],[25.745517,45.119826],[25.745538,45.119851],[25.745585,45.119897],[25.745641,45.119938],[25.745703,45.119973],[25.74577,45.120003],[25.745843,45.120027],[25.745919,45.120044],[25.745998,45.120054],[25.746077,45.120057],[25.746157,45.120053],[25.746235,45.120042],[25.746311,45.120024],[25.746368,45.120004],[25.746368,45.120014],[25.746379,45.12007],[25.746399,45.120125],[25.746429,45.120177],[25.746468,45.120227],[25.746516,45.120272],[25.746571,45.120313],[25.746633,45.120348],[25.746701,45.120378],[25.746773,45.120402],[25.746809,45.12041],[25.746772,45.120459],[25.746743,45.120512],[25.74673,45.120548],[25.746664,45.120527],[25.746588,45.12051],[25.746509,45.1205],[25.74643,45.120497],[25.74635,45.120501],[25.746272,45.120512],[25.746196,45.12053],[25.746158,45.120543],[25.746129,45.120507],[25.746081,45.120461],[25.746026,45.120421],[25.745964,45.120385],[25.745896,45.120355],[25.745824,45.120331],[25.745748,45.120315],[25.745669,45.120304],[25.745589,45.120301],[25.74551,45.120306],[25.745432,45.120317],[25.745356,45.120335],[25.745302,45.120353],[25.745593,45.120487],[25.745206,45.120911],[25.744967,45.120815],[25.744972,45.12084],[25.744978,45.120856],[25.744924,45.120838],[25.744848,45.120821],[25.74477,45.120811],[25.744763,45.120811],[25.744679,45.120872],[25.744544,45.120822],[25.744532,45.120823],[25.744508,45.120829],[25.744509,45.120975],[25.7442,45.120977],[25.744156,45.121021],[25.74414,45.121042],[25.744136,45.121038],[25.744074,45.121003],[25.744018,45.120978],[25.743238,45.120984],[25.742166,45.120991],[25.742146,45.121003],[25.742138,45.121009],[25.742128,45.120992],[25.742127,45.120991],[25.741967,45.120992],[25.741965,45.120844],[25.741924,45.12082],[25.7419,45.12081],[25.741917,45.120796],[25.741964,45.12075],[25.741964,45.120749],[25.741959,45.120384],[25.739959,45.120261],[25.73996,45.120266],[25.739959,45.120274],[25.739956,45.120282],[25.739951,45.120289],[25.739948,45.120292],[25.73994,45.1203],[25.739937,45.120303],[25.739929,45.120309],[25.73992,45.120313],[25.73991,45.120317],[25.7399,45.120319],[25.739889,45.12032],[25.739878,45.120319],[25.739867,45.120317],[25.739857,45.120314],[25.739848,45.120309],[25.73984,45.120304],[25.739833,45.120298],[25.739829,45.12029],[25.739826,45.120285],[25.739752,45.120243],[25.739747,45.12024],[25.739746,45.12024],[25.739727,45.120265],[25.739699,45.120318],[25.739679,45.120372],[25.73967,45.120429],[25.739671,45.120485],[25.739682,45.120541],[25.739702,45.120596],[25.739732,45.120648],[25.739771,45.120697],[25.739819,45.120743],[25.739874,45.120783],[25.739936,45.120819],[25.740004,45.120849],[25.740076,45.120873],[25.740152,45.120889],[25.740182,45.120893],[25.740182,45.120934],[25.740193,45.12099],[25.740213,45.121044],[25.740243,45.121097],[25.740283,45.121146],[25.74033,45.121191],[25.740385,45.121232],[25.740447,45.121268],[25.740515,45.121297],[25.740588,45.121321],[25.740664,45.121338],[25.740742,45.121348],[25.740822,45.121351],[25.740902,45.121347],[25.740958,45.121339],[25.740983,45.121382],[25.741022,45.121431],[25.741069,45.121477],[25.741124,45.121518],[25.741186,45.121553],[25.741254,45.121583],[25.741327,45.121607],[25.741403,45.121624],[25.741481,45.121634],[25.741561,45.121637],[25.741641,45.121633],[25.741719,45.121622],[25.741795,45.121604],[25.741867,45.121579],[25.741934,45.121548],[25.741995,45.121512],[25.742003,45.121505],[25.742013,45.121523],[25.742052,45.121572],[25.7421,45.121618],[25.742155,45.121659],[25.742217,45.121694],[25.742285,45.121724],[25.742357,45.121748],[25.742433,45.121765],[25.742512,45.121775],[25.742592,45.121778],[25.742671,45.121774],[25.74275,45.121763],[25.742825,45.121745],[25.742897,45.12172],[25.742964,45.121689],[25.743025,45.121653],[25.743079,45.121611],[25.743126,45.121565],[25.74313,45.12156],[25.743132,45.121565],[25.743171,45.121614],[25.743219,45.121659],[25.743274,45.1217],[25.743276,45.121701],[25.743276,45.121705],[25.743277,45.121761],[25.743287,45.121817],[25.743308,45.121872],[25.743338,45.121924],[25.743377,45.121973],[25.743425,45.122019],[25.74348,45.12206],[25.743542,45.122095],[25.743609,45.122125],[25.743682,45.122149],[25.743758,45.122166],[25.743837,45.122176],[25.743916,45.122179],[25.743949,45.122177],[25.743963,45.122201],[25.744002,45.12225],[25.744049,45.122296],[25.744104,45.122337],[25.744166,45.122372],[25.744234,45.122402],[25.744307,45.122426],[25.744383,45.122443],[25.744461,45.122453],[25.744541,45.122456],[25.744621,45.122452],[25.744699,45.122441],[25.744775,45.122423],[25.744847,45.122398],[25.744914,45.122367],[25.744975,45.122331],[25.745029,45.122289],[25.745075,45.122243],[25.745113,45.122194],[25.745141,45.122141],[25.745161,45.122086],[25.74517,45.12203],[25.745169,45.121973],[25.745158,45.121917],[25.745138,45.121863],[25.745117,45.121826],[25.74518,45.121847],[25.745256,45.121864],[25.745335,45.121874],[25.745415,45.121877],[25.745494,45.121873],[25.745573,45.121862],[25.745648,45.121844],[25.74572,45.121819],[25.745787,45.121789],[25.745848,45.121752],[25.745902,45.121711],[25.745949,45.121665],[25.745986,45.121615],[25.746015,45.121562],[25.746034,45.121507],[25.746043,45.121451],[25.746043,45.121395],[25.746032,45.121339],[25.746011,45.121284],[25.746009,45.12128],[25.746067,45.121313],[25.746135,45.121343],[25.746207,45.121367],[25.746283,45.121384],[25.746362,45.121394],[25.746442,45.121397],[25.746521,45.121393],[25.746599,45.121382],[25.746672,45.121364],[25.746674,45.121368],[25.746704,45.12142],[25.746708,45.121426],[25.746688,45.121439],[25.746634,45.12148],[25.746587,45.121526],[25.74655,45.121576],[25.746521,45.121629],[25.746502,45.121684],[25.746493,45.12174],[25.746493,45.121796],[25.746504,45.121852],[25.746525,45.121907],[25.746555,45.121959],[25.746594,45.122008],[25.746641,45.122054],[25.746696,45.122095],[25.746758,45.12213],[25.746826,45.12216],[25.746899,45.122184],[25.746975,45.122201],[25.747053,45.122211],[25.747133,45.122214],[25.747213,45.12221],[25.747291,45.122199],[25.747367,45.122181],[25.747439,45.122156],[25.747506,45.122125],[25.747567,45.122089],[25.747602,45.122062],[25.74757,45.122104],[25.747541,45.122156],[25.747522,45.122211],[25.747513,45.122267],[25.747514,45.122324],[25.747524,45.12238],[25.747545,45.122435],[25.747575,45.122487],[25.747614,45.122536],[25.747662,45.122582],[25.747717,45.122622],[25.747779,45.122658],[25.747847,45.122688],[25.747897,45.122704],[25.747882,45.122714],[25.74786,45.122701],[25.747792,45.122671],[25.74772,45.122648],[25.747644,45.122631],[25.747565,45.122621],[25.747485,45.122618],[25.747406,45.122622],[25.747346,45.12263],[25.747329,45.122585],[25.747299,45.122533],[25.74726,45.122483],[25.747212,45.122438],[25.747157,45.122397],[25.747095,45.122362],[25.747027,45.122332],[25.746955,45.122308],[25.746879,45.122291],[25.7468,45.122281],[25.74672,45.122278],[25.746641,45.122282],[25.746563,45.122293],[25.746487,45.122311],[25.746415,45.122336],[25.746348,45.122366],[25.746287,45.122403],[25.746238,45.12244],[25.746202,45.122424],[25.746129,45.122401],[25.746053,45.122384],[25.745974,45.122374],[25.745895,45.122371],[25.745815,45.122375],[25.745737,45.122386],[25.745661,45.122404],[25.745589,45.122428],[25.745522,45.122459],[25.745461,45.122495],[25.745407,45.122537],[25.745361,45.122583],[25.745323,45.122633],[25.745294,45.122686],[25.745275,45.12274],[25.745266,45.122796],[25.745267,45.122853],[25.745277,45.122909],[25.745298,45.122964],[25.745328,45.123016],[25.745367,45.123065],[25.745415,45.123111],[25.74547,45.123151],[25.745532,45.123187],[25.7456,45.123217],[25.745672,45.12324],[25.745748,45.123257],[25.745827,45.123268],[25.745907,45.123271],[25.745986,45.123266],[25.746064,45.123255],[25.74614,45.123237],[25.746212,45.123213],[25.746279,45.123182],[25.74634,45.123146],[25.746389,45.123108],[25.746425,45.123124],[25.746498,45.123148],[25.746574,45.123165],[25.746653,45.123175],[25.746732,45.123178],[25.746812,45.123174],[25.746872,45.123165],[25.746889,45.123211],[25.746919,45.123263],[25.746958,45.123312],[25.747005,45.123358],[25.747061,45.123399],[25.747123,45.123434],[25.74719,45.123464],[25.747263,45.123488],[25.747339,45.123505],[25.747418,45.123515],[25.747497,45.123518],[25.747577,45.123514],[25.747655,45.123502],[25.747731,45.123485],[25.747803,45.12346],[25.74787,45.123429],[25.747902,45.12341],[25.747923,45.123423],[25.747991,45.123453],[25.748064,45.123476],[25.74814,45.123493],[25.748218,45.123503],[25.748298,45.123506],[25.748378,45.123502],[25.748444,45.123493],[25.748459,45.123519],[25.748498,45.123568],[25.748545,45.123614],[25.748601,45.123655],[25.748662,45.12369],[25.74873,45.12372],[25.748803,45.123744],[25.748879,45.123761],[25.748958,45.123771],[25.749037,45.123774],[25.749117,45.12377],[25.749195,45.123759],[25.749271,45.123741],[25.749343,45.123716],[25.74941,45.123685],[25.749471,45.123649],[25.749525,45.123607],[25.749571,45.123561],[25.749609,45.123512],[25.749638,45.123459],[25.749639,45.123455],[25.749665,45.123461],[25.749744,45.123471],[25.749824,45.123474],[25.749903,45.12347],[25.749982,45.123459],[25.750057,45.123441],[25.750129,45.123417],[25.750147,45.123408],[25.750191,45.123428],[25.750263,45.123451],[25.750339,45.123468],[25.750418,45.123478],[25.750497,45.123481],[25.750577,45.123477],[25.750589,45.123475],[25.750594,45.123486],[25.750634,45.123535],[25.750681,45.12358],[25.750736,45.123621],[25.750798,45.123657],[25.750866,45.123687],[25.750939,45.12371],[25.751015,45.123727],[25.751093,45.123737],[25.751173,45.12374],[25.751253,45.123736],[25.751331,45.123725],[25.751406,45.123707],[25.751478,45.123682],[25.751545,45.123652],[25.751606,45.123615],[25.75166,45.123574],[25.751707,45.123528],[25.751745,45.123478],[25.751756,45.123457],[25.751787,45.123487],[25.751842,45.123528],[25.751904,45.123563],[25.751972,45.123593],[25.752044,45.123617],[25.752102,45.123629],[25.752027,45.123633],[25.751949,45.123644],[25.751873,45.123662],[25.751801,45.123687],[25.751734,45.123718],[25.751673,45.123754],[25.751619,45.123796],[25.751573,45.123842],[25.751535,45.123891],[25.751507,45.123944],[25.751487,45.123999],[25.751478,45.124055],[25.751479,45.124112],[25.75149,45.124168],[25.75151,45.124222],[25.75154,45.124275],[25.751579,45.124324],[25.751627,45.124369],[25.751682,45.12441],[25.751744,45.124446],[25.751812,45.124476],[25.751884,45.124499],[25.751961,45.124516],[25.752039,45.124526],[25.752119,45.124529],[25.752198,45.124525],[25.752277,45.124514],[25.752352,45.124496],[25.752424,45.124472],[25.752491,45.124441],[25.752552,45.124404],[25.752606,45.124363],[25.752653,45.124317],[25.75269,45.124267],[25.752719,45.124214],[25.752738,45.124159],[25.752748,45.124103],[25.752747,45.124047],[25.752736,45.123991],[25.752715,45.123936],[25.752685,45.123884],[25.752646,45.123835],[25.752599,45.123789],[25.752544,45.123748],[25.752482,45.123713],[25.752414,45.123683],[25.752341,45.123659],[25.752283,45.123646],[25.752358,45.123643],[25.752436,45.123631],[25.752512,45.123613],[25.752584,45.123589],[25.752651,45.123558],[25.752712,45.123522],[25.752766,45.12348],[25.752812,45.123434],[25.75285,45.123384],[25.752879,45.123332],[25.752882,45.123324],[25.752921,45.123353],[25.752983,45.123389],[25.753,45.123396],[25.753,45.123414],[25.753011,45.12347],[25.753031,45.123524],[25.753062,45.123577],[25.753101,45.123626],[25.753148,45.123671],[25.753203,45.123712],[25.753265,45.123748],[25.753333,45.123778],[25.753406,45.123801],[25.753482,45.123818],[25.75356,45.123828],[25.75364,45.123831],[25.75372,45.123827],[25.753798,45.123816],[25.753874,45.123798],[25.753946,45.123774],[25.754013,45.123743],[25.754074,45.123706],[25.754128,45.123665],[25.754143,45.123649],[25.754143,45.12365],[25.754191,45.123695],[25.754246,45.123736],[25.754308,45.123772],[25.754376,45.123801],[25.754448,45.123825],[25.754524,45.123842],[25.754603,45.123852],[25.754683,45.123855],[25.754762,45.123851],[25.75482,45.123843],[25.754826,45.123861],[25.754856,45.123913],[25.754895,45.123962],[25.754943,45.124008],[25.754998,45.124049],[25.75506,45.124084],[25.755128,45.124114],[25.7552,45.124138],[25.755277,45.124154],[25.755355,45.124165],[25.755435,45.124168],[25.755515,45.124163],[25.755593,45.124152],[25.755668,45.124134],[25.75574,45.12411],[25.755807,45.124079],[25.755868,45.124043],[25.75592,45.124003],[25.755964,45.124036],[25.756026,45.124072],[25.756094,45.124102],[25.75614,45.124117],[25.756155,45.124143],[25.756194,45.124192],[25.756241,45.124238],[25.756296,45.124278],[25.756358,45.124314],[25.756426,45.124344],[25.756499,45.124367],[25.756575,45.124384],[25.756653,45.124394],[25.756733,45.124398],[25.756813,45.124393],[25.756813,45.124393],[25.756818,45.124421],[25.756839,45.124475],[25.756869,45.124528],[25.756908,45.124577],[25.756956,45.124622],[25.757011,45.124663],[25.757073,45.124699],[25.757141,45.124729],[25.757213,45.124752],[25.757289,45.124769],[25.757368,45.124779],[25.757448,45.124782],[25.757527,45.124778],[25.757605,45.124767],[25.757681,45.124749],[25.757753,45.124724],[25.75782,45.124694],[25.757824,45.124692],[25.757863,45.124697],[25.757943,45.1247],[25.758023,45.124696],[25.758101,45.124684],[25.758176,45.124666],[25.758187,45.124663],[25.758182,45.124691],[25.758183,45.124747],[25.758194,45.124803],[25.758214,45.124858],[25.758245,45.12491],[25.758284,45.12496],[25.758331,45.125005],[25.758386,45.125046],[25.758448,45.125081],[25.758516,45.125111],[25.758589,45.125135],[25.758665,45.125152],[25.758743,45.125162],[25.758823,45.125165],[25.758903,45.125161],[25.758981,45.12515],[25.759057,45.125132],[25.759129,45.125107],[25.759196,45.125076],[25.759257,45.12504],[25.759311,45.124998],[25.759357,45.124952],[25.759395,45.124903],[25.759423,45.12485],[25.759443,45.124795],[25.759452,45.124739],[25.759451,45.124682],[25.75944,45.124626],[25.75942,45.124572],[25.75939,45.124519],[25.759351,45.12447],[25.759303,45.124425],[25.759248,45.124384],[25.759186,45.124348],[25.759118,45.124319],[25.759046,45.124295],[25.759023,45.12429],[25.759035,45.124278],[25.759073,45.124229],[25.759101,45.124176],[25.75912,45.124121],[25.75913,45.124065],[25.759129,45.124008],[25.759118,45.123952],[25.759098,45.123898],[25.759068,45.123845],[25.759028,45.123796],[25.758981,45.123751],[25.758926,45.12371],[25.758907,45.123699],[25.7589,45.123665],[25.75888,45.12361],[25.75885,45.123558],[25.75881,45.123509],[25.758763,45.123463],[25.758708,45.123423],[25.758646,45.123387],[25.758578,45.123357],[25.758505,45.123334],[25.758429,45.123317],[25.758351,45.123307],[25.758271,45.123304],[25.758191,45.123308],[25.758113,45.123319],[25.758037,45.123337],[25.757966,45.123361],[25.757899,45.123392],[25.757882,45.123402],[25.757845,45.12339],[25.757769,45.123373],[25.75769,45.123363],[25.75761,45.12336],[25.757531,45.123364],[25.757452,45.123375],[25.757377,45.123393],[25.757305,45.123417],[25.757264,45.123436],[25.757243,45.123427],[25.757287,45.123412],[25.757354,45.123381],[25.757415,45.123345],[25.757469,45.123303],[25.757515,45.123257],[25.757553,45.123207],[25.757582,45.123155],[25.757601,45.1231],[25.75761,45.123044],[25.757609,45.122987],[25.757607,45.122974],[25.757661,45.123014],[25.757723,45.12305],[25.757791,45.123079],[25.757864,45.123103],[25.75794,45.12312],[25.758018,45.12313],[25.758098,45.123133],[25.758178,45.123129],[25.758256,45.123118],[25.758332,45.1231],[25.758404,45.123075],[25.758471,45.123045],[25.758532,45.123008],[25.758586,45.122967],[25.758632,45.122921],[25.75867,45.122871],[25.758698,45.122818],[25.758718,45.122763],[25.758727,45.122707],[25.758726,45.122651],[25.758715,45.122595],[25.758695,45.12254],[25.758665,45.122488],[25.758625,45.122438],[25.758578,45.122393],[25.758523,45.122352],[25.758461,45.122316],[25.758446,45.12231],[25.75846,45.122269],[25.758469,45.122213],[25.758469,45.122156],[25.758458,45.1221],[25.758437,45.122046],[25.758407,45.121993],[25.758368,45.121944],[25.758321,45.121899],[25.758265,45.121858],[25.758203,45.121822],[25.758136,45.121792],[25.758063,45.121769],[25.757987,45.121752],[25.757908,45.121742],[25.757829,45.121739],[25.757749,45.121743],[25.757671,45.121754],[25.75763,45.121764],[25.757595,45.12173],[25.75754,45.121689],[25.757478,45.121654],[25.75741,45.121624],[25.757337,45.1216],[25.757261,45.121583],[25.757183,45.121573],[25.757103,45.12157],[25.757064,45.121572],[25.757041,45.121562],[25.756968,45.121538],[25.756892,45.121521],[25.756814,45.121511],[25.756734,45.121508],[25.756654,45.121512],[25.756576,45.121523],[25.7565,45.121541],[25.756428,45.121566],[25.756361,45.121597],[25.7563,45.121633],[25.756246,45.121675],[25.756228,45.121693],[25.756228,45.121668],[25.756217,45.121612],[25.756197,45.121558],[25.756166,45.121506],[25.756127,45.121456],[25.75608,45.121411],[25.756025,45.12137],[25.755999,45.121355],[25.756028,45.121346],[25.756095,45.121315],[25.756156,45.121279],[25.75621,45.121237],[25.756256,45.121191],[25.756294,45.121141],[25.756323,45.121088],[25.756342,45.121034],[25.756351,45.120978],[25.75635,45.120921],[25.75634,45.120865],[25.756319,45.12081],[25.756289,45.120758],[25.75625,45.120709],[25.756202,45.120663],[25.756147,45.120623],[25.756085,45.120587],[25.756017,45.120557],[25.755945,45.120534],[25.755869,45.120517],[25.75579,45.120507],[25.75571,45.120504],[25.755631,45.120508],[25.755552,45.120519],[25.755477,45.120537],[25.755405,45.120561],[25.755338,45.120592],[25.755277,45.120628],[25.755223,45.12067],[25.755176,45.120716],[25.755139,45.120766],[25.75511,45.120818],[25.755091,45.120873],[25.755082,45.120929],[25.755082,45.120986],[25.755093,45.121042],[25.755114,45.121097],[25.755144,45.121149],[25.755183,45.121198],[25.75523,45.121244],[25.755286,45.121284],[25.755311,45.121299],[25.755283,45.121309],[25.755216,45.121339],[25.755154,45.121376],[25.755108,45.121412],[25.755108,45.121411],[25.755107,45.121355],[25.755097,45.121299],[25.755076,45.121244],[25.755046,45.121192],[25.755007,45.121143],[25.754959,45.121097],[25.754904,45.121056],[25.754842,45.121021],[25.754774,45.120991],[25.754702,45.120967],[25.754626,45.12095],[25.754547,45.12094],[25.754467,45.120937],[25.754388,45.120941],[25.75431,45.120953],[25.754234,45.120971],[25.754162,45.120995],[25.754095,45.121026],[25.754034,45.121062],[25.75398,45.121104],[25.753934,45.12115],[25.753896,45.1212],[25.753867,45.121252],[25.753848,45.121307],[25.753839,45.121363],[25.753839,45.12142],[25.75385,45.121476],[25.753871,45.12153],[25.753901,45.121583],[25.75394,45.121632],[25.753987,45.121677],[25.754043,45.121718],[25.754105,45.121754],[25.754172,45.121784],[25.754245,45.121807],[25.754321,45.121824],[25.7544,45.121834],[25.754479,45.121837],[25.754559,45.121833],[25.754637,45.121822],[25.754713,45.121804],[25.754785,45.12178],[25.754852,45.121749],[25.754913,45.121712],[25.754959,45.121677],[25.754959,45.121677],[25.75496,45.121733],[25.754971,45.121789],[25.754991,45.121844],[25.755021,45.121896],[25.755045,45.121926],[25.754977,45.121942],[25.754905,45.121967],[25.754838,45.121998],[25.754777,45.122034],[25.754723,45.122076],[25.754677,45.122122],[25.754639,45.122171],[25.75461,45.122224],[25.754591,45.122279],[25.754586,45.122313],[25.754554,45.122299],[25.754481,45.122275],[25.754405,45.122258],[25.754326,45.122248],[25.754247,45.122245],[25.754167,45.122249],[25.754089,45.122261],[25.754013,45.122278],[25.753941,45.122303],[25.753874,45.122334],[25.753813,45.12237],[25.753759,45.122412],[25.753713,45.122458],[25.753675,45.122508],[25.753646,45.12256],[25.753627,45.122615],[25.753627,45.122617],[25.75358,45.122602],[25.753504,45.122585],[25.753426,45.122575],[25.753346,45.122572],[25.753266,45.122576],[25.753188,45.122587],[25.753113,45.122605],[25.753041,45.12263],[25.752974,45.122661],[25.752913,45.122697],[25.752898,45.122708],[25.752886,45.122675],[25.752855,45.122623],[25.752816,45.122574],[25.752769,45.122528],[25.752714,45.122488],[25.752652,45.122452],[25.752584,45.122422],[25.752511,45.122399],[25.752435,45.122382],[25.752357,45.122372],[25.752277,45.122369],[25.752197,45.122373],[25.752119,45.122384],[25.752043,45.122402],[25.751971,45.122426],[25.751904,45.122457],[25.751843,45.122493],[25.751789,45.122535],[25.751743,45.122581],[25.751705,45.122631],[25.751677,45.122684],[25.751657,45.122738],[25.751648,45.122794],[25.751649,45.122851],[25.75166,45.122907],[25.75168,45.122962],[25.751702,45.122999],[25.751695,45.123009],[25.751684,45.123029],[25.751653,45.123],[25.751598,45.122959],[25.751536,45.122924],[25.751468,45.122894],[25.751395,45.12287],[25.751319,45.122853],[25.75131,45.122852],[25.751312,45.122851],[25.751373,45.122815],[25.751427,45.122773],[25.751473,45.122727],[25.751511,45.122678],[25.751539,45.122625],[25.751559,45.12257],[25.751568,45.122514],[25.751567,45.122457],[25.751556,45.122401],[25.751536,45.122347],[25.751506,45.122294],[25.751467,45.122245],[25.751419,45.1222],[25.751364,45.122159],[25.751302,45.122123],[25.751234,45.122093],[25.751162,45.12207],[25.751085,45.122053],[25.751007,45.122043],[25.750927,45.12204],[25.750848,45.122044],[25.750769,45.122055],[25.750694,45.122073],[25.750622,45.122098],[25.750555,45.122128],[25.750494,45.122165],[25.75044,45.122206],[25.750393,45.122252],[25.750356,45.122302],[25.750327,45.122355],[25.750308,45.12241],[25.750298,45.122466],[25.750299,45.122522],[25.75031,45.122578],[25.750318,45.122599],[25.750252,45.122614],[25.75021,45.122629],[25.750185,45.122587],[25.750146,45.122537],[25.750099,45.122492],[25.750043,45.122451],[25.749982,45.122415],[25.749927,45.122391],[25.749927,45.122382],[25.749916,45.122326],[25.749895,45.122271],[25.749865,45.122219],[25.749826,45.122169],[25.749779,45.122124],[25.749723,45.122083],[25.749661,45.122047],[25.749594,45.122018],[25.749521,45.121994],[25.749445,45.121977],[25.749366,45.121967],[25.749287,45.121964],[25.749207,45.121968],[25.749129,45.121979],[25.749053,45.121997],[25.748981,45.122022],[25.748914,45.122052],[25.748853,45.122089],[25.74885,45.122091],[25.748808,45.122086],[25.748728,45.122083],[25.74871,45.122084],[25.748681,45.122047],[25.748634,45.122001],[25.748578,45.121961],[25.748516,45.121925],[25.748449,45.121895],[25.748376,45.121872],[25.7483,45.121855],[25.748221,45.121845],[25.748142,45.121842],[25.748062,45.121846],[25.747984,45.121857],[25.747908,45.121875],[25.747836,45.121899],[25.747769,45.12193],[25.747708,45.121966],[25.747673,45.121993],[25.747705,45.121952],[25.747734,45.121899],[25.747753,45.121844],[25.747762,45.121788],[25.747761,45.121731],[25.74775,45.121675],[25.74773,45.121621],[25.7477,45.121568],[25.747695,45.121562],[25.747716,45.12155],[25.74777,45.121509],[25.747816,45.121463],[25.747854,45.121413],[25.747883,45.12136],[25.747902,45.121305],[25.747911,45.121249],[25.74791,45.121193],[25.7479,45.121137],[25.747879,45.121082],[25.747849,45.12103],[25.74781,45.12098],[25.747796,45.120967],[25.747843,45.12093],[25.747889,45.120884],[25.747927,45.120835],[25.747955,45.120782],[25.747975,45.120727],[25.747983,45.120673],[25.748032,45.120666],[25.748107,45.120648],[25.748179,45.120624],[25.74818,45.120623],[25.748177,45.120645],[25.748177,45.120702],[25.748188,45.120758],[25.748209,45.120812],[25.748239,45.120865],[25.748278,45.120914],[25.748325,45.120959],[25.748381,45.121],[25.748443,45.121036],[25.74851,45.121066],[25.748583,45.121089],[25.748659,45.121106],[25.748738,45.121116],[25.748817,45.121119],[25.748897,45.121115],[25.748975,45.121104],[25.749051,45.121086],[25.749066,45.121081],[25.749067,45.121082],[25.749115,45.121128],[25.74917,45.121169],[25.749232,45.121204],[25.7493,45.121234],[25.749372,45.121258],[25.749448,45.121275],[25.749527,45.121285],[25.749606,45.121288],[25.749686,45.121284],[25.749764,45.121273],[25.74984,45.121255],[25.749912,45.12123],[25.749979,45.121199],[25.75004,45.121163],[25.750094,45.121121],[25.750103,45.121112],[25.750178,45.121115],[25.750257,45.121111],[25.750258,45.121111],[25.750275,45.121133],[25.750323,45.121178],[25.750378,45.121219],[25.75044,45.121255],[25.750508,45.121284],[25.75058,45.121308],[25.750656,45.121325],[25.750735,45.121335],[25.750815,45.121338],[25.750894,45.121334],[25.750972,45.121323],[25.751048,45.121305],[25.75112,45.12128],[25.751187,45.12125],[25.751228,45.121225],[25.751253,45.121234],[25.75133,45.121251],[25.751408,45.121261],[25.751488,45.121264],[25.751567,45.12126],[25.751646,45.121249],[25.751721,45.121231],[25.751793,45.121206],[25.751813,45.121197],[25.751864,45.121214],[25.75194,45.121231],[25.752018,45.121241],[25.752098,45.121244],[25.752178,45.12124],[25.752256,45.121229],[25.752269,45.121226],[25.752287,45.121257],[25.752326,45.121306],[25.752374,45.121352],[25.752429,45.121392],[25.752491,45.121428],[25.752559,45.121458],[25.752631,45.121482],[25.752707,45.121498],[25.752786,45.121509],[25.752866,45.121512],[25.752945,45.121507],[25.753024,45.121496],[25.753099,45.121478],[25.753171,45.121454],[25.753238,45.121423],[25.753299,45.121387],[25.753353,45.121345],[25.7534,45.121299],[25.753437,45.121249],[25.753466,45.121197],[25.753485,45.121142],[25.753494,45.121086],[25.753494,45.121029],[25.753483,45.120973],[25.753462,45.120919],[25.753432,45.120866],[25.753393,45.120817],[25.753346,45.120772],[25.75329,45.120731],[25.753229,45.120695],[25.753161,45.120665],[25.753088,45.120642],[25.753012,45.120625],[25.752934,45.120615],[25.752854,45.120612],[25.752774,45.120616],[25.752696,45.120627],[25.752683,45.12063],[25.752665,45.120599],[25.752626,45.120549],[25.752578,45.120504],[25.752523,45.120463],[25.752461,45.120427],[25.752393,45.120398],[25.752375,45.120392],[25.75237,45.120365],[25.752349,45.12031],[25.752319,45.120258],[25.75228,45.120208],[25.752233,45.120163],[25.752177,45.120122],[25.752115,45.120087],[25.752048,45.120057],[25.752034,45.120052],[25.752051,45.120003],[25.75206,45.119947],[25.75206,45.119933],[25.752078,45.119927],[25.752145,45.119897],[25.752206,45.11986],[25.75226,45.119819],[25.752306,45.119773],[25.752344,45.119723],[25.752373,45.11967],[25.752392,45.119615],[25.752401,45.119559],[25.7524,45.119503],[25.752389,45.119447],[25.752376,45.11941],[25.752392,45.119404],[25.752459,45.119373],[25.75252,45.119337],[25.752574,45.119295],[25.752621,45.119249],[25.752658,45.1192],[25.752687,45.119147],[25.752706,45.119092],[25.752715,45.119036],[25.752715,45.118979],[25.752704,45.118923],[25.752683,45.118869],[25.752653,45.118816],[25.752614,45.118767],[25.752567,45.118722],[25.752512,45.118681],[25.75245,45.118645],[25.752382,45.118616],[25.752309,45.118592],[25.752233,45.118575],[25.752155,45.118565],[25.752075,45.118562],[25.751995,45.118566],[25.751917,45.118577],[25.751841,45.118595],[25.751769,45.11862],[25.751702,45.11865],[25.751641,45.118687],[25.751587,45.118728],[25.751541,45.118774],[25.751503,45.118824],[25.751475,45.118877],[25.751455,45.118932],[25.751446,45.118988],[25.751447,45.11902],[25.751407,45.118991],[25.751345,45.118955],[25.751278,45.118925],[25.751205,45.118901],[25.751129,45.118885],[25.75105,45.118874],[25.750971,45.118871],[25.750898,45.118875],[25.750891,45.118855],[25.750956,45.118839],[25.751028,45.118814],[25.751095,45.118784],[25.751156,45.118747],[25.75121,45.118706],[25.751257,45.11866],[25.751294,45.11861],[25.751323,45.118557],[25.75133,45.118537],[25.751351,45.118541],[25.751429,45.118552],[25.751509,45.118555],[25.751589,45.118551],[25.751667,45.118539],[25.751743,45.118521],[25.751814,45.118497],[25.751881,45.118466],[25.751942,45.11843],[25.751997,45.118388],[25.752043,45.118342],[25.752081,45.118292],[25.752109,45.11824],[25.752128,45.118185],[25.752138,45.118129],[25.752137,45.118072],[25.752126,45.118016],[25.752106,45.117962],[25.752076,45.117909],[25.752036,45.11786],[25.751989,45.117815],[25.751934,45.117774],[25.751872,45.117738],[25.751804,45.117708],[25.751731,45.117685],[25.751655,45.117668],[25.751577,45.117658],[25.751497,45.117655],[25.751417,45.117659],[25.751339,45.11767],[25.751264,45.117688],[25.751192,45.117712],[25.751125,45.117743],[25.751064,45.117779],[25.75101,45.117821],[25.750963,45.117867],[25.750925,45.117917],[25.750897,45.11797],[25.75089,45.11799],[25.750869,45.117985],[25.750791,45.117975],[25.750711,45.117972],[25.750631,45.117976],[25.750553,45.117987],[25.750477,45.118005],[25.750405,45.11803],[25.750338,45.118061],[25.750277,45.118097],[25.750223,45.118139],[25.750177,45.118185],[25.750139,45.118234],[25.750111,45.118287],[25.750091,45.118342],[25.750082,45.118398],[25.750083,45.118455],[25.750094,45.118511],[25.750101,45.118531],[25.750036,45.118547],[25.750025,45.11855],[25.750019,45.118518],[25.749998,45.118463],[25.749968,45.118411],[25.749929,45.118362],[25.749882,45.118316],[25.749827,45.118275],[25.749765,45.11824],[25.749705,45.118214],[25.7497,45.118205],[25.749661,45.118156],[25.749613,45.11811],[25.749558,45.118069],[25.749502,45.118037],[25.749524,45.118023],[25.749578,45.117982],[25.749625,45.117936],[25.749663,45.117886],[25.749691,45.117833],[25.74971,45.117778],[25.74972,45.117722],[25.749719,45.117666],[25.749708,45.11761],[25.749688,45.117555],[25.749658,45.117503],[25.749618,45.117454],[25.749571,45.117408],[25.749537,45.117383],[25.749577,45.117396],[25.749653,45.117413],[25.749731,45.117423],[25.749811,45.117426],[25.749891,45.117422],[25.749969,45.117411],[25.749976,45.117409],[25.749994,45.117426],[25.750049,45.117467],[25.750111,45.117502],[25.750179,45.117532],[25.750251,45.117556],[25.750328,45.117573],[25.750406,45.117583],[25.750486,45.117586],[25.750565,45.117582],[25.750644,45.117571],[25.750719,45.117553],[25.750791,45.117528],[25.750858,45.117497],[25.750919,45.117461],[25.750973,45.117419],[25.75102,45.117373],[25.751057,45.117324],[25.751086,45.117271],[25.751105,45.117216],[25.751115,45.11716],[25.751114,45.117103],[25.751103,45.117047],[25.751082,45.116993],[25.751052,45.11694],[25.751013,45.116891],[25.750966,45.116846],[25.750911,45.116805],[25.750849,45.116769],[25.750781,45.116739],[25.750708,45.116716],[25.750632,45.116699],[25.750554,45.116689],[25.750474,45.116686],[25.750394,45.11669],[25.750316,45.116701],[25.750309,45.116703],[25.750291,45.116686],[25.750236,45.116645],[25.750174,45.116609],[25.750106,45.11658],[25.750034,45.116556],[25.749957,45.116539],[25.749879,45.116529],[25.749799,45.116526],[25.74972,45.11653],[25.749641,45.116541],[25.749566,45.116559],[25.749494,45.116584],[25.749427,45.116614],[25.749366,45.116651],[25.749312,45.116692],[25.749265,45.116738],[25.749228,45.116788],[25.749199,45.116841],[25.74918,45.116896],[25.74917,45.116952],[25.749171,45.116961],[25.74913,45.116943],[25.749057,45.116919],[25.749041,45.116916],[25.749098,45.116882],[25.749152,45.11684],[25.749198,45.116794],[25.749236,45.116744],[25.749265,45.116691],[25.749284,45.116637],[25.749293,45.116581],[25.749292,45.116524],[25.749281,45.116468],[25.749261,45.116413],[25.749231,45.116361],[25.749192,45.116312],[25.749144,45.116266],[25.749089,45.116226],[25.749027,45.11619],[25.748959,45.11616],[25.748887,45.116137],[25.748811,45.11612],[25.748732,45.11611],[25.748652,45.116106],[25.748573,45.116111],[25.748495,45.116122],[25.748419,45.11614],[25.748347,45.116164],[25.74828,45.116195],[25.748219,45.116231],[25.748165,45.116273],[25.748119,45.116319],[25.748081,45.116369],[25.748056,45.116414],[25.747999,45.116401],[25.74792,45.116391],[25.747841,45.116388],[25.747761,45.116392],[25.747683,45.116403],[25.747607,45.116421],[25.747535,45.116446],[25.7475,45.116462],[25.747499,45.116458],[25.747489,45.116402],[25.747468,45.116347],[25.747438,45.116295],[25.747399,45.116245],[25.747351,45.1162],[25.747296,45.116159],[25.747234,45.116124],[25.747167,45.116094],[25.747094,45.11607],[25.747018,45.116053],[25.746939,45.116043],[25.746882,45.116041],[25.746905,45.116018],[25.746942,45.115968],[25.746971,45.115916],[25.74699,45.115861],[25.747,45.115805],[25.746999,45.115748],[25.746988,45.115692],[25.746968,45.115638],[25.746937,45.115585],[25.746898,45.115536],[25.746851,45.115491],[25.746796,45.11545],[25.746734,45.115414],[25.746666,45.115384],[25.746593,45.115361],[25.746517,45.115344],[25.746439,45.115334],[25.746359,45.115331],[25.746279,45.115335],[25.746201,45.115346],[25.746126,45.115364],[25.746054,45.115388],[25.745987,45.115419],[25.745926,45.115455],[25.745872,45.115497],[25.745825,45.115543],[25.745787,45.115593],[25.745759,45.115645],[25.74574,45.1157],[25.745737,45.115715],[25.745689,45.115693],[25.745616,45.11567],[25.74554,45.115653],[25.745462,45.115643],[25.745382,45.11564],[25.745302,45.115644],[25.745224,45.115655],[25.745148,45.115673],[25.745076,45.115697],[25.745009,45.115728],[25.744948,45.115765],[25.744894,45.115806],[25.744848,45.115852],[25.744818,45.115892],[25.744805,45.115889],[25.744776,45.115885],[25.744785,45.115868],[25.744804,45.115814],[25.744805,45.115805],[25.744835,45.115798],[25.744907,45.115773],[25.744974,45.115743],[25.745035,45.115706],[25.745089,45.115665],[25.745136,45.115619],[25.745173,45.115569],[25.745188,45.115543],[25.74522,45.115547],[25.745299,45.11555],[25.745379,45.115546],[25.745457,45.115535],[25.745533,45.115517],[25.745605,45.115492],[25.745672,45.115461],[25.745733,45.115425],[25.745787,45.115383],[25.745833,45.115337],[25.745871,45.115288],[25.7459,45.115235],[25.745919,45.11518],[25.745928,45.115124],[25.745927,45.115067],[25.745917,45.115011],[25.745896,45.114957],[25.745866,45.114904],[25.745827,45.114855],[25.745779,45.11481],[25.745724,45.114769],[25.745662,45.114733],[25.745594,45.114704],[25.745522,45.11468],[25.745446,45.114663],[25.745367,45.114653],[25.745287,45.11465],[25.745208,45.114654],[25.74513,45.114665],[25.745054,45.114683],[25.744982,45.114708],[25.744915,45.114738],[25.744854,45.114775],[25.7448,45.114816],[25.744754,45.114862],[25.744716,45.114912],[25.744702,45.114938],[25.74467,45.114934],[25.74459,45.114931],[25.74451,45.114935],[25.744432,45.114946],[25.744357,45.114964],[25.744285,45.114989],[25.744218,45.115019],[25.744157,45.115056],[25.744103,45.115097],[25.744056,45.115143],[25.744018,45.115193],[25.74399,45.115246],[25.743971,45.115301],[25.743969,45.115309],[25.743939,45.115317],[25.743867,45.115341],[25.7438,45.115372],[25.743739,45.115408],[25.743685,45.11545],[25.743639,45.115496],[25.743601,45.115546],[25.743572,45.115598],[25.743553,45.115653],[25.743545,45.115705],[25.74354,45.115707],[25.743505,45.115664],[25.743458,45.115618],[25.743403,45.115577],[25.743341,45.115542],[25.743273,45.115512],[25.7432,45.115488],[25.743193,45.115487],[25.743215,45.115458],[25.743244,45.115405],[25.743263,45.11535],[25.743272,45.115294],[25.743271,45.115238],[25.743261,45.115182],[25.74324,45.115127],[25.74321,45.115075],[25.743171,45.115025],[25.743124,45.11498],[25.743068,45.114939],[25.743006,45.114904],[25.742939,45.114874],[25.742866,45.11485],[25.74279,45.114833],[25.742711,45.114823],[25.742632,45.11482],[25.742552,45.114824],[25.742474,45.114835],[25.742398,45.114853],[25.742326,45.114878],[25.742259,45.114908],[25.742198,45.114945],[25.742144,45.114986],[25.742098,45.115032],[25.74206,45.115082],[25.742031,45.115135],[25.742012,45.11519],[25.742003,45.115246],[25.742004,45.115302],[25.742014,45.115358],[25.742035,45.115413],[25.742065,45.115465],[25.742104,45.115515],[25.742152,45.11556],[25.742207,45.115601],[25.742269,45.115637],[25.742337,45.115666],[25.742409,45.11569],[25.742416,45.115692],[25.742394,45.11572],[25.742366,45.115773],[25.742365,45.115777],[25.742353,45.115765],[25.742298,45.115725],[25.742236,45.115689],[25.742168,45.115659],[25.742095,45.115636],[25.742019,45.115619],[25.741941,45.115609],[25.741861,45.115606],[25.741795,45.115609],[25.741817,45.115579],[25.741846,45.115526],[25.741865,45.115472],[25.741875,45.115415],[25.741874,45.115359],[25.741863,45.115303],[25.741843,45.115248],[25.741812,45.115196],[25.741781,45.115157],[25.741802,45.115129],[25.741831,45.115076],[25.74185,45.115022],[25.741859,45.114965],[25.741858,45.114909],[25.741848,45.114853],[25.741827,45.114798],[25.741797,45.114746],[25.741758,45.114697],[25.74171,45.114651],[25.741655,45.114611],[25.741593,45.114575],[25.741526,45.114545],[25.741453,45.114521],[25.741377,45.114505],[25.741298,45.114494],[25.741219,45.114491],[25.741139,45.114495],[25.741061,45.114507],[25.740985,45.114525],[25.740913,45.114549],[25.740846,45.11458],[25.740785,45.114616],[25.740731,45.114658],[25.740685,45.114704],[25.740647,45.114754],[25.740637,45.114773],[25.740616,45.114768],[25.740537,45.114758],[25.740458,45.114755],[25.740378,45.114759],[25.740342,45.114764],[25.740327,45.114722],[25.740297,45.11467],[25.740274,45.114641],[25.740274,45.114641],[25.740325,45.114602],[25.740369,45.114608],[25.740449,45.114611],[25.740529,45.114607],[25.740607,45.114596],[25.740682,45.114578],[25.740754,45.114553],[25.740821,45.114522],[25.740882,45.114486],[25.740936,45.114444],[25.740983,45.114398],[25.741021,45.114349],[25.741049,45.114296],[25.741068,45.114241],[25.741078,45.114185],[25.741077,45.114128],[25.741066,45.114072],[25.741046,45.114018],[25.741033,45.113995],[25.741079,45.114029],[25.741141,45.114065],[25.741208,45.114095],[25.741281,45.114118],[25.741357,45.114135],[25.741436,45.114145],[25.741515,45.114148],[25.741595,45.114144],[25.741673,45.114133],[25.741749,45.114115],[25.741821,45.114091],[25.741888,45.11406],[25.741949,45.114024],[25.742003,45.113982],[25.742049,45.113936],[25.742087,45.113886],[25.742116,45.113833],[25.742135,45.113779],[25.742144,45.113723],[25.742143,45.113666],[25.742132,45.11361],[25.742112,45.113555],[25.742082,45.113503],[25.742043,45.113454],[25.741995,45.113408],[25.74194,45.113368],[25.741878,45.113332],[25.74181,45.113302],[25.741738,45.113279],[25.741662,45.113262],[25.741583,45.113251],[25.741503,45.113248],[25.741424,45.113253],[25.741346,45.113264],[25.74127,45.113282],[25.741198,45.113306],[25.741131,45.113337],[25.74107,45.113373],[25.741016,45.113415],[25.74097,45.113461],[25.740932,45.113511],[25.740903,45.113563],[25.740884,45.113618],[25.740875,45.113674],[25.740875,45.113731],[25.740886,45.113787],[25.740907,45.113841],[25.74092,45.113864],[25.740874,45.11383],[25.740812,45.113794],[25.740744,45.113764],[25.740672,45.113741],[25.740595,45.113724],[25.740517,45.113714],[25.740437,45.113711],[25.740358,45.113715],[25.740279,45.113726],[25.740204,45.113744],[25.740132,45.113768],[25.740065,45.113799],[25.740004,45.113836],[25.739953,45.113874],[25.739909,45.113869],[25.739902,45.113868],[25.739903,45.113918],[25.739906,45.113927],[25.739912,45.113978],[25.739907,45.11403],[25.739892,45.11408],[25.739868,45.114128],[25.739847,45.114157],[25.739795,45.114224],[25.739789,45.114231],[25.73969,45.114349],[25.739683,45.114358],[25.739676,45.114365],[25.739596,45.114451],[25.739514,45.11454],[25.739482,45.114575],[25.739502,45.116106],[25.738614,45.116111],[25.738606,45.116147],[25.738593,45.116186],[25.738574,45.116226],[25.738514,45.116328],[25.738483,45.116383],[25.738418,45.11654],[25.738394,45.116585],[25.738379,45.116607],[25.738209,45.116835],[25.738188,45.116859],[25.738435,45.116997],[25.738454,45.117007],[25.738506,45.117043],[25.73855,45.117084],[25.738585,45.117129],[25.738611,45.117177],[25.738627,45.117227],[25.738633,45.117278],[25.738629,45.11733],[25.738618,45.117367],[25.738716,45.117366],[25.738739,45.119166],[25.737468,45.119174],[25.736197,45.119182],[25.736174,45.117383],[25.73678,45.117379],[25.736581,45.117282],[25.735883,45.116947],[25.73582,45.116919],[25.735813,45.116916],[25.735806,45.11691],[25.735805,45.11691],[25.735421,45.116912],[25.734873,45.116916],[25.73487,45.116937],[25.735052,45.116936],[25.735065,45.117909],[25.735077,45.117918],[25.735139,45.117953]],[[25.74119,45.120094],[25.741185,45.120095],[25.741145,45.120109],[25.74113,45.12009],[25.741107,45.120069],[25.741126,45.120062],[25.741152,45.120077],[25.74119,45.120094]],[[25.740591,45.118404],[25.740627,45.118412],[25.740615,45.118434],[25.740609,45.118451],[25.740591,45.118404]],[[25.741428,45.117979],[25.741506,45.117968],[25.741582,45.11795],[25.741593,45.117946],[25.741606,45.11798],[25.741636,45.118032],[25.741675,45.118081],[25.741723,45.118127],[25.741778,45.118168],[25.74184,45.118203],[25.741907,45.118233],[25.74198,45.118257],[25.742056,45.118274],[25.742135,45.118284],[25.742214,45.118287],[25.742294,45.118283],[25.742372,45.118271],[25.742448,45.118253],[25.742456,45.118251],[25.742464,45.118263],[25.742503,45.118313],[25.74255,45.118358],[25.742605,45.118399],[25.742667,45.118435],[25.742735,45.118464],[25.742808,45.118488],[25.742884,45.118505],[25.742962,45.118515],[25.743042,45.118518],[25.743122,45.118514],[25.7432,45.118503],[25.743276,45.118485],[25.743336,45.118464],[25.743338,45.118469],[25.743368,45.118522],[25.743407,45.118571],[25.743454,45.118616],[25.74351,45.118657],[25.743572,45.118693],[25.743639,45.118723],[25.743644,45.118724],[25.743629,45.118735],[25.743583,45.118781],[25.743545,45.118831],[25.743516,45.118884],[25.743497,45.118939],[25.743488,45.118995],[25.743488,45.118999],[25.743449,45.11897],[25.743387,45.118935],[25.743319,45.118905],[25.743247,45.118881],[25.743171,45.118864],[25.743092,45.118854],[25.743013,45.118851],[25.742933,45.118855],[25.742855,45.118866],[25.742779,45.118884],[25.742707,45.118909],[25.742677,45.118923],[25.742625,45.11893],[25.74255,45.118948],[25.742478,45.118973],[25.742411,45.119003],[25.74235,45.11904],[25.742342,45.119046],[25.742305,45.119019],[25.742243,45.118983],[25.742175,45.118953],[25.742103,45.11893],[25.742027,45.118913],[25.741948,45.118903],[25.741869,45.1189],[25.741789,45.118904],[25.741733,45.118912],[25.741711,45.118891],[25.741687,45.118873],[25.741715,45.118852],[25.741761,45.118806],[25.741799,45.118757],[25.741828,45.118704],[25.741847,45.118649],[25.741856,45.118593],[25.741855,45.118536],[25.741844,45.11848],[25.741824,45.118426],[25.741794,45.118373],[25.741755,45.118324],[25.741707,45.118279],[25.741652,45.118238],[25.74159,45.118202],[25.741522,45.118172],[25.74145,45.118149],[25.74138,45.118133],[25.741392,45.118111],[25.741411,45.118056],[25.74142,45.118],[25.74142,45.11798],[25.741428,45.117979]],[[25.741788,45.116796],[25.741842,45.116755],[25.741888,45.116709],[25.741926,45.116659],[25.741955,45.116606],[25.741974,45.116551],[25.741983,45.116497],[25.742029,45.11649],[25.742034,45.116496],[25.742081,45.116541],[25.742137,45.116582],[25.742199,45.116618],[25.742266,45.116648],[25.742339,45.116671],[25.742415,45.116688],[25.742441,45.116692],[25.742441,45.116692],[25.742432,45.116748],[25.742432,45.116776],[25.74241,45.11678],[25.742334,45.116798],[25.742262,45.116822],[25.742195,45.116853],[25.742134,45.116889],[25.74208,45.116931],[25.742034,45.116977],[25.741996,45.117027],[25.741967,45.117079],[25.741948,45.117134],[25.741939,45.11719],[25.741939,45.117247],[25.74195,45.117303],[25.741971,45.117357],[25.742001,45.11741],[25.742002,45.117412],[25.741969,45.11742],[25.741957,45.117424],[25.741945,45.11739],[25.741915,45.117338],[25.741876,45.117289],[25.741828,45.117243],[25.741773,45.117202],[25.741711,45.117167],[25.741643,45.117137],[25.741571,45.117113],[25.741494,45.117096],[25.741416,45.117086],[25.741416,45.117086],[25.741445,45.117047],[25.741474,45.116995],[25.741493,45.11694],[25.741498,45.116908],[25.741512,45.116906],[25.741588,45.116888],[25.74166,45.116863],[25.741727,45.116833],[25.741788,45.116796]],[[25.739102,45.11738],[25.739112,45.117362],[25.739125,45.117324],[25.739127,45.117329],[25.739154,45.117362],[25.739102,45.11738]],[[25.740018,45.117908],[25.740025,45.117886],[25.740096,45.117901],[25.740158,45.117909],[25.740151,45.117952],[25.740151,45.11799],[25.740152,45.11799],[25.740163,45.117989],[25.740174,45.11799],[25.740185,45.117992],[25.740195,45.117995],[25.740204,45.118],[25.740212,45.118005],[25.740218,45.118012],[25.740223,45.118019],[25.740226,45.118026],[25.740227,45.118034],[25.740226,45.118042],[25.740224,45.118049],[25.740219,45.118057],[25.740215,45.118062],[25.740209,45.118066],[25.740202,45.11807],[25.740177,45.118104],[25.740182,45.118118],[25.740169,45.118115],[25.740137,45.118157],[25.740136,45.118158],[25.740134,45.118161],[25.740131,45.118164],[25.740127,45.118168],[25.740119,45.118174],[25.74011,45.118179],[25.7401,45.118182],[25.740089,45.118184],[25.740078,45.118185],[25.740067,45.118184],[25.740056,45.118182],[25.740046,45.118179],[25.740037,45.118175],[25.740029,45.118169],[25.740025,45.118165],[25.739867,45.118002],[25.739596,45.117839],[25.739518,45.117887],[25.739509,45.117892],[25.739499,45.117895],[25.739488,45.117898],[25.739477,45.117898],[25.739466,45.117898],[25.739455,45.117896],[25.739445,45.117893],[25.739436,45.117888],[25.739428,45.117883],[25.739422,45.117876],[25.739417,45.117869],[25.739414,45.117862],[25.739413,45.117854],[25.739414,45.117846],[25.739417,45.117838],[25.739421,45.117831],[25.739427,45.117825],[25.739434,45.11782],[25.739553,45.117745],[25.739563,45.11774],[25.739573,45.117737],[25.739583,45.117735],[25.739594,45.117734],[25.739606,45.117735],[25.739616,45.117737],[25.739626,45.11774],[25.739636,45.117744],[25.739956,45.117937],[25.739963,45.117942],[25.739967,45.117946],[25.739986,45.117965],[25.739989,45.117961],[25.740018,45.117908]],[[25.744532,45.119362],[25.744531,45.119362],[25.744562,45.119344],[25.744616,45.119302],[25.744642,45.119276],[25.744638,45.119285],[25.744618,45.11934],[25.744609,45.119396],[25.744609,45.119425],[25.744587,45.119403],[25.744532,45.119362]],[[25.744804,45.119095],[25.74475,45.119137],[25.744724,45.119163],[25.744729,45.119154],[25.744748,45.119099],[25.744757,45.119043],[25.744757,45.119037],[25.744783,45.11904],[25.744863,45.119043],[25.744903,45.119041],[25.744865,45.119059],[25.744804,45.119095]],[[25.74582,45.11919],[25.745822,45.119193],[25.745798,45.119202],[25.745795,45.119198],[25.74582,45.11919]],[[25.748918,45.119115],[25.748928,45.119171],[25.748949,45.119226],[25.748979,45.119278],[25.749018,45.119328],[25.749066,45.119373],[25.749121,45.119414],[25.749183,45.119449],[25.749196,45.119455],[25.749166,45.119457],[25.749088,45.119468],[25.749012,45.119486],[25.748946,45.119508],[25.748937,45.119484],[25.748907,45.119431],[25.748868,45.119382],[25.74882,45.119337],[25.748785,45.11931],[25.748807,45.119288],[25.748845,45.119239],[25.748873,45.119186],[25.748893,45.119131],[25.748902,45.119075],[25.748901,45.119018],[25.74889,45.118962],[25.74887,45.118908],[25.74884,45.118855],[25.748801,45.118806],[25.748759,45.118767],[25.748818,45.118793],[25.748823,45.118802],[25.748862,45.118851],[25.74891,45.118896],[25.748955,45.11893],[25.748945,45.118948],[25.748926,45.119003],[25.748917,45.119059],[25.748918,45.119115]],[[25.750451,45.119574],[25.750411,45.119605],[25.750364,45.119651],[25.750326,45.119701],[25.750304,45.119742],[25.750233,45.119733],[25.750222,45.119705],[25.750192,45.119652],[25.750153,45.119603],[25.750106,45.119558],[25.750051,45.119517],[25.749989,45.119481],[25.749921,45.119451],[25.749917,45.11945],[25.74993,45.119444],[25.749991,45.119408],[25.75003,45.119378],[25.750047,45.119384],[25.750123,45.1194],[25.750201,45.119411],[25.750281,45.119414],[25.750354,45.11941],[25.750374,45.119464],[25.750404,45.119517],[25.750443,45.119566],[25.750451,45.119574]],[[25.748708,45.118063],[25.748652,45.118038],[25.748655,45.118029],[25.748711,45.118062],[25.748708,45.118063]],[[25.747687,45.118375],[25.747715,45.118347],[25.747714,45.118349],[25.747705,45.118406],[25.747705,45.118432],[25.747688,45.118432],[25.747611,45.118436],[25.747607,45.118432],[25.747633,45.118416],[25.747687,45.118375]],[[25.746727,45.119569],[25.746735,45.119575],[25.746705,45.119584],[25.746705,45.119574],[25.746699,45.119542],[25.746727,45.119569]],[[25.755829,45.122768],[25.755891,45.122803],[25.755959,45.122833],[25.756031,45.122857],[25.756108,45.122874],[25.756186,45.122884],[25.756266,45.122887],[25.756345,45.122883],[25.756372,45.122879],[25.756369,45.122885],[25.75635,45.122939],[25.756341,45.122996],[25.756342,45.123052],[25.756352,45.123108],[25.756373,45.123163],[25.756403,45.123215],[25.756437,45.123257],[25.756389,45.123256],[25.756309,45.12326],[25.756231,45.123271],[25.756156,45.123289],[25.756084,45.123313],[25.756017,45.123344],[25.755956,45.12338],[25.755904,45.12342],[25.75586,45.123387],[25.755798,45.123351],[25.75573,45.123321],[25.755692,45.123309],[25.755692,45.123272],[25.755681,45.123216],[25.75566,45.123162],[25.755651,45.123147],[25.755663,45.123138],[25.755709,45.123092],[25.755747,45.123042],[25.755775,45.122989],[25.755794,45.122935],[25.755804,45.122878],[25.755803,45.122822],[25.755792,45.122766],[25.755779,45.122731],[25.755829,45.122768]],[[25.757314,45.122445],[25.757349,45.122479],[25.757404,45.12252],[25.757466,45.122555],[25.757481,45.122562],[25.757467,45.122603],[25.757457,45.122659],[25.757458,45.122715],[25.757461,45.122729],[25.757406,45.122689],[25.757344,45.122653],[25.757276,45.122623],[25.757204,45.1226],[25.757128,45.122583],[25.757049,45.122573],[25.75697,45.12257],[25.75689,45.122574],[25.756863,45.122578],[25.756866,45.122572],[25.756885,45.122517],[25.756895,45.122461],[25.756894,45.122443],[25.756957,45.122457],[25.757035,45.122467],[25.757115,45.12247],[25.757195,45.122466],[25.757273,45.122455],[25.757314,45.122445]],[[25.755803,45.122125],[25.755775,45.122146],[25.755766,45.122134],[25.755803,45.122125]],[[25.756096,45.122002],[25.756051,45.122013],[25.756087,45.121984],[25.756106,45.121966],[25.756106,45.121991],[25.756108,45.122],[25.756096,45.122002]]],[[[25.738087,45.113456],[25.738058,45.113509],[25.738039,45.113564],[25.73803,45.11362],[25.73803,45.113676],[25.738041,45.113732],[25.738057,45.113775],[25.738004,45.113758],[25.737927,45.113741],[25.737849,45.113731],[25.737769,45.113728],[25.73769,45.113732],[25.737611,45.113743],[25.737588,45.113749],[25.737548,45.11371],[25.737493,45.113669],[25.737431,45.113634],[25.737363,45.113604],[25.737291,45.11358],[25.737214,45.113563],[25.737136,45.113553],[25.737056,45.11355],[25.736977,45.113554],[25.736898,45.113565],[25.736884,45.113569],[25.736875,45.113544],[25.736845,45.113492],[25.736805,45.113443],[25.736758,45.113397],[25.736703,45.113357],[25.736641,45.113321],[25.736573,45.113291],[25.736562,45.113288],[25.736564,45.113283],[25.736566,45.113272],[25.736627,45.113299],[25.7367,45.113322],[25.736776,45.113339],[25.736854,45.113349],[25.736934,45.113352],[25.737014,45.113348],[25.737092,45.113337],[25.737168,45.113319],[25.73724,45.113295],[25.737306,45.113264],[25.737368,45.113228],[25.737422,45.113186],[25.737468,45.11314],[25.737506,45.11309],[25.737534,45.113037],[25.737554,45.112983],[25.737563,45.112926],[25.737562,45.11287],[25.737551,45.112814],[25.737531,45.112759],[25.737514,45.112729],[25.737549,45.112774],[25.737597,45.11282],[25.737652,45.112861],[25.737714,45.112896],[25.737782,45.112926],[25.737854,45.11295],[25.73793,45.112967],[25.737986,45.112974],[25.737992,45.112935],[25.738002,45.112793],[25.738006,45.112763],[25.738007,45.112756],[25.738016,45.112717],[25.738025,45.112685],[25.73807,45.112556],[25.738073,45.112548],[25.738148,45.112357],[25.738164,45.112323],[25.738196,45.112264],[25.738287,45.112104],[25.738235,45.112093],[25.738157,45.112083],[25.738077,45.11208],[25.737997,45.112084],[25.737919,45.112095],[25.737843,45.112113],[25.737771,45.112137],[25.737704,45.112168],[25.737643,45.112205],[25.737589,45.112246],[25.737543,45.112292],[25.737505,45.112342],[25.737477,45.112395],[25.737457,45.11245],[25.737448,45.112506],[25.737449,45.112562],[25.73746,45.112618],[25.73748,45.112673],[25.737497,45.112703],[25.737462,45.112658],[25.737414,45.112612],[25.737359,45.112572],[25.737297,45.112536],[25.737229,45.112506],[25.737157,45.112482],[25.737081,45.112465],[25.737002,45.112455],[25.736922,45.112452],[25.736845,45.112456],[25.736831,45.112475],[25.73683,45.112476],[25.736824,45.112483],[25.736816,45.112488],[25.736807,45.112493],[25.736797,45.112496],[25.736786,45.112498],[25.736786,45.112498],[25.736783,45.112517],[25.736781,45.112531],[25.736758,45.112641],[25.736753,45.11266],[25.736747,45.11268],[25.736739,45.112699],[25.73673,45.112718],[25.736719,45.112736],[25.736706,45.112754],[25.736693,45.112772],[25.736616,45.112863],[25.736602,45.112879],[25.736588,45.112894],[25.736572,45.112908],[25.736555,45.112922],[25.736452,45.113002],[25.736418,45.113026],[25.736325,45.113086],[25.73625,45.113146],[25.736161,45.113225],[25.736152,45.113233],[25.736128,45.113251],[25.736052,45.113306],[25.73599,45.11337],[25.735979,45.113381],[25.735887,45.113469],[25.735798,45.113553],[25.735795,45.113557],[25.735801,45.114028],[25.736153,45.114025],[25.736155,45.114188],[25.736537,45.114325],[25.736939,45.114464],[25.736937,45.114322],[25.738208,45.114314],[25.73851,45.114312],[25.738522,45.114298],[25.73853,45.11429],[25.738663,45.114147],[25.738745,45.114057],[25.738821,45.113976],[25.738885,45.113899],[25.738879,45.113874],[25.738861,45.1138],[25.738823,45.113728],[25.738711,45.113631],[25.738692,45.113614],[25.738645,45.113568],[25.738637,45.113565],[25.738573,45.113543],[25.738552,45.113535],[25.738365,45.113463],[25.738299,45.11344],[25.738287,45.113437],[25.738268,45.11343],[25.738246,45.113423],[25.738201,45.113405],[25.738152,45.113379],[25.738125,45.113406],[25.738087,45.113456]],[[25.738382,45.114046],[25.738426,45.114061],[25.738408,45.114112],[25.738406,45.114128],[25.738398,45.11409],[25.738382,45.114046]],[[25.738404,45.114249],[25.738402,45.114248],[25.738403,45.114242],[25.738404,45.114249]]],[[[25.734842,45.116916],[25.734618,45.116917],[25.734619,45.116939],[25.734855,45.116937],[25.734844,45.116918],[25.734842,45.116916]]],[[[25.744555,45.12035],[25.744583,45.120297],[25.744602,45.120243],[25.744612,45.120186],[25.744611,45.12013],[25.7446,45.120074],[25.74458,45.120019],[25.744567,45.119998],[25.744595,45.119977],[25.744641,45.119931],[25.744679,45.119881],[25.744708,45.119828],[25.744727,45.119774],[25.744736,45.119717],[25.744736,45.119689],[25.744758,45.11971],[25.744813,45.119751],[25.744875,45.119787],[25.744943,45.119817],[25.745015,45.11984],[25.74503,45.119844],[25.745062,45.119615],[25.744817,45.119509],[25.744643,45.119696],[25.744495,45.119857],[25.744502,45.120415],[25.744517,45.1204],[25.744555,45.12035]]],[[[25.732328,45.112127],[25.732298,45.112075],[25.732259,45.112025],[25.732211,45.11198],[25.732156,45.111939],[25.732094,45.111904],[25.732027,45.111874],[25.731954,45.11185],[25.731878,45.111833],[25.731799,45.111823],[25.73172,45.11182],[25.73164,45.111824],[25.731562,45.111835],[25.731486,45.111853],[25.731414,45.111878],[25.731347,45.111908],[25.731286,45.111945],[25.731232,45.111986],[25.731186,45.112032],[25.731148,45.112082],[25.731119,45.112135],[25.7311,45.11219],[25.731091,45.112246],[25.731092,45.112302],[25.731102,45.112358],[25.731123,45.112413],[25.731153,45.112465],[25.731192,45.112515],[25.73124,45.11256],[25.731295,45.112601],[25.731357,45.112636],[25.731424,45.112666],[25.731497,45.11269],[25.731573,45.112707],[25.731652,45.112717],[25.731731,45.11272],[25.731811,45.112716],[25.731889,45.112705],[25.731965,45.112687],[25.732037,45.112662],[25.732104,45.112632],[25.732165,45.112595],[25.732219,45.112554],[25.732265,45.112508],[25.732303,45.112458],[25.732332,45.112405],[25.732351,45.11235],[25.73236,45.112294],[25.732359,45.112238],[25.732349,45.112182],[25.732328,45.112127]]],[[[25.730878,45.112227],[25.730823,45.112186],[25.730761,45.112151],[25.730693,45.112121],[25.730621,45.112097],[25.730545,45.11208],[25.730466,45.11207],[25.730386,45.112067],[25.730307,45.112071],[25.730229,45.112082],[25.730153,45.1121],[25.730081,45.112125],[25.730014,45.112155],[25.729953,45.112192],[25.729899,45.112233],[25.729853,45.112279],[25.729815,45.112329],[25.729786,45.112382],[25.729767,45.112437],[25.729758,45.112493],[25.729758,45.112549],[25.729769,45.112605],[25.72979,45.11266],[25.72982,45.112712],[25.729859,45.112762],[25.729906,45.112807],[25.729961,45.112848],[25.730023,45.112883],[25.730087,45.112911],[25.730082,45.112921],[25.730063,45.112976],[25.730053,45.113032],[25.730054,45.11307],[25.730047,45.113074],[25.729993,45.113115],[25.729947,45.113161],[25.729909,45.113211],[25.72988,45.113264],[25.729861,45.113318],[25.729858,45.113338],[25.729817,45.113343],[25.729741,45.113361],[25.729669,45.113386],[25.729602,45.113417],[25.729541,45.113453],[25.729487,45.113495],[25.729441,45.113541],[25.729403,45.11359],[25.729374,45.113643],[25.729355,45.113698],[25.729346,45.113754],[25.729346,45.113811],[25.729357,45.113867],[25.729378,45.113921],[25.729408,45.113974],[25.729447,45.114023],[25.729494,45.114068],[25.729549,45.114109],[25.729611,45.114145],[25.729679,45.114175],[25.729752,45.114198],[25.729828,45.114215],[25.729906,45.114225],[25.729986,45.114228],[25.730066,45.114224],[25.730144,45.114213],[25.73022,45.114195],[25.730291,45.114171],[25.730358,45.11414],[25.730419,45.114103],[25.730474,45.114062],[25.73052,45.114016],[25.730558,45.113966],[25.730586,45.113913],[25.730606,45.113859],[25.730609,45.113839],[25.73065,45.113834],[25.730726,45.113816],[25.730798,45.113791],[25.730865,45.11376],[25.730926,45.113724],[25.73098,45.113682],[25.731026,45.113636],[25.731064,45.113587],[25.731093,45.113534],[25.731112,45.113479],[25.731121,45.113423],[25.731121,45.113385],[25.731127,45.113381],[25.731181,45.11334],[25.731228,45.113294],[25.731265,45.113244],[25.731294,45.113191],[25.731313,45.113136],[25.731322,45.11308],[25.731322,45.113024],[25.731311,45.112968],[25.73129,45.112913],[25.73126,45.112861],[25.731221,45.112811],[25.731174,45.112766],[25.731119,45.112725],[25.731057,45.11269],[25.730993,45.112662],[25.730998,45.112652],[25.731018,45.112597],[25.731027,45.112541],[25.731026,45.112485],[25.731015,45.112429],[25.730995,45.112374],[25.730965,45.112322],[25.730926,45.112272],[25.730878,45.112227]]],[[[25.740357,45.112441],[25.74031,45.112395],[25.740255,45.112355],[25.740193,45.112319],[25.740125,45.112289],[25.740053,45.112266],[25.739976,45.112249],[25.739898,45.112239],[25.739818,45.112236],[25.739739,45.11224],[25.73966,45.112251],[25.739585,45.112269],[25.739513,45.112293],[25.739446,45.112324],[25.739385,45.11236],[25.739331,45.112402],[25.739284,45.112448],[25.739247,45.112498],[25.739218,45.11255],[25.739199,45.112605],[25.739189,45.112661],[25.73919,45.112718],[25.739201,45.112774],[25.739202,45.112776],[25.739173,45.112814],[25.739145,45.112867],[25.739142,45.112875],[25.739168,45.112951],[25.739177,45.112954],[25.739192,45.112961],[25.739209,45.112968],[25.739284,45.113005],[25.739307,45.113016],[25.739329,45.113029],[25.73935,45.113043],[25.73937,45.113057],[25.739388,45.113072],[25.739421,45.113101],[25.739441,45.113119],[25.739506,45.113183],[25.739639,45.113296],[25.739659,45.113315],[25.739687,45.113342],[25.739702,45.113358],[25.739716,45.113375],[25.739728,45.113391],[25.73974,45.113409],[25.73975,45.113426],[25.739763,45.113451],[25.739836,45.113448],[25.739914,45.113437],[25.73999,45.113419],[25.740062,45.113394],[25.740129,45.113363],[25.74019,45.113327],[25.740244,45.113285],[25.74029,45.113239],[25.740328,45.11319],[25.740357,45.113137],[25.740376,45.113082],[25.740385,45.113026],[25.740385,45.112969],[25.740374,45.112913],[25.740373,45.112911],[25.740402,45.112873],[25.74043,45.112821],[25.740449,45.112766],[25.740459,45.11271],[25.740458,45.112653],[25.740447,45.112597],[25.740427,45.112542],[25.740397,45.11249],[25.740357,45.112441]]],[[[25.733966,45.141482],[25.733936,45.14143],[25.733897,45.141381],[25.733849,45.141335],[25.733794,45.141295],[25.733732,45.141259],[25.733664,45.141229],[25.733592,45.141205],[25.733516,45.141189],[25.733437,45.141178],[25.733357,45.141175],[25.733278,45.141179],[25.733199,45.141191],[25.733124,45.141209],[25.733052,45.141233],[25.732985,45.141264],[25.732924,45.1413],[25.73287,45.141342],[25.732823,45.141388],[25.732785,45.141437],[25.732757,45.14149],[25.732738,45.141545],[25.732728,45.141601],[25.732729,45.141658],[25.73274,45.141714],[25.73276,45.141768],[25.73279,45.141821],[25.732829,45.14187],[25.732877,45.141915],[25.732932,45.141956],[25.732994,45.141992],[25.733062,45.142022],[25.733135,45.142045],[25.733211,45.142062],[25.733289,45.142072],[25.733369,45.142075],[25.733449,45.142071],[25.733527,45.14206],[25.733603,45.142042],[25.733675,45.142018],[25.733742,45.141987],[25.733803,45.141951],[25.733857,45.141909],[25.733903,45.141863],[25.733941,45.141813],[25.73397,45.14176],[25.733989,45.141706],[25.733998,45.14165],[25.733997,45.141593],[25.733987,45.141537],[25.733966,45.141482]]],[[[25.770036,45.09578],[25.770006,45.095727],[25.769967,45.095678],[25.769919,45.095633],[25.769864,45.095592],[25.769802,45.095556],[25.769734,45.095526],[25.769662,45.095503],[25.769585,45.095486],[25.769507,45.095476],[25.769427,45.095473],[25.769348,45.095477],[25.76927,45.095488],[25.769194,45.095506],[25.769122,45.09553],[25.769055,45.095561],[25.768994,45.095598],[25.76894,45.095639],[25.768894,45.095685],[25.768856,45.095735],[25.768827,45.095788],[25.768808,45.095843],[25.768799,45.095899],[25.7688,45.095955],[25.768811,45.096011],[25.768831,45.096066],[25.768861,45.096118],[25.7689,45.096167],[25.768948,45.096213],[25.769003,45.096254],[25.769065,45.096289],[25.769133,45.096319],[25.769205,45.096343],[25.769281,45.09636],[25.76936,45.09637],[25.769439,45.096373],[25.769519,45.096369],[25.769597,45.096357],[25.769673,45.096339],[25.769745,45.096315],[25.769812,45.096284],[25.769873,45.096248],[25.769927,45.096206],[25.769973,45.09616],[25.770011,45.09611],[25.770039,45.096058],[25.770059,45.096003],[25.770068,45.095947],[25.770067,45.09589],[25.770056,45.095834],[25.770036,45.09578]]],[[[25.748387,45.098861],[25.748357,45.098809],[25.748318,45.09876],[25.748271,45.098714],[25.748216,45.098673],[25.748154,45.098638],[25.748086,45.098608],[25.748013,45.098584],[25.747937,45.098567],[25.747859,45.098557],[25.747779,45.098554],[25.747699,45.098558],[25.747621,45.098569],[25.747546,45.098587],[25.747474,45.098612],[25.747407,45.098643],[25.747346,45.098679],[25.747292,45.098721],[25.747245,45.098767],[25.747208,45.098816],[25.747179,45.098869],[25.74716,45.098924],[25.747151,45.09898],[25.747151,45.099037],[25.747162,45.099093],[25.747183,45.099147],[25.747213,45.0992],[25.747252,45.099249],[25.747299,45.099294],[25.747354,45.099335],[25.747416,45.099371],[25.747484,45.099401],[25.747557,45.099424],[25.747633,45.099441],[25.747711,45.099451],[25.747791,45.099454],[25.74787,45.09945],[25.747949,45.099439],[25.748024,45.099421],[25.748096,45.099397],[25.748163,45.099366],[25.748224,45.099329],[25.748278,45.099288],[25.748325,45.099242],[25.748362,45.099192],[25.748391,45.099139],[25.74841,45.099084],[25.748419,45.099028],[25.748419,45.098972],[25.748408,45.098916],[25.748387,45.098861]]],[[[25.746891,45.104118],[25.74687,45.104063],[25.74684,45.104011],[25.746801,45.103961],[25.746754,45.103916],[25.746699,45.103875],[25.746637,45.103839],[25.746569,45.10381],[25.746496,45.103786],[25.74642,45.103769],[25.746342,45.103759],[25.746262,45.103756],[25.746183,45.10376],[25.746104,45.103771],[25.746029,45.103789],[25.745957,45.103814],[25.74589,45.103844],[25.745829,45.103881],[25.745775,45.103922],[25.745728,45.103968],[25.745691,45.104018],[25.745662,45.104071],[25.745643,45.104126],[25.745634,45.104182],[25.745634,45.104238],[25.745645,45.104294],[25.745666,45.104349],[25.745696,45.104401],[25.745735,45.104451],[25.745782,45.104496],[25.745837,45.104537],[25.745899,45.104572],[25.745967,45.104602],[25.74604,45.104626],[25.746116,45.104643],[25.746194,45.104653],[25.746274,45.104656],[25.746353,45.104652],[25.746432,45.104641],[25.746507,45.104623],[25.746579,45.104598],[25.746646,45.104568],[25.746707,45.104531],[25.746761,45.10449],[25.746808,45.104444],[25.746845,45.104394],[25.746874,45.104341],[25.746893,45.104286],[25.746902,45.10423],[25.746902,45.104174],[25.746891,45.104118]]],[[[25.7722,45.105488],[25.77217,45.105435],[25.772131,45.105386],[25.772083,45.105341],[25.772028,45.1053],[25.771966,45.105264],[25.771898,45.105235],[25.771826,45.105211],[25.771749,45.105194],[25.771671,45.105184],[25.771591,45.105181],[25.771512,45.105185],[25.771433,45.105196],[25.771358,45.105214],[25.771286,45.105239],[25.771219,45.105269],[25.771158,45.105306],[25.771104,45.105347],[25.771058,45.105394],[25.77102,45.105443],[25.770991,45.105496],[25.770972,45.105551],[25.770963,45.105607],[25.770964,45.105664],[25.770974,45.10572],[25.770995,45.105774],[25.771025,45.105826],[25.771064,45.105876],[25.771112,45.105921],[25.771167,45.105962],[25.771229,45.105998],[25.771297,45.106027],[25.771369,45.106051],[25.771445,45.106068],[25.771524,45.106078],[25.771603,45.106081],[25.771683,45.106077],[25.771761,45.106066],[25.771837,45.106048],[25.771909,45.106023],[25.771976,45.105992],[25.772037,45.105956],[25.772091,45.105914],[25.772137,45.105868],[25.772175,45.105819],[25.772204,45.105766],[25.772223,45.105711],[25.772232,45.105655],[25.772231,45.105598],[25.77222,45.105542],[25.7722,45.105488]]],[[[25.743969,45.106568],[25.744031,45.106603],[25.744099,45.106633],[25.744171,45.106657],[25.744247,45.106674],[25.744326,45.106684],[25.744405,45.106687],[25.744485,45.106683],[25.744563,45.106672],[25.744639,45.106654],[25.744711,45.106629],[25.744778,45.106599],[25.744839,45.106562],[25.744893,45.106521],[25.744939,45.106475],[25.744977,45.106425],[25.745006,45.106372],[25.745025,45.106317],[25.745034,45.106261],[25.745034,45.10626],[25.744981,45.106228],[25.744874,45.106165],[25.744861,45.106157],[25.744838,45.106158],[25.744766,45.106154],[25.744695,45.106144],[25.744627,45.106126],[25.744596,45.106116],[25.744582,45.10611],[25.744489,45.106163],[25.744422,45.106203],[25.74439,45.106221],[25.744301,45.106266],[25.744291,45.106271],[25.744188,45.106321],[25.74409,45.106369],[25.744003,45.106418],[25.743882,45.106487],[25.743875,45.10649],[25.743914,45.106527],[25.743969,45.106568]]],[[[25.745686,45.107829],[25.745656,45.107777],[25.745617,45.107727],[25.74557,45.107682],[25.745515,45.107641],[25.745453,45.107605],[25.745385,45.107576],[25.745312,45.107552],[25.745236,45.107535],[25.745158,45.107525],[25.745078,45.107522],[25.744998,45.107526],[25.74492,45.107537],[25.744844,45.107555],[25.744773,45.10758],[25.744706,45.10761],[25.744645,45.107647],[25.744591,45.107688],[25.744544,45.107734],[25.744506,45.107784],[25.744478,45.107837],[25.744459,45.107892],[25.744449,45.107948],[25.74445,45.108004],[25.744461,45.10806],[25.744481,45.108115],[25.744511,45.108167],[25.744551,45.108217],[25.744598,45.108262],[25.744653,45.108303],[25.744715,45.108338],[25.744783,45.108368],[25.744855,45.108392],[25.744932,45.108409],[25.74501,45.108419],[25.74509,45.108422],[25.745169,45.108418],[25.745248,45.108407],[25.745323,45.108389],[25.745395,45.108364],[25.745462,45.108333],[25.745523,45.108297],[25.745577,45.108255],[25.745624,45.108209],[25.745661,45.10816],[25.74569,45.108107],[25.745709,45.108052],[25.745718,45.107996],[25.745718,45.107939],[25.745707,45.107883],[25.745686,45.107829]]],[[[25.758195,45.108131],[25.758165,45.108079],[25.758126,45.10803],[25.758078,45.107984],[25.758023,45.107944],[25.757961,45.107908],[25.757893,45.107878],[25.757821,45.107855],[25.757745,45.107838],[25.757666,45.107827],[25.757587,45.107824],[25.757507,45.107829],[25.757429,45.10784],[25.757353,45.107858],[25.757281,45.107882],[25.757214,45.107913],[25.757153,45.107949],[25.757099,45.107991],[25.757053,45.108037],[25.757015,45.108087],[25.756986,45.108139],[25.756967,45.108194],[25.756958,45.10825],[25.756959,45.108307],[25.75697,45.108363],[25.75699,45.108418],[25.75702,45.10847],[25.757059,45.108519],[25.757107,45.108565],[25.757162,45.108605],[25.757224,45.108641],[25.757292,45.108671],[25.757364,45.108694],[25.75744,45.108711],[25.757519,45.108721],[25.757599,45.108724],[25.757678,45.10872],[25.757756,45.108709],[25.757832,45.108691],[25.757904,45.108667],[25.757971,45.108636],[25.758032,45.1086],[25.758086,45.108558],[25.758132,45.108512],[25.75817,45.108462],[25.758199,45.108409],[25.758218,45.108355],[25.758227,45.108298],[25.758226,45.108242],[25.758216,45.108186],[25.758195,45.108131]]],[[[25.742376,45.109009],[25.742346,45.108957],[25.742307,45.108908],[25.74226,45.108862],[25.742204,45.108821],[25.742142,45.108786],[25.742075,45.108756],[25.742002,45.108732],[25.741926,45.108715],[25.741848,45.108705],[25.741768,45.108702],[25.741688,45.108706],[25.74161,45.108717],[25.741546,45.108733],[25.741548,45.108879],[25.741269,45.10888],[25.741234,45.108915],[25.741196,45.108964],[25.741168,45.109017],[25.741148,45.109072],[25.741139,45.109128],[25.74114,45.109185],[25.741151,45.109241],[25.741171,45.109295],[25.741201,45.109348],[25.74124,45.109397],[25.741288,45.109442],[25.741343,45.109483],[25.741405,45.109519],[25.741473,45.109549],[25.741545,45.109572],[25.741621,45.109589],[25.7417,45.109599],[25.74178,45.109602],[25.741859,45.109598],[25.741937,45.109587],[25.742013,45.109569],[25.742085,45.109545],[25.742152,45.109514],[25.742213,45.109477],[25.742267,45.109436],[25.742313,45.10939],[25.742351,45.10934],[25.74238,45.109287],[25.742399,45.109233],[25.742408,45.109176],[25.742408,45.10912],[25.742397,45.109064],[25.742376,45.109009]]],[[[25.741702,45.110991],[25.741672,45.110939],[25.741633,45.11089],[25.741585,45.110844],[25.74153,45.110804],[25.741468,45.110768],[25.741401,45.110738],[25.741328,45.110715],[25.741252,45.110698],[25.741173,45.110688],[25.741134,45.110686],[25.740974,45.110817],[25.740953,45.110833],[25.74093,45.110849],[25.740906,45.110864],[25.740881,45.110877],[25.740854,45.110889],[25.740838,45.110896],[25.740788,45.110915],[25.74072,45.110934],[25.74065,45.110945],[25.740577,45.110949],[25.740522,45.110947],[25.740493,45.110999],[25.740474,45.111054],[25.740465,45.11111],[25.740466,45.111167],[25.740476,45.111223],[25.740497,45.111277],[25.740527,45.11133],[25.740566,45.111379],[25.740614,45.111424],[25.740669,45.111465],[25.740731,45.111501],[25.740799,45.111531],[25.740871,45.111554],[25.740947,45.111571],[25.741026,45.111581],[25.741105,45.111584],[25.741185,45.11158],[25.741263,45.111569],[25.741339,45.111551],[25.741411,45.111527],[25.741478,45.111496],[25.741539,45.11146],[25.741593,45.111418],[25.741639,45.111372],[25.741677,45.111322],[25.741706,45.11127],[25.741725,45.111215],[25.741734,45.111159],[25.741733,45.111102],[25.741723,45.111046],[25.741702,45.110991]]],[[[25.756086,45.111055],[25.756066,45.111],[25.756036,45.110948],[25.755996,45.110899],[25.755949,45.110853],[25.755894,45.110813],[25.755832,45.110777],[25.755764,45.110747],[25.755691,45.110724],[25.755615,45.110707],[25.755537,45.110697],[25.755457,45.110694],[25.755378,45.110698],[25.755299,45.110709],[25.755224,45.110727],[25.755152,45.110751],[25.755085,45.110782],[25.755024,45.110818],[25.75497,45.11086],[25.754923,45.110906],[25.754886,45.110956],[25.754857,45.111008],[25.754838,45.111063],[25.754829,45.111119],[25.754829,45.111176],[25.75484,45.111232],[25.754861,45.111287],[25.754891,45.111339],[25.75493,45.111388],[25.754977,45.111434],[25.755032,45.111474],[25.755094,45.11151],[25.755162,45.11154],[25.755235,45.111563],[25.755311,45.11158],[25.755389,45.11159],[25.755469,45.111593],[25.755549,45.111589],[25.755627,45.111578],[25.755703,45.11156],[25.755774,45.111536],[25.755841,45.111505],[25.755902,45.111469],[25.755957,45.111427],[25.756003,45.111381],[25.756041,45.111331],[25.756069,45.111278],[25.756088,45.111224],[25.756098,45.111168],[25.756097,45.111111],[25.756086,45.111055]]],[[[25.74828,45.112006],[25.74825,45.111954],[25.748211,45.111905],[25.748163,45.111859],[25.748108,45.111818],[25.748046,45.111783],[25.747978,45.111753],[25.747906,45.111729],[25.74783,45.111712],[25.747751,45.111702],[25.747671,45.111699],[25.747592,45.111703],[25.747514,45.111714],[25.747438,45.111732],[25.747366,45.111757],[25.747299,45.111788],[25.747238,45.111824],[25.747184,45.111866],[25.747138,45.111912],[25.7471,45.111961],[25.747071,45.112014],[25.747052,45.112069],[25.747043,45.112125],[25.747044,45.112182],[25.747054,45.112238],[25.747075,45.112292],[25.747105,45.112345],[25.747144,45.112394],[25.747192,45.112439],[25.747247,45.11248],[25.747309,45.112516],[25.747376,45.112546],[25.747449,45.112569],[25.747525,45.112586],[25.747604,45.112596],[25.747683,45.112599],[25.747763,45.112595],[25.747841,45.112584],[25.747917,45.112566],[25.747989,45.112541],[25.748056,45.112511],[25.748117,45.112474],[25.748171,45.112433],[25.748217,45.112387],[25.748255,45.112337],[25.748284,45.112284],[25.748303,45.112229],[25.748312,45.112173],[25.748311,45.112117],[25.7483,45.112061],[25.74828,45.112006]]],[[[25.745516,45.113086],[25.745486,45.113034],[25.745446,45.112984],[25.745399,45.112939],[25.745344,45.112898],[25.745282,45.112862],[25.745214,45.112833],[25.745142,45.112809],[25.745065,45.112792],[25.744987,45.112782],[25.744907,45.112779],[25.744828,45.112783],[25.744749,45.112794],[25.744674,45.112812],[25.744602,45.112837],[25.744535,45.112867],[25.744474,45.112904],[25.74442,45.112945],[25.744373,45.112991],[25.744336,45.113041],[25.744307,45.113094],[25.744288,45.113149],[25.744278,45.113205],[25.744279,45.113261],[25.74429,45.113317],[25.744311,45.113372],[25.744341,45.113424],[25.74438,45.113473],[25.744427,45.113519],[25.744482,45.11356],[25.744544,45.113595],[25.744612,45.113625],[25.744685,45.113649],[25.744761,45.113666],[25.744839,45.113676],[25.744919,45.113679],[25.744999,45.113675],[25.745077,45.113664],[25.745152,45.113646],[25.745224,45.113621],[25.745291,45.11359],[25.745352,45.113554],[25.745406,45.113512],[25.745453,45.113466],[25.745491,45.113417],[25.745519,45.113364],[25.745538,45.113309],[25.745548,45.113253],[25.745547,45.113196],[25.745536,45.11314],[25.745516,45.113086]]],[[[25.750821,45.113843],[25.750791,45.113791],[25.750752,45.113742],[25.750704,45.113696],[25.750649,45.113655],[25.750587,45.11362],[25.750519,45.11359],[25.750447,45.113566],[25.750371,45.113549],[25.750292,45.113539],[25.750213,45.113536],[25.750133,45.11354],[25.750055,45.113552],[25.749979,45.11357],[25.749907,45.113594],[25.74984,45.113625],[25.749779,45.113661],[25.749725,45.113703],[25.749679,45.113749],[25.749641,45.113799],[25.749612,45.113851],[25.749593,45.113906],[25.749584,45.113962],[25.749585,45.114019],[25.749595,45.114075],[25.749616,45.114129],[25.749646,45.114182],[25.749685,45.114231],[25.749733,45.114276],[25.749788,45.114317],[25.749825,45.114339],[25.749793,45.11435],[25.749765,45.114363],[25.74973,45.114329],[25.749674,45.114289],[25.749612,45.114253],[25.749545,45.114223],[25.749472,45.1142],[25.749396,45.114183],[25.749317,45.114173],[25.749238,45.114169],[25.749158,45.114174],[25.74908,45.114185],[25.749004,45.114203],[25.748932,45.114227],[25.748906,45.114239],[25.748886,45.114237],[25.748806,45.114234],[25.748726,45.114238],[25.748648,45.114249],[25.748572,45.114267],[25.748501,45.114292],[25.748434,45.114322],[25.748373,45.114359],[25.748318,45.1144],[25.748272,45.114446],[25.748234,45.114496],[25.748206,45.114549],[25.748187,45.114604],[25.748177,45.11466],[25.748178,45.114716],[25.748189,45.114772],[25.748209,45.114827],[25.748239,45.114879],[25.748279,45.114929],[25.748326,45.114974],[25.748381,45.115015],[25.748443,45.11505],[25.748511,45.11508],[25.748583,45.115104],[25.74866,45.115121],[25.748738,45.115131],[25.748818,45.115134],[25.748897,45.11513],[25.748976,45.115119],[25.749051,45.115101],[25.749123,45.115076],[25.74915,45.115064],[25.74917,45.115066],[25.74925,45.115069],[25.749329,45.115065],[25.749408,45.115054],[25.749483,45.115036],[25.749555,45.115012],[25.749584,45.114999],[25.749619,45.115032],[25.749674,45.115073],[25.749736,45.115109],[25.749804,45.115138],[25.749876,45.115162],[25.749952,45.115179],[25.750031,45.115189],[25.75011,45.115192],[25.75019,45.115188],[25.750268,45.115177],[25.750344,45.115159],[25.750416,45.115134],[25.750483,45.115104],[25.750544,45.115067],[25.750598,45.115026],[25.750644,45.11498],[25.750682,45.11493],[25.750711,45.114877],[25.75073,45.114822],[25.750739,45.114766],[25.750738,45.11471],[25.750728,45.114654],[25.750707,45.114599],[25.750677,45.114547],[25.750638,45.114497],[25.75059,45.114452],[25.750535,45.114411],[25.750498,45.11439],[25.75053,45.114379],[25.750597,45.114348],[25.750658,45.114311],[25.750712,45.11427],[25.750758,45.114224],[25.750796,45.114174],[25.750825,45.114121],[25.750844,45.114067],[25.750853,45.11401],[25.750852,45.113954],[25.750842,45.113898],[25.750821,45.113843]]],[[[25.755787,45.115074],[25.755756,45.115022],[25.755717,45.114973],[25.75567,45.114927],[25.755615,45.114886],[25.755553,45.114851],[25.755485,45.114821],[25.755412,45.114797],[25.755336,45.11478],[25.755258,45.11477],[25.755178,45.114767],[25.755098,45.114771],[25.75502,45.114782],[25.754944,45.1148],[25.754873,45.114825],[25.754806,45.114856],[25.754745,45.114892],[25.75469,45.114934],[25.754644,45.11498],[25.754606,45.115029],[25.754578,45.115082],[25.754559,45.115137],[25.754549,45.115193],[25.75455,45.11525],[25.754561,45.115306],[25.754581,45.11536],[25.754611,45.115413],[25.754651,45.115462],[25.754698,45.115507],[25.754753,45.115548],[25.754815,45.115584],[25.754883,45.115614],[25.754956,45.115637],[25.755032,45.115654],[25.75511,45.115664],[25.75519,45.115667],[25.75527,45.115663],[25.755348,45.115652],[25.755423,45.115634],[25.755495,45.11561],[25.755562,45.115579],[25.755623,45.115542],[25.755677,45.115501],[25.755724,45.115455],[25.755762,45.115405],[25.75579,45.115352],[25.755809,45.115297],[25.755819,45.115241],[25.755818,45.115185],[25.755807,45.115129],[25.755787,45.115074]]],[[[25.754266,45.117838],[25.754236,45.117785],[25.754197,45.117736],[25.754149,45.117691],[25.754094,45.11765],[25.754032,45.117614],[25.753964,45.117584],[25.753892,45.117561],[25.753816,45.117544],[25.753737,45.117534],[25.753657,45.117531],[25.753578,45.117535],[25.7535,45.117546],[25.753424,45.117564],[25.753352,45.117589],[25.753285,45.117619],[25.753224,45.117656],[25.75317,45.117697],[25.753124,45.117743],[25.753086,45.117793],[25.753057,45.117846],[25.753038,45.117901],[25.753029,45.117957],[25.753029,45.118013],[25.75304,45.118069],[25.753061,45.118124],[25.753091,45.118176],[25.75313,45.118226],[25.753178,45.118271],[25.753233,45.118312],[25.753295,45.118347],[25.753362,45.118377],[25.753435,45.118401],[25.753511,45.118418],[25.75359,45.118428],[25.753669,45.118431],[25.753749,45.118427],[25.753827,45.118416],[25.753903,45.118398],[25.753975,45.118373],[25.754042,45.118342],[25.754103,45.118306],[25.754157,45.118264],[25.754203,45.118218],[25.754241,45.118169],[25.75427,45.118116],[25.754289,45.118061],[25.754298,45.118005],[25.754297,45.117948],[25.754287,45.117892],[25.754266,45.117838]]],[[[25.762557,45.118189],[25.762527,45.118137],[25.762488,45.118088],[25.76244,45.118042],[25.762385,45.118001],[25.762323,45.117966],[25.762255,45.117936],[25.762183,45.117912],[25.762106,45.117895],[25.762028,45.117885],[25.761948,45.117882],[25.761869,45.117886],[25.76179,45.117897],[25.761715,45.117915],[25.761643,45.11794],[25.761576,45.117971],[25.761515,45.118007],[25.761461,45.118049],[25.761414,45.118095],[25.761377,45.118144],[25.761348,45.118197],[25.761329,45.118252],[25.76132,45.118308],[25.76132,45.118365],[25.761331,45.118421],[25.761352,45.118475],[25.761382,45.118528],[25.761421,45.118577],[25.761468,45.118622],[25.761524,45.118663],[25.761586,45.118699],[25.761653,45.118729],[25.761726,45.118752],[25.761802,45.118769],[25.761881,45.118779],[25.76196,45.118782],[25.76204,45.118778],[25.762118,45.118767],[25.762194,45.118749],[25.762266,45.118724],[25.762333,45.118694],[25.762394,45.118657],[25.762448,45.118616],[25.762494,45.11857],[25.762532,45.11852],[25.76256,45.118467],[25.76258,45.118412],[25.762589,45.118356],[25.762588,45.1183],[25.762577,45.118244],[25.762557,45.118189]]],[[[25.756434,45.118938],[25.756404,45.118886],[25.756365,45.118836],[25.756317,45.118791],[25.756262,45.11875],[25.7562,45.118714],[25.756132,45.118685],[25.75606,45.118661],[25.755984,45.118644],[25.755905,45.118634],[25.755826,45.118631],[25.755746,45.118635],[25.755668,45.118646],[25.755592,45.118664],[25.75552,45.118689],[25.755453,45.118719],[25.755392,45.118756],[25.755375,45.118769],[25.755311,45.118754],[25.755232,45.118744],[25.755152,45.118741],[25.755073,45.118745],[25.754995,45.118756],[25.754919,45.118774],[25.754847,45.118799],[25.75478,45.11883],[25.754719,45.118866],[25.754665,45.118908],[25.754619,45.118954],[25.754581,45.119003],[25.754552,45.119056],[25.754533,45.119111],[25.754524,45.119167],[25.754525,45.119224],[25.754535,45.11928],[25.754556,45.119334],[25.754586,45.119387],[25.754625,45.119436],[25.754673,45.119481],[25.754728,45.119522],[25.75479,45.119558],[25.754858,45.119587],[25.75493,45.119611],[25.755006,45.119628],[25.755085,45.119638],[25.755164,45.119641],[25.755244,45.119637],[25.755322,45.119626],[25.755398,45.119608],[25.75547,45.119583],[25.755537,45.119553],[25.755598,45.119516],[25.755615,45.119503],[25.755679,45.119518],[25.755758,45.119528],[25.755837,45.119531],[25.755917,45.119527],[25.755995,45.119516],[25.756071,45.119498],[25.756143,45.119473],[25.75621,45.119443],[25.756271,45.119406],[25.756325,45.119365],[25.756371,45.119318],[25.756409,45.119269],[25.756438,45.119216],[25.756457,45.119161],[25.756466,45.119105],[25.756465,45.119048],[25.756455,45.118992],[25.756434,45.118938]]],[[[25.766631,45.119823],[25.766601,45.11977],[25.766562,45.119721],[25.766514,45.119676],[25.766459,45.119635],[25.766397,45.119599],[25.766329,45.119569],[25.766257,45.119546],[25.766181,45.119529],[25.766102,45.119519],[25.766022,45.119516],[25.765943,45.11952],[25.765864,45.119531],[25.765789,45.119549],[25.765717,45.119574],[25.76565,45.119604],[25.765589,45.119641],[25.765535,45.119682],[25.765488,45.119728],[25.765451,45.119778],[25.765422,45.119831],[25.765403,45.119886],[25.765394,45.119942],[25.765394,45.119998],[25.765405,45.120054],[25.765426,45.120109],[25.765456,45.120161],[25.765495,45.120211],[25.765542,45.120256],[25.765598,45.120297],[25.76566,45.120332],[25.765727,45.120362],[25.7658,45.120386],[25.765876,45.120403],[25.765955,45.120413],[25.766034,45.120416],[25.766114,45.120412],[25.766192,45.120401],[25.766268,45.120383],[25.76634,45.120358],[25.766407,45.120327],[25.766468,45.120291],[25.766522,45.120249],[25.766568,45.120203],[25.766606,45.120154],[25.766635,45.120101],[25.766654,45.120046],[25.766663,45.11999],[25.766662,45.119933],[25.766651,45.119877],[25.766631,45.119823]]],[[[25.763931,45.120345],[25.763901,45.120292],[25.763862,45.120243],[25.763814,45.120198],[25.763759,45.120157],[25.763697,45.120121],[25.763629,45.120091],[25.763557,45.120068],[25.763481,45.120051],[25.763402,45.120041],[25.763323,45.120038],[25.763243,45.120042],[25.763165,45.120053],[25.763089,45.120071],[25.763017,45.120096],[25.76295,45.120126],[25.762889,45.120163],[25.762835,45.120204],[25.762789,45.12025],[25.762751,45.1203],[25.762722,45.120353],[25.762703,45.120408],[25.762694,45.120464],[25.762695,45.12052],[25.762705,45.120576],[25.762726,45.120631],[25.762756,45.120683],[25.762795,45.120733],[25.762843,45.120778],[25.762898,45.120819],[25.76296,45.120854],[25.763028,45.120884],[25.7631,45.120908],[25.763176,45.120925],[25.763255,45.120935],[25.763335,45.120938],[25.763414,45.120934],[25.763492,45.120923],[25.763568,45.120905],[25.76364,45.12088],[25.763707,45.120849],[25.763768,45.120813],[25.763822,45.120771],[25.763868,45.120725],[25.763906,45.120676],[25.763935,45.120623],[25.763954,45.120568],[25.763963,45.120512],[25.763962,45.120455],[25.763952,45.120399],[25.763931,45.120345]]],[[[25.771559,45.122273],[25.771529,45.12222],[25.77149,45.122171],[25.771442,45.122126],[25.771387,45.122085],[25.771325,45.122049],[25.771257,45.122019],[25.771185,45.121996],[25.771109,45.121979],[25.77103,45.121969],[25.77095,45.121966],[25.770871,45.12197],[25.770793,45.121981],[25.770717,45.121999],[25.770645,45.122024],[25.770578,45.122054],[25.770517,45.122091],[25.770463,45.122132],[25.770417,45.122178],[25.770379,45.122228],[25.77035,45.122281],[25.770331,45.122336],[25.770322,45.122392],[25.770323,45.122448],[25.770333,45.122504],[25.770354,45.122559],[25.770384,45.122611],[25.770423,45.122661],[25.770471,45.122706],[25.770526,45.122747],[25.770588,45.122782],[25.770656,45.122812],[25.770728,45.122836],[25.770804,45.122853],[25.770883,45.122863],[25.770963,45.122866],[25.771042,45.122862],[25.77112,45.122851],[25.771196,45.122833],[25.771268,45.122808],[25.771335,45.122777],[25.771396,45.122741],[25.77145,45.122699],[25.771496,45.122653],[25.771534,45.122604],[25.771563,45.122551],[25.771582,45.122496],[25.771591,45.12244],[25.77159,45.122383],[25.77158,45.122327],[25.771559,45.122273]]],[[[25.762119,45.123258],[25.762089,45.123206],[25.76205,45.123156],[25.762003,45.123111],[25.761947,45.12307],[25.761885,45.123034],[25.761818,45.123005],[25.761745,45.122981],[25.761669,45.122964],[25.76159,45.122954],[25.761511,45.122951],[25.761431,45.122955],[25.761353,45.122966],[25.761277,45.122984],[25.761205,45.123009],[25.761138,45.12304],[25.761077,45.123076],[25.761023,45.123117],[25.760977,45.123164],[25.760939,45.123213],[25.76091,45.123266],[25.760891,45.123321],[25.760882,45.123377],[25.760883,45.123434],[25.760894,45.12349],[25.760914,45.123544],[25.760944,45.123596],[25.760983,45.123646],[25.761031,45.123691],[25.761086,45.123732],[25.761148,45.123768],[25.761216,45.123797],[25.761288,45.123821],[25.761364,45.123838],[25.761443,45.123848],[25.761523,45.123851],[25.761602,45.123847],[25.761681,45.123836],[25.761756,45.123818],[25.761828,45.123793],[25.761895,45.123763],[25.761956,45.123726],[25.76201,45.123685],[25.762057,45.123639],[25.762094,45.123589],[25.762123,45.123536],[25.762142,45.123481],[25.762151,45.123425],[25.762151,45.123369],[25.76214,45.123313],[25.762119,45.123258]]],[[[25.772707,45.124098],[25.772775,45.124128],[25.772848,45.124152],[25.772924,45.124169],[25.773002,45.124179],[25.773082,45.124182],[25.773162,45.124178],[25.77324,45.124167],[25.773315,45.124149],[25.773387,45.124124],[25.773454,45.124093],[25.773515,45.124057],[25.773569,45.124015],[25.773616,45.123969],[25.773654,45.12392],[25.773682,45.123867],[25.773701,45.123812],[25.773711,45.123756],[25.77371,45.123699],[25.773699,45.123643],[25.773678,45.123589],[25.773648,45.123536],[25.773609,45.123487],[25.773562,45.123442],[25.773506,45.123401],[25.773444,45.123365],[25.773377,45.123336],[25.773304,45.123312],[25.773228,45.123295],[25.773149,45.123285],[25.77307,45.123282],[25.77299,45.123286],[25.772912,45.123297],[25.772836,45.123315],[25.772764,45.12334],[25.772697,45.12337],[25.772636,45.123407],[25.772602,45.123433],[25.772602,45.123406],[25.772591,45.12335],[25.77257,45.123295],[25.77254,45.123243],[25.772501,45.123194],[25.772454,45.123148],[25.772398,45.123108],[25.772336,45.123072],[25.772269,45.123042],[25.772196,45.123019],[25.77212,45.123002],[25.772041,45.122992],[25.771962,45.122989],[25.771882,45.122993],[25.771804,45.123004],[25.771728,45.123022],[25.771656,45.123046],[25.771589,45.123077],[25.771528,45.123114],[25.771474,45.123155],[25.771428,45.123201],[25.77139,45.123251],[25.771361,45.123304],[25.771342,45.123359],[25.771333,45.123415],[25.771334,45.123471],[25.771345,45.123527],[25.771365,45.123582],[25.771395,45.123634],[25.771434,45.123683],[25.771482,45.123729],[25.771537,45.12377],[25.771599,45.123805],[25.771667,45.123835],[25.771739,45.123859],[25.771816,45.123876],[25.771894,45.123886],[25.771974,45.123889],[25.772053,45.123884],[25.772132,45.123873],[25.772207,45.123855],[25.772279,45.123831],[25.772346,45.1238],[25.772407,45.123764],[25.772441,45.123737],[25.772442,45.123764],[25.772453,45.12382],[25.772473,45.123875],[25.772503,45.123927],[25.772542,45.123977],[25.77259,45.124022],[25.772645,45.124063],[25.772707,45.124098]]],[[[25.763578,45.124603],[25.763547,45.124551],[25.763508,45.124502],[25.763461,45.124456],[25.763406,45.124415],[25.763344,45.12438],[25.763276,45.12435],[25.763203,45.124326],[25.763127,45.124309],[25.763049,45.124299],[25.762969,45.124296],[25.762889,45.1243],[25.762811,45.124312],[25.762735,45.12433],[25.762663,45.124354],[25.762596,45.124385],[25.762535,45.124421],[25.762481,45.124463],[25.762435,45.124509],[25.762397,45.124559],[25.762369,45.124611],[25.762349,45.124666],[25.76234,45.124722],[25.762341,45.124779],[25.762352,45.124835],[25.762372,45.124889],[25.762402,45.124942],[25.762441,45.124991],[25.762489,45.125036],[25.762544,45.125077],[25.762606,45.125113],[25.762674,45.125143],[25.762747,45.125166],[25.762823,45.125183],[25.762901,45.125193],[25.762981,45.125196],[25.763061,45.125192],[25.763139,45.125181],[25.763214,45.125163],[25.763286,45.125139],[25.763353,45.125108],[25.763414,45.125071],[25.763468,45.12503],[25.763515,45.124984],[25.763553,45.124934],[25.763581,45.124881],[25.7636,45.124826],[25.76361,45.12477],[25.763609,45.124714],[25.763598,45.124658],[25.763578,45.124603]]],[[[25.753574,45.125005],[25.753544,45.124952],[25.753505,45.124903],[25.753457,45.124858],[25.753402,45.124817],[25.75334,45.124781],[25.753272,45.124751],[25.7532,45.124728],[25.753124,45.124711],[25.753045,45.124701],[25.752965,45.124698],[25.752886,45.124702],[25.752808,45.124713],[25.752732,45.124731],[25.75266,45.124755],[25.752593,45.124786],[25.752532,45.124822],[25.752478,45.124864],[25.752432,45.12491],[25.752394,45.12496],[25.752365,45.125013],[25.752346,45.125067],[25.752337,45.125124],[25.752337,45.12518],[25.752348,45.125236],[25.752369,45.125291],[25.752399,45.125343],[25.752438,45.125392],[25.752485,45.125438],[25.752541,45.125478],[25.752603,45.125514],[25.75267,45.125544],[25.752743,45.125568],[25.752819,45.125584],[25.752898,45.125595],[25.752977,45.125598],[25.753057,45.125593],[25.753135,45.125582],[25.753211,45.125564],[25.753283,45.12554],[25.75335,45.125509],[25.753411,45.125473],[25.753465,45.125431],[25.753511,45.125385],[25.753549,45.125335],[25.753578,45.125283],[25.753597,45.125228],[25.753606,45.125172],[25.753605,45.125115],[25.753595,45.125059],[25.753574,45.125005]]],[[[25.764779,45.126301],[25.764758,45.126247],[25.764728,45.126194],[25.764689,45.126145],[25.764641,45.1261],[25.764586,45.126059],[25.764524,45.126023],[25.764456,45.125993],[25.764384,45.12597],[25.764307,45.125953],[25.764229,45.125943],[25.764149,45.12594],[25.76407,45.125944],[25.763991,45.125955],[25.763916,45.125973],[25.763844,45.125997],[25.763777,45.126028],[25.763716,45.126065],[25.763662,45.126106],[25.763615,45.126152],[25.763578,45.126202],[25.763549,45.126255],[25.76353,45.12631],[25.763521,45.126366],[25.763521,45.126422],[25.763532,45.126478],[25.763553,45.126533],[25.763583,45.126585],[25.763622,45.126634],[25.763669,45.12668],[25.763725,45.126721],[25.763787,45.126756],[25.763854,45.126786],[25.763927,45.12681],[25.764003,45.126827],[25.764082,45.126837],[25.764161,45.12684],[25.764241,45.126836],[25.764319,45.126824],[25.764395,45.126806],[25.764467,45.126782],[25.764534,45.126751],[25.764595,45.126715],[25.764649,45.126673],[25.764695,45.126627],[25.764733,45.126577],[25.764762,45.126525],[25.764781,45.12647],[25.76479,45.126414],[25.764789,45.126357],[25.764779,45.126301]]],[[[25.76464,45.128701],[25.76461,45.128649],[25.764571,45.1286],[25.764523,45.128554],[25.764468,45.128513],[25.764406,45.128478],[25.764338,45.128448],[25.764266,45.128424],[25.76419,45.128407],[25.764111,45.128397],[25.764031,45.128394],[25.763952,45.128398],[25.763874,45.12841],[25.763798,45.128428],[25.763726,45.128452],[25.763659,45.128483],[25.763598,45.128519],[25.763544,45.128561],[25.763498,45.128607],[25.76346,45.128657],[25.763431,45.128709],[25.763412,45.128764],[25.763403,45.12882],[25.763404,45.128877],[25.763414,45.128933],[25.763435,45.128987],[25.763465,45.12904],[25.763504,45.129089],[25.763552,45.129134],[25.763607,45.129175],[25.763669,45.129211],[25.763737,45.129241],[25.763809,45.129264],[25.763885,45.129281],[25.763964,45.129291],[25.764044,45.129294],[25.764123,45.12929],[25.764201,45.129279],[25.764277,45.129261],[25.764349,45.129237],[25.764416,45.129206],[25.764477,45.129169],[25.764531,45.129128],[25.764577,45.129082],[25.764615,45.129032],[25.764644,45.128979],[25.764663,45.128924],[25.764672,45.128868],[25.764672,45.128812],[25.764661,45.128756],[25.76464,45.128701]]],[[[25.7987,45.09875],[25.79867,45.098698],[25.798631,45.098648],[25.798583,45.098603],[25.798528,45.098562],[25.798466,45.098527],[25.798398,45.098497],[25.798326,45.098473],[25.79825,45.098456],[25.798171,45.098446],[25.798091,45.098443],[25.798012,45.098447],[25.797934,45.098459],[25.797858,45.098477],[25.797786,45.098501],[25.797719,45.098532],[25.797658,45.098568],[25.797604,45.09861],[25.797558,45.098656],[25.79752,45.098706],[25.797491,45.098759],[25.797472,45.098813],[25.797463,45.09887],[25.797464,45.098926],[25.797475,45.098982],[25.797495,45.099037],[25.797525,45.099089],[25.797565,45.099138],[25.797612,45.099184],[25.797667,45.099224],[25.797729,45.09926],[25.797797,45.09929],[25.79787,45.099313],[25.797946,45.09933],[25.798024,45.09934],[25.798104,45.099343],[25.798184,45.099339],[25.798262,45.099328],[25.798337,45.09931],[25.798409,45.099285],[25.798476,45.099255],[25.798537,45.099218],[25.798591,45.099177],[25.798637,45.099131],[25.798675,45.099081],[25.798704,45.099028],[25.798723,45.098973],[25.798732,45.098917],[25.798731,45.098861],[25.798721,45.098805],[25.7987,45.09875]]],[[[25.801036,45.102215],[25.801006,45.102162],[25.800967,45.102113],[25.800919,45.102068],[25.800864,45.102027],[25.800802,45.101991],[25.800734,45.101961],[25.800661,45.101938],[25.800585,45.101921],[25.800507,45.101911],[25.800427,45.101908],[25.800348,45.101912],[25.800269,45.101923],[25.800194,45.101941],[25.800122,45.101966],[25.800055,45.101997],[25.799994,45.102033],[25.79994,45.102075],[25.799894,45.102121],[25.799856,45.10217],[25.799827,45.102223],[25.799808,45.102278],[25.799799,45.102334],[25.7998,45.102391],[25.799811,45.102447],[25.799831,45.102501],[25.799861,45.102554],[25.7999,45.102603],[25.799948,45.102648],[25.800003,45.102689],[25.800065,45.102725],[25.800133,45.102754],[25.800206,45.102778],[25.800282,45.102795],[25.80036,45.102805],[25.80044,45.102808],[25.800519,45.102804],[25.800598,45.102793],[25.800673,45.102775],[25.800745,45.10275],[25.800812,45.102719],[25.800873,45.102683],[25.800927,45.102641],[25.800973,45.102595],[25.801011,45.102545],[25.80104,45.102493],[25.801059,45.102438],[25.801068,45.102382],[25.801067,45.102325],[25.801056,45.102269],[25.801036,45.102215]]],[[[25.800504,45.104054],[25.800474,45.104002],[25.800435,45.103952],[25.800388,45.103907],[25.800332,45.103866],[25.80027,45.103831],[25.800203,45.103801],[25.80013,45.103777],[25.800054,45.10376],[25.799975,45.10375],[25.799896,45.103747],[25.799816,45.103751],[25.799738,45.103763],[25.799662,45.103781],[25.79959,45.103805],[25.799523,45.103836],[25.799462,45.103872],[25.799408,45.103914],[25.799362,45.10396],[25.799324,45.10401],[25.799296,45.104062],[25.799277,45.104117],[25.799267,45.104173],[25.799268,45.10423],[25.799279,45.104286],[25.7993,45.104341],[25.79933,45.104393],[25.799369,45.104442],[25.799416,45.104487],[25.799472,45.104528],[25.799534,45.104564],[25.799601,45.104594],[25.799674,45.104617],[25.79975,45.104634],[25.799829,45.104644],[25.799908,45.104647],[25.799988,45.104643],[25.800066,45.104632],[25.800142,45.104614],[25.800214,45.104589],[25.800281,45.104559],[25.800342,45.104522],[25.800396,45.104481],[25.800442,45.104435],[25.80048,45.104385],[25.800508,45.104332],[25.800527,45.104277],[25.800537,45.104221],[25.800536,45.104164],[25.800525,45.104108],[25.800504,45.104054]]],[[[25.803507,45.104493],[25.803477,45.104441],[25.803438,45.104392],[25.80339,45.104346],[25.803335,45.104305],[25.803273,45.10427],[25.803205,45.10424],[25.803133,45.104216],[25.803056,45.1042],[25.802978,45.10419],[25.802898,45.104187],[25.802819,45.104191],[25.80274,45.104202],[25.802665,45.10422],[25.802593,45.104244],[25.802526,45.104275],[25.802465,45.104312],[25.802411,45.104353],[25.802365,45.104399],[25.802327,45.104449],[25.802298,45.104502],[25.802279,45.104557],[25.80227,45.104613],[25.802271,45.104669],[25.802282,45.104725],[25.802302,45.10478],[25.802332,45.104832],[25.802372,45.104881],[25.802419,45.104927],[25.802474,45.104968],[25.802536,45.105003],[25.802604,45.105033],[25.802677,45.105057],[25.802753,45.105073],[25.802831,45.105083],[25.802911,45.105086],[25.802991,45.105082],[25.803069,45.105071],[25.803144,45.105053],[25.803216,45.105029],[25.803283,45.104998],[25.803344,45.104961],[25.803398,45.10492],[25.803445,45.104874],[25.803482,45.104824],[25.803511,45.104771],[25.80353,45.104716],[25.803539,45.10466],[25.803538,45.104604],[25.803528,45.104548],[25.803507,45.104493]]],[[[25.779354,45.104989],[25.779333,45.104934],[25.779303,45.104882],[25.779264,45.104833],[25.779217,45.104787],[25.779161,45.104747],[25.779099,45.104711],[25.779032,45.104681],[25.778959,45.104658],[25.778883,45.104641],[25.778805,45.104631],[25.778725,45.104628],[25.778645,45.104632],[25.778567,45.104643],[25.778491,45.104661],[25.77842,45.104685],[25.778353,45.104716],[25.778292,45.104753],[25.778238,45.104794],[25.778191,45.10484],[25.778153,45.10489],[25.778125,45.104943],[25.778106,45.104998],[25.778096,45.105054],[25.778097,45.10511],[25.778108,45.105166],[25.778129,45.105221],[25.778159,45.105273],[25.778198,45.105322],[25.778245,45.105368],[25.778301,45.105409],[25.778363,45.105444],[25.77843,45.105474],[25.778503,45.105498],[25.778579,45.105515],[25.778657,45.105525],[25.778737,45.105528],[25.778817,45.105523],[25.778895,45.105512],[25.778971,45.105494],[25.779043,45.10547],[25.779109,45.105439],[25.77917,45.105403],[25.779225,45.105361],[25.779271,45.105315],[25.779309,45.105265],[25.779337,45.105213],[25.779356,45.105158],[25.779366,45.105102],[25.779365,45.105045],[25.779354,45.104989]]],[[[25.806661,45.105018],[25.806606,45.104978],[25.806544,45.104942],[25.806476,45.104912],[25.806473,45.104911],[25.806476,45.105068],[25.806711,45.105066],[25.806709,45.105064],[25.806661,45.105018]]],[[[25.801888,45.106808],[25.801858,45.106755],[25.801819,45.106706],[25.801772,45.106661],[25.801716,45.10662],[25.801654,45.106584],[25.801587,45.106554],[25.801514,45.106531],[25.801438,45.106514],[25.801359,45.106504],[25.80128,45.106501],[25.8012,45.106505],[25.801122,45.106516],[25.801046,45.106534],[25.800974,45.106559],[25.800908,45.10659],[25.800847,45.106626],[25.800793,45.106668],[25.800746,45.106714],[25.800709,45.106763],[25.80068,45.106816],[25.800661,45.106871],[25.800652,45.106927],[25.800652,45.106984],[25.800663,45.10704],[25.800684,45.107094],[25.800714,45.107147],[25.800753,45.107196],[25.800801,45.107241],[25.800856,45.107282],[25.800918,45.107318],[25.800986,45.107347],[25.801058,45.107371],[25.801134,45.107388],[25.801213,45.107398],[25.801292,45.107401],[25.801372,45.107397],[25.80145,45.107386],[25.801526,45.107368],[25.801598,45.107343],[25.801665,45.107312],[25.801726,45.107276],[25.80178,45.107234],[25.801826,45.107188],[25.801864,45.107138],[25.801892,45.107086],[25.801911,45.107031],[25.801921,45.106975],[25.80192,45.106918],[25.801909,45.106862],[25.801888,45.106808]]],[[[25.795357,45.109482],[25.795327,45.109429],[25.795288,45.10938],[25.795241,45.109335],[25.795185,45.109294],[25.795123,45.109258],[25.795056,45.109229],[25.794983,45.109205],[25.794907,45.109188],[25.794828,45.109178],[25.794749,45.109175],[25.794669,45.109179],[25.794591,45.10919],[25.794515,45.109208],[25.794443,45.109233],[25.794376,45.109264],[25.794315,45.1093],[25.794261,45.109342],[25.794215,45.109388],[25.794177,45.109437],[25.794149,45.10949],[25.79413,45.109545],[25.79412,45.109601],[25.794121,45.109658],[25.794132,45.109714],[25.794153,45.109768],[25.794183,45.109821],[25.794222,45.10987],[25.794269,45.109915],[25.794325,45.109956],[25.794387,45.109992],[25.794454,45.110021],[25.794527,45.110045],[25.794603,45.110062],[25.794682,45.110072],[25.794761,45.110075],[25.794841,45.110071],[25.794919,45.11006],[25.794995,45.110042],[25.795067,45.110017],[25.795134,45.109986],[25.795194,45.10995],[25.795249,45.109908],[25.795295,45.109862],[25.795333,45.109813],[25.795361,45.10976],[25.79538,45.109705],[25.795389,45.109649],[25.795389,45.109592],[25.795378,45.109536],[25.795357,45.109482]]],[[[25.799473,45.110889],[25.799443,45.110837],[25.799404,45.110788],[25.799356,45.110742],[25.799301,45.110701],[25.799239,45.110666],[25.799171,45.110636],[25.799099,45.110612],[25.799022,45.110596],[25.798944,45.110586],[25.798864,45.110583],[25.798785,45.110587],[25.798706,45.110598],[25.798631,45.110616],[25.798559,45.11064],[25.798492,45.110671],[25.798431,45.110708],[25.798377,45.110749],[25.798331,45.110795],[25.798293,45.110845],[25.798264,45.110898],[25.798245,45.110953],[25.798236,45.111009],[25.798237,45.111065],[25.798248,45.111121],[25.798268,45.111176],[25.798298,45.111228],[25.798337,45.111277],[25.798385,45.111323],[25.79844,45.111364],[25.798502,45.111399],[25.79857,45.111429],[25.798643,45.111453],[25.798719,45.111469],[25.798797,45.111479],[25.798877,45.111482],[25.798956,45.111478],[25.799035,45.111467],[25.79911,45.111449],[25.799182,45.111425],[25.799249,45.111394],[25.79931,45.111357],[25.799364,45.111316],[25.79941,45.11127],[25.799448,45.11122],[25.799477,45.111167],[25.799496,45.111112],[25.799505,45.111056],[25.799504,45.111],[25.799494,45.110944],[25.799473,45.110889]]],[[[25.802213,45.113625],[25.802183,45.113572],[25.802144,45.113523],[25.802096,45.113478],[25.802041,45.113437],[25.801979,45.113401],[25.801911,45.113371],[25.801838,45.113348],[25.801762,45.113331],[25.801684,45.113321],[25.801604,45.113318],[25.801524,45.113322],[25.801446,45.113333],[25.801371,45.113351],[25.801299,45.113376],[25.801232,45.113407],[25.801171,45.113443],[25.801117,45.113485],[25.80107,45.113531],[25.801033,45.11358],[25.801004,45.113633],[25.800985,45.113688],[25.800976,45.113744],[25.800977,45.113801],[25.800987,45.113857],[25.801008,45.113911],[25.801038,45.113964],[25.801077,45.114013],[25.801125,45.114058],[25.80118,45.114099],[25.801242,45.114135],[25.80131,45.114164],[25.801382,45.114188],[25.801459,45.114205],[25.801537,45.114215],[25.801617,45.114218],[25.801696,45.114214],[25.801775,45.114203],[25.80185,45.114185],[25.801922,45.11416],[25.801989,45.114129],[25.80205,45.114093],[25.802104,45.114051],[25.80215,45.114005],[25.802188,45.113955],[25.802217,45.113903],[25.802236,45.113848],[25.802245,45.113792],[25.802244,45.113735],[25.802233,45.113679],[25.802213,45.113625]]],[[[25.799965,45.113948],[25.799935,45.113895],[25.799896,45.113846],[25.799848,45.113801],[25.799793,45.11376],[25.799731,45.113724],[25.799663,45.113695],[25.799591,45.113671],[25.799515,45.113654],[25.799436,45.113644],[25.799356,45.113641],[25.799277,45.113645],[25.799199,45.113656],[25.799123,45.113674],[25.799051,45.113699],[25.798984,45.11373],[25.798923,45.113766],[25.798869,45.113808],[25.798823,45.113854],[25.798785,45.113904],[25.798756,45.113956],[25.798737,45.114011],[25.798728,45.114067],[25.798729,45.114124],[25.79874,45.11418],[25.79876,45.114234],[25.79879,45.114287],[25.79883,45.114336],[25.798877,45.114381],[25.798932,45.114422],[25.798994,45.114458],[25.799062,45.114488],[25.799135,45.114511],[25.799211,45.114528],[25.799289,45.114538],[25.799369,45.114541],[25.799449,45.114537],[25.799527,45.114526],[25.799603,45.114508],[25.799674,45.114483],[25.799741,45.114452],[25.799802,45.114416],[25.799856,45.114374],[25.799903,45.114328],[25.79994,45.114279],[25.799969,45.114226],[25.799988,45.114171],[25.799997,45.114115],[25.799997,45.114058],[25.799986,45.114002],[25.799965,45.113948]]],[[[25.804988,45.114929],[25.804968,45.114875],[25.804937,45.114822],[25.804898,45.114773],[25.804851,45.114728],[25.804796,45.114687],[25.804734,45.114651],[25.804666,45.114622],[25.804593,45.114598],[25.804517,45.114581],[25.804438,45.114571],[25.804359,45.114568],[25.804279,45.114572],[25.804201,45.114583],[25.804125,45.114601],[25.804053,45.114626],[25.803986,45.114657],[25.803925,45.114693],[25.803871,45.114735],[25.803825,45.114781],[25.803787,45.114831],[25.803759,45.114883],[25.80374,45.114938],[25.803731,45.114994],[25.803731,45.115051],[25.803742,45.115107],[25.803763,45.115161],[25.803793,45.115214],[25.803832,45.115263],[25.80388,45.115308],[25.803935,45.115349],[25.803997,45.115385],[25.804065,45.115415],[25.804137,45.115438],[25.804213,45.115455],[25.804292,45.115465],[25.804372,45.115468],[25.804451,45.115464],[25.804529,45.115453],[25.804605,45.115435],[25.804677,45.11541],[25.804744,45.115379],[25.804805,45.115343],[25.804859,45.115301],[25.804905,45.115255],[25.804943,45.115206],[25.804971,45.115153],[25.804991,45.115098],[25.805,45.115042],[25.804999,45.114985],[25.804988,45.114929]]],[[[25.801269,45.115023],[25.801239,45.114971],[25.8012,45.114922],[25.801153,45.114876],[25.801097,45.114835],[25.801035,45.1148],[25.800968,45.11477],[25.800895,45.114746],[25.800819,45.114729],[25.80074,45.114719],[25.800661,45.114716],[25.800581,45.114721],[25.800503,45.114732],[25.800427,45.11475],[25.800355,45.114774],[25.800288,45.114805],[25.800227,45.114842],[25.800173,45.114883],[25.800127,45.114929],[25.800089,45.114979],[25.800061,45.115032],[25.800042,45.115087],[25.800032,45.115143],[25.800033,45.115199],[25.800044,45.115255],[25.800065,45.11531],[25.800095,45.115362],[25.800134,45.115411],[25.800181,45.115457],[25.800237,45.115498],[25.800299,45.115533],[25.800366,45.115563],[25.800439,45.115586],[25.800515,45.115603],[25.800594,45.115613],[25.800673,45.115616],[25.800753,45.115612],[25.800831,45.115601],[25.800907,45.115583],[25.800979,45.115559],[25.801046,45.115528],[25.801107,45.115491],[25.801161,45.11545],[25.801207,45.115404],[25.801245,45.115354],[25.801273,45.115301],[25.801292,45.115246],[25.801302,45.11519],[25.801301,45.115134],[25.80129,45.115078],[25.801269,45.115023]]],[[[25.803943,45.115562],[25.803913,45.11551],[25.803874,45.115461],[25.803826,45.115416],[25.803771,45.115375],[25.803709,45.115339],[25.803641,45.115309],[25.803568,45.115286],[25.803492,45.115269],[25.803414,45.115259],[25.803334,45.115256],[25.803254,45.11526],[25.803176,45.115271],[25.803101,45.115289],[25.803029,45.115314],[25.802962,45.115344],[25.802901,45.115381],[25.802847,45.115422],[25.8028,45.115468],[25.802763,45.115518],[25.802734,45.115571],[25.802715,45.115626],[25.802706,45.115682],[25.802707,45.115739],[25.802717,45.115795],[25.802738,45.115849],[25.802768,45.115901],[25.802807,45.115951],[25.802855,45.115996],[25.80291,45.116037],[25.802972,45.116072],[25.80304,45.116102],[25.803112,45.116126],[25.803189,45.116143],[25.803267,45.116153],[25.803347,45.116156],[25.803426,45.116152],[25.803505,45.11614],[25.80358,45.116122],[25.803652,45.116098],[25.803719,45.116067],[25.80378,45.116031],[25.803834,45.115989],[25.80388,45.115943],[25.803918,45.115893],[25.803947,45.115841],[25.803966,45.115786],[25.803975,45.11573],[25.803974,45.115673],[25.803963,45.115617],[25.803943,45.115562]]],[[[25.792542,45.115792],[25.792512,45.11574],[25.792473,45.115691],[25.792425,45.115645],[25.79237,45.115604],[25.792308,45.115569],[25.79224,45.115539],[25.792167,45.115516],[25.792091,45.115499],[25.792013,45.115489],[25.791933,45.115486],[25.791853,45.11549],[25.791775,45.115501],[25.7917,45.115519],[25.791628,45.115543],[25.791561,45.115574],[25.7915,45.115611],[25.791446,45.115652],[25.791399,45.115698],[25.791362,45.115748],[25.791333,45.115801],[25.791314,45.115856],[25.791305,45.115912],[25.791305,45.115968],[25.791316,45.116024],[25.791337,45.116079],[25.791367,45.116131],[25.791406,45.11618],[25.791454,45.116226],[25.791509,45.116267],[25.791571,45.116302],[25.791639,45.116332],[25.791711,45.116356],[25.791787,45.116372],[25.791866,45.116382],[25.791946,45.116385],[25.792025,45.116381],[25.792103,45.11637],[25.792179,45.116352],[25.792251,45.116328],[25.792318,45.116297],[25.792379,45.11626],[25.792433,45.116219],[25.792479,45.116173],[25.792517,45.116123],[25.792546,45.11607],[25.792565,45.116015],[25.792574,45.115959],[25.792573,45.115903],[25.792562,45.115847],[25.792542,45.115792]]],[[[25.804497,45.116632],[25.804467,45.116579],[25.804428,45.11653],[25.80438,45.116485],[25.804325,45.116444],[25.804263,45.116408],[25.804195,45.116378],[25.804123,45.116355],[25.804047,45.116338],[25.803968,45.116328],[25.803888,45.116325],[25.803809,45.116329],[25.803731,45.11634],[25.803655,45.116358],[25.803583,45.116383],[25.803516,45.116414],[25.803455,45.11645],[25.803401,45.116492],[25.803355,45.116538],[25.803317,45.116587],[25.803288,45.11664],[25.803269,45.116695],[25.80326,45.116751],[25.803261,45.116808],[25.803272,45.116864],[25.803292,45.116918],[25.803322,45.116971],[25.803332,45.116982],[25.803278,45.11699],[25.803202,45.117008],[25.80313,45.117033],[25.803063,45.117063],[25.803002,45.1171],[25.802948,45.117141],[25.802902,45.117187],[25.802864,45.117237],[25.802836,45.11729],[25.802816,45.117345],[25.802807,45.117401],[25.802808,45.117457],[25.802819,45.117513],[25.802839,45.117568],[25.80287,45.11762],[25.802909,45.11767],[25.802956,45.117715],[25.803011,45.117756],[25.803073,45.117791],[25.803141,45.117821],[25.803214,45.117845],[25.80329,45.117862],[25.803369,45.117872],[25.803448,45.117875],[25.803528,45.11787],[25.803606,45.117859],[25.803682,45.117841],[25.803754,45.117817],[25.803821,45.117786],[25.803882,45.11775],[25.803936,45.117708],[25.803982,45.117662],[25.80402,45.117612],[25.804048,45.117559],[25.804067,45.117505],[25.804077,45.117448],[25.804076,45.117392],[25.804065,45.117336],[25.804044,45.117281],[25.804014,45.117229],[25.804005,45.117217],[25.804059,45.11721],[25.804135,45.117192],[25.804207,45.117167],[25.804273,45.117136],[25.804334,45.1171],[25.804388,45.117058],[25.804435,45.117012],[25.804473,45.116962],[25.804501,45.11691],[25.80452,45.116855],[25.804529,45.116799],[25.804529,45.116742],[25.804518,45.116686],[25.804497,45.116632]]],[[[25.804478,45.117202],[25.804424,45.117244],[25.804377,45.11729],[25.80434,45.11734],[25.804311,45.117393],[25.804292,45.117447],[25.804283,45.117504],[25.804283,45.11756],[25.804294,45.117616],[25.804315,45.117671],[25.804345,45.117723],[25.804384,45.117772],[25.804432,45.117818],[25.804487,45.117858],[25.804549,45.117894],[25.804604,45.117918],[25.804593,45.117141],[25.804539,45.117166],[25.804478,45.117202]]],[[[25.804037,45.119438],[25.804008,45.119491],[25.803989,45.119546],[25.80398,45.119602],[25.803981,45.119658],[25.803992,45.119714],[25.804012,45.119769],[25.804042,45.119821],[25.804081,45.11987],[25.804129,45.119916],[25.804184,45.119957],[25.804246,45.119992],[25.804314,45.120022],[25.804387,45.120046],[25.804463,45.120063],[25.804541,45.120073],[25.804621,45.120076],[25.804701,45.120071],[25.804779,45.12006],[25.804855,45.120042],[25.804926,45.120018],[25.804993,45.119987],[25.805054,45.11995],[25.805108,45.119909],[25.805155,45.119863],[25.805179,45.119831],[25.804127,45.119839],[25.80412,45.119343],[25.804075,45.119388],[25.804037,45.119438]]],[[[25.806792,45.119472],[25.806871,45.119461],[25.806946,45.119443],[25.807018,45.119419],[25.807085,45.119388],[25.807146,45.119352],[25.8072,45.11931],[25.807246,45.119264],[25.807284,45.119214],[25.807313,45.119161],[25.807332,45.119106],[25.807341,45.11905],[25.80734,45.118994],[25.80733,45.118938],[25.807309,45.118883],[25.807279,45.118831],[25.80724,45.118782],[25.807192,45.118736],[25.807137,45.118695],[25.807075,45.11866],[25.807007,45.11863],[25.806934,45.118607],[25.806929,45.118605],[25.806652,45.118607],[25.806664,45.119475],[25.806713,45.119477],[25.806792,45.119472]]],[[[25.807227,45.117902],[25.807306,45.117891],[25.807381,45.117873],[25.807453,45.117848],[25.80752,45.117817],[25.807581,45.117781],[25.807635,45.117739],[25.807681,45.117693],[25.807719,45.117644],[25.807748,45.117591],[25.807767,45.117536],[25.807776,45.11748],[25.807775,45.117423],[25.807764,45.117367],[25.807744,45.117313],[25.807714,45.11726],[25.807675,45.117211],[25.807627,45.117166],[25.807572,45.117125],[25.80751,45.117089],[25.807442,45.11706],[25.807369,45.117036],[25.807293,45.117019],[25.807215,45.117009],[25.807198,45.117008],[25.807231,45.116975],[25.807269,45.116925],[25.807298,45.116873],[25.807317,45.116818],[25.807326,45.116762],[25.807325,45.116705],[25.807314,45.116649],[25.807294,45.116594],[25.807264,45.116542],[25.807242,45.116515],[25.807244,45.116514],[25.807273,45.116504],[25.807308,45.116538],[25.807363,45.116579],[25.807425,45.116614],[25.807493,45.116644],[25.807566,45.116668],[25.807642,45.116685],[25.80772,45.116695],[25.8078,45.116698],[25.80788,45.116694],[25.807922,45.116687],[25.807923,45.116688],[25.807971,45.116734],[25.808026,45.116774],[25.808088,45.11681],[25.808156,45.11684],[25.808228,45.116863],[25.808304,45.11688],[25.808383,45.11689],[25.808463,45.116893],[25.808466,45.116893],[25.808438,45.116914],[25.808392,45.11696],[25.808354,45.11701],[25.808326,45.117063],[25.808307,45.117118],[25.808297,45.117174],[25.808298,45.11723],[25.808309,45.117286],[25.80833,45.117341],[25.80836,45.117393],[25.808399,45.117443],[25.808438,45.11748],[25.808394,45.117482],[25.808315,45.117494],[25.80824,45.117512],[25.808168,45.117536],[25.808101,45.117567],[25.80804,45.117603],[25.807986,45.117645],[25.80794,45.117691],[25.807902,45.117741],[25.807873,45.117794],[25.807854,45.117848],[25.807845,45.117905],[25.807846,45.117961],[25.807857,45.118017],[25.807877,45.118072],[25.807907,45.118124],[25.807947,45.118173],[25.807994,45.118219],[25.808016,45.118235],[25.80801,45.118253],[25.808006,45.118273],[25.807983,45.118272],[25.807904,45.118276],[25.807825,45.118287],[25.80775,45.118305],[25.807678,45.11833],[25.807611,45.118361],[25.80755,45.118397],[25.807496,45.118439],[25.80745,45.118485],[25.807412,45.118535],[25.807383,45.118587],[25.807364,45.118642],[25.807355,45.118698],[25.807356,45.118755],[25.807367,45.118811],[25.807387,45.118866],[25.807417,45.118918],[25.807457,45.118967],[25.807504,45.119012],[25.807559,45.119053],[25.807621,45.119089],[25.807689,45.119119],[25.807762,45.119142],[25.807838,45.119159],[25.807916,45.119169],[25.807996,45.119172],[25.808076,45.119168],[25.808154,45.119157],[25.80823,45.119139],[25.80824,45.119135],[25.808272,45.119159],[25.808334,45.119194],[25.808402,45.119224],[25.808474,45.119248],[25.808546,45.119264],[25.80852,45.119276],[25.808459,45.119312],[25.808405,45.119354],[25.808359,45.1194],[25.808321,45.119449],[25.808293,45.119502],[25.808273,45.119557],[25.808264,45.119613],[25.808265,45.11967],[25.808276,45.119726],[25.808296,45.11978],[25.808327,45.119833],[25.808366,45.119882],[25.808413,45.119927],[25.808469,45.119968],[25.808531,45.120004],[25.808598,45.120033],[25.808618,45.12004],[25.808577,45.120058],[25.808516,45.120095],[25.808462,45.120136],[25.808416,45.120183],[25.808378,45.120232],[25.808349,45.120285],[25.80833,45.12034],[25.808321,45.120396],[25.808322,45.120453],[25.808333,45.120509],[25.808353,45.120563],[25.808383,45.120615],[25.808422,45.120665],[25.80847,45.12071],[25.808525,45.120751],[25.808587,45.120786],[25.808622,45.120802],[25.808594,45.120854],[25.808575,45.120909],[25.808566,45.120965],[25.808567,45.121022],[25.808577,45.121078],[25.808598,45.121132],[25.808628,45.121185],[25.808667,45.121234],[25.808715,45.121279],[25.80877,45.12132],[25.808832,45.121356],[25.8089,45.121385],[25.808973,45.121409],[25.809049,45.121426],[25.809127,45.121436],[25.809207,45.121439],[25.809287,45.121435],[25.809365,45.121424],[25.80944,45.121406],[25.809512,45.121381],[25.809579,45.12135],[25.80964,45.121314],[25.809694,45.121272],[25.809741,45.121226],[25.809778,45.121176],[25.809807,45.121124],[25.809826,45.121069],[25.809835,45.121013],[25.809834,45.120956],[25.809824,45.1209],[25.809803,45.120845],[25.809773,45.120793],[25.809734,45.120744],[25.809686,45.120699],[25.809631,45.120658],[25.809569,45.120622],[25.809534,45.120607],[25.809562,45.120555],[25.809581,45.1205],[25.80959,45.120444],[25.80959,45.120433],[25.809611,45.120431],[25.809689,45.12042],[25.809764,45.120402],[25.809836,45.120378],[25.809903,45.120347],[25.809964,45.120311],[25.810018,45.120269],[25.810065,45.120223],[25.810102,45.120173],[25.810131,45.12012],[25.81015,45.120065],[25.810159,45.120009],[25.810158,45.119953],[25.810148,45.119897],[25.810127,45.119842],[25.810097,45.11979],[25.810058,45.119741],[25.81001,45.119695],[25.809955,45.119655],[25.809893,45.119619],[25.809825,45.119589],[25.809753,45.119566],[25.809676,45.119549],[25.809598,45.119539],[25.809518,45.119536],[25.809517,45.119536],[25.809501,45.119494],[25.809471,45.119441],[25.809432,45.119392],[25.809385,45.119347],[25.809329,45.119306],[25.809267,45.11927],[25.809199,45.11924],[25.809127,45.119217],[25.809055,45.119201],[25.809081,45.119189],[25.809142,45.119153],[25.809196,45.119111],[25.809242,45.119065],[25.80928,45.119015],[25.809309,45.118962],[25.809328,45.118907],[25.809334,45.118871],[25.809349,45.118875],[25.809427,45.118885],[25.809507,45.118888],[25.809559,45.118885],[25.809534,45.118931],[25.809515,45.118985],[25.809506,45.119042],[25.809507,45.119098],[25.809518,45.119154],[25.809538,45.119209],[25.809568,45.119261],[25.809607,45.11931],[25.809655,45.119356],[25.80971,45.119396],[25.809772,45.119432],[25.80984,45.119462],[25.809913,45.119485],[25.809989,45.119502],[25.810067,45.119512],[25.810147,45.119515],[25.810227,45.119511],[25.810305,45.1195],[25.810381,45.119482],[25.810452,45.119457],[25.810519,45.119427],[25.81058,45.11939],[25.810634,45.119349],[25.810643,45.11934],[25.810702,45.119348],[25.810782,45.119351],[25.810861,45.119347],[25.810939,45.119336],[25.811015,45.119318],[25.811087,45.119293],[25.811154,45.119262],[25.811215,45.119226],[25.811269,45.119184],[25.811315,45.119138],[25.811318,45.119135],[25.811285,45.119142],[25.811236,45.119152],[25.811187,45.11916],[25.811137,45.119166],[25.811087,45.119172],[25.811037,45.119176],[25.810986,45.119178],[25.810936,45.119179],[25.810885,45.119179],[25.810835,45.119177],[25.810784,45.119174],[25.810734,45.119169],[25.810685,45.119163],[25.810635,45.119156],[25.810586,45.119147],[25.810538,45.119137],[25.81049,45.119125],[25.810443,45.119113],[25.810396,45.119098],[25.810351,45.119083],[25.810306,45.119066],[25.810262,45.119048],[25.81022,45.119029],[25.810178,45.119009],[25.810138,45.118987],[25.810099,45.118964],[25.810061,45.118941],[25.810024,45.118916],[25.809989,45.11889],[25.809956,45.118863],[25.809924,45.118836],[25.809893,45.118807],[25.809864,45.118778],[25.809837,45.118747],[25.809812,45.118717],[25.809788,45.118685],[25.809766,45.118653],[25.809746,45.11862],[25.809728,45.118586],[25.809712,45.118553],[25.809697,45.118518],[25.809685,45.118484],[25.809675,45.118449],[25.809666,45.118413],[25.80966,45.118378],[25.809655,45.118342],[25.809652,45.118306],[25.809652,45.118271],[25.809653,45.118235],[25.809657,45.118199],[25.809662,45.118164],[25.80967,45.118128],[25.809679,45.118093],[25.809691,45.118058],[25.809704,45.118024],[25.80972,45.11799],[25.809737,45.117956],[25.809756,45.117923],[25.809777,45.11789],[25.8098,45.117858],[25.809824,45.117827],[25.809851,45.117796],[25.809878,45.117767],[25.809908,45.117738],[25.809939,45.117709],[25.809972,45.117682],[25.810006,45.117656],[25.810042,45.117631],[25.810079,45.117606],[25.810118,45.117583],[25.810157,45.117561],[25.810198,45.11754],[25.81024,45.11752],[25.810284,45.117502],[25.810328,45.117484],[25.810373,45.117468],[25.810419,45.117453],[25.810466,45.11744],[25.810513,45.117427],[25.810561,45.117417],[25.81061,45.117407],[25.810659,45.117399],[25.810709,45.117392],[25.810759,45.117387],[25.810809,45.117383],[25.81086,45.117381],[25.81091,45.117379],[25.810961,45.11738],[25.811011,45.117382],[25.811062,45.117385],[25.811112,45.117389],[25.811161,45.117395],[25.811211,45.117403],[25.81126,45.117412],[25.811308,45.117422],[25.811356,45.117433],[25.811403,45.117446],[25.81145,45.11746],[25.811495,45.117476],[25.81154,45.117493],[25.811584,45.117511],[25.811626,45.11753],[25.811668,45.11755],[25.811708,45.117572],[25.811747,45.117594],[25.811785,45.117618],[25.811822,45.117643],[25.811857,45.117669],[25.81189,45.117695],[25.811922,45.117723],[25.811953,45.117752],[25.811982,45.117781],[25.812009,45.117811],[25.812034,45.117842],[25.812058,45.117874],[25.81208,45.117906],[25.8121,45.117939],[25.812118,45.117972],[25.812134,45.118006],[25.812149,45.118041],[25.812161,45.118075],[25.812171,45.11811],[25.81218,45.118146],[25.812187,45.118181],[25.812191,45.118217],[25.812194,45.118252],[25.812194,45.118288],[25.812193,45.118324],[25.812189,45.11836],[25.812184,45.118395],[25.812176,45.118431],[25.812167,45.118466],[25.812155,45.118501],[25.812142,45.118535],[25.812126,45.118569],[25.812109,45.118603],[25.81209,45.118636],[25.812069,45.118669],[25.812046,45.118701],[25.812022,45.118732],[25.811996,45.118762],[25.811968,45.118792],[25.811938,45.118821],[25.811907,45.118849],[25.811874,45.118877],[25.81184,45.118903],[25.81183,45.11891],[25.811845,45.118921],[25.811806,45.118927],[25.811804,45.118928],[25.811767,45.118952],[25.811728,45.118976],[25.811689,45.118998],[25.811648,45.119019],[25.811606,45.119039],[25.811562,45.119057],[25.811518,45.119075],[25.811473,45.119091],[25.811431,45.119104],[25.811408,45.119127],[25.81137,45.119177],[25.811342,45.11923],[25.811323,45.119285],[25.811313,45.119341],[25.811314,45.119397],[25.811325,45.119453],[25.811346,45.119508],[25.811376,45.11956],[25.811415,45.11961],[25.811463,45.119655],[25.811518,45.119696],[25.81158,45.119731],[25.811648,45.119761],[25.81172,45.119785],[25.811796,45.119802],[25.811875,45.119812],[25.811955,45.119815],[25.812034,45.11981],[25.812112,45.119799],[25.812188,45.119781],[25.81226,45.119757],[25.812327,45.119726],[25.812388,45.11969],[25.812442,45.119648],[25.812488,45.119602],[25.812526,45.119552],[25.812555,45.119499],[25.812569,45.119457],[25.81257,45.119458],[25.812632,45.119493],[25.8127,45.119523],[25.812772,45.119547],[25.812848,45.119564],[25.812882,45.119568],[25.81286,45.11807],[25.813695,45.118064],[25.813679,45.11692],[25.813661,45.116914],[25.813585,45.116897],[25.813506,45.116887],[25.813427,45.116884],[25.813347,45.116888],[25.813335,45.11689],[25.813361,45.116878],[25.813422,45.116842],[25.813476,45.1168],[25.813522,45.116754],[25.81356,45.116704],[25.813589,45.116651],[25.813608,45.116596],[25.813617,45.11654],[25.813616,45.116484],[25.813605,45.116428],[25.813585,45.116373],[25.813555,45.116321],[25.813515,45.116272],[25.813468,45.116226],[25.813413,45.116186],[25.813351,45.11615],[25.813283,45.11612],[25.81321,45.116097],[25.813134,45.11608],[25.813092,45.116074],[25.813091,45.116027],[25.813081,45.115971],[25.81306,45.115917],[25.813062,45.115916],[25.813122,45.11588],[25.813177,45.115838],[25.813223,45.115792],[25.813261,45.115742],[25.813289,45.115689],[25.813308,45.115635],[25.813317,45.115578],[25.813317,45.115522],[25.813306,45.115466],[25.813285,45.115411],[25.813255,45.115359],[25.813216,45.11531],[25.813168,45.115264],[25.813113,45.115224],[25.813051,45.115188],[25.812983,45.115158],[25.812919,45.115137],[25.812967,45.115115],[25.813028,45.115079],[25.813082,45.115037],[25.813128,45.114991],[25.813166,45.114941],[25.813194,45.114889],[25.813213,45.114834],[25.813222,45.114778],[25.813222,45.114721],[25.813211,45.114665],[25.81319,45.114611],[25.81316,45.114558],[25.813121,45.114509],[25.813073,45.114464],[25.813018,45.114423],[25.812956,45.114387],[25.812888,45.114357],[25.812816,45.114334],[25.81274,45.114317],[25.812661,45.114307],[25.812581,45.114304],[25.812502,45.114308],[25.812424,45.114319],[25.812348,45.114337],[25.812278,45.114361],[25.812282,45.114351],[25.812291,45.114295],[25.81229,45.114239],[25.812279,45.114183],[25.812259,45.114128],[25.812229,45.114076],[25.812189,45.114026],[25.812142,45.113981],[25.812087,45.11394],[25.812025,45.113905],[25.811957,45.113875],[25.811884,45.113851],[25.811808,45.113834],[25.81173,45.113824],[25.81165,45.113821],[25.81157,45.113825],[25.811492,45.113837],[25.811416,45.113855],[25.811345,45.113879],[25.811278,45.11391],[25.811217,45.113946],[25.811163,45.113988],[25.811116,45.114034],[25.811079,45.114084],[25.81105,45.114137],[25.811031,45.114191],[25.811022,45.114248],[25.811022,45.114304],[25.811033,45.11436],[25.811054,45.114415],[25.811084,45.114467],[25.811123,45.114516],[25.811171,45.114562],[25.811226,45.114602],[25.811288,45.114638],[25.811356,45.114668],[25.811428,45.114691],[25.811505,45.114708],[25.811583,45.114718],[25.811663,45.114721],[25.811742,45.114717],[25.811821,45.114706],[25.811896,45.114688],[25.811966,45.114664],[25.811962,45.114674],[25.811953,45.11473],[25.811954,45.114787],[25.811965,45.114843],[25.811985,45.114897],[25.812016,45.11495],[25.812055,45.114999],[25.812102,45.115044],[25.812157,45.115085],[25.812219,45.115121],[25.812287,45.11515],[25.812352,45.115171],[25.812304,45.115193],[25.812243,45.11523],[25.812189,45.115271],[25.812143,45.115317],[25.812105,45.115367],[25.812076,45.11542],[25.812073,45.11543],[25.812062,45.115426],[25.81207,45.115376],[25.812069,45.115319],[25.812058,45.115263],[25.812038,45.115209],[25.812008,45.115157],[25.811969,45.115107],[25.811921,45.115062],[25.811866,45.115021],[25.811804,45.114986],[25.811736,45.114956],[25.811663,45.114932],[25.811587,45.114915],[25.811509,45.114905],[25.811429,45.114902],[25.811349,45.114906],[25.811271,45.114918],[25.811196,45.114936],[25.811194,45.114936],[25.811167,45.11491],[25.811112,45.114869],[25.81105,45.114833],[25.810982,45.114804],[25.81091,45.11478],[25.810833,45.114763],[25.810755,45.114753],[25.810675,45.11475],[25.810596,45.114754],[25.810517,45.114766],[25.810442,45.114784],[25.810442,45.114784],[25.810474,45.114759],[25.81052,45.114713],[25.810558,45.114663],[25.810586,45.11461],[25.810605,45.114555],[25.810614,45.114499],[25.810614,45.114443],[25.810603,45.114387],[25.810582,45.114332],[25.810564,45.1143],[25.810593,45.114271],[25.810631,45.114222],[25.810659,45.114169],[25.810678,45.114114],[25.810688,45.114058],[25.810687,45.114001],[25.810676,45.113945],[25.810655,45.113891],[25.810625,45.113839],[25.810586,45.113789],[25.810538,45.113744],[25.810483,45.113703],[25.810421,45.113668],[25.810353,45.113638],[25.810281,45.113614],[25.810205,45.113597],[25.810126,45.113587],[25.810046,45.113584],[25.809967,45.113588],[25.809889,45.1136],[25.809813,45.113618],[25.809741,45.113642],[25.809674,45.113673],[25.809613,45.113709],[25.809559,45.113751],[25.809513,45.113797],[25.809475,45.113847],[25.809447,45.113899],[25.809427,45.113954],[25.809418,45.114011],[25.809419,45.114067],[25.80943,45.114123],[25.80945,45.114178],[25.809469,45.114209],[25.80944,45.114238],[25.809402,45.114288],[25.809374,45.114341],[25.809354,45.114396],[25.809345,45.114452],[25.809346,45.114508],[25.809349,45.114526],[25.809338,45.114527],[25.80926,45.114538],[25.809184,45.114556],[25.809112,45.11458],[25.809046,45.114611],[25.808985,45.114648],[25.808931,45.114689],[25.808921,45.114699],[25.80888,45.114659],[25.808825,45.114618],[25.808763,45.114583],[25.808695,45.114553],[25.808622,45.114529],[25.808546,45.114512],[25.808468,45.114502],[25.808388,45.114499],[25.808308,45.114504],[25.80823,45.114515],[25.808154,45.114533],[25.808083,45.114557],[25.808016,45.114588],[25.807955,45.114625],[25.807901,45.114666],[25.807854,45.114712],[25.807849,45.114719],[25.807817,45.114718],[25.807738,45.114722],[25.80766,45.114733],[25.807584,45.114751],[25.807512,45.114775],[25.807445,45.114806],[25.807384,45.114843],[25.80733,45.114884],[25.807284,45.11493],[25.807246,45.11498],[25.807218,45.115033],[25.807198,45.115088],[25.807189,45.115144],[25.80719,45.1152],[25.807201,45.115256],[25.807208,45.115275],[25.807207,45.115275],[25.807146,45.115311],[25.807092,45.115353],[25.807046,45.115399],[25.807008,45.115449],[25.806979,45.115502],[25.80696,45.115557],[25.806951,45.115613],[25.806952,45.11565],[25.806918,45.115652],[25.80684,45.115663],[25.806765,45.115681],[25.806693,45.115705],[25.806626,45.115736],[25.806565,45.115773],[25.806511,45.115814],[25.806464,45.11586],[25.806427,45.11591],[25.806398,45.115963],[25.80638,45.116015],[25.806369,45.116001],[25.806322,45.115956],[25.806266,45.115915],[25.806204,45.115879],[25.806136,45.115849],[25.806064,45.115826],[25.806034,45.115819],[25.806044,45.115817],[25.806116,45.115792],[25.806183,45.115761],[25.806244,45.115725],[25.806298,45.115683],[25.806344,45.115637],[25.806382,45.115587],[25.806411,45.115535],[25.80643,45.11548],[25.806439,45.115424],[25.806438,45.115367],[25.806427,45.115311],[25.806407,45.115257],[25.806377,45.115204],[25.806337,45.115155],[25.80629,45.11511],[25.806235,45.115069],[25.806173,45.115033],[25.806105,45.115003],[25.806032,45.11498],[25.805956,45.114963],[25.805878,45.114953],[25.805798,45.11495],[25.805718,45.114954],[25.80564,45.114965],[25.805564,45.114983],[25.805493,45.115008],[25.805426,45.115038],[25.805365,45.115075],[25.805311,45.115117],[25.805264,45.115163],[25.805227,45.115212],[25.805198,45.115265],[25.805179,45.11532],[25.80517,45.115376],[25.805171,45.115433],[25.805181,45.115489],[25.805202,45.115543],[25.805232,45.115596],[25.805271,45.115645],[25.805319,45.11569],[25.805374,45.115731],[25.805436,45.115767],[25.805504,45.115796],[25.805576,45.11582],[25.805607,45.115827],[25.805596,45.115829],[25.805524,45.115854],[25.805457,45.115884],[25.805396,45.115921],[25.805342,45.115962],[25.805296,45.116009],[25.805258,45.116058],[25.80523,45.116111],[25.80521,45.116166],[25.805201,45.116222],[25.805202,45.116279],[25.805213,45.116335],[25.805233,45.116389],[25.805264,45.116441],[25.805303,45.116491],[25.80535,45.116536],[25.805406,45.116577],[25.805468,45.116612],[25.805535,45.116642],[25.805608,45.116666],[25.805684,45.116683],[25.805763,45.116693],[25.805811,45.116695],[25.805797,45.116709],[25.805759,45.116759],[25.80573,45.116811],[25.80573,45.116814],[25.805859,45.116813],[25.80713,45.116804],[25.807146,45.117906],[25.807148,45.117906],[25.807227,45.117902]],[[25.809497,45.116993],[25.8095,45.116994],[25.809577,45.117011],[25.809655,45.117021],[25.809735,45.117024],[25.809774,45.117022],[25.809755,45.117076],[25.809746,45.117133],[25.809747,45.117189],[25.809758,45.117245],[25.809778,45.1173],[25.809809,45.117352],[25.809848,45.117401],[25.809881,45.117433],[25.809841,45.117446],[25.8098,45.117423],[25.809733,45.117393],[25.80966,45.11737],[25.809584,45.117353],[25.809531,45.117346],[25.809538,45.117332],[25.809557,45.117277],[25.809567,45.117221],[25.809566,45.117165],[25.809555,45.117109],[25.809534,45.117054],[25.809504,45.117002],[25.809497,45.116993]],[[25.809468,45.116156],[25.809485,45.116158],[25.809417,45.116182],[25.80935,45.116212],[25.809289,45.116249],[25.809235,45.11629],[25.809188,45.116336],[25.809151,45.116386],[25.809122,45.116439],[25.809103,45.116494],[25.809094,45.11655],[25.809094,45.116606],[25.809105,45.116662],[25.809126,45.116717],[25.809156,45.116769],[25.809163,45.116779],[25.80916,45.116778],[25.809084,45.116761],[25.809005,45.116751],[25.808926,45.116748],[25.808922,45.116748],[25.80895,45.116727],[25.808996,45.116681],[25.809034,45.116631],[25.809062,45.116578],[25.809082,45.116523],[25.809091,45.116467],[25.80909,45.11641],[25.809079,45.116354],[25.809059,45.1163],[25.809028,45.116248],[25.809004,45.116217],[25.809032,45.116201],[25.809086,45.116159],[25.809132,45.116113],[25.80917,45.116063],[25.80918,45.116043],[25.80919,45.11605],[25.809252,45.116086],[25.80932,45.116115],[25.809392,45.116139],[25.809468,45.116156]],[[25.810921,45.115617],[25.810923,45.115616],[25.81095,45.115643],[25.811005,45.115683],[25.811067,45.115719],[25.811135,45.115749],[25.811207,45.115772],[25.811198,45.115822],[25.811199,45.115879],[25.81121,45.115935],[25.811231,45.115989],[25.811261,45.116042],[25.8113,45.116091],[25.811313,45.116103],[25.811234,45.1161],[25.811155,45.116104],[25.811077,45.116115],[25.811044,45.116123],[25.811023,45.116087],[25.810984,45.116038],[25.810978,45.116032],[25.810978,45.116031],[25.810997,45.115976],[25.811006,45.11592],[25.811006,45.115863],[25.810995,45.115807],[25.810974,45.115753],[25.810944,45.115701],[25.810905,45.115651],[25.810879,45.115627],[25.810921,45.115617]],[[25.812242,45.116492],[25.812162,45.116497],[25.812084,45.116508],[25.812008,45.116526],[25.811936,45.11655],[25.811875,45.116579],[25.811876,45.116574],[25.811875,45.116517],[25.811864,45.116461],[25.811843,45.116407],[25.811813,45.116354],[25.811774,45.116305],[25.811761,45.116293],[25.81184,45.116296],[25.811915,45.116292],[25.811925,45.116304],[25.811972,45.11635],[25.812027,45.116391],[25.812089,45.116426],[25.812157,45.116456],[25.81223,45.11648],[25.812297,45.116494],[25.812242,45.116492]],[[25.810609,45.116736],[25.81056,45.116725],[25.810615,45.116718],[25.810648,45.11671],[25.810669,45.116746],[25.810679,45.116759],[25.810609,45.116736]],[[25.811614,45.116914],[25.811613,45.116919],[25.811614,45.116957],[25.811592,45.116935],[25.811582,45.116929],[25.811614,45.116914]],[[25.813054,45.116973],[25.812993,45.117009],[25.812939,45.117051],[25.812893,45.117097],[25.812855,45.117147],[25.812827,45.117199],[25.812826,45.117203],[25.812772,45.117196],[25.812788,45.11718],[25.812826,45.11713],[25.812854,45.117077],[25.812874,45.117022],[25.812883,45.116966],[25.812883,45.11696],[25.812909,45.116964],[25.812989,45.116967],[25.813068,45.116962],[25.81308,45.116961],[25.813054,45.116973]]],[[[25.813757,45.119877],[25.813773,45.119877],[25.813777,45.119886],[25.813781,45.119894],[25.813778,45.119896],[25.813724,45.119937],[25.813677,45.119983],[25.81364,45.120033],[25.813611,45.120086],[25.813592,45.120141],[25.813592,45.120142],[25.81352,45.120119],[25.813443,45.120102],[25.813365,45.120092],[25.813285,45.120089],[25.813206,45.120093],[25.813127,45.120104],[25.813052,45.120122],[25.81298,45.120147],[25.812913,45.120177],[25.812852,45.120214],[25.812798,45.120255],[25.812752,45.120302],[25.812714,45.120351],[25.812693,45.120389],[25.812664,45.120388],[25.812585,45.120392],[25.812507,45.120403],[25.812431,45.120421],[25.812359,45.120446],[25.812292,45.120477],[25.812231,45.120513],[25.812177,45.120555],[25.812131,45.120601],[25.812093,45.120651],[25.812064,45.120703],[25.812045,45.120758],[25.812036,45.120814],[25.812037,45.120871],[25.812048,45.120927],[25.812068,45.120981],[25.812099,45.121034],[25.812138,45.121083],[25.812185,45.121128],[25.812241,45.121169],[25.812303,45.121205],[25.81237,45.121235],[25.812443,45.121258],[25.812519,45.121275],[25.812598,45.121285],[25.812677,45.121288],[25.812757,45.121284],[25.812835,45.121273],[25.812911,45.121255],[25.812983,45.12123],[25.81305,45.121199],[25.813111,45.121163],[25.813165,45.121121],[25.813211,45.121075],[25.813249,45.121026],[25.813269,45.120988],[25.813298,45.120989],[25.813378,45.120985],[25.813414,45.120979],[25.813392,45.121001],[25.813355,45.121051],[25.813326,45.121104],[25.813307,45.121159],[25.813298,45.121215],[25.813299,45.121271],[25.813309,45.121327],[25.81333,45.121382],[25.81336,45.121434],[25.813399,45.121483],[25.813447,45.121529],[25.813502,45.12157],[25.813564,45.121605],[25.813632,45.121635],[25.813704,45.121659],[25.813781,45.121675],[25.813859,45.121685],[25.813939,45.121688],[25.814019,45.121684],[25.814097,45.121673],[25.814172,45.121655],[25.814244,45.121631],[25.814311,45.1216],[25.814372,45.121563],[25.814426,45.121522],[25.814473,45.121476],[25.81451,45.121426],[25.814539,45.121373],[25.814558,45.121318],[25.814567,45.121262],[25.814567,45.121256],[25.814003,45.121261],[25.813996,45.120791],[25.813926,45.120789],[25.813846,45.120793],[25.81381,45.120798],[25.813832,45.120776],[25.813869,45.120726],[25.813898,45.120674],[25.813904,45.120657],[25.813795,45.120658],[25.813783,45.119863],[25.813666,45.119864],[25.813678,45.119867],[25.813757,45.119877]]],[[[25.816578,45.119938],[25.816568,45.119882],[25.816547,45.119828],[25.816524,45.119788],[25.816527,45.120018],[25.816575,45.120018],[25.816579,45.119995],[25.816578,45.119938]]],[[[25.817246,45.119564],[25.81802,45.119558],[25.818284,45.119556],[25.818264,45.118104],[25.819087,45.118098],[25.819084,45.118082],[25.819063,45.118027],[25.819059,45.118019],[25.81911,45.118041],[25.819182,45.118065],[25.819259,45.118082],[25.819337,45.118092],[25.819417,45.118095],[25.819497,45.118091],[25.819575,45.118079],[25.81965,45.118061],[25.819659,45.118059],[25.819645,45.11711],[25.819637,45.117108],[25.819561,45.117091],[25.819483,45.117081],[25.819403,45.117078],[25.819323,45.117082],[25.819323,45.117082],[25.819307,45.117073],[25.819239,45.117043],[25.819166,45.117019],[25.81909,45.117002],[25.819012,45.116992],[25.818932,45.11699],[25.818852,45.116994],[25.818774,45.117005],[25.818699,45.117023],[25.818627,45.117047],[25.81856,45.117078],[25.818499,45.117115],[25.818445,45.117156],[25.818419,45.117182],[25.818365,45.117175],[25.818285,45.117172],[25.818205,45.117176],[25.818127,45.117187],[25.818051,45.117205],[25.81798,45.11723],[25.817913,45.117261],[25.817852,45.117297],[25.817798,45.117339],[25.81779,45.117346],[25.81777,45.11734],[25.817694,45.117323],[25.817616,45.117313],[25.817536,45.11731],[25.817456,45.117314],[25.817378,45.117325],[25.817302,45.117343],[25.817231,45.117368],[25.817164,45.117398],[25.817103,45.117435],[25.817049,45.117476],[25.817002,45.117523],[25.816965,45.117572],[25.816936,45.117625],[25.816917,45.11768],[25.816911,45.117716],[25.817943,45.117709],[25.817968,45.119509],[25.817292,45.119514],[25.817259,45.119547],[25.817246,45.119564]]],[[[25.819469,45.120978],[25.8195,45.120971],[25.819485,45.119895],[25.819296,45.119896],[25.819312,45.120993],[25.819391,45.120989],[25.819469,45.120978]]],[[[25.822851,45.119348],[25.822797,45.11939],[25.822796,45.11939],[25.822801,45.119716],[25.822659,45.119717],[25.822664,45.119746],[25.82265,45.119754],[25.822596,45.119796],[25.82255,45.119842],[25.822528,45.11987],[25.822534,45.120296],[25.822557,45.120324],[25.822604,45.120369],[25.82266,45.12041],[25.822722,45.120446],[25.82279,45.120476],[25.822862,45.120499],[25.822868,45.1205],[25.822877,45.120544],[25.822897,45.120599],[25.822927,45.120651],[25.822967,45.120701],[25.823014,45.120746],[25.823069,45.120787],[25.823131,45.120822],[25.823142,45.120827],[25.823139,45.120632],[25.82441,45.120623],[25.825224,45.120617],[25.825201,45.120522],[25.824949,45.120191],[25.824856,45.120121],[25.824851,45.120121],[25.824813,45.120127],[25.824782,45.120103],[25.824763,45.120093],[25.824764,45.120093],[25.824775,45.120059],[25.824571,45.119903],[25.824343,45.119781],[25.824025,45.119604],[25.824024,45.119604],[25.824016,45.119598],[25.824009,45.119592],[25.824004,45.119585],[25.824002,45.11958],[25.8239,45.119292],[25.82363,45.119125],[25.823625,45.119122],[25.8234,45.118953],[25.823113,45.118778],[25.823106,45.118773],[25.823099,45.118767],[25.823058,45.118763],[25.823047,45.118761],[25.823037,45.118757],[25.823027,45.118753],[25.82302,45.118748],[25.823013,45.118741],[25.823008,45.118734],[25.823005,45.118727],[25.823004,45.118719],[25.823005,45.118711],[25.823008,45.118703],[25.823012,45.118696],[25.823019,45.11869],[25.823026,45.118684],[25.823035,45.11868],[25.823045,45.118676],[25.823056,45.118674],[25.823067,45.118673],[25.823077,45.118674],[25.82309,45.118675],[25.823055,45.11844],[25.823055,45.118433],[25.823056,45.118426],[25.823059,45.118419],[25.823255,45.118052],[25.823401,45.117768],[25.823401,45.117767],[25.823563,45.117473],[25.823744,45.117112],[25.824011,45.11661],[25.824036,45.116499],[25.823813,45.116501],[25.823832,45.116551],[25.823796,45.116573],[25.823742,45.116614],[25.823695,45.11666],[25.823658,45.11671],[25.823629,45.116763],[25.82361,45.116818],[25.823601,45.116874],[25.823602,45.11693],[25.823612,45.116986],[25.823633,45.117041],[25.823663,45.117093],[25.823691,45.117128],[25.823655,45.11712],[25.823576,45.11711],[25.823497,45.117107],[25.823417,45.117111],[25.823339,45.117123],[25.823263,45.117141],[25.823191,45.117165],[25.823124,45.117196],[25.823063,45.117232],[25.823009,45.117274],[25.822963,45.11732],[25.822925,45.11737],[25.822897,45.117423],[25.822878,45.117478],[25.822869,45.117534],[25.822869,45.11759],[25.82288,45.117646],[25.822901,45.117701],[25.822931,45.117753],[25.82297,45.117802],[25.823009,45.11784],[25.823006,45.117841],[25.822955,45.117864],[25.822939,45.117823],[25.822909,45.117771],[25.82287,45.117722],[25.822822,45.117676],[25.822767,45.117636],[25.822705,45.1176],[25.822637,45.11757],[25.822565,45.117547],[25.822488,45.11753],[25.822454,45.117525],[25.822468,45.117519],[25.822529,45.117482],[25.822583,45.117441],[25.822629,45.117395],[25.822667,45.117345],[25.822695,45.117292],[25.822715,45.117237],[25.822724,45.117181],[25.822723,45.117125],[25.822712,45.117069],[25.822691,45.117014],[25.822661,45.116962],[25.822622,45.116913],[25.822575,45.116867],[25.822519,45.116826],[25.822457,45.116791],[25.82239,45.116761],[25.822317,45.116738],[25.822241,45.116721],[25.822182,45.116713],[25.822199,45.11792],[25.822775,45.117916],[25.822796,45.119342],[25.822868,45.119338],[25.822851,45.119348]]],[[[25.823093,45.121024],[25.823064,45.121076],[25.823048,45.121122],[25.823036,45.121101],[25.822997,45.121051],[25.822949,45.121006],[25.822894,45.120965],[25.822832,45.12093],[25.822764,45.1209],[25.822691,45.120876],[25.822615,45.12086],[25.822542,45.12085],[25.822543,45.120869],[25.822262,45.120871],[25.822224,45.12088],[25.822152,45.120904],[25.822085,45.120935],[25.822043,45.12096],[25.822053,45.121639],[25.822095,45.121663],[25.822163,45.121693],[25.822236,45.121717],[25.822312,45.121733],[25.82239,45.121743],[25.822444,45.121745],[25.822412,45.121778],[25.822374,45.121827],[25.822346,45.12188],[25.822343,45.121887],[25.822708,45.121885],[25.822705,45.121647],[25.823154,45.121644],[25.823153,45.121589],[25.823104,45.121578],[25.823025,45.121568],[25.822972,45.121566],[25.823004,45.121534],[25.823041,45.121484],[25.82307,45.121431],[25.823086,45.121385],[25.823098,45.121407],[25.823138,45.121456],[25.823151,45.121469],[25.823144,45.120961],[25.823131,45.120974],[25.823093,45.121024]]],[[[25.821603,45.123203],[25.821535,45.123173],[25.821463,45.123149],[25.821387,45.123132],[25.821308,45.123122],[25.821228,45.123119],[25.821149,45.123124],[25.82107,45.123135],[25.820995,45.123153],[25.820923,45.123177],[25.820856,45.123208],[25.820795,45.123245],[25.820741,45.123286],[25.820695,45.123332],[25.820657,45.123382],[25.820628,45.123435],[25.820609,45.12349],[25.8206,45.123546],[25.820601,45.123602],[25.820612,45.123658],[25.820632,45.123713],[25.820662,45.123765],[25.820687,45.123797],[25.820675,45.123831],[25.820666,45.123888],[25.820667,45.123944],[25.820678,45.124],[25.820698,45.124055],[25.820729,45.124107],[25.820768,45.124156],[25.820815,45.124202],[25.820871,45.124242],[25.820933,45.124278],[25.820965,45.124292],[25.820953,45.124316],[25.820934,45.12437],[25.820925,45.124427],[25.820925,45.124483],[25.820936,45.124539],[25.82095,45.124576],[25.820933,45.124581],[25.820867,45.124612],[25.820806,45.124649],[25.820751,45.12469],[25.820705,45.124736],[25.820668,45.124786],[25.82065,45.124818],[25.820611,45.124809],[25.820532,45.124799],[25.820453,45.124796],[25.820373,45.124801],[25.820295,45.124812],[25.820219,45.12483],[25.820147,45.124854],[25.82008,45.124885],[25.820019,45.124922],[25.819965,45.124963],[25.819919,45.125009],[25.819881,45.125059],[25.819853,45.125112],[25.819834,45.125167],[25.819824,45.125223],[25.819825,45.125279],[25.819836,45.125335],[25.819857,45.12539],[25.819887,45.125442],[25.819926,45.125491],[25.819974,45.125537],[25.820029,45.125578],[25.820091,45.125613],[25.820159,45.125643],[25.820231,45.125666],[25.820307,45.125683],[25.820386,45.125693],[25.820466,45.125696],[25.820545,45.125692],[25.820624,45.125681],[25.820699,45.125663],[25.820771,45.125638],[25.820838,45.125608],[25.820899,45.125571],[25.820953,45.12553],[25.820999,45.125484],[25.821037,45.125434],[25.821054,45.125402],[25.821094,45.12541],[25.821172,45.12542],[25.821252,45.125423],[25.821331,45.125419],[25.82141,45.125408],[25.821485,45.12539],[25.821557,45.125365],[25.821624,45.125335],[25.821685,45.125298],[25.821739,45.125257],[25.821786,45.125211],[25.821823,45.125161],[25.821852,45.125108],[25.821871,45.125053],[25.82188,45.124997],[25.821879,45.124941],[25.821868,45.124885],[25.821855,45.124848],[25.821871,45.124842],[25.821938,45.124812],[25.821999,45.124775],[25.822053,45.124733],[25.822099,45.124687],[25.822137,45.124638],[25.822166,45.124585],[25.822185,45.12453],[25.822194,45.124474],[25.822193,45.124417],[25.822182,45.124361],[25.822162,45.124307],[25.822132,45.124254],[25.822092,45.124205],[25.822045,45.12416],[25.82199,45.124119],[25.821928,45.124083],[25.821895,45.124069],[25.821907,45.124046],[25.821927,45.123991],[25.821936,45.123935],[25.821935,45.123878],[25.821924,45.123822],[25.821914,45.123797],[25.821946,45.123815],[25.822014,45.123845],[25.822087,45.123868],[25.822163,45.123885],[25.822241,45.123895],[25.822321,45.123898],[25.822401,45.123894],[25.822479,45.123883],[25.822543,45.123868],[25.822546,45.123885],[25.822567,45.12394],[25.822597,45.123992],[25.822636,45.124041],[25.822683,45.124086],[25.822739,45.124127],[25.822801,45.124163],[25.822823,45.124172],[25.822823,45.124173],[25.822853,45.124225],[25.822892,45.124274],[25.82294,45.12432],[25.822987,45.124354],[25.822982,45.124054],[25.822869,45.124055],[25.822864,45.123683],[25.821687,45.123692],[25.821681,45.12325],[25.821665,45.123238],[25.821603,45.123203]]],[[[25.827552,45.12558],[25.827607,45.125621],[25.827669,45.125656],[25.827737,45.125686],[25.827809,45.12571],[25.827885,45.125727],[25.827964,45.125737],[25.828044,45.12574],[25.828123,45.125735],[25.828202,45.125724],[25.828277,45.125706],[25.828349,45.125682],[25.828416,45.125651],[25.828477,45.125614],[25.828531,45.125573],[25.828577,45.125527],[25.828597,45.125501],[25.827854,45.125506],[25.827484,45.125509],[25.827504,45.125535],[25.827552,45.12558]]],[[[25.829196,45.124904],[25.829187,45.124916],[25.829158,45.124968],[25.829139,45.125023],[25.82913,45.125079],[25.829131,45.125136],[25.829142,45.125192],[25.829162,45.125246],[25.829193,45.125299],[25.829232,45.125348],[25.829279,45.125393],[25.829335,45.125434],[25.829397,45.12547],[25.829464,45.1255],[25.829537,45.125523],[25.829613,45.12554],[25.829692,45.12555],[25.829771,45.125553],[25.829851,45.125549],[25.829929,45.125538],[25.830005,45.12552],[25.830077,45.125495],[25.830144,45.125464],[25.830205,45.125428],[25.830259,45.125386],[25.830305,45.12534],[25.830343,45.12529],[25.830371,45.125238],[25.83039,45.125183],[25.8304,45.125127],[25.830399,45.125098],[25.830424,45.125106],[25.8305,45.125123],[25.830579,45.125133],[25.830658,45.125135],[25.830738,45.125131],[25.830816,45.12512],[25.830892,45.125102],[25.830928,45.12509],[25.830917,45.125038],[25.830902,45.124967],[25.830886,45.124895],[25.830871,45.124824],[25.830866,45.124774],[25.830867,45.124745],[25.830872,45.124692],[25.830846,45.124672],[25.83077,45.124615],[25.830694,45.124558],[25.830683,45.124549],[25.830669,45.124538],[25.830605,45.124482],[25.830541,45.124426],[25.830476,45.124371],[25.830458,45.124354],[25.830442,45.124337],[25.830427,45.12432],[25.830414,45.124302],[25.830402,45.124283],[25.830345,45.124188],[25.830327,45.124153],[25.830313,45.12411],[25.830294,45.124033],[25.830275,45.123957],[25.830274,45.12395],[25.830272,45.123944],[25.830265,45.123906],[25.83026,45.123861],[25.83026,45.123852],[25.830261,45.123791],[25.830263,45.12373],[25.830263,45.123717],[25.830268,45.123641],[25.830274,45.123564],[25.830279,45.123493],[25.830281,45.123413],[25.830283,45.123328],[25.830286,45.123243],[25.83029,45.123202],[25.830293,45.12319],[25.83031,45.123118],[25.83032,45.123075],[25.830309,45.123066],[25.830294,45.123059],[25.830243,45.123036],[25.830172,45.123011],[25.830076,45.122977],[25.829981,45.122944],[25.829789,45.122876],[25.829764,45.122867],[25.82974,45.122857],[25.829717,45.122846],[25.829695,45.122834],[25.829674,45.122821],[25.829654,45.122807],[25.829634,45.122793],[25.829563,45.122735],[25.82942,45.122621],[25.829374,45.122579],[25.829337,45.122538],[25.829302,45.122499],[25.829274,45.122463],[25.829227,45.122396],[25.829181,45.122329],[25.829134,45.122262],[25.829107,45.122223],[25.829078,45.122195],[25.829023,45.122141],[25.829008,45.122126],[25.829003,45.12212],[25.82902,45.123292],[25.828739,45.123294],[25.828746,45.12333],[25.828767,45.123385],[25.828797,45.123437],[25.828836,45.123486],[25.828884,45.123532],[25.828939,45.123573],[25.829001,45.123608],[25.829069,45.123638],[25.829141,45.123661],[25.829217,45.123678],[25.829296,45.123688],[25.829376,45.123691],[25.829455,45.123687],[25.829534,45.123676],[25.829577,45.123666],[25.829578,45.123703],[25.829583,45.123732],[25.829579,45.12373],[25.829502,45.123713],[25.829424,45.123703],[25.829344,45.123701],[25.829264,45.123705],[25.829186,45.123716],[25.829111,45.123734],[25.8291,45.123737],[25.829116,45.12485],[25.829165,45.124886],[25.829196,45.124904]],[[25.830182,45.124384],[25.830168,45.124359],[25.830129,45.12431],[25.830081,45.124264],[25.830026,45.124223],[25.829981,45.124198],[25.829985,45.124174],[25.829985,45.124118],[25.829979,45.124089],[25.829984,45.12409],[25.829996,45.124093],[25.83001,45.124117],[25.830049,45.124166],[25.830097,45.124211],[25.830152,45.124252],[25.830214,45.124288],[25.830282,45.124317],[25.830285,45.124318],[25.830273,45.124324],[25.830212,45.124361],[25.830182,45.124384]]],[[[25.830685,45.122349],[25.830623,45.122313],[25.830555,45.122283],[25.830483,45.12226],[25.830406,45.122243],[25.830328,45.122233],[25.830291,45.122232],[25.830324,45.122258],[25.83033,45.122263],[25.830433,45.122299],[25.830529,45.122332],[25.830624,45.122366],[25.83072,45.1224],[25.830766,45.122418],[25.830774,45.122422],[25.83074,45.122389],[25.830685,45.122349]]],[[[25.830226,45.122149],[25.830179,45.122104],[25.830135,45.122071],[25.83014,45.122079],[25.830174,45.122128],[25.830193,45.122149],[25.830207,45.122165],[25.830279,45.122222],[25.830265,45.122198],[25.830226,45.122149]]],[[[25.830124,45.121916],[25.830133,45.12186],[25.830132,45.121804],[25.830121,45.121748],[25.830101,45.121693],[25.83007,45.121641],[25.830031,45.121592],[25.829984,45.121546],[25.829928,45.121506],[25.829866,45.12147],[25.829799,45.12144],[25.829726,45.121417],[25.82965,45.1214],[25.829605,45.121394],[25.829609,45.1214],[25.829654,45.121464],[25.829697,45.121522],[25.82974,45.121581],[25.829777,45.121632],[25.829821,45.121685],[25.829859,45.121731],[25.829899,45.12177],[25.829955,45.121824],[25.829969,45.121838],[25.830001,45.121878],[25.830047,45.121945],[25.830088,45.122003],[25.830105,45.121971],[25.830124,45.121916]]],[[[25.829706,45.121371],[25.829778,45.121347],[25.829845,45.121316],[25.829906,45.12128],[25.82996,45.121238],[25.830006,45.121192],[25.830044,45.121142],[25.830072,45.121089],[25.830091,45.121035],[25.830101,45.120978],[25.8301,45.120922],[25.830094,45.12089],[25.829222,45.120896],[25.829237,45.120911],[25.829253,45.120929],[25.829306,45.120994],[25.829358,45.121059],[25.829411,45.121124],[25.829424,45.121141],[25.829516,45.12127],[25.829563,45.121335],[25.829604,45.121393],[25.82963,45.121389],[25.829706,45.121371]]],[[[25.832676,45.120685],[25.832748,45.12066],[25.832814,45.12063],[25.832875,45.120593],[25.832929,45.120551],[25.832976,45.120505],[25.833013,45.120456],[25.833042,45.120403],[25.833061,45.120348],[25.83307,45.120292],[25.833069,45.120235],[25.833059,45.120179],[25.833038,45.120125],[25.833008,45.120072],[25.832974,45.12003],[25.833002,45.120026],[25.833077,45.120008],[25.833129,45.119991],[25.833154,45.120014],[25.833209,45.120055],[25.833271,45.12009],[25.833339,45.12012],[25.833411,45.120144],[25.833454,45.120153],[25.833464,45.120165],[25.833505,45.120205],[25.833474,45.120246],[25.833445,45.120298],[25.833426,45.120353],[25.833417,45.120409],[25.833418,45.120466],[25.833428,45.120522],[25.833449,45.120577],[25.833479,45.120629],[25.833518,45.120678],[25.833561,45.120719],[25.833602,45.120718],[25.833603,45.120751],[25.833621,45.120764],[25.833683,45.1208],[25.833751,45.12083],[25.833824,45.120853],[25.8339,45.12087],[25.833978,45.12088],[25.834058,45.120883],[25.834138,45.120879],[25.834216,45.120868],[25.834292,45.12085],[25.834363,45.120825],[25.83443,45.120794],[25.834491,45.120758],[25.834545,45.120716],[25.834592,45.12067],[25.834629,45.12062],[25.834635,45.12061],[25.834661,45.120625],[25.834729,45.120655],[25.834801,45.120678],[25.834877,45.120695],[25.834956,45.120705],[25.835036,45.120708],[25.835115,45.120704],[25.835193,45.120693],[25.835269,45.120675],[25.835341,45.12065],[25.835408,45.120619],[25.835469,45.120583],[25.835523,45.120541],[25.835569,45.120495],[25.835602,45.120452],[25.835651,45.120468],[25.835727,45.120485],[25.835806,45.120495],[25.835886,45.120498],[25.835965,45.120494],[25.836044,45.120483],[25.836119,45.120465],[25.836191,45.12044],[25.836193,45.120439],[25.836184,45.119849],[25.835134,45.119857],[25.835133,45.119815],[25.835102,45.119811],[25.835022,45.119808],[25.834943,45.119812],[25.834864,45.119824],[25.834789,45.119842],[25.834717,45.119866],[25.83465,45.119897],[25.834631,45.119908],[25.83463,45.119887],[25.83462,45.119831],[25.834599,45.119777],[25.834569,45.119724],[25.83453,45.119675],[25.834482,45.11963],[25.834427,45.119589],[25.834365,45.119553],[25.834297,45.119524],[25.834224,45.1195],[25.834182,45.119491],[25.834172,45.119478],[25.834125,45.119433],[25.834069,45.119392],[25.834007,45.119357],[25.83394,45.119327],[25.833867,45.119303],[25.833791,45.119287],[25.833712,45.119277],[25.833633,45.119274],[25.833553,45.119278],[25.833475,45.119289],[25.833399,45.119307],[25.833347,45.119325],[25.833323,45.119301],[25.833299,45.119284],[25.833313,45.119277],[25.833373,45.119241],[25.833428,45.119199],[25.833474,45.119153],[25.833511,45.119104],[25.83354,45.119051],[25.833559,45.118996],[25.833568,45.11894],[25.833567,45.118883],[25.833557,45.118827],[25.833536,45.118773],[25.833506,45.11872],[25.833467,45.118671],[25.833419,45.118626],[25.833364,45.118585],[25.833302,45.118549],[25.833234,45.11852],[25.833161,45.118496],[25.833085,45.118479],[25.833007,45.118469],[25.832927,45.118466],[25.832847,45.11847],[25.832769,45.118482],[25.832694,45.1185],[25.832622,45.118524],[25.832555,45.118555],[25.832494,45.118591],[25.832482,45.1186],[25.832937,45.118597],[25.832964,45.120397],[25.831693,45.120406],[25.831562,45.120407],[25.831567,45.120733],[25.832331,45.120728],[25.832653,45.120725],[25.832646,45.120692],[25.832676,45.120685]]],[[[25.836654,45.124549],[25.836716,45.124585],[25.836784,45.124614],[25.836857,45.124638],[25.836933,45.124655],[25.837011,45.124665],[25.837091,45.124668],[25.837171,45.124664],[25.837249,45.124652],[25.837325,45.124634],[25.837397,45.12461],[25.837454,45.124583],[25.837455,45.124618],[25.837466,45.124674],[25.837486,45.124728],[25.837516,45.12478],[25.837556,45.12483],[25.837603,45.124875],[25.837658,45.124916],[25.83772,45.124951],[25.837788,45.124981],[25.837799,45.124985],[25.837778,45.124988],[25.837702,45.125006],[25.837631,45.12503],[25.837564,45.125061],[25.837503,45.125097],[25.837449,45.125139],[25.837402,45.125185],[25.837365,45.125235],[25.837336,45.125288],[25.837317,45.125343],[25.837308,45.125399],[25.837309,45.125455],[25.83732,45.125511],[25.83734,45.125566],[25.83737,45.125618],[25.83741,45.125667],[25.837457,45.125713],[25.837512,45.125753],[25.837574,45.125789],[25.837642,45.125819],[25.837715,45.125842],[25.837791,45.125859],[25.83786,45.125868],[25.837864,45.125879],[25.837894,45.125931],[25.837933,45.12598],[25.837981,45.126026],[25.838036,45.126066],[25.838098,45.126102],[25.838166,45.126132],[25.838239,45.126155],[25.838315,45.126172],[25.838393,45.126182],[25.838473,45.126185],[25.838553,45.126181],[25.838631,45.12617],[25.838706,45.126152],[25.838778,45.126127],[25.838845,45.126096],[25.838906,45.12606],[25.83896,45.126018],[25.839007,45.125972],[25.839044,45.125923],[25.839073,45.12587],[25.839092,45.125815],[25.839101,45.125759],[25.8391,45.125702],[25.839089,45.125646],[25.839069,45.125592],[25.839039,45.125539],[25.838999,45.12549],[25.838952,45.125445],[25.838897,45.125404],[25.838867,45.125387],[25.838409,45.125391],[25.838405,45.125115],[25.838373,45.125091],[25.838311,45.125055],[25.838243,45.125026],[25.838232,45.125022],[25.838253,45.125019],[25.838329,45.125001],[25.838401,45.124977],[25.838403,45.124976],[25.838389,45.124026],[25.837871,45.124029],[25.837877,45.124455],[25.836606,45.124464],[25.836553,45.124465],[25.836599,45.124508],[25.836654,45.124549]]],[[[25.838779,45.109283],[25.838712,45.109314],[25.838651,45.109351],[25.838597,45.109392],[25.838567,45.109422],[25.838764,45.10942],[25.838767,45.109576],[25.838916,45.109575],[25.838911,45.109244],[25.83885,45.109259],[25.838779,45.109283]]],[[[25.831952,45.112058],[25.831972,45.112113],[25.832003,45.112165],[25.832042,45.112214],[25.832089,45.112259],[25.832145,45.1123],[25.832207,45.112336],[25.832274,45.112366],[25.832347,45.112389],[25.832423,45.112406],[25.832502,45.112416],[25.832581,45.112419],[25.832661,45.112415],[25.832739,45.112404],[25.832815,45.112386],[25.832861,45.11237],[25.832857,45.112126],[25.832798,45.112111],[25.832603,45.112067],[25.832494,45.112042],[25.832323,45.112006],[25.832129,45.111963],[25.832093,45.111955],[25.83194,45.111956],[25.831941,45.112002],[25.831952,45.112058]]],[[[25.832271,45.118545],[25.832232,45.118496],[25.832192,45.118458],[25.832194,45.118602],[25.832303,45.118602],[25.832302,45.118598],[25.832271,45.118545]]],[[[25.827891,45.119209],[25.827823,45.11918],[25.827751,45.119156],[25.827675,45.119139],[25.827645,45.119135],[25.82768,45.119119],[25.827741,45.119083],[25.827795,45.119041],[25.827841,45.118995],[25.827879,45.118945],[25.827907,45.118893],[25.827926,45.118838],[25.827935,45.118782],[25.827935,45.11875],[25.82765,45.118752],[25.827645,45.118381],[25.827601,45.118361],[25.827529,45.118338],[25.827452,45.118321],[25.827374,45.118311],[25.827294,45.118308],[25.827215,45.118312],[25.827136,45.118323],[25.827061,45.118341],[25.826989,45.118366],[25.826922,45.118397],[25.826861,45.118433],[25.826807,45.118475],[25.826761,45.118521],[25.826723,45.118571],[25.826694,45.118623],[25.826675,45.118678],[25.826666,45.118734],[25.826667,45.118791],[25.826678,45.118847],[25.826698,45.118901],[25.826728,45.118954],[25.826768,45.119003],[25.826815,45.119048],[25.826829,45.119058],[25.826791,45.119057],[25.826712,45.119061],[25.826634,45.119072],[25.826558,45.11909],[25.826486,45.119115],[25.826454,45.11913],[25.82644,45.119112],[25.826392,45.119067],[25.826337,45.119026],[25.82628,45.118993],[25.826284,45.118968],[25.826283,45.118911],[25.826273,45.118855],[25.826252,45.118801],[25.826222,45.118748],[25.826183,45.118699],[25.826135,45.118654],[25.82608,45.118613],[25.826018,45.118577],[25.82595,45.118548],[25.825877,45.118524],[25.825801,45.118507],[25.825723,45.118497],[25.825643,45.118494],[25.825563,45.118498],[25.825485,45.11851],[25.825409,45.118528],[25.825338,45.118552],[25.825271,45.118583],[25.82521,45.118619],[25.825156,45.118661],[25.825109,45.118707],[25.825072,45.118757],[25.825043,45.11881],[25.825024,45.118864],[25.825015,45.118921],[25.825016,45.118977],[25.825026,45.119033],[25.825047,45.119088],[25.825077,45.11914],[25.825116,45.119189],[25.825164,45.119235],[25.825219,45.119275],[25.825264,45.119301],[25.825216,45.119318],[25.825149,45.119348],[25.825088,45.119385],[25.825034,45.119426],[25.824988,45.119473],[25.82495,45.119522],[25.824922,45.119575],[25.824903,45.11963],[25.824893,45.119686],[25.824894,45.119743],[25.824905,45.119799],[25.824926,45.119853],[25.824956,45.119905],[25.824995,45.119955],[25.825043,45.12],[25.825098,45.120041],[25.825122,45.120055],[25.825091,45.120069],[25.82503,45.120105],[25.82502,45.120113],[25.825047,45.120134],[25.825052,45.120139],[25.825057,45.120144],[25.825318,45.120486],[25.825322,45.120492],[25.825325,45.1205],[25.825352,45.120616],[25.825681,45.120614],[25.825691,45.121282],[25.826001,45.121279],[25.826002,45.121278],[25.826012,45.121258],[25.826024,45.121238],[25.826038,45.121219],[25.826053,45.121201],[25.826079,45.121168],[25.826096,45.121149],[25.826165,45.121082],[25.82619,45.121059],[25.826195,45.121054],[25.826302,45.120968],[25.826348,45.120936],[25.826355,45.120931],[25.826496,45.120846],[25.826547,45.120819],[25.82661,45.120794],[25.826678,45.120776],[25.826749,45.120764],[25.826823,45.12076],[25.826832,45.12076],[25.826843,45.12076],[25.826851,45.12076],[25.826878,45.120759],[25.826914,45.120756],[25.826949,45.120755],[25.826983,45.120755],[25.827018,45.120757],[25.827052,45.120759],[25.827079,45.120749],[25.827086,45.120746],[25.827116,45.120737],[25.827263,45.120696],[25.827291,45.120689],[25.827304,45.120686],[25.827311,45.120671],[25.827346,45.120626],[25.827388,45.120585],[25.827439,45.120548],[25.827499,45.120516],[25.82751,45.120511],[25.827569,45.120488],[25.827584,45.120484],[25.827572,45.120456],[25.827566,45.120437],[25.827561,45.120417],[25.827558,45.120397],[25.827557,45.120378],[25.827556,45.120358],[25.827557,45.12032],[25.827554,45.120301],[25.827553,45.120281],[25.827554,45.120262],[25.827556,45.120242],[25.827561,45.120224],[25.827563,45.120199],[25.827564,45.120192],[25.827565,45.120184],[25.827567,45.12017],[25.827569,45.120161],[25.827572,45.12015],[25.827581,45.12011],[25.827606,45.120062],[25.827632,45.120028],[25.827637,45.120022],[25.827668,45.119983],[25.827683,45.119965],[25.827734,45.119902],[25.827743,45.119891],[25.827789,45.119839],[25.827835,45.119786],[25.82787,45.119748],[25.827904,45.1197],[25.827948,45.119639],[25.827992,45.119578],[25.828023,45.119534],[25.828016,45.119516],[25.827993,45.119445],[25.82797,45.119375],[25.827964,45.119352],[25.827959,45.11933],[25.827957,45.119308],[25.827957,45.119285],[25.827958,45.119263],[25.82796,45.11925],[25.827953,45.119245],[25.827891,45.119209]],[[25.826158,45.120324],[25.826083,45.120314],[25.826073,45.120287],[25.826042,45.120234],[25.826003,45.120185],[25.825956,45.12014],[25.8259,45.120099],[25.825876,45.120085],[25.825907,45.120071],[25.825968,45.120035],[25.826022,45.119993],[25.826068,45.119947],[25.826106,45.119897],[25.826135,45.119844],[25.826154,45.119789],[25.826157,45.119771],[25.826219,45.119749],[25.826241,45.119739],[25.826265,45.11977],[25.826313,45.119815],[25.826368,45.119856],[25.82643,45.119892],[25.826498,45.119921],[25.82657,45.119945],[25.826646,45.119962],[25.826698,45.119968],[25.826707,45.11999],[25.826737,45.120043],[25.826776,45.120092],[25.826823,45.120137],[25.826879,45.120178],[25.826941,45.120214],[25.826964,45.120224],[25.826957,45.120263],[25.826958,45.120275],[25.826957,45.120275],[25.826877,45.120272],[25.826797,45.120276],[25.826719,45.120287],[25.826643,45.120305],[25.826572,45.12033],[25.826505,45.12036],[25.826444,45.120397],[25.826416,45.120418],[25.826375,45.120394],[25.826307,45.120365],[25.826234,45.120341],[25.826158,45.120324]]],[[[25.82478,45.119869],[25.824759,45.119815],[25.824729,45.119762],[25.82469,45.119713],[25.824643,45.119668],[25.824587,45.119627],[25.824587,45.119627],[25.824644,45.119613],[25.824716,45.119588],[25.824783,45.119558],[25.824844,45.119521],[25.824898,45.11948],[25.824944,45.119433],[25.824982,45.119384],[25.82501,45.119331],[25.825029,45.119276],[25.825039,45.11922],[25.825038,45.119163],[25.825027,45.119107],[25.825006,45.119053],[25.824976,45.119],[25.824937,45.118951],[25.824889,45.118906],[25.824834,45.118865],[25.824772,45.11883],[25.824704,45.1188],[25.824632,45.118776],[25.82458,45.118765],[25.824587,45.118764],[25.824665,45.118753],[25.824741,45.118735],[25.824812,45.118711],[25.824879,45.11868],[25.82494,45.118643],[25.824994,45.118602],[25.825041,45.118556],[25.825078,45.118506],[25.825107,45.118453],[25.825126,45.118398],[25.825135,45.118342],[25.825134,45.118286],[25.825124,45.11823],[25.825103,45.118175],[25.825073,45.118123],[25.825034,45.118074],[25.824986,45.118028],[25.824931,45.117987],[25.824869,45.117952],[25.824801,45.117922],[25.824728,45.117899],[25.824652,45.117882],[25.824597,45.117875],[25.824598,45.117867],[25.824597,45.117811],[25.824586,45.117755],[25.824565,45.1177],[25.824535,45.117648],[25.824496,45.117599],[25.824449,45.117553],[25.824393,45.117512],[25.824331,45.117477],[25.824263,45.117447],[25.824191,45.117424],[25.824115,45.117407],[25.8241,45.117405],[25.824075,45.117362],[25.824047,45.117326],[25.824084,45.117334],[25.824162,45.117344],[25.824242,45.117347],[25.824322,45.117343],[25.8244,45.117332],[25.824475,45.117314],[25.824547,45.117289],[25.824614,45.117259],[25.824675,45.117222],[25.824713,45.117193],[25.824715,45.117199],[25.824745,45.117251],[25.824784,45.1173],[25.824832,45.117346],[25.824887,45.117387],[25.824949,45.117422],[25.825017,45.117452],[25.825089,45.117475],[25.825165,45.117492],[25.825244,45.117502],[25.825324,45.117505],[25.825403,45.117501],[25.825482,45.11749],[25.825557,45.117472],[25.825629,45.117447],[25.825696,45.117417],[25.825757,45.11738],[25.825811,45.117339],[25.825849,45.117301],[25.825852,45.11732],[25.825873,45.117374],[25.825903,45.117427],[25.825942,45.117476],[25.82599,45.117521],[25.826045,45.117562],[25.826107,45.117598],[25.826175,45.117627],[25.826247,45.117651],[25.826324,45.117668],[25.826402,45.117678],[25.826482,45.117681],[25.826562,45.117677],[25.82664,45.117666],[25.826715,45.117648],[25.826787,45.117623],[25.826854,45.117592],[25.826915,45.117556],[25.826941,45.117536],[25.826928,45.11756],[25.826909,45.117615],[25.826899,45.117671],[25.8269,45.117728],[25.826911,45.117784],[25.826932,45.117838],[25.826962,45.117891],[25.827001,45.11794],[25.827049,45.117985],[25.827104,45.118026],[25.827166,45.118062],[25.827234,45.118091],[25.827306,45.118115],[25.827382,45.118132],[25.827461,45.118142],[25.827506,45.118144],[25.827519,45.118178],[25.827549,45.11823],[25.827588,45.11828],[25.827636,45.118325],[25.827644,45.118331],[25.827628,45.117229],[25.827598,45.117248],[25.827528,45.117245],[25.827448,45.117249],[25.82737,45.11726],[25.827294,45.117278],[25.827222,45.117303],[25.827155,45.117334],[25.827094,45.11737],[25.827069,45.11739],[25.827082,45.117366],[25.827101,45.117311],[25.82711,45.117255],[25.827109,45.117198],[25.827098,45.117142],[25.827078,45.117087],[25.827048,45.117035],[25.827008,45.116986],[25.826961,45.116941],[25.826906,45.1169],[25.826844,45.116864],[25.826776,45.116834],[25.826703,45.116811],[25.826627,45.116794],[25.826549,45.116784],[25.826469,45.116781],[25.826389,45.116785],[25.826311,45.116796],[25.826235,45.116814],[25.826163,45.116839],[25.826097,45.11687],[25.826036,45.116906],[25.825982,45.116948],[25.825944,45.116985],[25.82594,45.116966],[25.82592,45.116912],[25.825889,45.11686],[25.82585,45.11681],[25.825819,45.11678],[25.82589,45.116783],[25.825969,45.116779],[25.826047,45.116768],[25.826123,45.11675],[25.826195,45.116725],[25.826262,45.116694],[25.826323,45.116658],[25.826377,45.116616],[25.826401,45.116592],[25.826427,45.116595],[25.826431,45.116601],[25.826479,45.116646],[25.826534,45.116687],[25.826596,45.116723],[25.826664,45.116753],[25.826737,45.116776],[25.826813,45.116793],[25.826891,45.116803],[25.826971,45.116806],[25.827051,45.116802],[25.827129,45.116791],[25.827205,45.116773],[25.827276,45.116748],[25.827343,45.116717],[25.827404,45.116681],[25.827458,45.116639],[25.827505,45.116593],[25.827505,45.116593],[25.827562,45.116611],[25.827638,45.116628],[25.827716,45.116638],[25.827796,45.116641],[25.827876,45.116637],[25.827954,45.116626],[25.82803,45.116607],[25.828101,45.116583],[25.828168,45.116552],[25.828229,45.116516],[25.828283,45.116474],[25.82833,45.116428],[25.828367,45.116378],[25.828396,45.116325],[25.828415,45.116271],[25.828424,45.116214],[25.828423,45.116158],[25.828413,45.116102],[25.828392,45.116047],[25.828362,45.115995],[25.828323,45.115946],[25.828275,45.1159],[25.82822,45.11586],[25.828158,45.115824],[25.82809,45.115794],[25.828017,45.115771],[25.827941,45.115754],[25.827863,45.115744],[25.827783,45.115741],[25.827703,45.115745],[25.827625,45.115756],[25.827576,45.115768],[25.827601,45.115753],[25.827655,45.115711],[25.827701,45.115665],[25.827739,45.115616],[25.827767,45.115563],[25.827786,45.115508],[25.827795,45.115452],[25.827795,45.115395],[25.827784,45.115339],[25.827763,45.115285],[25.827733,45.115232],[25.827694,45.115183],[25.827646,45.115138],[25.827591,45.115097],[25.827529,45.115061],[25.827461,45.115032],[25.827389,45.115008],[25.827313,45.114991],[25.827234,45.114981],[25.827154,45.114978],[25.827075,45.114982],[25.826996,45.114994],[25.826921,45.115012],[25.826849,45.115036],[25.826782,45.115067],[25.826721,45.115103],[25.826717,45.115107],[25.82669,45.115092],[25.826622,45.115062],[25.82655,45.115038],[25.826474,45.115021],[25.826395,45.115011],[25.826346,45.11501],[25.826402,45.114984],[25.826463,45.114947],[25.826517,45.114906],[25.826563,45.11486],[25.826601,45.11481],[25.82663,45.114757],[25.826649,45.114702],[25.826658,45.114646],[25.826657,45.11459],[25.826646,45.114534],[25.826626,45.114479],[25.826596,45.114427],[25.826556,45.114377],[25.826509,45.114332],[25.826454,45.114291],[25.826392,45.114256],[25.826324,45.114226],[25.826251,45.114202],[25.826175,45.114185],[25.826096,45.114175],[25.826017,45.114172],[25.825937,45.114177],[25.825859,45.114188],[25.825783,45.114206],[25.825711,45.11423],[25.825644,45.114261],[25.825584,45.114298],[25.825529,45.114339],[25.825483,45.114385],[25.825446,45.114435],[25.825417,45.114488],[25.825398,45.114543],[25.825389,45.114599],[25.825389,45.114655],[25.8254,45.114711],[25.825421,45.114766],[25.825451,45.114818],[25.82549,45.114867],[25.825538,45.114913],[25.825593,45.114954],[25.825655,45.114989],[25.825723,45.115019],[25.825795,45.115042],[25.825872,45.115059],[25.82595,45.115069],[25.826,45.115071],[25.825943,45.115097],[25.825882,45.115134],[25.825828,45.115175],[25.825825,45.115178],[25.82579,45.115145],[25.825735,45.115104],[25.825673,45.115068],[25.825605,45.115039],[25.825533,45.115015],[25.825457,45.114998],[25.825378,45.114988],[25.825298,45.114985],[25.825219,45.114989],[25.82514,45.115001],[25.825065,45.115019],[25.824993,45.115043],[25.824941,45.115067],[25.824952,45.115809],[25.824955,45.11581],[25.824952,45.115812],[25.824962,45.116492],[25.824165,45.116498],[25.824135,45.116629],[25.824132,45.116637],[25.823863,45.117143],[25.823682,45.117504],[25.823681,45.117505],[25.82352,45.117799],[25.823374,45.118084],[25.823183,45.118441],[25.823224,45.118718],[25.823225,45.118722],[25.823225,45.118726],[25.823225,45.118728],[25.823485,45.118886],[25.82349,45.11889],[25.823716,45.119059],[25.823999,45.119234],[25.824006,45.119238],[25.824011,45.119244],[25.824016,45.11925],[25.824019,45.119257],[25.82412,45.119543],[25.82442,45.11971],[25.824652,45.119834],[25.824655,45.119835],[25.824661,45.119839],[25.824791,45.119939],[25.824791,45.119925],[25.82478,45.119869]],[[25.825791,45.115888],[25.825741,45.115851],[25.825679,45.115816],[25.82566,45.115807],[25.825684,45.115797],[25.825745,45.11576],[25.825799,45.115718],[25.825802,45.115715],[25.825837,45.115749],[25.825892,45.11579],[25.825954,45.115825],[25.826022,45.115855],[25.826035,45.115859],[25.826024,45.115867],[25.826,45.115892],[25.825956,45.115886],[25.825877,45.115883],[25.825797,45.115887],[25.825791,45.115888]],[[25.824015,45.118609],[25.82407,45.11865],[25.824132,45.118685],[25.8242,45.118715],[25.824273,45.118739],[25.824324,45.11875],[25.824318,45.11875],[25.82424,45.118762],[25.824164,45.11878],[25.824092,45.118804],[25.824025,45.118835],[25.823964,45.118871],[25.823937,45.118892],[25.823935,45.118891],[25.823867,45.118862],[25.823795,45.118838],[25.823719,45.118821],[25.82364,45.118811],[25.823605,45.11881],[25.823618,45.118805],[25.823685,45.118774],[25.823746,45.118738],[25.8238,45.118696],[25.823846,45.11865],[25.823884,45.118601],[25.823913,45.118548],[25.823926,45.11851],[25.823928,45.118514],[25.823967,45.118564],[25.824015,45.118609]],[[25.827088,45.115875],[25.827167,45.115878],[25.827247,45.115874],[25.827325,45.115863],[25.827375,45.115851],[25.82735,45.115866],[25.827296,45.115908],[25.82725,45.115954],[25.827249,45.115954],[25.827192,45.115936],[25.827116,45.115919],[25.827055,45.115911],[25.827051,45.115906],[25.827008,45.115865],[25.827009,45.115865],[25.827088,45.115875]]],[[[25.832254,45.118015],[25.832255,45.11804],[25.832265,45.118096],[25.832286,45.118151],[25.832316,45.118203],[25.832355,45.118252],[25.832403,45.118298],[25.832458,45.118339],[25.83252,45.118374],[25.832588,45.118404],[25.832661,45.118427],[25.832737,45.118444],[25.832815,45.118454],[25.832895,45.118457],[25.832975,45.118453],[25.833053,45.118442],[25.833129,45.118424],[25.8332,45.118399],[25.833267,45.118369],[25.833328,45.118332],[25.833382,45.118291],[25.833429,45.118244],[25.833466,45.118195],[25.833479,45.118171],[25.833379,45.118141],[25.833328,45.118127],[25.833152,45.118094],[25.832974,45.11807],[25.832921,45.118063],[25.832501,45.118015],[25.832185,45.117989],[25.832186,45.118041],[25.832231,45.118025],[25.832254,45.118015]]],[[[25.834667,45.117707],[25.834646,45.117652],[25.834616,45.1176],[25.834577,45.117551],[25.834529,45.117505],[25.834474,45.117465],[25.834412,45.117429],[25.834344,45.117399],[25.834272,45.117376],[25.834195,45.117359],[25.834117,45.117349],[25.834037,45.117346],[25.833958,45.11735],[25.833879,45.117361],[25.833804,45.117379],[25.833732,45.117404],[25.833665,45.117435],[25.833651,45.117443],[25.833664,45.117447],[25.833693,45.117454],[25.83372,45.117462],[25.833759,45.117472],[25.833906,45.117517],[25.833916,45.11752],[25.833991,45.117543],[25.83405,45.117563],[25.834066,45.117569],[25.834193,45.117607],[25.834257,45.117631],[25.83428,45.117642],[25.834354,45.117679],[25.834382,45.117688],[25.834488,45.117717],[25.834507,45.117723],[25.83456,45.117742],[25.834598,45.117759],[25.834641,45.117775],[25.834678,45.117787],[25.834678,45.117763],[25.834667,45.117707]]],[[[25.832992,45.117262],[25.833014,45.117233],[25.833043,45.117181],[25.833062,45.117126],[25.833071,45.11707],[25.83307,45.117013],[25.833059,45.116957],[25.833039,45.116903],[25.833008,45.11685],[25.832969,45.116801],[25.832922,45.116756],[25.832866,45.116715],[25.832865,45.116714],[25.832896,45.116696],[25.83295,45.116654],[25.832996,45.116608],[25.833034,45.116558],[25.833063,45.116505],[25.833082,45.116451],[25.833091,45.116394],[25.83309,45.116338],[25.833079,45.116282],[25.833059,45.116227],[25.833029,45.116175],[25.832989,45.116126],[25.83296,45.116098],[25.832966,45.116492],[25.832879,45.116492],[25.832881,45.116614],[25.832669,45.116615],[25.832676,45.117105],[25.831522,45.117114],[25.831413,45.117219],[25.831442,45.117214],[25.831471,45.117211],[25.8315,45.117209],[25.831529,45.117209],[25.831559,45.117209],[25.831588,45.117211],[25.832149,45.117256],[25.83243,45.117276],[25.832804,45.117307],[25.832813,45.117308],[25.832861,45.117314],[25.833072,45.11735],[25.833037,45.117305],[25.832992,45.117262]]],[[[25.83303,45.11593],[25.833084,45.115888],[25.83313,45.115842],[25.833168,45.115793],[25.833197,45.11574],[25.833216,45.115685],[25.833225,45.115629],[25.833224,45.115572],[25.833213,45.115516],[25.833193,45.115462],[25.833162,45.115409],[25.833123,45.11536],[25.833076,45.115315],[25.83302,45.115274],[25.832958,45.115238],[25.832948,45.115234],[25.832958,45.115971],[25.832969,45.115967],[25.83303,45.11593]]],[[[25.833001,45.115048],[25.83302,45.114993],[25.833029,45.114937],[25.833028,45.11488],[25.833017,45.114824],[25.832997,45.114769],[25.832966,45.114717],[25.832927,45.114668],[25.83288,45.114623],[25.832842,45.114595],[25.832423,45.114598],[25.831992,45.114601],[25.831993,45.114699],[25.83294,45.114692],[25.832946,45.115134],[25.832972,45.1151],[25.833001,45.115048]]],[[[25.82973,45.116594],[25.829658,45.116619],[25.829591,45.116649],[25.82953,45.116686],[25.829476,45.116727],[25.829429,45.116773],[25.829392,45.116823],[25.829363,45.116876],[25.829344,45.116931],[25.829343,45.116939],[25.829575,45.116938],[25.829597,45.116905],[25.82966,45.116808],[25.829726,45.116708],[25.829731,45.116701],[25.829799,45.116605],[25.82982,45.116574],[25.829805,45.116576],[25.82973,45.116594]]],[[[25.82921,45.116851],[25.829155,45.11681],[25.829093,45.116775],[25.829025,45.116745],[25.828953,45.116721],[25.828876,45.116704],[25.828798,45.116694],[25.828718,45.116691],[25.828639,45.116696],[25.82856,45.116707],[25.828485,45.116725],[25.828413,45.116749],[25.828346,45.11678],[25.828285,45.116817],[25.828231,45.116858],[25.828185,45.116904],[25.828151,45.116948],[25.828895,45.116943],[25.829292,45.11694],[25.829258,45.116896],[25.82921,45.116851]]],[[[25.824757,45.114618],[25.824701,45.114577],[25.824639,45.114541],[25.824572,45.114512],[25.824499,45.114488],[25.824423,45.114471],[25.824344,45.114461],[25.824265,45.114458],[25.824185,45.114462],[25.824107,45.114473],[25.824031,45.114491],[25.823959,45.114516],[25.823892,45.114547],[25.823831,45.114583],[25.823797,45.11461],[25.82375,45.1146],[25.823746,45.114599],[25.823747,45.114701],[25.824828,45.114693],[25.824804,45.114663],[25.824757,45.114618]]],[[[25.816856,45.117631],[25.816835,45.117576],[25.816805,45.117524],[25.816791,45.117506],[25.816863,45.117496],[25.816938,45.117478],[25.81701,45.117453],[25.817077,45.117422],[25.817138,45.117386],[25.817192,45.117344],[25.817238,45.117298],[25.817276,45.117248],[25.817305,45.117196],[25.817324,45.117141],[25.817333,45.117085],[25.817332,45.117028],[25.817321,45.116972],[25.817301,45.116917],[25.817271,45.116865],[25.817231,45.116816],[25.817184,45.116771],[25.817129,45.11673],[25.817067,45.116694],[25.816999,45.116664],[25.816926,45.116641],[25.81685,45.116624],[25.816771,45.116614],[25.816692,45.116611],[25.816612,45.116615],[25.816534,45.116626],[25.816458,45.116644],[25.816386,45.116669],[25.816319,45.1167],[25.816259,45.116736],[25.816204,45.116778],[25.816166,45.116816],[25.81622,45.116815],[25.816233,45.117721],[25.816671,45.117718],[25.816867,45.117717],[25.816867,45.117687],[25.816856,45.117631]]],[[[25.814917,45.116761],[25.81487,45.116716],[25.814815,45.116675],[25.814753,45.11664],[25.814685,45.11661],[25.814612,45.116586],[25.814536,45.116569],[25.814457,45.116559],[25.814378,45.116556],[25.814298,45.116561],[25.81422,45.116572],[25.814144,45.11659],[25.814072,45.116614],[25.814005,45.116645],[25.813945,45.116682],[25.81389,45.116723],[25.813844,45.116769],[25.813806,45.116819],[25.813799,45.116833],[25.814949,45.116824],[25.814964,45.116824],[25.814957,45.116811],[25.814917,45.116761]]],[[[25.828942,45.123634],[25.828902,45.123585],[25.828855,45.12354],[25.8288,45.123499],[25.828738,45.123463],[25.82867,45.123434],[25.828597,45.12341],[25.828521,45.123393],[25.828453,45.123385],[25.828458,45.123702],[25.828976,45.123698],[25.828972,45.123687],[25.828942,45.123634]]],[[[25.828533,45.123296],[25.828452,45.123296],[25.828452,45.12332],[25.828488,45.123311],[25.828533,45.123296]]],[[[25.800384,45.119167],[25.800354,45.119114],[25.800315,45.119065],[25.800267,45.11902],[25.800212,45.118979],[25.80015,45.118943],[25.800082,45.118913],[25.80001,45.11889],[25.799933,45.118873],[25.799855,45.118863],[25.799775,45.11886],[25.799696,45.118864],[25.799617,45.118875],[25.799542,45.118893],[25.79947,45.118918],[25.799403,45.118949],[25.799342,45.118985],[25.799288,45.119027],[25.799241,45.119073],[25.799204,45.119122],[25.799175,45.119175],[25.799156,45.11923],[25.799147,45.119286],[25.799148,45.119343],[25.799158,45.119399],[25.799179,45.119453],[25.799209,45.119506],[25.799248,45.119555],[25.799296,45.1196],[25.799351,45.119641],[25.799413,45.119677],[25.799481,45.119706],[25.799553,45.11973],[25.79963,45.119747],[25.799708,45.119757],[25.799788,45.11976],[25.799867,45.119756],[25.799946,45.119745],[25.800021,45.119727],[25.800093,45.119702],[25.80016,45.119671],[25.800221,45.119635],[25.800275,45.119593],[25.800321,45.119547],[25.800359,45.119497],[25.800388,45.119445],[25.800407,45.11939],[25.800416,45.119334],[25.800415,45.119277],[25.800405,45.119221],[25.800384,45.119167]]],[[[25.79017,45.120238],[25.79014,45.120186],[25.790101,45.120136],[25.790053,45.120091],[25.789998,45.12005],[25.789936,45.120015],[25.789868,45.119985],[25.789796,45.119961],[25.78972,45.119944],[25.789641,45.119934],[25.789562,45.119931],[25.789482,45.119935],[25.789404,45.119946],[25.789328,45.119964],[25.789256,45.119989],[25.789189,45.12002],[25.789128,45.120056],[25.789074,45.120098],[25.789028,45.120144],[25.78899,45.120194],[25.788961,45.120246],[25.788942,45.120301],[25.788933,45.120357],[25.788934,45.120414],[25.788945,45.12047],[25.788965,45.120524],[25.788995,45.120577],[25.789035,45.120626],[25.789082,45.120671],[25.789137,45.120712],[25.789199,45.120748],[25.789267,45.120778],[25.78934,45.120801],[25.789416,45.120818],[25.789494,45.120828],[25.789574,45.120831],[25.789654,45.120827],[25.789732,45.120816],[25.789808,45.120798],[25.789879,45.120773],[25.789946,45.120743],[25.790007,45.120706],[25.790061,45.120665],[25.790108,45.120619],[25.790145,45.120569],[25.790174,45.120516],[25.790193,45.120461],[25.790202,45.120405],[25.790202,45.120349],[25.790191,45.120293],[25.79017,45.120238]]],[[[25.779166,45.121086],[25.779136,45.121034],[25.779097,45.120984],[25.77905,45.120939],[25.778994,45.120898],[25.778932,45.120863],[25.778865,45.120833],[25.778792,45.120809],[25.778716,45.120792],[25.778637,45.120782],[25.778558,45.120779],[25.778478,45.120783],[25.7784,45.120794],[25.778324,45.120812],[25.778252,45.120837],[25.778185,45.120868],[25.778124,45.120904],[25.77807,45.120946],[25.778024,45.120992],[25.777986,45.121042],[25.777958,45.121094],[25.777938,45.121149],[25.777929,45.121205],[25.77793,45.121262],[25.777941,45.121318],[25.777961,45.121372],[25.777991,45.121425],[25.778031,45.121474],[25.778078,45.121519],[25.778133,45.12156],[25.778195,45.121596],[25.778263,45.121626],[25.778336,45.121649],[25.778412,45.121666],[25.77849,45.121676],[25.77857,45.121679],[25.77865,45.121675],[25.778728,45.121664],[25.778804,45.121646],[25.778875,45.121621],[25.778942,45.121591],[25.779003,45.121554],[25.779058,45.121513],[25.779104,45.121467],[25.779142,45.121417],[25.77917,45.121364],[25.779189,45.121309],[25.779199,45.121253],[25.779198,45.121197],[25.779187,45.121141],[25.779166,45.121086]]],[[[25.790332,45.121587],[25.790302,45.121535],[25.790263,45.121486],[25.790215,45.12144],[25.79016,45.1214],[25.790098,45.121364],[25.79003,45.121334],[25.789958,45.121311],[25.789882,45.121294],[25.789803,45.121284],[25.789723,45.121281],[25.789644,45.121285],[25.789566,45.121296],[25.78949,45.121314],[25.789418,45.121339],[25.789351,45.121369],[25.78929,45.121406],[25.789236,45.121447],[25.78919,45.121493],[25.789152,45.121543],[25.789123,45.121596],[25.789104,45.121651],[25.789095,45.121707],[25.789096,45.121763],[25.789107,45.121819],[25.789127,45.121874],[25.789157,45.121926],[25.789196,45.121976],[25.789244,45.122021],[25.789299,45.122062],[25.789361,45.122097],[25.789429,45.122127],[25.789502,45.122151],[25.789578,45.122168],[25.789656,45.122178],[25.789736,45.122181],[25.789816,45.122177],[25.789894,45.122165],[25.789969,45.122147],[25.790041,45.122123],[25.790108,45.122092],[25.790169,45.122056],[25.790223,45.122014],[25.79027,45.121968],[25.790307,45.121918],[25.790336,45.121866],[25.790355,45.121811],[25.790364,45.121755],[25.790364,45.121698],[25.790353,45.121642],[25.790332,45.121587]]],[[[25.778557,45.121728],[25.778489,45.121698],[25.778417,45.121675],[25.77834,45.121658],[25.778262,45.121648],[25.778182,45.121645],[25.778103,45.121649],[25.778024,45.12166],[25.777949,45.121678],[25.777877,45.121702],[25.77781,45.121733],[25.777749,45.12177],[25.777695,45.121811],[25.777648,45.121857],[25.777611,45.121907],[25.777582,45.12196],[25.777563,45.122015],[25.777554,45.122071],[25.777554,45.122127],[25.777565,45.122183],[25.777586,45.122238],[25.777616,45.12229],[25.777655,45.122339],[25.777703,45.122385],[25.777758,45.122426],[25.77782,45.122461],[25.777888,45.122491],[25.777896,45.122494],[25.778468,45.12249],[25.779149,45.122485],[25.779132,45.122473],[25.77907,45.122437],[25.779003,45.122407],[25.77893,45.122384],[25.778854,45.122367],[25.778775,45.122357],[25.778706,45.122354],[25.778728,45.122332],[25.778766,45.122282],[25.778795,45.122229],[25.778814,45.122175],[25.778823,45.122118],[25.778822,45.122062],[25.778812,45.122006],[25.778791,45.121951],[25.778761,45.121899],[25.778722,45.12185],[25.778674,45.121804],[25.778619,45.121764],[25.778557,45.121728]]],[[[25.777134,45.122795],[25.777096,45.122845],[25.777067,45.122897],[25.777053,45.122939],[25.777052,45.122939],[25.776976,45.122922],[25.776897,45.122912],[25.776818,45.122909],[25.776738,45.122913],[25.77666,45.122925],[25.776584,45.122942],[25.776512,45.122967],[25.776445,45.122998],[25.776384,45.123034],[25.77633,45.123076],[25.776284,45.123122],[25.776246,45.123172],[25.776217,45.123224],[25.776198,45.123279],[25.776189,45.123335],[25.77619,45.123392],[25.776201,45.123448],[25.776221,45.123502],[25.776234,45.123524],[25.776232,45.123361],[25.777209,45.123355],[25.7772,45.122733],[25.77718,45.122749],[25.777134,45.122795]]],[[[25.778937,45.124372],[25.779013,45.124354],[25.779085,45.12433],[25.779152,45.124299],[25.779176,45.124285],[25.778787,45.124288],[25.778788,45.124387],[25.778859,45.124384],[25.778937,45.124372]]],[[[25.779471,45.124368],[25.779526,45.124409],[25.779588,45.124444],[25.779656,45.124474],[25.779728,45.124498],[25.779804,45.124515],[25.779883,45.124525],[25.779963,45.124528],[25.780035,45.124524],[25.78011,45.124541],[25.780188,45.124551],[25.780268,45.124554],[25.780347,45.124549],[25.780426,45.124538],[25.780501,45.12452],[25.780573,45.124496],[25.78064,45.124465],[25.780701,45.124429],[25.780755,45.124387],[25.780802,45.124341],[25.780839,45.124291],[25.780868,45.124239],[25.780887,45.124184],[25.780896,45.124128],[25.780896,45.124071],[25.780885,45.124015],[25.780864,45.12396],[25.780834,45.123908],[25.780795,45.123859],[25.780747,45.123813],[25.780692,45.123773],[25.78063,45.123737],[25.780562,45.123707],[25.780528,45.123696],[25.780571,45.123694],[25.780649,45.123683],[25.780724,45.123665],[25.780796,45.12364],[25.780863,45.123609],[25.780924,45.123573],[25.780978,45.123531],[25.781025,45.123485],[25.781062,45.123435],[25.781091,45.123383],[25.78111,45.123328],[25.781119,45.123272],[25.781119,45.123215],[25.781108,45.123159],[25.781087,45.123105],[25.781057,45.123052],[25.781018,45.123003],[25.780971,45.122958],[25.780915,45.122917],[25.780853,45.122881],[25.780786,45.122851],[25.780713,45.122828],[25.780637,45.122811],[25.780558,45.122801],[25.780479,45.122798],[25.780399,45.122802],[25.780321,45.122813],[25.780245,45.122831],[25.780173,45.122856],[25.780106,45.122886],[25.780045,45.122923],[25.779991,45.122964],[25.779945,45.12301],[25.779907,45.12306],[25.779885,45.123101],[25.779838,45.123074],[25.77977,45.123044],[25.779747,45.123036],[25.779764,45.124281],[25.779392,45.124283],[25.779423,45.124322],[25.779471,45.124368]],[[25.780047,45.123628],[25.780069,45.123587],[25.780116,45.123614],[25.780184,45.123644],[25.780219,45.123656],[25.780183,45.123657],[25.780108,45.123641],[25.780043,45.123632],[25.780047,45.123628]]],[[[25.786927,45.121932],[25.786897,45.12188],[25.786858,45.121831],[25.786811,45.121785],[25.786755,45.121745],[25.786693,45.121709],[25.786626,45.121679],[25.786553,45.121656],[25.786477,45.121639],[25.786398,45.121629],[25.786319,45.121626],[25.786239,45.12163],[25.786161,45.121641],[25.786085,45.121659],[25.786013,45.121683],[25.785946,45.121714],[25.785885,45.121751],[25.785831,45.121792],[25.785785,45.121838],[25.785747,45.121888],[25.785719,45.121941],[25.785699,45.121996],[25.78569,45.122052],[25.785691,45.122108],[25.785702,45.122164],[25.785722,45.122219],[25.785753,45.122271],[25.785792,45.12232],[25.785811,45.122338],[25.785768,45.122333],[25.785688,45.12233],[25.785608,45.122334],[25.78553,45.122345],[25.785454,45.122363],[25.785382,45.122388],[25.785315,45.122418],[25.785254,45.122455],[25.7852,45.122496],[25.785154,45.122543],[25.785116,45.122592],[25.785088,45.122645],[25.785069,45.1227],[25.785059,45.122756],[25.78506,45.122813],[25.785071,45.122869],[25.785092,45.122923],[25.785122,45.122975],[25.785161,45.123025],[25.785208,45.12307],[25.785264,45.123111],[25.785326,45.123147],[25.785393,45.123176],[25.785466,45.1232],[25.785542,45.123217],[25.785621,45.123227],[25.7857,45.12323],[25.78578,45.123226],[25.785858,45.123215],[25.785934,45.123197],[25.786006,45.123172],[25.786073,45.123141],[25.786134,45.123105],[25.786188,45.123063],[25.786234,45.123017],[25.786272,45.122967],[25.7863,45.122915],[25.78632,45.12286],[25.786329,45.122804],[25.786328,45.122747],[25.786317,45.122691],[25.786297,45.122637],[25.786267,45.122584],[25.786227,45.122535],[25.786209,45.122517],[25.786251,45.122523],[25.786331,45.122526],[25.786411,45.122521],[25.786489,45.12251],[25.786565,45.122492],[25.786637,45.122468],[25.786704,45.122437],[25.786765,45.122401],[25.786819,45.122359],[25.786865,45.122313],[25.786903,45.122263],[25.786931,45.12221],[25.78695,45.122156],[25.78696,45.122099],[25.786959,45.122043],[25.786948,45.121987],[25.786927,45.121932]]],[[[25.784833,45.122363],[25.784802,45.12231],[25.784763,45.122261],[25.784716,45.122216],[25.784661,45.122175],[25.784599,45.122139],[25.784531,45.122109],[25.784458,45.122086],[25.784382,45.122069],[25.784303,45.122059],[25.784224,45.122056],[25.784144,45.12206],[25.784066,45.122071],[25.78399,45.122089],[25.783918,45.122114],[25.783851,45.122144],[25.78379,45.122181],[25.783736,45.122222],[25.78369,45.122269],[25.783652,45.122318],[25.783624,45.122371],[25.783605,45.122426],[25.783595,45.122482],[25.783596,45.122539],[25.783607,45.122595],[25.783627,45.122649],[25.783658,45.122701],[25.783697,45.122751],[25.783744,45.122796],[25.783799,45.122837],[25.783861,45.122873],[25.783929,45.122902],[25.784002,45.122926],[25.784078,45.122943],[25.784157,45.122953],[25.784236,45.122956],[25.784316,45.122952],[25.784394,45.122941],[25.78447,45.122923],[25.784542,45.122898],[25.784609,45.122867],[25.78467,45.122831],[25.784724,45.122789],[25.78477,45.122743],[25.784808,45.122694],[25.784836,45.122641],[25.784855,45.122586],[25.784865,45.12253],[25.784864,45.122473],[25.784853,45.122417],[25.784833,45.122363]]],[[[25.792215,45.123815],[25.792253,45.123766],[25.792282,45.123713],[25.792301,45.123658],[25.79231,45.123602],[25.792309,45.123545],[25.792298,45.123489],[25.792278,45.123435],[25.792248,45.123382],[25.792208,45.123333],[25.792161,45.123288],[25.792106,45.123247],[25.792044,45.123211],[25.791989,45.123187],[25.791989,45.123186],[25.791978,45.12313],[25.791957,45.123076],[25.791927,45.123024],[25.791888,45.122974],[25.79184,45.122929],[25.791785,45.122888],[25.791723,45.122853],[25.791655,45.122823],[25.791583,45.122799],[25.791507,45.122782],[25.791428,45.122772],[25.791348,45.122769],[25.791269,45.122773],[25.791191,45.122784],[25.791115,45.122802],[25.791043,45.122827],[25.790976,45.122858],[25.790915,45.122894],[25.790895,45.12291],[25.79087,45.122879],[25.790823,45.122833],[25.790768,45.122793],[25.790706,45.122757],[25.790638,45.122727],[25.790565,45.122704],[25.790489,45.122687],[25.79041,45.122677],[25.790331,45.122674],[25.790251,45.122678],[25.790173,45.122689],[25.790097,45.122707],[25.790025,45.122732],[25.789958,45.122762],[25.789897,45.122799],[25.789843,45.12284],[25.789797,45.122886],[25.789759,45.122936],[25.789731,45.122989],[25.789712,45.123044],[25.789702,45.1231],[25.789703,45.123156],[25.789714,45.123212],[25.789734,45.123267],[25.789765,45.123319],[25.789804,45.123369],[25.789851,45.123414],[25.789906,45.123455],[25.789968,45.12349],[25.790036,45.12352],[25.790109,45.123544],[25.790185,45.123561],[25.790264,45.123571],[25.790343,45.123574],[25.790423,45.12357],[25.790501,45.123558],[25.790577,45.12354],[25.790586,45.123537],[25.790565,45.123559],[25.790527,45.123609],[25.790498,45.123661],[25.790479,45.123716],[25.79047,45.123772],[25.790471,45.123829],[25.790481,45.123885],[25.790502,45.123939],[25.790532,45.123992],[25.790571,45.124041],[25.790619,45.124086],[25.790674,45.124127],[25.790736,45.124163],[25.790804,45.124193],[25.790876,45.124216],[25.790953,45.124233],[25.791031,45.124243],[25.791111,45.124246],[25.79119,45.124242],[25.791269,45.124231],[25.791344,45.124213],[25.791416,45.124188],[25.791483,45.124157],[25.791544,45.124121],[25.791598,45.124079],[25.791645,45.124033],[25.79165,45.124027],[25.791681,45.124028],[25.791761,45.124024],[25.791839,45.124013],[25.791915,45.123995],[25.791987,45.12397],[25.792054,45.123939],[25.792115,45.123903],[25.792169,45.123861],[25.792215,45.123815]]],[[[25.783139,45.123068],[25.783066,45.123045],[25.78299,45.123028],[25.782912,45.123018],[25.782832,45.123015],[25.782752,45.123019],[25.782674,45.12303],[25.782598,45.123048],[25.782527,45.123073],[25.78246,45.123103],[25.782399,45.12314],[25.782345,45.123181],[25.782298,45.123227],[25.78226,45.123277],[25.782232,45.12333],[25.782214,45.12338],[25.782168,45.123416],[25.782122,45.123462],[25.782084,45.123512],[25.782055,45.123564],[25.782036,45.123619],[25.782027,45.123675],[25.782028,45.123732],[25.782039,45.123788],[25.782059,45.123843],[25.782089,45.123895],[25.782128,45.123944],[25.782132,45.123947],[25.782113,45.123966],[25.782075,45.124016],[25.782046,45.124069],[25.782027,45.124124],[25.782018,45.12418],[25.782019,45.124236],[25.782029,45.124292],[25.78205,45.124347],[25.78208,45.124399],[25.782119,45.124448],[25.782167,45.124494],[25.782222,45.124535],[25.782284,45.12457],[25.782352,45.1246],[25.782424,45.124623],[25.782445,45.124628],[25.782451,45.12466],[25.782472,45.124714],[25.782502,45.124767],[25.782541,45.124816],[25.782589,45.124861],[25.782644,45.124902],[25.782706,45.124938],[25.782774,45.124967],[25.782798,45.124975],[25.782731,45.124998],[25.782664,45.125029],[25.782603,45.125065],[25.782549,45.125107],[25.782502,45.125153],[25.782464,45.125203],[25.782436,45.125255],[25.782417,45.12531],[25.782407,45.125366],[25.782408,45.125423],[25.782419,45.125479],[25.78244,45.125533],[25.78247,45.125586],[25.782509,45.125635],[25.782556,45.12568],[25.782612,45.125721],[25.782674,45.125757],[25.782741,45.125787],[25.782814,45.12581],[25.78289,45.125827],[25.782969,45.125837],[25.783048,45.12584],[25.783051,45.12584],[25.783047,45.125868],[25.783047,45.125925],[25.783058,45.125981],[25.783079,45.126035],[25.783109,45.126088],[25.783148,45.126137],[25.783196,45.126182],[25.783251,45.126223],[25.783313,45.126259],[25.783381,45.126289],[25.783453,45.126312],[25.783529,45.126329],[25.783608,45.126339],[25.783688,45.126342],[25.783767,45.126338],[25.783845,45.126327],[25.783921,45.126309],[25.783993,45.126284],[25.78406,45.126254],[25.784121,45.126217],[25.784175,45.126176],[25.784221,45.126129],[25.784259,45.12608],[25.784288,45.126027],[25.784307,45.125972],[25.784316,45.125916],[25.784315,45.125859],[25.784305,45.125803],[25.784284,45.125749],[25.784254,45.125697],[25.784215,45.125647],[25.784167,45.125602],[25.784112,45.125561],[25.78405,45.125525],[25.783982,45.125496],[25.78391,45.125472],[25.783833,45.125455],[25.783755,45.125445],[25.783675,45.125442],[25.783672,45.125442],[25.783677,45.125414],[25.783676,45.125358],[25.783665,45.125302],[25.783645,45.125247],[25.783615,45.125195],[25.783576,45.125145],[25.783528,45.1251],[25.783473,45.125059],[25.783411,45.125024],[25.783343,45.124994],[25.783319,45.124986],[25.783386,45.124963],[25.783453,45.124932],[25.783514,45.124896],[25.783568,45.124854],[25.783615,45.124808],[25.783652,45.124759],[25.783681,45.124706],[25.7837,45.124651],[25.783709,45.124595],[25.783709,45.124538],[25.783698,45.124482],[25.783677,45.124428],[25.783647,45.124375],[25.783608,45.124326],[25.78356,45.124281],[25.783505,45.12424],[25.783458,45.124213],[25.783499,45.124194],[25.78356,45.124158],[25.783614,45.124116],[25.78366,45.12407],[25.783682,45.124042],[25.783692,45.12406],[25.783732,45.12411],[25.783779,45.124155],[25.783834,45.124196],[25.783896,45.124231],[25.783964,45.124261],[25.784037,45.124285],[25.784113,45.124302],[25.784191,45.124312],[25.784271,45.124315],[25.784351,45.124311],[25.784429,45.1243],[25.784505,45.124282],[25.784577,45.124257],[25.784644,45.124226],[25.784705,45.12419],[25.784723,45.124176],[25.784774,45.124192],[25.78485,45.124209],[25.784928,45.124219],[25.785008,45.124222],[25.785088,45.124218],[25.785166,45.124207],[25.785242,45.124189],[25.785276,45.124177],[25.785296,45.124203],[25.785344,45.124249],[25.785399,45.12429],[25.785461,45.124325],[25.785529,45.124355],[25.785601,45.124378],[25.785677,45.124395],[25.785756,45.124405],[25.785836,45.124408],[25.785915,45.124404],[25.785993,45.124393],[25.786069,45.124375],[25.786139,45.124351],[25.786129,45.12437],[25.78611,45.124424],[25.786101,45.124481],[25.786102,45.124537],[25.786113,45.124593],[25.786133,45.124648],[25.786163,45.1247],[25.786203,45.124749],[25.78625,45.124795],[25.786305,45.124835],[25.786367,45.124871],[25.786435,45.124901],[25.786508,45.124924],[25.786584,45.124941],[25.786662,45.124951],[25.786742,45.124954],[25.786822,45.12495],[25.7869,45.124939],[25.786976,45.124921],[25.787009,45.12491],[25.786991,45.124961],[25.786982,45.125018],[25.786983,45.125074],[25.786994,45.12513],[25.787014,45.125185],[25.787044,45.125237],[25.787084,45.125286],[25.787131,45.125332],[25.787186,45.125372],[25.787248,45.125408],[25.787316,45.125438],[25.787389,45.125461],[25.78743,45.125471],[25.787431,45.125504],[25.787442,45.12556],[25.787462,45.125615],[25.787492,45.125667],[25.787532,45.125717],[25.787579,45.125762],[25.787634,45.125803],[25.787696,45.125838],[25.787764,45.125868],[25.787837,45.125892],[25.787913,45.125909],[25.787991,45.125919],[25.788071,45.125922],[25.788151,45.125918],[25.788229,45.125907],[25.788305,45.125889],[25.788377,45.125864],[25.788444,45.125833],[25.788505,45.125797],[25.788559,45.125755],[25.788605,45.125709],[25.788643,45.125659],[25.788671,45.125607],[25.78869,45.125552],[25.7887,45.125496],[25.788699,45.125444],[25.788715,45.125451],[25.788787,45.125475],[25.788863,45.125491],[25.788942,45.125502],[25.789022,45.125505],[25.789101,45.1255],[25.78918,45.125489],[25.789255,45.125471],[25.789327,45.125447],[25.789394,45.125416],[25.789455,45.12538],[25.789509,45.125338],[25.789555,45.125292],[25.789593,45.125242],[25.789595,45.125239],[25.789604,45.125238],[25.789587,45.125285],[25.789578,45.125342],[25.789579,45.125398],[25.78959,45.125454],[25.78961,45.125509],[25.78964,45.125561],[25.78968,45.12561],[25.789727,45.125656],[25.789782,45.125696],[25.789844,45.125732],[25.789912,45.125762],[25.789985,45.125785],[25.790061,45.125802],[25.790139,45.125812],[25.790193,45.125814],[25.790215,45.125842],[25.790263,45.125888],[25.790318,45.125929],[25.79038,45.125964],[25.790448,45.125994],[25.79052,45.126017],[25.790596,45.126034],[25.790675,45.126044],[25.790755,45.126047],[25.790758,45.126047],[25.790767,45.126044],[25.790813,45.126029],[25.79086,45.126016],[25.790907,45.126004],[25.790955,45.125993],[25.791004,45.125983],[25.791053,45.125975],[25.791103,45.125968],[25.791153,45.125963],[25.791203,45.125959],[25.791254,45.125957],[25.791304,45.125956],[25.791355,45.125956],[25.791405,45.125958],[25.791456,45.125961],[25.791506,45.125966],[25.791556,45.125972],[25.791605,45.125979],[25.791654,45.125988],[25.791702,45.125998],[25.79175,45.12601],[25.791798,45.126022],[25.791844,45.126037],[25.791889,45.126052],[25.791934,45.126069],[25.791978,45.126087],[25.792021,45.126106],[25.792062,45.126127],[25.792102,45.126148],[25.792142,45.126171],[25.792179,45.126194],[25.792216,45.126219],[25.792251,45.126245],[25.792284,45.126272],[25.792316,45.1263],[25.792347,45.126328],[25.792376,45.126358],[25.792403,45.126388],[25.792428,45.126419],[25.792452,45.12645],[25.792474,45.126483],[25.792494,45.126515],[25.792512,45.126549],[25.792528,45.126583],[25.792543,45.126617],[25.792555,45.126652],[25.792565,45.126687],[25.792574,45.126722],[25.792575,45.12673],[25.79258,45.126728],[25.792634,45.126686],[25.79268,45.12664],[25.792718,45.12659],[25.792746,45.126537],[25.792766,45.126483],[25.792775,45.126426],[25.792774,45.12637],[25.792763,45.126314],[25.792747,45.126272],[25.792779,45.12623],[25.792807,45.126177],[25.792827,45.126122],[25.792836,45.126066],[25.792835,45.12601],[25.792833,45.125997],[25.792892,45.125962],[25.792946,45.12592],[25.792993,45.125874],[25.79303,45.125824],[25.793059,45.125771],[25.793078,45.125716],[25.793087,45.12566],[25.793086,45.125604],[25.793076,45.125548],[25.793055,45.125493],[25.793025,45.125441],[25.792986,45.125392],[25.792938,45.125346],[25.792883,45.125305],[25.792821,45.12527],[25.792753,45.12524],[25.792681,45.125217],[25.792604,45.1252],[25.792526,45.12519],[25.792446,45.125187],[25.792367,45.125191],[25.792288,45.125202],[25.792213,45.12522],[25.792141,45.125244],[25.792074,45.125275],[25.792013,45.125312],[25.791959,45.125353],[25.791948,45.125364],[25.791932,45.125354],[25.791864,45.125324],[25.791791,45.125301],[25.791715,45.125284],[25.791636,45.125274],[25.791557,45.125271],[25.791477,45.125275],[25.791399,45.125286],[25.791323,45.125304],[25.791255,45.125327],[25.791234,45.125307],[25.791179,45.125266],[25.791162,45.125256],[25.791195,45.125223],[25.791233,45.125173],[25.791262,45.125121],[25.791281,45.125066],[25.79129,45.12501],[25.791289,45.124953],[25.791308,45.124935],[25.791345,45.124885],[25.791374,45.124832],[25.791393,45.124777],[25.791402,45.124721],[25.791402,45.124665],[25.791391,45.124609],[25.79137,45.124554],[25.79134,45.124502],[25.791301,45.124453],[25.791253,45.124407],[25.791198,45.124366],[25.791136,45.124331],[25.791068,45.124301],[25.790996,45.124277],[25.79092,45.12426],[25.790841,45.12425],[25.790761,45.124247],[25.790682,45.124252],[25.790603,45.124263],[25.790528,45.124281],[25.790456,45.124305],[25.790389,45.124336],[25.790345,45.124362],[25.790293,45.12434],[25.79022,45.124316],[25.790144,45.124299],[25.790066,45.124289],[25.789986,45.124286],[25.789906,45.12429],[25.789828,45.124301],[25.789752,45.124319],[25.789681,45.124344],[25.789664,45.124352],[25.789608,45.124345],[25.789529,45.124342],[25.789449,45.124346],[25.789371,45.124357],[25.789295,45.124375],[25.789223,45.124399],[25.789156,45.12443],[25.789095,45.124467],[25.789041,45.124508],[25.789005,45.124544],[25.788999,45.124537],[25.789016,45.124515],[25.789045,45.124462],[25.789064,45.124407],[25.789073,45.124351],[25.789072,45.124295],[25.789061,45.124239],[25.789041,45.124184],[25.789011,45.124132],[25.788972,45.124083],[25.788924,45.124037],[25.788869,45.123996],[25.788807,45.123961],[25.788739,45.123931],[25.788666,45.123907],[25.78859,45.123891],[25.788512,45.123881],[25.788432,45.123878],[25.788352,45.123882],[25.788274,45.123893],[25.788198,45.123911],[25.788127,45.123935],[25.78806,45.123966],[25.788057,45.123968],[25.78804,45.12396],[25.787967,45.123937],[25.787891,45.12392],[25.787813,45.12391],[25.787733,45.123907],[25.787653,45.123911],[25.787575,45.123922],[25.787499,45.12394],[25.787428,45.123965],[25.787361,45.123995],[25.7873,45.124032],[25.787245,45.124073],[25.787199,45.12412],[25.787161,45.124169],[25.787161,45.12417],[25.787104,45.124138],[25.787037,45.124108],[25.786964,45.124084],[25.786888,45.124067],[25.786809,45.124057],[25.78673,45.124054],[25.78665,45.124059],[25.786572,45.12407],[25.786496,45.124088],[25.786426,45.124112],[25.786436,45.124093],[25.786455,45.124038],[25.786464,45.123982],[25.786463,45.123926],[25.786453,45.12387],[25.786432,45.123815],[25.786402,45.123763],[25.786363,45.123714],[25.786315,45.123668],[25.78626,45.123627],[25.786198,45.123592],[25.78613,45.123562],[25.786058,45.123539],[25.785981,45.123522],[25.785903,45.123512],[25.785823,45.123509],[25.785744,45.123513],[25.785665,45.123524],[25.78559,45.123542],[25.785556,45.123553],[25.785535,45.123528],[25.785488,45.123482],[25.785432,45.123441],[25.78537,45.123406],[25.785302,45.123376],[25.78523,45.123352],[25.785154,45.123335],[25.785075,45.123325],[25.784996,45.123322],[25.784916,45.123326],[25.784838,45.123338],[25.784762,45.123356],[25.78469,45.12338],[25.784623,45.123411],[25.784562,45.123447],[25.784544,45.123461],[25.784493,45.123445],[25.784417,45.123428],[25.784338,45.123418],[25.784259,45.123415],[25.784179,45.123419],[25.784101,45.12343],[25.784025,45.123448],[25.783953,45.123473],[25.783886,45.123503],[25.783825,45.12354],[25.783771,45.123581],[25.783725,45.123627],[25.783704,45.123656],[25.783693,45.123637],[25.783654,45.123588],[25.783606,45.123543],[25.783551,45.123502],[25.783489,45.123466],[25.783473,45.123459],[25.783472,45.123432],[25.783461,45.123376],[25.783441,45.123322],[25.783411,45.123269],[25.783372,45.12322],[25.783324,45.123175],[25.783269,45.123134],[25.783207,45.123098],[25.783139,45.123068]]],[[[25.790473,45.126058],[25.790425,45.126012],[25.79037,45.125971],[25.790308,45.125936],[25.79024,45.125906],[25.790168,45.125882],[25.790092,45.125865],[25.790013,45.125855],[25.789933,45.125852],[25.789854,45.125857],[25.789776,45.125868],[25.7897,45.125886],[25.789628,45.12591],[25.789561,45.125941],[25.7895,45.125977],[25.789446,45.126019],[25.7894,45.126065],[25.789362,45.126115],[25.789333,45.126168],[25.789314,45.126222],[25.789305,45.126279],[25.789306,45.126335],[25.789316,45.126391],[25.789337,45.126446],[25.789367,45.126498],[25.789406,45.126547],[25.789454,45.126593],[25.789509,45.126633],[25.789571,45.126669],[25.7896,45.126682],[25.789601,45.126712],[25.789611,45.126768],[25.789632,45.126823],[25.789662,45.126875],[25.789701,45.126924],[25.789749,45.12697],[25.789804,45.12701],[25.789866,45.127046],[25.789934,45.127076],[25.790006,45.127099],[25.790083,45.127116],[25.790101,45.127119],[25.790091,45.127094],[25.790079,45.12706],[25.790068,45.127025],[25.79006,45.126989],[25.790053,45.126954],[25.790049,45.126918],[25.790046,45.126882],[25.790046,45.126847],[25.790047,45.126811],[25.790051,45.126775],[25.790056,45.12674],[25.790064,45.126704],[25.790073,45.126669],[25.790085,45.126634],[25.790098,45.1266],[25.790113,45.126566],[25.790131,45.126532],[25.79015,45.126499],[25.790171,45.126466],[25.790193,45.126434],[25.790218,45.126403],[25.790244,45.126372],[25.790272,45.126343],[25.790302,45.126314],[25.790333,45.126285],[25.790366,45.126258],[25.7904,45.126232],[25.790436,45.126207],[25.790473,45.126182],[25.790512,45.126159],[25.790535,45.126146],[25.790512,45.126107],[25.790473,45.126058]]],[[[25.791564,45.12777],[25.791644,45.127773],[25.791724,45.127768],[25.791802,45.127757],[25.791878,45.127739],[25.79195,45.127715],[25.792016,45.127684],[25.792077,45.127648],[25.792132,45.127606],[25.792178,45.12756],[25.792216,45.12751],[25.792232,45.12748],[25.792198,45.127505],[25.79216,45.127529],[25.792122,45.127552],[25.792082,45.127574],[25.792041,45.127595],[25.791999,45.127615],[25.791956,45.127634],[25.791912,45.127651],[25.791867,45.127667],[25.791821,45.127682],[25.791774,45.127695],[25.791726,45.127708],[25.791678,45.127718],[25.791629,45.127728],[25.79158,45.127736],[25.791531,45.127743],[25.791481,45.127748],[25.791446,45.127751],[25.791486,45.127759],[25.791564,45.12777]]],[[[25.794506,45.123931],[25.794476,45.123879],[25.794437,45.123829],[25.794389,45.123784],[25.794334,45.123743],[25.794272,45.123708],[25.794204,45.123678],[25.794132,45.123654],[25.794055,45.123637],[25.793977,45.123627],[25.793897,45.123624],[25.793818,45.123628],[25.793739,45.12364],[25.793664,45.123658],[25.793592,45.123682],[25.793525,45.123713],[25.793464,45.123749],[25.79341,45.123791],[25.793364,45.123837],[25.793326,45.123887],[25.793297,45.123939],[25.793278,45.123994],[25.793269,45.12405],[25.79327,45.124107],[25.79328,45.124163],[25.793301,45.124218],[25.793331,45.12427],[25.79337,45.124319],[25.793418,45.124364],[25.793473,45.124405],[25.793535,45.124441],[25.793603,45.124471],[25.793675,45.124494],[25.793752,45.124511],[25.79383,45.124521],[25.79391,45.124524],[25.793989,45.12452],[25.794068,45.124509],[25.794143,45.124491],[25.794215,45.124466],[25.794282,45.124436],[25.794343,45.124399],[25.794397,45.124358],[25.794444,45.124312],[25.794481,45.124262],[25.79451,45.124209],[25.794529,45.124154],[25.794538,45.124098],[25.794537,45.124042],[25.794527,45.123986],[25.794506,45.123931]]],[[[25.803855,45.124465],[25.803825,45.124412],[25.803785,45.124363],[25.803738,45.124318],[25.803683,45.124277],[25.803621,45.124241],[25.803553,45.124211],[25.80348,45.124188],[25.803404,45.124171],[25.803326,45.124161],[25.803246,45.124158],[25.803166,45.124162],[25.803088,45.124173],[25.803012,45.124191],[25.80294,45.124216],[25.802873,45.124246],[25.802812,45.124283],[25.802758,45.124325],[25.802712,45.124371],[25.802674,45.12442],[25.802646,45.124473],[25.802627,45.124528],[25.802617,45.124584],[25.802618,45.124641],[25.802629,45.124697],[25.80265,45.124751],[25.80268,45.124804],[25.802719,45.124853],[25.802767,45.124898],[25.802822,45.124939],[25.802884,45.124975],[25.802952,45.125004],[25.803024,45.125028],[25.8031,45.125045],[25.803179,45.125055],[25.803259,45.125058],[25.803338,45.125054],[25.803416,45.125043],[25.803492,45.125025],[25.803564,45.125],[25.803631,45.124969],[25.803692,45.124933],[25.803746,45.124891],[25.803792,45.124845],[25.80383,45.124795],[25.803859,45.124743],[25.803878,45.124688],[25.803887,45.124632],[25.803886,45.124575],[25.803875,45.124519],[25.803855,45.124465]]],[[[25.793471,45.125652],[25.793472,45.125708],[25.793474,45.125723],[25.793467,45.125723],[25.793387,45.125727],[25.793309,45.125738],[25.793234,45.125756],[25.793162,45.125781],[25.793095,45.125812],[25.793034,45.125848],[25.79298,45.12589],[25.792933,45.125936],[25.792896,45.125985],[25.792867,45.126038],[25.792848,45.126093],[25.792839,45.126149],[25.792839,45.126206],[25.79285,45.126262],[25.792871,45.126316],[25.792901,45.126369],[25.79294,45.126418],[25.792988,45.126463],[25.793043,45.126504],[25.793105,45.12654],[25.793173,45.126569],[25.793245,45.126593],[25.793321,45.12661],[25.7934,45.12662],[25.79348,45.126623],[25.793559,45.126619],[25.793638,45.126608],[25.793713,45.12659],[25.793785,45.126565],[25.7938,45.126558],[25.793817,45.126564],[25.793893,45.126581],[25.793972,45.126591],[25.794052,45.126594],[25.794131,45.12659],[25.794209,45.126579],[25.794285,45.126561],[25.794326,45.126547],[25.794313,45.126583],[25.794304,45.126639],[25.794305,45.126695],[25.794316,45.126751],[25.794336,45.126806],[25.794367,45.126858],[25.794406,45.126908],[25.794453,45.126953],[25.794508,45.126994],[25.79457,45.127029],[25.794638,45.127059],[25.794711,45.127083],[25.794771,45.127096],[25.794707,45.1271],[25.794628,45.127111],[25.794553,45.127129],[25.794481,45.127153],[25.794414,45.127184],[25.794353,45.12722],[25.794299,45.127262],[25.794253,45.127308],[25.794215,45.127358],[25.794186,45.127411],[25.794167,45.127465],[25.794158,45.127522],[25.794159,45.127578],[25.794169,45.127634],[25.79419,45.127689],[25.79422,45.127741],[25.794259,45.12779],[25.794307,45.127836],[25.794362,45.127876],[25.794366,45.127879],[25.794342,45.127923],[25.794323,45.127978],[25.794314,45.128034],[25.794315,45.128091],[25.794326,45.128147],[25.794327,45.128151],[25.794325,45.128158],[25.794315,45.128214],[25.794316,45.128271],[25.794327,45.128327],[25.794348,45.128381],[25.794378,45.128434],[25.794417,45.128483],[25.794464,45.128528],[25.79452,45.128569],[25.794582,45.128605],[25.794649,45.128634],[25.794703,45.128652],[25.794711,45.128694],[25.794732,45.128749],[25.794762,45.128801],[25.794801,45.12885],[25.794848,45.128896],[25.794904,45.128937],[25.794966,45.128972],[25.795034,45.129002],[25.795106,45.129026],[25.795182,45.129042],[25.795261,45.129053],[25.795341,45.129056],[25.79542,45.129051],[25.795498,45.12904],[25.795574,45.129022],[25.795646,45.128998],[25.795713,45.128967],[25.795774,45.128931],[25.795828,45.128889],[25.795874,45.128843],[25.795912,45.128793],[25.795941,45.12874],[25.79596,45.128685],[25.795969,45.128629],[25.795968,45.128573],[25.795957,45.128517],[25.795937,45.128462],[25.795931,45.128453],[25.795973,45.128438],[25.796037,45.128409],[25.796033,45.128433],[25.796034,45.128489],[25.796045,45.128545],[25.796066,45.1286],[25.796096,45.128652],[25.796135,45.128702],[25.796182,45.128747],[25.796238,45.128788],[25.7963,45.128823],[25.796367,45.128853],[25.79644,45.128877],[25.796516,45.128894],[25.796595,45.128904],[25.796634,45.128905],[25.796635,45.128937],[25.796646,45.128993],[25.796666,45.129048],[25.796679,45.129069],[25.796618,45.12909],[25.796551,45.129121],[25.79649,45.129157],[25.796436,45.129199],[25.79639,45.129245],[25.796352,45.129294],[25.796323,45.129347],[25.796304,45.129402],[25.796295,45.129458],[25.796296,45.129515],[25.796307,45.129571],[25.796327,45.129625],[25.796357,45.129678],[25.796396,45.129727],[25.796444,45.129772],[25.796499,45.129813],[25.796561,45.129849],[25.796629,45.129878],[25.796702,45.129902],[25.796778,45.129919],[25.796856,45.129929],[25.796936,45.129932],[25.797016,45.129928],[25.797094,45.129917],[25.79717,45.129899],[25.797242,45.129874],[25.797309,45.129843],[25.79737,45.129807],[25.797424,45.129765],[25.79747,45.129719],[25.797507,45.129671],[25.797524,45.129687],[25.797579,45.129728],[25.797641,45.129764],[25.797709,45.129794],[25.797782,45.129817],[25.797858,45.129834],[25.797937,45.129844],[25.798016,45.129847],[25.798096,45.129843],[25.798174,45.129832],[25.79825,45.129814],[25.798322,45.129789],[25.798389,45.129759],[25.79845,45.129722],[25.798504,45.12968],[25.79855,45.129634],[25.798588,45.129585],[25.798616,45.129532],[25.798636,45.129477],[25.798645,45.129421],[25.798644,45.129364],[25.798633,45.129308],[25.798613,45.129254],[25.798582,45.129201],[25.798543,45.129152],[25.798496,45.129107],[25.79844,45.129066],[25.798378,45.12903],[25.798311,45.129001],[25.798238,45.128977],[25.798162,45.12896],[25.798083,45.12895],[25.798004,45.128947],[25.797924,45.128951],[25.797899,45.128955],[25.797904,45.128929],[25.797903,45.128872],[25.797892,45.128816],[25.797872,45.128761],[25.797841,45.128709],[25.797802,45.12866],[25.797755,45.128614],[25.797699,45.128574],[25.797637,45.128538],[25.79757,45.128508],[25.797497,45.128485],[25.797421,45.128468],[25.797342,45.128458],[25.797303,45.128456],[25.797302,45.128424],[25.797291,45.128368],[25.797271,45.128313],[25.797241,45.128261],[25.797201,45.128212],[25.797154,45.128167],[25.797099,45.128126],[25.797037,45.12809],[25.796969,45.12806],[25.796896,45.128037],[25.79682,45.12802],[25.796742,45.12801],[25.796662,45.128007],[25.796614,45.128009],[25.796656,45.127995],[25.796723,45.127964],[25.796784,45.127928],[25.796838,45.127886],[25.796884,45.12784],[25.796922,45.12779],[25.796951,45.127738],[25.79697,45.127683],[25.796979,45.127627],[25.796978,45.127579],[25.797016,45.127587],[25.797033,45.127589],[25.797064,45.127619],[25.79712,45.12766],[25.797182,45.127695],[25.797236,45.127719],[25.797237,45.127774],[25.797248,45.12783],[25.797268,45.127885],[25.797299,45.127937],[25.797338,45.127986],[25.797385,45.128032],[25.797441,45.128073],[25.797503,45.128108],[25.79757,45.128138],[25.797643,45.128161],[25.797719,45.128178],[25.797798,45.128188],[25.797877,45.128191],[25.797957,45.128187],[25.798035,45.128176],[25.798111,45.128158],[25.798183,45.128134],[25.79825,45.128103],[25.798311,45.128066],[25.798365,45.128025],[25.798385,45.128004],[25.798396,45.128009],[25.798469,45.128033],[25.798545,45.128049],[25.798623,45.128059],[25.798703,45.128062],[25.798783,45.128058],[25.798824,45.128052],[25.798834,45.128077],[25.798864,45.12813],[25.798903,45.128179],[25.798951,45.128224],[25.799006,45.128265],[25.799068,45.128301],[25.799136,45.12833],[25.799208,45.128354],[25.799284,45.128371],[25.799363,45.128381],[25.799443,45.128384],[25.799522,45.12838],[25.79957,45.128373],[25.799628,45.128407],[25.799696,45.128436],[25.799737,45.12845],[25.799728,45.128459],[25.79969,45.128509],[25.799662,45.128561],[25.799643,45.128616],[25.79964,45.128632],[25.799622,45.128621],[25.799554,45.128591],[25.799481,45.128568],[25.799405,45.128551],[25.799327,45.128541],[25.799247,45.128538],[25.799167,45.128542],[25.799089,45.128553],[25.799013,45.128571],[25.798941,45.128596],[25.798874,45.128626],[25.798813,45.128663],[25.798759,45.128704],[25.798713,45.12875],[25.798675,45.1288],[25.798647,45.128853],[25.798628,45.128908],[25.798618,45.128964],[25.798619,45.12902],[25.79863,45.129076],[25.798651,45.129131],[25.798681,45.129183],[25.79872,45.129233],[25.798767,45.129278],[25.798823,45.129319],[25.798885,45.129354],[25.798952,45.129384],[25.799025,45.129408],[25.799101,45.129425],[25.79918,45.129435],[25.799259,45.129438],[25.799339,45.129434],[25.799417,45.129422],[25.799493,45.129404],[25.799565,45.12938],[25.799632,45.129349],[25.799693,45.129313],[25.799747,45.129271],[25.799793,45.129225],[25.799831,45.129175],[25.79986,45.129122],[25.799879,45.129068],[25.799881,45.129052],[25.7999,45.129063],[25.799968,45.129092],[25.80004,45.129116],[25.800116,45.129133],[25.800195,45.129143],[25.800275,45.129146],[25.800354,45.129142],[25.800432,45.129131],[25.800508,45.129113],[25.80058,45.129088],[25.800647,45.129057],[25.800708,45.129021],[25.800762,45.128979],[25.800808,45.128933],[25.800846,45.128884],[25.800875,45.128831],[25.800894,45.128776],[25.800903,45.12872],[25.800902,45.128663],[25.800891,45.128607],[25.800871,45.128553],[25.800841,45.1285],[25.800815,45.128469],[25.800836,45.128473],[25.800892,45.12848],[25.800897,45.128493],[25.800927,45.128545],[25.800966,45.128594],[25.801013,45.12864],[25.801069,45.128681],[25.801131,45.128716],[25.801198,45.128746],[25.801271,45.12877],[25.801347,45.128786],[25.801426,45.128797],[25.801505,45.1288],[25.801585,45.128795],[25.801663,45.128784],[25.801739,45.128766],[25.801811,45.128742],[25.801878,45.128711],[25.801939,45.128674],[25.801993,45.128633],[25.802039,45.128587],[25.802077,45.128537],[25.802106,45.128484],[25.802125,45.128429],[25.802134,45.128373],[25.802133,45.128317],[25.802122,45.128261],[25.802102,45.128206],[25.802072,45.128154],[25.802032,45.128105],[25.801985,45.128059],[25.80193,45.128018],[25.801868,45.127983],[25.8018,45.127953],[25.801727,45.12793],[25.801651,45.127913],[25.801596,45.127906],[25.801591,45.127893],[25.801561,45.127841],[25.801522,45.127791],[25.801474,45.127746],[25.801419,45.127705],[25.801357,45.12767],[25.801289,45.12764],[25.801216,45.127616],[25.80114,45.127599],[25.801062,45.127589],[25.800982,45.127586],[25.800902,45.127591],[25.800824,45.127602],[25.800748,45.12762],[25.800677,45.127644],[25.80061,45.127675],[25.800549,45.127711],[25.800494,45.127753],[25.80049,45.127757],[25.800482,45.12775],[25.800427,45.127709],[25.800365,45.127673],[25.800297,45.127643],[25.800225,45.12762],[25.800148,45.127603],[25.80007,45.127593],[25.79999,45.12759],[25.799911,45.127594],[25.799863,45.127601],[25.799805,45.127567],[25.799799,45.127565],[25.799807,45.127555],[25.799827,45.127518],[25.799848,45.127513],[25.79992,45.127488],[25.799987,45.127458],[25.800048,45.127421],[25.800102,45.12738],[25.800148,45.127334],[25.800186,45.127284],[25.800192,45.127274],[25.800198,45.127274],[25.800277,45.12727],[25.800346,45.12726],[25.800354,45.12728],[25.800384,45.127332],[25.800423,45.127381],[25.800471,45.127427],[25.800526,45.127467],[25.800588,45.127503],[25.800656,45.127533],[25.800728,45.127556],[25.800804,45.127573],[25.800883,45.127583],[25.800963,45.127586],[25.801042,45.127582],[25.801121,45.127571],[25.801196,45.127553],[25.801268,45.127529],[25.801335,45.127498],[25.801396,45.127461],[25.80145,45.12742],[25.801496,45.127374],[25.801507,45.12736],[25.801526,45.127378],[25.801581,45.127419],[25.801643,45.127454],[25.801711,45.127484],[25.801783,45.127508],[25.801859,45.127524],[25.801938,45.127535],[25.802018,45.127537],[25.802097,45.127533],[25.802176,45.127522],[25.802251,45.127504],[25.802323,45.12748],[25.80239,45.127449],[25.802451,45.127412],[25.802505,45.127371],[25.802551,45.127325],[25.802589,45.127275],[25.802618,45.127222],[25.802637,45.127167],[25.802646,45.127111],[25.802645,45.127055],[25.802635,45.126999],[25.802614,45.126944],[25.802584,45.126892],[25.802545,45.126843],[25.802497,45.126797],[25.802442,45.126756],[25.80238,45.126721],[25.802312,45.126691],[25.802239,45.126668],[25.802163,45.126651],[25.802085,45.126641],[25.802005,45.126638],[25.801925,45.126642],[25.801847,45.126653],[25.801771,45.126671],[25.8017,45.126695],[25.801633,45.126726],[25.801572,45.126763],[25.801518,45.126804],[25.801471,45.12685],[25.801461,45.126864],[25.801449,45.126852],[25.801471,45.126835],[25.801518,45.126789],[25.801555,45.126739],[25.801584,45.126686],[25.801603,45.126631],[25.801612,45.126575],[25.801612,45.126519],[25.801601,45.126463],[25.80158,45.126408],[25.80155,45.126356],[25.801511,45.126306],[25.801463,45.126261],[25.801408,45.12622],[25.801346,45.126185],[25.801278,45.126155],[25.801206,45.126131],[25.80113,45.126114],[25.801051,45.126104],[25.800971,45.126101],[25.800892,45.126105],[25.800813,45.126117],[25.800738,45.126135],[25.800666,45.126159],[25.800599,45.12619],[25.800538,45.126226],[25.800484,45.126268],[25.800438,45.126314],[25.8004,45.126364],[25.800382,45.126396],[25.800343,45.126387],[25.800265,45.126377],[25.800185,45.126374],[25.800105,45.126378],[25.800027,45.126389],[25.799951,45.126407],[25.799879,45.126432],[25.799812,45.126463],[25.799751,45.126499],[25.799697,45.126541],[25.799651,45.126587],[25.799613,45.126637],[25.799611,45.12664],[25.799611,45.12664],[25.799581,45.126588],[25.799542,45.126538],[25.799494,45.126493],[25.799439,45.126452],[25.799377,45.126417],[25.799309,45.126387],[25.799237,45.126363],[25.79916,45.126346],[25.799082,45.126336],[25.799002,45.126333],[25.798923,45.126337],[25.798844,45.126349],[25.798769,45.126366],[25.798714,45.126385],[25.798714,45.126383],[25.798699,45.126343],[25.798734,45.126338],[25.79881,45.12632],[25.798882,45.126295],[25.798949,45.126264],[25.79901,45.126228],[25.799064,45.126186],[25.79911,45.12614],[25.799148,45.12609],[25.799176,45.126038],[25.799196,45.125983],[25.799205,45.125927],[25.799204,45.12587],[25.799193,45.125814],[25.799173,45.12576],[25.799142,45.125707],[25.799103,45.125658],[25.799056,45.125613],[25.799,45.125572],[25.798938,45.125536],[25.798895,45.125517],[25.798941,45.12549],[25.798995,45.125448],[25.799041,45.125402],[25.799079,45.125353],[25.799096,45.125322],[25.799106,45.125321],[25.799185,45.12531],[25.79926,45.125292],[25.799332,45.125267],[25.799399,45.125237],[25.79946,45.1252],[25.799514,45.125158],[25.79956,45.125112],[25.799598,45.125063],[25.799627,45.12501],[25.799646,45.124955],[25.799655,45.124899],[25.799654,45.124842],[25.799643,45.124786],[25.799623,45.124732],[25.799593,45.124679],[25.799554,45.12463],[25.799506,45.124585],[25.799451,45.124544],[25.799389,45.124508],[25.799321,45.124479],[25.799248,45.124455],[25.799172,45.124438],[25.799094,45.124428],[25.799014,45.124425],[25.798934,45.124429],[25.798856,45.12444],[25.79878,45.124458],[25.798709,45.124483],[25.798642,45.124514],[25.798581,45.12455],[25.798527,45.124592],[25.79848,45.124638],[25.798443,45.124688],[25.798426,45.124719],[25.798415,45.124719],[25.798337,45.12473],[25.798261,45.124748],[25.798189,45.124773],[25.798122,45.124804],[25.798061,45.12484],[25.798007,45.124882],[25.797961,45.124928],[25.797923,45.124978],[25.797895,45.12503],[25.797876,45.125085],[25.797866,45.125141],[25.797867,45.125198],[25.797878,45.125254],[25.797899,45.125308],[25.797929,45.125361],[25.797968,45.12541],[25.798015,45.125455],[25.798071,45.125496],[25.798133,45.125532],[25.798176,45.125551],[25.79813,45.125578],[25.798076,45.125619],[25.79803,45.125666],[25.797992,45.125715],[25.797964,45.125768],[25.797944,45.125823],[25.797935,45.125879],[25.797936,45.125936],[25.797947,45.125992],[25.797962,45.126032],[25.797927,45.126037],[25.797851,45.126055],[25.797779,45.126079],[25.797712,45.12611],[25.797651,45.126147],[25.797597,45.126188],[25.797551,45.126234],[25.79755,45.126235],[25.797532,45.126225],[25.797464,45.126195],[25.797392,45.126172],[25.797315,45.126155],[25.797237,45.126145],[25.797157,45.126142],[25.797078,45.126146],[25.796999,45.126157],[25.796924,45.126175],[25.796852,45.1262],[25.796785,45.126231],[25.796724,45.126267],[25.79667,45.126309],[25.796623,45.126355],[25.796586,45.126404],[25.796557,45.126457],[25.796539,45.126508],[25.796464,45.126499],[25.796384,45.126496],[25.796305,45.1265],[25.796246,45.126508],[25.796174,45.126492],[25.796095,45.126482],[25.796015,45.126479],[25.795966,45.126482],[25.795956,45.126466],[25.795917,45.126416],[25.79587,45.126371],[25.795814,45.12633],[25.795752,45.126295],[25.795685,45.126265],[25.795612,45.126241],[25.795536,45.126224],[25.795457,45.126214],[25.795378,45.126211],[25.795298,45.126215],[25.79522,45.126227],[25.795159,45.126241],[25.795091,45.126226],[25.795012,45.126216],[25.794933,45.126213],[25.794853,45.126217],[25.794775,45.126228],[25.794699,45.126246],[25.794658,45.12626],[25.794671,45.126224],[25.79468,45.126168],[25.794679,45.126111],[25.794669,45.126055],[25.794648,45.126001],[25.794618,45.125948],[25.794614,45.125944],[25.794646,45.125913],[25.794683,45.125863],[25.794712,45.12581],[25.794731,45.125756],[25.79474,45.125699],[25.794739,45.125643],[25.794729,45.125587],[25.794708,45.125532],[25.794678,45.12548],[25.794639,45.125431],[25.794591,45.125385],[25.794536,45.125345],[25.794474,45.125309],[25.794406,45.125279],[25.794334,45.125256],[25.794316,45.125252],[25.794339,45.125209],[25.794358,45.125154],[25.794367,45.125098],[25.794367,45.125041],[25.794356,45.124985],[25.794335,45.124931],[25.794305,45.124878],[25.794266,45.124829],[25.794218,45.124784],[25.794163,45.124743],[25.794101,45.124707],[25.794033,45.124678],[25.793961,45.124654],[25.793885,45.124637],[25.793806,45.124627],[25.793726,45.124624],[25.793647,45.124628],[25.793569,45.124639],[25.793557,45.124609],[25.793527,45.124557],[25.793488,45.124508],[25.793441,45.124462],[25.793385,45.124422],[25.793323,45.124386],[25.793255,45.124356],[25.793183,45.124333],[25.793107,45.124316],[25.793028,45.124306],[25.792949,45.124303],[25.792869,45.124307],[25.792791,45.124318],[25.792715,45.124336],[25.792643,45.12436],[25.792576,45.124391],[25.792515,45.124428],[25.792461,45.124469],[25.792415,45.124515],[25.792377,45.124565],[25.792348,45.124618],[25.792329,45.124673],[25.79232,45.124729],[25.792321,45.124785],[25.792332,45.124841],[25.792352,45.124896],[25.792382,45.124948],[25.792422,45.124997],[25.792469,45.125043],[25.792524,45.125084],[25.792586,45.125119],[25.792654,45.125149],[25.792727,45.125173],[25.792803,45.12519],[25.792881,45.1252],[25.792961,45.125203],[25.793041,45.125198],[25.793119,45.125187],[25.79313,45.125217],[25.79316,45.12527],[25.793199,45.125319],[25.793247,45.125364],[25.793302,45.125405],[25.793364,45.125441],[25.793432,45.12547],[25.793504,45.125494],[25.793522,45.125498],[25.793499,45.125541],[25.79348,45.125596],[25.793471,45.125652]],[[25.795449,45.127125],[25.795488,45.127174],[25.795536,45.127219],[25.795591,45.12726],[25.795653,45.127296],[25.795721,45.127325],[25.795793,45.127349],[25.795816,45.127354],[25.795804,45.127366],[25.795766,45.127415],[25.795738,45.127468],[25.795719,45.127523],[25.79571,45.127579],[25.79571,45.127598],[25.795654,45.127596],[25.795575,45.1276],[25.795497,45.127612],[25.795421,45.12763],[25.795416,45.127631],[25.795418,45.127625],[25.795427,45.127569],[25.795427,45.127513],[25.795416,45.127457],[25.795395,45.127402],[25.795365,45.12735],[25.795326,45.127301],[25.795278,45.127255],[25.795223,45.127214],[25.795161,45.127179],[25.795093,45.127149],[25.795021,45.127125],[25.79496,45.127112],[25.795025,45.127109],[25.795103,45.127097],[25.795164,45.127083],[25.795232,45.127098],[25.795311,45.127108],[25.79539,45.127111],[25.79544,45.127109],[25.795449,45.127125]],[[25.797855,45.126934],[25.797851,45.126932],[25.797778,45.126909],[25.797702,45.126892],[25.797684,45.126889],[25.797663,45.126869],[25.797704,45.126829],[25.797704,45.126828],[25.797722,45.126838],[25.79779,45.126868],[25.797863,45.126892],[25.797893,45.126898],[25.797882,45.126907],[25.797855,45.126934]],[[25.796398,45.12805],[25.796356,45.128065],[25.796292,45.128094],[25.796296,45.12807],[25.796295,45.128051],[25.796351,45.128053],[25.796398,45.12805]]],[[[25.80133,45.125158],[25.801299,45.125105],[25.80126,45.125056],[25.801213,45.125011],[25.801157,45.12497],[25.801095,45.124934],[25.801028,45.124905],[25.800955,45.124881],[25.800879,45.124864],[25.8008,45.124854],[25.800721,45.124851],[25.800641,45.124855],[25.800563,45.124866],[25.800487,45.124884],[25.800415,45.124909],[25.800348,45.12494],[25.800287,45.124976],[25.800233,45.125018],[25.800187,45.125064],[25.800149,45.125113],[25.800121,45.125166],[25.800101,45.125221],[25.800092,45.125277],[25.800093,45.125334],[25.800104,45.12539],[25.800124,45.125444],[25.800155,45.125497],[25.800194,45.125546],[25.800241,45.125591],[25.800297,45.125632],[25.800359,45.125668],[25.800426,45.125697],[25.800499,45.125721],[25.800575,45.125738],[25.800654,45.125748],[25.800733,45.125751],[25.800813,45.125747],[25.800891,45.125736],[25.800967,45.125718],[25.801039,45.125693],[25.801106,45.125662],[25.801167,45.125626],[25.801221,45.125584],[25.801267,45.125538],[25.801305,45.125489],[25.801333,45.125436],[25.801353,45.125381],[25.801362,45.125325],[25.801361,45.125268],[25.80135,45.125212],[25.80133,45.125158]]],[[[25.805068,45.125171],[25.805038,45.125119],[25.804998,45.12507],[25.804951,45.125024],[25.804896,45.124984],[25.804834,45.124948],[25.804766,45.124918],[25.804693,45.124895],[25.804617,45.124878],[25.804538,45.124868],[25.804459,45.124865],[25.804379,45.124869],[25.804301,45.12488],[25.804225,45.124898],[25.804153,45.124922],[25.804086,45.124953],[25.804025,45.12499],[25.803971,45.125031],[25.803925,45.125077],[25.803887,45.125127],[25.803859,45.12518],[25.80384,45.125235],[25.80383,45.125291],[25.803831,45.125347],[25.803842,45.125403],[25.803863,45.125458],[25.803893,45.12551],[25.803932,45.12556],[25.803979,45.125605],[25.804035,45.125646],[25.804097,45.125681],[25.804165,45.125711],[25.804237,45.125735],[25.804313,45.125752],[25.804392,45.125762],[25.804472,45.125765],[25.804551,45.12576],[25.804629,45.125749],[25.804705,45.125731],[25.804777,45.125707],[25.804844,45.125676],[25.804905,45.12564],[25.804959,45.125598],[25.805005,45.125552],[25.805043,45.125502],[25.805072,45.125449],[25.805091,45.125394],[25.8051,45.125338],[25.805099,45.125282],[25.805088,45.125226],[25.805068,45.125171]]],[[[25.79764,45.125505],[25.797619,45.12545],[25.797589,45.125398],[25.79755,45.125349],[25.797502,45.125303],[25.797447,45.125262],[25.797385,45.125227],[25.797317,45.125197],[25.797245,45.125173],[25.797168,45.125156],[25.79709,45.125146],[25.79701,45.125143],[25.796931,45.125148],[25.796852,45.125159],[25.796777,45.125177],[25.796705,45.125201],[25.796638,45.125232],[25.796577,45.125268],[25.796523,45.12531],[25.796476,45.125356],[25.796439,45.125406],[25.79641,45.125459],[25.796391,45.125513],[25.796382,45.12557],[25.796383,45.125626],[25.796393,45.125682],[25.796414,45.125737],[25.796444,45.125789],[25.796483,45.125838],[25.796531,45.125884],[25.796586,45.125924],[25.796648,45.12596],[25.796716,45.12599],[25.796788,45.126013],[25.796865,45.12603],[25.796943,45.12604],[25.797023,45.126043],[25.797102,45.126039],[25.797181,45.126028],[25.797256,45.12601],[25.797328,45.125986],[25.797395,45.125955],[25.797456,45.125918],[25.79751,45.125877],[25.797557,45.125831],[25.797594,45.125781],[25.797623,45.125728],[25.797642,45.125673],[25.797651,45.125617],[25.79765,45.125561],[25.79764,45.125505]]],[[[25.788182,45.127875],[25.78823,45.12792],[25.788285,45.127961],[25.788347,45.127996],[25.788415,45.128026],[25.788487,45.12805],[25.788564,45.128067],[25.788642,45.128077],[25.788722,45.12808],[25.788801,45.128076],[25.78888,45.128064],[25.788955,45.128046],[25.789027,45.128022],[25.789066,45.128004],[25.789135,45.12802],[25.789214,45.12803],[25.789294,45.128033],[25.789373,45.128029],[25.789452,45.128017],[25.789527,45.127999],[25.789599,45.127975],[25.789666,45.127944],[25.789727,45.127908],[25.789781,45.127866],[25.789827,45.12782],[25.789865,45.12777],[25.789894,45.127718],[25.789913,45.127663],[25.789922,45.127607],[25.789921,45.12755],[25.789911,45.127494],[25.78989,45.127439],[25.78986,45.127387],[25.789821,45.127338],[25.789773,45.127293],[25.789718,45.127252],[25.789656,45.127216],[25.789588,45.127186],[25.789516,45.127163],[25.789439,45.127146],[25.789361,45.127136],[25.789281,45.127133],[25.789202,45.127137],[25.789123,45.127148],[25.789048,45.127166],[25.789025,45.127174],[25.788993,45.127134],[25.788945,45.127088],[25.78889,45.127048],[25.788828,45.127012],[25.78876,45.126982],[25.78874,45.126976],[25.788741,45.12701],[25.788739,45.127046],[25.788736,45.127081],[25.78873,45.127117],[25.788723,45.127152],[25.788713,45.127188],[25.788702,45.127222],[25.788688,45.127257],[25.788673,45.127291],[25.788656,45.127325],[25.788637,45.127358],[25.788616,45.12739],[25.788593,45.127422],[25.788568,45.127454],[25.788542,45.127484],[25.788514,45.127514],[25.788484,45.127543],[25.788453,45.127571],[25.78842,45.127598],[25.788386,45.127625],[25.78835,45.12765],[25.788313,45.127674],[25.788275,45.127697],[25.788235,45.12772],[25.788194,45.12774],[25.788152,45.12776],[25.788115,45.127776],[25.788143,45.127825],[25.788182,45.127875]]],[[[25.782753,45.127092],[25.782698,45.127051],[25.782636,45.127015],[25.782568,45.126986],[25.782496,45.126962],[25.78242,45.126945],[25.782341,45.126935],[25.782261,45.126932],[25.782182,45.126936],[25.782103,45.126947],[25.782028,45.126965],[25.781956,45.12699],[25.781889,45.127021],[25.781828,45.127057],[25.781774,45.127099],[25.781728,45.127145],[25.78169,45.127194],[25.781661,45.127247],[25.781642,45.127302],[25.781633,45.127358],[25.781634,45.127415],[25.781644,45.127471],[25.781665,45.127525],[25.781695,45.127578],[25.781734,45.127627],[25.781782,45.127672],[25.781837,45.127713],[25.781866,45.12773],[25.781821,45.127774],[25.781783,45.127824],[25.781754,45.127877],[25.781735,45.127932],[25.781726,45.127988],[25.781727,45.128044],[25.781738,45.1281],[25.781758,45.128155],[25.781788,45.128207],[25.781827,45.128257],[25.781875,45.128302],[25.78193,45.128343],[25.781992,45.128378],[25.78206,45.128408],[25.782133,45.128432],[25.782209,45.128449],[25.782287,45.128459],[25.782367,45.128462],[25.782447,45.128458],[25.782525,45.128446],[25.782601,45.128428],[25.782672,45.128404],[25.782739,45.128373],[25.7828,45.128337],[25.782855,45.128295],[25.782901,45.128249],[25.782939,45.128199],[25.782967,45.128147],[25.782986,45.128092],[25.782996,45.128036],[25.782995,45.127979],[25.782984,45.127923],[25.782963,45.127869],[25.782933,45.127816],[25.782894,45.127767],[25.782847,45.127722],[25.782791,45.127681],[25.782763,45.127664],[25.782808,45.127619],[25.782845,45.12757],[25.782874,45.127517],[25.782893,45.127462],[25.782902,45.127406],[25.782902,45.127349],[25.782891,45.127293],[25.78287,45.127239],[25.78284,45.127186],[25.782801,45.127137],[25.782753,45.127092]]],[[[25.793792,45.127201],[25.793762,45.127148],[25.793722,45.127099],[25.793675,45.127054],[25.79362,45.127013],[25.793558,45.126977],[25.79349,45.126948],[25.793417,45.126924],[25.793341,45.126907],[25.793263,45.126897],[25.793183,45.126894],[25.793103,45.126898],[25.793025,45.126909],[25.792949,45.126927],[25.792877,45.126952],[25.79281,45.126983],[25.792749,45.127019],[25.792695,45.127061],[25.792649,45.127107],[25.792611,45.127156],[25.792583,45.127209],[25.792564,45.127264],[25.792554,45.12732],[25.792555,45.127377],[25.792566,45.127433],[25.792587,45.127487],[25.792617,45.12754],[25.792656,45.127589],[25.792703,45.127634],[25.792759,45.127675],[25.792821,45.127711],[25.792888,45.12774],[25.792961,45.127764],[25.793037,45.127781],[25.793116,45.127791],[25.793195,45.127794],[25.793275,45.12779],[25.793353,45.127779],[25.793429,45.127761],[25.793501,45.127736],[25.793568,45.127705],[25.793629,45.127669],[25.793683,45.127627],[25.793729,45.127581],[25.793767,45.127532],[25.793796,45.127479],[25.793815,45.127424],[25.793824,45.127368],[25.793823,45.127311],[25.793812,45.127255],[25.793792,45.127201]]],[[[25.794829,45.128953],[25.794808,45.128898],[25.794778,45.128846],[25.794739,45.128797],[25.794691,45.128751],[25.794636,45.128711],[25.794574,45.128675],[25.794506,45.128645],[25.794434,45.128622],[25.794358,45.128605],[25.794279,45.128595],[25.794199,45.128592],[25.79412,45.128596],[25.794041,45.128607],[25.793966,45.128625],[25.793894,45.128649],[25.793827,45.12868],[25.793766,45.128717],[25.793712,45.128758],[25.793666,45.128804],[25.793628,45.128854],[25.793599,45.128907],[25.79358,45.128962],[25.793571,45.129018],[25.793572,45.129074],[25.793582,45.12913],[25.793603,45.129185],[25.793633,45.129237],[25.793672,45.129286],[25.79372,45.129332],[25.793775,45.129373],[25.793837,45.129408],[25.793905,45.129438],[25.793977,45.129462],[25.794054,45.129479],[25.794132,45.129489],[25.794212,45.129492],[25.794292,45.129487],[25.79437,45.129476],[25.794445,45.129458],[25.794517,45.129434],[25.794584,45.129403],[25.794645,45.129367],[25.794699,45.129325],[25.794746,45.129279],[25.794783,45.129229],[25.794812,45.129176],[25.794831,45.129122],[25.79484,45.129065],[25.79484,45.129009],[25.794829,45.128953]]],[[[25.793721,45.129838],[25.793691,45.129786],[25.793652,45.129737],[25.793604,45.129691],[25.793549,45.12965],[25.793487,45.129615],[25.793419,45.129585],[25.793347,45.129562],[25.793271,45.129545],[25.793192,45.129535],[25.793112,45.129532],[25.793033,45.129536],[25.792955,45.129547],[25.792879,45.129565],[25.792807,45.129589],[25.79274,45.12962],[25.792679,45.129657],[25.792625,45.129698],[25.792579,45.129744],[25.792541,45.129794],[25.792512,45.129847],[25.792493,45.129902],[25.792484,45.129958],[25.792485,45.130014],[25.792495,45.13007],[25.792516,45.130125],[25.792546,45.130177],[25.792585,45.130226],[25.792633,45.130272],[25.792688,45.130313],[25.79275,45.130348],[25.792818,45.130378],[25.792891,45.130402],[25.792967,45.130418],[25.793045,45.130429],[25.793125,45.130431],[25.793205,45.130427],[25.793283,45.130416],[25.793359,45.130398],[25.79343,45.130374],[25.793497,45.130343],[25.793558,45.130306],[25.793612,45.130265],[25.793659,45.130219],[25.793697,45.130169],[25.793725,45.130116],[25.793744,45.130061],[25.793753,45.130005],[25.793753,45.129949],[25.793742,45.129893],[25.793721,45.129838]]],[[[25.795083,45.129941],[25.795053,45.129889],[25.795013,45.12984],[25.794966,45.129794],[25.794911,45.129754],[25.794849,45.129718],[25.794781,45.129688],[25.794708,45.129665],[25.794632,45.129648],[25.794553,45.129638],[25.794474,45.129635],[25.794394,45.129639],[25.794316,45.12965],[25.79424,45.129668],[25.794168,45.129693],[25.794101,45.129723],[25.79404,45.12976],[25.793986,45.129801],[25.79394,45.129847],[25.793902,45.129897],[25.793874,45.12995],[25.793854,45.130005],[25.793845,45.130061],[25.793846,45.130117],[25.793857,45.130173],[25.793877,45.130228],[25.793908,45.13028],[25.793909,45.130282],[25.793838,45.130299],[25.793766,45.130324],[25.793699,45.130355],[25.793638,45.130391],[25.793584,45.130433],[25.793538,45.130479],[25.7935,45.130529],[25.793471,45.130581],[25.793452,45.130636],[25.793443,45.130692],[25.793443,45.130741],[25.79343,45.130731],[25.793368,45.130695],[25.7933,45.130666],[25.793227,45.130642],[25.793151,45.130625],[25.793073,45.130615],[25.792993,45.130612],[25.792913,45.130616],[25.792835,45.130627],[25.792759,45.130645],[25.792688,45.13067],[25.792621,45.130701],[25.79256,45.130737],[25.792505,45.130779],[25.792459,45.130825],[25.792421,45.130874],[25.792393,45.130927],[25.792374,45.130982],[25.792364,45.131038],[25.792365,45.131095],[25.792376,45.131151],[25.792397,45.131205],[25.792427,45.131258],[25.792466,45.131307],[25.792513,45.131352],[25.792569,45.131393],[25.792631,45.131429],[25.792699,45.131458],[25.792771,45.131482],[25.792847,45.131499],[25.792926,45.131509],[25.793006,45.131512],[25.793085,45.131508],[25.793163,45.131497],[25.793178,45.131493],[25.793169,45.131548],[25.79317,45.131601],[25.794344,45.131593],[25.79435,45.132001],[25.794387,45.131984],[25.794448,45.131948],[25.794502,45.131906],[25.794548,45.13186],[25.794586,45.13181],[25.794615,45.131757],[25.794634,45.131703],[25.794643,45.131646],[25.794642,45.13159],[25.794632,45.131534],[25.794611,45.131479],[25.794581,45.131427],[25.794542,45.131378],[25.794494,45.131332],[25.794439,45.131292],[25.794377,45.131256],[25.794309,45.131226],[25.794237,45.131203],[25.79416,45.131186],[25.794114,45.13118],[25.794105,45.131176],[25.794073,45.131166],[25.794084,45.131166],[25.794164,45.131162],[25.794242,45.131151],[25.794317,45.131133],[25.794389,45.131108],[25.794456,45.131078],[25.794517,45.131041],[25.794571,45.131],[25.794618,45.130953],[25.794655,45.130904],[25.794684,45.130851],[25.794703,45.130796],[25.794712,45.13074],[25.794712,45.130683],[25.794701,45.130627],[25.79468,45.130573],[25.79465,45.130521],[25.794648,45.130518],[25.79472,45.130501],[25.794792,45.130477],[25.794859,45.130446],[25.79492,45.13041],[25.794974,45.130368],[25.79502,45.130322],[25.795058,45.130272],[25.795087,45.130219],[25.795106,45.130165],[25.795115,45.130108],[25.795114,45.130052],[25.795103,45.129996],[25.795083,45.129941]],[[25.793647,45.131047],[25.793709,45.131083],[25.793777,45.131113],[25.793808,45.131123],[25.793798,45.131122],[25.793718,45.131126],[25.79364,45.131138],[25.793625,45.131141],[25.793634,45.131086],[25.793633,45.131037],[25.793647,45.131047]]],[[[25.801901,45.130385],[25.801871,45.130333],[25.801832,45.130284],[25.801784,45.130238],[25.801729,45.130197],[25.801667,45.130162],[25.801599,45.130132],[25.801527,45.130108],[25.801451,45.130092],[25.801372,45.130081],[25.801292,45.130078],[25.801213,45.130083],[25.801134,45.130094],[25.801059,45.130112],[25.800987,45.130136],[25.80092,45.130167],[25.800859,45.130204],[25.800805,45.130245],[25.800758,45.130291],[25.800721,45.130341],[25.800692,45.130394],[25.800673,45.130449],[25.800664,45.130505],[25.800665,45.130561],[25.800675,45.130617],[25.800696,45.130672],[25.800726,45.130724],[25.800765,45.130773],[25.800813,45.130819],[25.800868,45.13086],[25.80093,45.130895],[25.800998,45.130925],[25.80107,45.130948],[25.801147,45.130965],[25.801225,45.130975],[25.801305,45.130978],[25.801385,45.130974],[25.801463,45.130963],[25.801538,45.130945],[25.80161,45.130921],[25.801677,45.13089],[25.801738,45.130853],[25.801792,45.130812],[25.801839,45.130766],[25.801876,45.130716],[25.801905,45.130663],[25.801924,45.130608],[25.801933,45.130552],[25.801933,45.130496],[25.801922,45.13044],[25.801901,45.130385]]],[[[25.798668,45.130147],[25.798597,45.130172],[25.79853,45.130203],[25.798469,45.130239],[25.798415,45.130281],[25.798368,45.130327],[25.798331,45.130377],[25.798302,45.130429],[25.798283,45.130484],[25.798274,45.13054],[25.798274,45.130597],[25.798285,45.130653],[25.798306,45.130707],[25.798336,45.13076],[25.798375,45.130809],[25.798423,45.130854],[25.798478,45.130895],[25.79854,45.130931],[25.798608,45.130961],[25.79868,45.130984],[25.798756,45.131001],[25.798835,45.131011],[25.798915,45.131014],[25.798994,45.13101],[25.799073,45.130999],[25.799134,45.130984],[25.799174,45.131023],[25.799229,45.131063],[25.799291,45.131099],[25.799359,45.131129],[25.799432,45.131152],[25.799508,45.131169],[25.799586,45.131179],[25.799666,45.131182],[25.799746,45.131178],[25.799824,45.131167],[25.7999,45.131149],[25.799972,45.131124],[25.800039,45.131094],[25.8001,45.131057],[25.800154,45.131016],[25.8002,45.13097],[25.800238,45.13092],[25.800266,45.130867],[25.800285,45.130812],[25.800295,45.130756],[25.800294,45.1307],[25.800283,45.130644],[25.800262,45.130589],[25.800232,45.130537],[25.800193,45.130487],[25.800145,45.130442],[25.80009,45.130401],[25.800028,45.130366],[25.79996,45.130336],[25.799888,45.130312],[25.799812,45.130295],[25.799733,45.130285],[25.799653,45.130282],[25.799574,45.130287],[25.799496,45.130298],[25.799434,45.130312],[25.799394,45.130274],[25.799339,45.130233],[25.799277,45.130197],[25.799209,45.130168],[25.799136,45.130144],[25.79906,45.130127],[25.798982,45.130117],[25.798902,45.130114],[25.798822,45.130118],[25.798744,45.130129],[25.798668,45.130147]]],[[[25.780452,45.131019],[25.780422,45.130967],[25.780383,45.130918],[25.780336,45.130872],[25.78028,45.130831],[25.780218,45.130796],[25.780151,45.130766],[25.780078,45.130742],[25.780002,45.130725],[25.779923,45.130715],[25.779844,45.130712],[25.779764,45.130716],[25.779686,45.130728],[25.77961,45.130746],[25.779538,45.13077],[25.779471,45.130801],[25.77941,45.130837],[25.779356,45.130879],[25.77931,45.130925],[25.779272,45.130975],[25.779243,45.131027],[25.779224,45.131082],[25.779215,45.131138],[25.779216,45.131195],[25.779227,45.131251],[25.779247,45.131306],[25.779277,45.131358],[25.779316,45.131407],[25.779364,45.131453],[25.779419,45.131493],[25.779481,45.131529],[25.779549,45.131559],[25.779622,45.131582],[25.779698,45.131599],[25.779776,45.131609],[25.779856,45.131612],[25.779936,45.131608],[25.780014,45.131597],[25.78009,45.131579],[25.780161,45.131555],[25.780228,45.131524],[25.780289,45.131487],[25.780344,45.131446],[25.78039,45.1314],[25.780428,45.13135],[25.780456,45.131297],[25.780475,45.131242],[25.780485,45.131186],[25.780484,45.13113],[25.780473,45.131074],[25.780452,45.131019]]],[[[25.797204,45.131166],[25.797174,45.131113],[25.797135,45.131064],[25.797087,45.131019],[25.797032,45.130978],[25.79697,45.130942],[25.796902,45.130912],[25.796829,45.130889],[25.796753,45.130872],[25.796675,45.130862],[25.796595,45.130859],[25.796515,45.130863],[25.796437,45.130874],[25.796361,45.130892],[25.796289,45.130917],[25.796222,45.130948],[25.796161,45.130984],[25.796107,45.131026],[25.796061,45.131072],[25.796023,45.131121],[25.795995,45.131174],[25.795976,45.131229],[25.795966,45.131285],[25.795967,45.131342],[25.795978,45.131398],[25.795999,45.131452],[25.796029,45.131505],[25.796068,45.131554],[25.796115,45.131599],[25.796171,45.13164],[25.796233,45.131676],[25.796301,45.131705],[25.796373,45.131729],[25.796449,45.131746],[25.796528,45.131756],[25.796608,45.131759],[25.796687,45.131755],[25.796765,45.131744],[25.796841,45.131726],[25.796913,45.131701],[25.79698,45.13167],[25.797041,45.131634],[25.797095,45.131592],[25.797141,45.131546],[25.797179,45.131496],[25.797208,45.131444],[25.797227,45.131389],[25.797236,45.131333],[25.797235,45.131276],[25.797224,45.13122],[25.797204,45.131166]]],[[[25.801828,45.131547],[25.801807,45.131493],[25.801777,45.13144],[25.801738,45.131391],[25.801691,45.131346],[25.801635,45.131305],[25.801573,45.131269],[25.801506,45.131239],[25.801433,45.131216],[25.801357,45.131199],[25.801278,45.131189],[25.801199,45.131186],[25.801119,45.13119],[25.801041,45.131201],[25.800965,45.131219],[25.800893,45.131244],[25.800826,45.131274],[25.800765,45.131311],[25.800711,45.131353],[25.800665,45.131399],[25.800627,45.131448],[25.800598,45.131501],[25.800579,45.131556],[25.80057,45.131612],[25.800571,45.131669],[25.800582,45.131725],[25.800602,45.131779],[25.800632,45.131832],[25.800672,45.131881],[25.800719,45.131926],[25.800774,45.131967],[25.800836,45.132003],[25.800904,45.132032],[25.800977,45.132056],[25.801053,45.132073],[25.801131,45.132083],[25.801211,45.132086],[25.801291,45.132082],[25.801369,45.132071],[25.801445,45.132053],[25.801517,45.132028],[25.801584,45.131997],[25.801645,45.131961],[25.801699,45.131919],[25.801745,45.131873],[25.801783,45.131823],[25.801811,45.131771],[25.80183,45.131716],[25.80184,45.13166],[25.801839,45.131603],[25.801828,45.131547]]],[[[25.806283,45.131476],[25.806253,45.131424],[25.806214,45.131375],[25.806166,45.131329],[25.806111,45.131289],[25.806049,45.131253],[25.805981,45.131223],[25.805909,45.1312],[25.805832,45.131183],[25.805754,45.131173],[25.805674,45.13117],[25.805595,45.131174],[25.805516,45.131185],[25.805441,45.131203],[25.805369,45.131228],[25.805302,45.131258],[25.805241,45.131295],[25.805187,45.131336],[25.80514,45.131382],[25.805103,45.131432],[25.805074,45.131485],[25.805055,45.13154],[25.805046,45.131596],[25.805047,45.131652],[25.805057,45.131708],[25.805078,45.131763],[25.805108,45.131815],[25.805147,45.131865],[25.805195,45.13191],[25.80525,45.131951],[25.805312,45.131986],[25.80538,45.132016],[25.805453,45.13204],[25.805529,45.132057],[25.805607,45.132067],[25.805687,45.13207],[25.805767,45.132066],[25.805845,45.132054],[25.805921,45.132036],[25.805992,45.132012],[25.806059,45.131981],[25.80612,45.131945],[25.806174,45.131903],[25.806221,45.131857],[25.806258,45.131807],[25.806287,45.131754],[25.806306,45.1317],[25.806315,45.131643],[25.806315,45.131587],[25.806304,45.131531],[25.806283,45.131476]]],[[[25.801074,45.132531],[25.801006,45.132501],[25.800933,45.132478],[25.800857,45.132461],[25.800779,45.132451],[25.800699,45.132448],[25.800619,45.132452],[25.800541,45.132463],[25.800465,45.132481],[25.800453,45.132485],[25.80045,45.13248],[25.800411,45.132431],[25.800363,45.132385],[25.800308,45.132345],[25.800246,45.132309],[25.800178,45.132279],[25.800105,45.132256],[25.800029,45.132239],[25.799951,45.132229],[25.799871,45.132226],[25.799791,45.13223],[25.799713,45.132241],[25.799637,45.132259],[25.799565,45.132284],[25.799498,45.132314],[25.799479,45.132326],[25.79946,45.132301],[25.799412,45.132256],[25.799357,45.132215],[25.799295,45.132179],[25.799227,45.132149],[25.799154,45.132126],[25.799078,45.132109],[25.799,45.132099],[25.79892,45.132096],[25.79884,45.1321],[25.798762,45.132111],[25.798686,45.132129],[25.798614,45.132154],[25.798547,45.132184],[25.798486,45.132221],[25.798432,45.132262],[25.798386,45.132309],[25.798355,45.132349],[25.798354,45.132348],[25.798298,45.132307],[25.798236,45.132271],[25.798169,45.132241],[25.798096,45.132218],[25.79802,45.132201],[25.797941,45.132191],[25.797862,45.132188],[25.797782,45.132192],[25.797704,45.132203],[25.797628,45.132221],[25.797556,45.132246],[25.797489,45.132276],[25.797428,45.132313],[25.797374,45.132355],[25.797328,45.132401],[25.79729,45.13245],[25.797261,45.132503],[25.797242,45.132558],[25.797233,45.132614],[25.797234,45.132671],[25.797245,45.132727],[25.797265,45.132781],[25.797295,45.132834],[25.797334,45.132883],[25.79738,45.132927],[25.797366,45.132953],[25.797347,45.133008],[25.797339,45.133059],[25.797585,45.133058],[25.797585,45.133108],[25.797712,45.133107],[25.798607,45.1331],[25.798607,45.133055],[25.798596,45.132999],[25.798575,45.132944],[25.798557,45.132912],[25.798558,45.132912],[25.798626,45.132942],[25.798698,45.132966],[25.798774,45.132983],[25.798853,45.132993],[25.798933,45.132996],[25.798937,45.132996],[25.798928,45.133003],[25.798882,45.133049],[25.798844,45.133098],[25.798844,45.133099],[25.798984,45.133098],[25.798991,45.133617],[25.798991,45.133617],[25.799053,45.133653],[25.799121,45.133682],[25.799179,45.133701],[25.799143,45.133749],[25.799114,45.133802],[25.799095,45.133856],[25.799094,45.133866],[25.800235,45.133858],[25.800242,45.13431],[25.800773,45.134306],[25.800774,45.134429],[25.801053,45.134427],[25.802325,45.134418],[25.802331,45.134848],[25.802916,45.134844],[25.80291,45.134359],[25.803349,45.134356],[25.803349,45.134355],[25.803302,45.13431],[25.803246,45.134269],[25.803184,45.134234],[25.803116,45.134204],[25.803044,45.13418],[25.802968,45.134163],[25.802889,45.134153],[25.802809,45.13415],[25.80273,45.134154],[25.802651,45.134166],[25.802605,45.134177],[25.802569,45.134161],[25.802497,45.134137],[25.802421,45.13412],[25.802342,45.13411],[25.802262,45.134107],[25.802183,45.134111],[25.802104,45.134123],[25.802083,45.134128],[25.802037,45.134094],[25.801975,45.134058],[25.801907,45.134028],[25.801834,45.134005],[25.801777,45.133992],[25.801762,45.13395],[25.801731,45.133898],[25.801692,45.133848],[25.801645,45.133803],[25.801589,45.133762],[25.801527,45.133727],[25.801476,45.133704],[25.80153,45.133671],[25.801584,45.13363],[25.80163,45.133584],[25.801668,45.133534],[25.801697,45.133481],[25.801716,45.133426],[25.801725,45.13337],[25.801724,45.133314],[25.801713,45.133258],[25.801693,45.133203],[25.801662,45.133151],[25.801623,45.133102],[25.801576,45.133056],[25.801521,45.133015],[25.801459,45.13298],[25.801391,45.13295],[25.801338,45.132933],[25.80134,45.132922],[25.801339,45.132865],[25.801329,45.132809],[25.801308,45.132754],[25.801278,45.132702],[25.801239,45.132653],[25.801191,45.132608],[25.801136,45.132567],[25.801074,45.132531]],[[25.800405,45.133294],[25.800457,45.133311],[25.800455,45.133323],[25.800456,45.133379],[25.800467,45.133435],[25.800487,45.13349],[25.800518,45.133542],[25.800557,45.133591],[25.800604,45.133637],[25.800644,45.133666],[25.800612,45.133659],[25.800533,45.133649],[25.800453,45.133646],[25.800374,45.13365],[25.800295,45.133661],[25.800237,45.133675],[25.800207,45.133646],[25.800151,45.133605],[25.800089,45.13357],[25.800022,45.13354],[25.799964,45.133521],[25.8,45.133473],[25.800028,45.133421],[25.800047,45.133366],[25.800057,45.13331],[25.800056,45.133253],[25.800045,45.133197],[25.800024,45.133143],[25.800009,45.133115],[25.800041,45.13311],[25.800117,45.133092],[25.80013,45.133088],[25.800133,45.133093],[25.800172,45.133143],[25.80022,45.133188],[25.800275,45.133229],[25.800337,45.133264],[25.800405,45.133294]]],[[[25.798215,45.135706],[25.798249,45.135717],[25.798249,45.135672],[25.798142,45.135673],[25.798147,45.135676],[25.798215,45.135706]]],[[[25.801758,45.136322],[25.801749,45.136378],[25.80175,45.136435],[25.80176,45.136491],[25.801781,45.136545],[25.801811,45.136598],[25.80185,45.136647],[25.801898,45.136692],[25.801953,45.136733],[25.802015,45.136769],[25.802083,45.136798],[25.802155,45.136822],[25.802232,45.136839],[25.80231,45.136849],[25.80239,45.136852],[25.80247,45.136848],[25.802548,45.136837],[25.802624,45.136819],[25.802695,45.136794],[25.802726,45.13678],[25.80278,45.13682],[25.802842,45.136856],[25.80291,45.136885],[25.802983,45.136909],[25.803059,45.136926],[25.803137,45.136936],[25.803217,45.136939],[25.803297,45.136935],[25.803375,45.136924],[25.803451,45.136906],[25.803523,45.136881],[25.80359,45.13685],[25.803651,45.136814],[25.803705,45.136772],[25.803751,45.136726],[25.803789,45.136677],[25.80381,45.136637],[25.803155,45.136642],[25.801883,45.136651],[25.801877,45.136221],[25.801802,45.136221],[25.801777,45.136267],[25.801758,45.136322]]],[[[25.804512,45.136574],[25.804591,45.13657],[25.80465,45.136562],[25.804686,45.136588],[25.804748,45.136624],[25.804816,45.136654],[25.804889,45.136677],[25.804965,45.136694],[25.805043,45.136704],[25.805123,45.136707],[25.805203,45.136703],[25.805281,45.136692],[25.805357,45.136674],[25.805429,45.136649],[25.805496,45.136619],[25.805557,45.136582],[25.805611,45.13654],[25.805657,45.136494],[25.805695,45.136445],[25.805723,45.136392],[25.805742,45.136337],[25.805752,45.136281],[25.805751,45.136224],[25.80574,45.136168],[25.805719,45.136114],[25.805689,45.136061],[25.80565,45.136012],[25.805602,45.135967],[25.805547,45.135926],[25.805485,45.13589],[25.805474,45.135886],[25.805478,45.136141],[25.804419,45.136148],[25.804425,45.13657],[25.804432,45.136571],[25.804512,45.136574]]],[[[25.805321,45.133865],[25.805291,45.133813],[25.805252,45.133763],[25.805205,45.133718],[25.805149,45.133677],[25.805087,45.133642],[25.80502,45.133612],[25.804947,45.133588],[25.804871,45.133571],[25.804792,45.133561],[25.804712,45.133558],[25.804633,45.133562],[25.804555,45.133574],[25.804479,45.133592],[25.804407,45.133616],[25.80434,45.133647],[25.804279,45.133683],[25.804225,45.133725],[25.804179,45.133771],[25.804141,45.133821],[25.804112,45.133874],[25.804093,45.133928],[25.804084,45.133985],[25.804085,45.134041],[25.804096,45.134097],[25.804116,45.134152],[25.804146,45.134204],[25.804186,45.134253],[25.804233,45.134299],[25.804288,45.134339],[25.804305,45.134349],[25.805143,45.134343],[25.805159,45.134333],[25.805213,45.134292],[25.805259,45.134246],[25.805297,45.134196],[25.805325,45.134143],[25.805345,45.134088],[25.805354,45.134032],[25.805353,45.133976],[25.805342,45.13392],[25.805321,45.133865]]],[[[25.795245,45.135025],[25.795214,45.134973],[25.795175,45.134924],[25.795128,45.134878],[25.795123,45.134875],[25.795067,45.134875],[25.795067,45.134852],[25.794838,45.134854],[25.794183,45.134858],[25.794148,45.134885],[25.794102,45.134931],[25.794064,45.134981],[25.794035,45.135034],[25.794016,45.135089],[25.794007,45.135145],[25.794008,45.135201],[25.794019,45.135257],[25.794039,45.135312],[25.794069,45.135364],[25.794108,45.135413],[25.794156,45.135459],[25.794211,45.1355],[25.794273,45.135535],[25.794341,45.135565],[25.794414,45.135589],[25.79449,45.135605],[25.794568,45.135615],[25.794648,45.135618],[25.794728,45.135614],[25.794806,45.135603],[25.794882,45.135585],[25.794954,45.135561],[25.795021,45.13553],[25.795082,45.135493],[25.795136,45.135452],[25.795182,45.135406],[25.79522,45.135356],[25.795248,45.135303],[25.795267,45.135248],[25.795277,45.135192],[25.795276,45.135136],[25.795265,45.13508],[25.795245,45.135025]]],[[[25.793447,45.136014],[25.793417,45.135961],[25.793378,45.135912],[25.79333,45.135867],[25.793275,45.135826],[25.793213,45.13579],[25.793145,45.135761],[25.793073,45.135737],[25.792996,45.13572],[25.792918,45.13571],[25.792838,45.135707],[25.792758,45.135711],[25.79268,45.135722],[25.792604,45.13574],[25.792533,45.135765],[25.792466,45.135796],[25.792405,45.135832],[25.79235,45.135874],[25.792304,45.13592],[25.792266,45.135969],[25.792238,45.136022],[25.792219,45.136077],[25.792209,45.136133],[25.79221,45.13619],[25.792221,45.136246],[25.792242,45.1363],[25.792272,45.136353],[25.792311,45.136402],[25.792358,45.136447],[25.792414,45.136488],[25.792476,45.136524],[25.792544,45.136553],[25.792616,45.136577],[25.792692,45.136594],[25.792771,45.136604],[25.792851,45.136607],[25.79293,45.136603],[25.793009,45.136592],[25.793084,45.136574],[25.793156,45.136549],[25.793223,45.136518],[25.793284,45.136482],[25.793338,45.13644],[25.793384,45.136394],[25.793422,45.136345],[25.793451,45.136292],[25.79347,45.136237],[25.793479,45.136181],[25.793478,45.136124],[25.793468,45.136068],[25.793447,45.136014]]],[[[25.800908,45.136327],[25.800878,45.136274],[25.800841,45.136228],[25.799807,45.136236],[25.799807,45.136191],[25.799765,45.136233],[25.799727,45.136283],[25.799698,45.136335],[25.799679,45.13639],[25.79967,45.136446],[25.799671,45.136503],[25.799682,45.136559],[25.799702,45.136613],[25.799732,45.136666],[25.799772,45.136715],[25.799819,45.13676],[25.799874,45.136801],[25.799936,45.136837],[25.800004,45.136867],[25.800077,45.13689],[25.800153,45.136907],[25.800232,45.136917],[25.800311,45.13692],[25.800391,45.136916],[25.800469,45.136905],[25.800545,45.136887],[25.800617,45.136862],[25.800684,45.136831],[25.800745,45.136795],[25.800799,45.136753],[25.800845,45.136707],[25.800883,45.136658],[25.800912,45.136605],[25.800931,45.13655],[25.80094,45.136494],[25.800939,45.136437],[25.800928,45.136381],[25.800908,45.136327]]],[[[25.798493,45.13643],[25.798472,45.136375],[25.798442,45.136323],[25.798403,45.136274],[25.798355,45.136228],[25.7983,45.136188],[25.798238,45.136152],[25.79817,45.136122],[25.798098,45.136099],[25.798021,45.136082],[25.797943,45.136072],[25.797863,45.136069],[25.797784,45.136073],[25.797705,45.136084],[25.79763,45.136102],[25.797558,45.136127],[25.797491,45.136157],[25.79743,45.136194],[25.797376,45.136235],[25.797329,45.136281],[25.797292,45.136331],[25.797263,45.136384],[25.797244,45.136439],[25.797235,45.136495],[25.797235,45.136551],[25.797246,45.136607],[25.797267,45.136662],[25.797297,45.136714],[25.797336,45.136764],[25.797384,45.136809],[25.797439,45.13685],[25.797501,45.136885],[25.797569,45.136915],[25.797641,45.136939],[25.797717,45.136956],[25.797796,45.136966],[25.797876,45.136969],[25.797955,45.136965],[25.798034,45.136953],[25.798109,45.136935],[25.798181,45.136911],[25.798248,45.13688],[25.798309,45.136844],[25.798363,45.136802],[25.79841,45.136756],[25.798447,45.136706],[25.798476,45.136653],[25.798495,45.136599],[25.798504,45.136542],[25.798504,45.136486],[25.798493,45.13643]]],[[[25.812367,45.092697],[25.812337,45.092644],[25.812298,45.092595],[25.812251,45.09255],[25.812195,45.092509],[25.812134,45.092473],[25.812066,45.092444],[25.811993,45.09242],[25.811917,45.092403],[25.811839,45.092393],[25.811759,45.09239],[25.811679,45.092394],[25.811601,45.092405],[25.811526,45.092423],[25.811454,45.092448],[25.811387,45.092479],[25.811326,45.092515],[25.811272,45.092557],[25.811226,45.092603],[25.811188,45.092653],[25.811159,45.092705],[25.81114,45.09276],[25.811131,45.092816],[25.811132,45.092873],[25.811143,45.092929],[25.811163,45.092984],[25.811193,45.093036],[25.811232,45.093085],[25.81128,45.09313],[25.811335,45.093171],[25.811397,45.093207],[25.811465,45.093237],[25.811537,45.09326],[25.811614,45.093277],[25.811692,45.093287],[25.811772,45.09329],[25.811851,45.093286],[25.81193,45.093275],[25.812005,45.093257],[25.812077,45.093232],[25.812144,45.093201],[25.812205,45.093165],[25.812259,45.093123],[25.812305,45.093077],[25.812343,45.093028],[25.812371,45.092975],[25.812391,45.09292],[25.8124,45.092864],[25.812399,45.092807],[25.812388,45.092751],[25.812367,45.092697]]],[[[25.8145,45.105211],[25.81447,45.105159],[25.814431,45.10511],[25.814383,45.105064],[25.814328,45.105024],[25.814266,45.104988],[25.814198,45.104958],[25.814126,45.104935],[25.81405,45.104918],[25.813971,45.104908],[25.813891,45.104905],[25.813812,45.104909],[25.813734,45.10492],[25.813658,45.104938],[25.813586,45.104963],[25.813519,45.104993],[25.813458,45.10503],[25.813404,45.105071],[25.813358,45.105117],[25.81332,45.105167],[25.813316,45.105175],[25.814112,45.105169],[25.814121,45.105775],[25.814138,45.105771],[25.81421,45.105747],[25.814276,45.105716],[25.814337,45.10568],[25.814391,45.105638],[25.814438,45.105592],[25.814475,45.105542],[25.814504,45.105489],[25.814523,45.105435],[25.814532,45.105378],[25.814532,45.105322],[25.814521,45.105266],[25.8145,45.105211]]],[[[25.814253,45.106801],[25.814313,45.106781],[25.814307,45.106799],[25.814297,45.106855],[25.814298,45.106911],[25.8143,45.106921],[25.814581,45.106919],[25.81458,45.106836],[25.81515,45.106832],[25.815145,45.106455],[25.815084,45.106442],[25.815005,45.106432],[25.814925,45.106429],[25.814846,45.106433],[25.814768,45.106444],[25.814692,45.106462],[25.814633,45.106482],[25.814639,45.106465],[25.814648,45.106408],[25.814647,45.106352],[25.814643,45.106329],[25.814195,45.106339],[25.81413,45.106381],[25.814132,45.106527],[25.814153,45.106543],[25.814155,45.106544],[25.814161,45.106551],[25.814166,45.106558],[25.814169,45.106565],[25.81417,45.106573],[25.814169,45.106581],[25.814166,45.106588],[25.814162,45.106596],[25.814155,45.106602],[25.814148,45.106608],[25.814139,45.106612],[25.814136,45.106613],[25.814133,45.106614],[25.814136,45.106825],[25.814178,45.106819],[25.814253,45.106801]]],[[[25.814546,45.10614],[25.814499,45.106094],[25.814444,45.106054],[25.814382,45.106018],[25.814314,45.105988],[25.814241,45.105965],[25.814165,45.105948],[25.814124,45.105942],[25.814128,45.10626],[25.814137,45.106256],[25.814147,45.106253],[25.814157,45.106251],[25.814167,45.10625],[25.814615,45.10624],[25.814585,45.106189],[25.814546,45.10614]]],[[[25.811958,45.105165],[25.811878,45.105162],[25.811799,45.105166],[25.811721,45.105177],[25.811679,45.105187],[25.812078,45.105184],[25.812037,45.105175],[25.811958,45.105165]]],[[[25.811445,45.105287],[25.811391,45.105328],[25.811345,45.105375],[25.811307,45.105424],[25.811279,45.105477],[25.811259,45.105532],[25.81125,45.105588],[25.811251,45.105645],[25.811262,45.105701],[25.811283,45.105755],[25.811313,45.105807],[25.811352,45.105857],[25.811399,45.105902],[25.811455,45.105943],[25.811517,45.105978],[25.811583,45.106008],[25.811571,45.10522],[25.811506,45.10525],[25.811445,45.105287]]],[[[25.816844,45.105795],[25.816823,45.10574],[25.816793,45.105688],[25.816754,45.105639],[25.816706,45.105593],[25.816651,45.105553],[25.816589,45.105517],[25.816521,45.105487],[25.816449,45.105464],[25.816373,45.105447],[25.816294,45.105437],[25.816214,45.105434],[25.816135,45.105438],[25.816057,45.105449],[25.815981,45.105467],[25.815909,45.105492],[25.815842,45.105522],[25.815781,45.105559],[25.815727,45.1056],[25.815681,45.105646],[25.815643,45.105696],[25.815615,45.105749],[25.815596,45.105804],[25.815586,45.10586],[25.815587,45.105916],[25.815598,45.105972],[25.815619,45.106027],[25.815649,45.106079],[25.815688,45.106129],[25.815735,45.106174],[25.815791,45.106215],[25.815826,45.106235],[25.816412,45.106231],[25.816626,45.106229],[25.816661,45.106209],[25.816715,45.106167],[25.816761,45.106121],[25.816799,45.106071],[25.816827,45.106018],[25.816846,45.105963],[25.816855,45.105907],[25.816855,45.105851],[25.816844,45.105795]]],[[[25.80544,45.106551],[25.805421,45.106606],[25.805412,45.106662],[25.805412,45.106719],[25.805423,45.106775],[25.805444,45.10683],[25.805474,45.106882],[25.805513,45.106931],[25.805561,45.106977],[25.805616,45.107017],[25.805678,45.107053],[25.805746,45.107083],[25.805818,45.107106],[25.805894,45.107123],[25.805973,45.107133],[25.806052,45.107136],[25.806132,45.107132],[25.80621,45.107121],[25.806286,45.107103],[25.806358,45.107078],[25.806425,45.107048],[25.806486,45.107011],[25.806532,45.106975],[25.806531,45.106867],[25.806079,45.10687],[25.806074,45.106485],[25.805476,45.106489],[25.805468,45.106499],[25.80544,45.106551]]],[[[25.806863,45.107836],[25.806918,45.107877],[25.80698,45.107912],[25.807048,45.107942],[25.807121,45.107966],[25.807197,45.107982],[25.807275,45.107993],[25.807355,45.107996],[25.807435,45.107991],[25.807513,45.10798],[25.807589,45.107962],[25.80766,45.107938],[25.807727,45.107907],[25.807771,45.107881],[25.807574,45.107882],[25.807572,45.10777],[25.806804,45.107776],[25.806816,45.10779],[25.806863,45.107836]]],[[[25.810155,45.108682],[25.810202,45.108727],[25.810257,45.108768],[25.810319,45.108804],[25.810387,45.108834],[25.81046,45.108857],[25.810536,45.108874],[25.810615,45.108884],[25.810694,45.108887],[25.810774,45.108883],[25.810852,45.108872],[25.810928,45.108854],[25.811,45.108829],[25.811066,45.108798],[25.811127,45.108762],[25.811181,45.10872],[25.811228,45.108674],[25.811265,45.108624],[25.811294,45.108572],[25.811313,45.108517],[25.811322,45.108461],[25.811322,45.108421],[25.811124,45.108423],[25.810053,45.10843],[25.810054,45.10847],[25.810065,45.108526],[25.810085,45.10858],[25.810116,45.108633],[25.810155,45.108682]]],[[[25.808991,45.107957],[25.808992,45.108013],[25.809002,45.108069],[25.809023,45.108124],[25.809053,45.108176],[25.809092,45.108226],[25.80914,45.108271],[25.809195,45.108312],[25.809257,45.108347],[25.809325,45.108377],[25.809397,45.108401],[25.809474,45.108418],[25.809552,45.108428],[25.809632,45.108431],[25.809711,45.108427],[25.80979,45.108415],[25.809852,45.1084],[25.809845,45.107866],[25.80901,45.107872],[25.809,45.107901],[25.808991,45.107957]]],[[[25.818624,45.109677],[25.818702,45.109687],[25.818782,45.10969],[25.818861,45.109686],[25.81894,45.109675],[25.819015,45.109657],[25.819036,45.10965],[25.818527,45.109654],[25.818547,45.109661],[25.818624,45.109677]]],[[[25.819215,45.109565],[25.819269,45.109524],[25.819315,45.109478],[25.819353,45.109428],[25.819382,45.109375],[25.819401,45.10932],[25.81941,45.109264],[25.819409,45.109208],[25.819398,45.109152],[25.819378,45.109097],[25.819348,45.109045],[25.819308,45.108995],[25.819261,45.10895],[25.819206,45.108909],[25.819144,45.108874],[25.819097,45.108853],[25.819108,45.109623],[25.819154,45.109602],[25.819215,45.109565]]],[[[25.815308,45.109318],[25.815338,45.10937],[25.815377,45.109419],[25.815425,45.109465],[25.81548,45.109505],[25.815542,45.109541],[25.81561,45.109571],[25.815682,45.109594],[25.815759,45.109611],[25.815837,45.109621],[25.815917,45.109624],[25.815996,45.10962],[25.816075,45.109609],[25.81615,45.109591],[25.816222,45.109566],[25.816289,45.109536],[25.81635,45.109499],[25.816404,45.109457],[25.81645,45.109411],[25.816488,45.109362],[25.816517,45.109309],[25.816536,45.109254],[25.816537,45.109245],[25.816329,45.109247],[25.816328,45.109204],[25.816277,45.109205],[25.815277,45.109212],[25.815287,45.109263],[25.815308,45.109318]]],[[[25.814705,45.109763],[25.814675,45.10971],[25.814636,45.109661],[25.814588,45.109616],[25.814533,45.109575],[25.814471,45.109539],[25.814403,45.109509],[25.814331,45.109486],[25.814255,45.109469],[25.814176,45.109459],[25.814121,45.109457],[25.814123,45.109634],[25.813594,45.109638],[25.813563,45.109669],[25.813525,45.109718],[25.813496,45.109771],[25.813477,45.109826],[25.813468,45.109882],[25.813469,45.109939],[25.81348,45.109995],[25.8135,45.110049],[25.813531,45.110102],[25.81357,45.110151],[25.813617,45.110196],[25.813672,45.110237],[25.813734,45.110273],[25.813802,45.110302],[25.813875,45.110326],[25.813951,45.110343],[25.81403,45.110353],[25.814109,45.110356],[25.814189,45.110352],[25.814267,45.110341],[25.814343,45.110323],[25.814415,45.110298],[25.814481,45.110267],[25.814542,45.110231],[25.814596,45.110189],[25.814643,45.110143],[25.81468,45.110093],[25.814709,45.110041],[25.814728,45.109986],[25.814737,45.10993],[25.814737,45.109873],[25.814726,45.109817],[25.814705,45.109763]]],[[[25.81664,45.110205],[25.81661,45.110153],[25.816571,45.110104],[25.816524,45.110058],[25.816468,45.110018],[25.816406,45.109982],[25.816339,45.109952],[25.816266,45.109929],[25.81619,45.109912],[25.816111,45.109902],[25.816032,45.109899],[25.815952,45.109903],[25.815874,45.109914],[25.815798,45.109932],[25.815726,45.109957],[25.815659,45.109987],[25.815598,45.110024],[25.815544,45.110065],[25.815498,45.110112],[25.81546,45.110161],[25.815432,45.110214],[25.815413,45.110269],[25.815404,45.110325],[25.815404,45.110382],[25.815415,45.110438],[25.815436,45.110492],[25.815466,45.110544],[25.815505,45.110594],[25.815553,45.110639],[25.815608,45.11068],[25.81567,45.110715],[25.815738,45.110745],[25.81581,45.110769],[25.815886,45.110786],[25.815965,45.110796],[25.816045,45.110799],[25.816124,45.110795],[25.816202,45.110783],[25.816278,45.110765],[25.81635,45.110741],[25.816417,45.11071],[25.816478,45.110674],[25.816532,45.110632],[25.816578,45.110586],[25.816616,45.110536],[25.816644,45.110483],[25.816663,45.110429],[25.816673,45.110372],[25.816672,45.110316],[25.816661,45.11026],[25.81664,45.110205]]],[[[25.813743,45.110528],[25.813688,45.110487],[25.813626,45.110451],[25.813558,45.110422],[25.813486,45.110398],[25.81341,45.110381],[25.813331,45.110371],[25.813251,45.110368],[25.813172,45.110372],[25.813094,45.110383],[25.813018,45.110401],[25.812946,45.110426],[25.812879,45.110457],[25.812818,45.110493],[25.812764,45.110535],[25.812718,45.110581],[25.81268,45.110631],[25.812652,45.110683],[25.812633,45.110738],[25.812623,45.110794],[25.812624,45.110851],[25.812635,45.110907],[25.812656,45.110962],[25.812686,45.111014],[25.812725,45.111063],[25.812772,45.111108],[25.812828,45.111149],[25.81289,45.111185],[25.812957,45.111215],[25.81303,45.111238],[25.813106,45.111255],[25.813128,45.111258],[25.813104,45.111281],[25.813067,45.111331],[25.813038,45.111384],[25.813019,45.111439],[25.81301,45.111495],[25.813011,45.111552],[25.813021,45.111608],[25.813042,45.111662],[25.813072,45.111714],[25.813108,45.11176],[25.81304,45.11177],[25.812965,45.111788],[25.812893,45.111812],[25.812826,45.111843],[25.812765,45.11188],[25.812711,45.111921],[25.812703,45.111929],[25.812695,45.111886],[25.812674,45.111831],[25.812644,45.111779],[25.812605,45.11173],[25.812557,45.111684],[25.812502,45.111643],[25.81244,45.111608],[25.812372,45.111578],[25.812299,45.111555],[25.812223,45.111538],[25.812145,45.111528],[25.812065,45.111525],[25.811986,45.111529],[25.811907,45.11154],[25.811832,45.111558],[25.81176,45.111582],[25.811693,45.111613],[25.811632,45.11165],[25.811578,45.111691],[25.811532,45.111737],[25.811494,45.111787],[25.811465,45.11184],[25.811446,45.111895],[25.811437,45.111951],[25.811438,45.112007],[25.811449,45.112063],[25.811469,45.112118],[25.811499,45.11217],[25.811538,45.11222],[25.811586,45.112265],[25.811641,45.112306],[25.811703,45.112341],[25.811771,45.112371],[25.811844,45.112395],[25.81192,45.112412],[25.811998,45.112422],[25.812078,45.112425],[25.812158,45.11242],[25.812236,45.112409],[25.812311,45.112391],[25.812383,45.112367],[25.81245,45.112336],[25.812511,45.112299],[25.812565,45.112258],[25.812573,45.11225],[25.812582,45.112293],[25.812602,45.112348],[25.812632,45.1124],[25.812671,45.112449],[25.812719,45.112495],[25.812774,45.112536],[25.812836,45.112571],[25.812904,45.112601],[25.812977,45.112624],[25.813053,45.112641],[25.813131,45.112651],[25.813211,45.112654],[25.813291,45.11265],[25.813369,45.112639],[25.813372,45.112638],[25.81338,45.11266],[25.81341,45.112712],[25.813449,45.112762],[25.813497,45.112807],[25.813552,45.112848],[25.813614,45.112883],[25.813682,45.112913],[25.813754,45.112937],[25.813789,45.112944],[25.813783,45.112977],[25.813784,45.113034],[25.813795,45.11309],[25.813816,45.113144],[25.813846,45.113197],[25.813885,45.113246],[25.813933,45.113291],[25.813988,45.113332],[25.81405,45.113368],[25.814118,45.113397],[25.81419,45.113421],[25.814266,45.113438],[25.814345,45.113448],[25.814425,45.113451],[25.814504,45.113447],[25.814582,45.113436],[25.814658,45.113418],[25.81473,45.113393],[25.814797,45.113362],[25.814858,45.113326],[25.814912,45.113284],[25.814932,45.113264],[25.814943,45.113268],[25.815015,45.113292],[25.815092,45.113309],[25.81517,45.113319],[25.81525,45.113322],[25.815329,45.113318],[25.815408,45.113307],[25.815483,45.113289],[25.815555,45.113264],[25.815622,45.113233],[25.815683,45.113197],[25.815737,45.113155],[25.815783,45.113109],[25.815821,45.113059],[25.81585,45.113007],[25.815867,45.112957],[25.815874,45.112953],[25.815935,45.112917],[25.815989,45.112875],[25.816036,45.112829],[25.816073,45.112779],[25.816098,45.112733],[25.816101,45.11274],[25.816131,45.112792],[25.81617,45.112841],[25.816218,45.112887],[25.816273,45.112928],[25.816335,45.112963],[25.816403,45.112993],[25.816442,45.113006],[25.816425,45.113055],[25.816416,45.113112],[25.816417,45.113168],[25.816427,45.113224],[25.816448,45.113279],[25.816478,45.113331],[25.816517,45.11338],[25.816565,45.113426],[25.81662,45.113466],[25.816682,45.113502],[25.81675,45.113532],[25.816822,45.113555],[25.816899,45.113572],[25.816977,45.113582],[25.817057,45.113585],[25.817136,45.113581],[25.817215,45.11357],[25.81729,45.113552],[25.817362,45.113527],[25.817429,45.113497],[25.81749,45.11346],[25.817544,45.113418],[25.817551,45.113412],[25.817559,45.113426],[25.817571,45.113441],[25.817541,45.113455],[25.81748,45.113491],[25.817426,45.113533],[25.81738,45.113579],[25.817342,45.113629],[25.817313,45.113681],[25.817294,45.113736],[25.817285,45.113792],[25.817286,45.113849],[25.817297,45.113905],[25.817317,45.113959],[25.817348,45.114012],[25.817387,45.114061],[25.817434,45.114106],[25.817489,45.114147],[25.817551,45.114183],[25.817619,45.114213],[25.817692,45.114236],[25.817768,45.114253],[25.817847,45.114263],[25.817926,45.114266],[25.818006,45.114262],[25.818084,45.114251],[25.81816,45.114233],[25.818232,45.114208],[25.818299,45.114177],[25.81836,45.114141],[25.818414,45.114099],[25.81846,45.114053],[25.818498,45.114003],[25.818526,45.113951],[25.818545,45.113896],[25.818554,45.11384],[25.818554,45.113783],[25.818543,45.113727],[25.818522,45.113673],[25.818492,45.11362],[25.81848,45.113605],[25.81851,45.113592],[25.818571,45.113555],[25.818625,45.113513],[25.818672,45.113467],[25.818709,45.113418],[25.818738,45.113365],[25.818757,45.11331],[25.818766,45.113254],[25.818765,45.113197],[25.818762,45.113182],[25.818796,45.113171],[25.818808,45.113165],[25.818829,45.113191],[25.818877,45.113237],[25.818932,45.113278],[25.818994,45.113313],[25.819062,45.113343],[25.819134,45.113367],[25.819211,45.113383],[25.819289,45.113394],[25.819369,45.113396],[25.819444,45.113393],[25.819462,45.113397],[25.81954,45.113407],[25.81962,45.11341],[25.8197,45.113405],[25.819778,45.113394],[25.819853,45.113376],[25.819925,45.113352],[25.819992,45.113321],[25.820053,45.113285],[25.820107,45.113243],[25.820153,45.113197],[25.820191,45.113147],[25.820215,45.113102],[25.82022,45.113097],[25.820248,45.113044],[25.820267,45.112989],[25.820276,45.112933],[25.820276,45.112877],[25.820265,45.112821],[25.820244,45.112766],[25.820214,45.112714],[25.820175,45.112665],[25.820127,45.112619],[25.820072,45.112578],[25.82001,45.112543],[25.819942,45.112513],[25.81987,45.112489],[25.819794,45.112473],[25.819715,45.112463],[25.819635,45.11246],[25.819556,45.112464],[25.819478,45.112475],[25.819402,45.112493],[25.819387,45.112498],[25.819356,45.112497],[25.819276,45.112501],[25.819198,45.112512],[25.819122,45.11253],[25.819051,45.112554],[25.819038,45.11256],[25.819017,45.112534],[25.81897,45.112488],[25.818914,45.112448],[25.818852,45.112412],[25.818785,45.112382],[25.818712,45.112359],[25.818636,45.112342],[25.818557,45.112332],[25.818478,45.112329],[25.818398,45.112333],[25.81832,45.112344],[25.818244,45.112362],[25.818172,45.112387],[25.818105,45.112417],[25.818044,45.112454],[25.81799,45.112496],[25.817944,45.112542],[25.817906,45.112591],[25.817878,45.112644],[25.817859,45.112699],[25.817849,45.112755],[25.81785,45.112812],[25.817853,45.112827],[25.81782,45.112838],[25.817753,45.112869],[25.817692,45.112905],[25.817638,45.112947],[25.817631,45.112954],[25.817623,45.112939],[25.817583,45.11289],[25.817536,45.112845],[25.817481,45.112804],[25.817419,45.112768],[25.817351,45.112739],[25.817311,45.112726],[25.817329,45.112676],[25.817338,45.11262],[25.817337,45.112564],[25.817326,45.112508],[25.817305,45.112453],[25.817275,45.112401],[25.817236,45.112351],[25.817189,45.112306],[25.817133,45.112265],[25.817071,45.11223],[25.817004,45.1122],[25.816931,45.112176],[25.816855,45.112159],[25.816823,45.112155],[25.816815,45.112114],[25.816794,45.112059],[25.816764,45.112007],[25.816725,45.111957],[25.816677,45.111912],[25.816622,45.111871],[25.81656,45.111836],[25.816492,45.111806],[25.81642,45.111782],[25.816343,45.111765],[25.816265,45.111755],[25.816185,45.111752],[25.816106,45.111756],[25.816027,45.111768],[25.815952,45.111786],[25.81588,45.11181],[25.815813,45.111841],[25.815752,45.111877],[25.815698,45.111919],[25.815652,45.111965],[25.815614,45.112015],[25.815585,45.112068],[25.815566,45.112122],[25.815563,45.112145],[25.815489,45.112142],[25.81541,45.112146],[25.815331,45.112157],[25.815256,45.112175],[25.815184,45.1122],[25.815117,45.112231],[25.815056,45.112267],[25.815002,45.112309],[25.814956,45.112355],[25.814918,45.112405],[25.814889,45.112457],[25.814872,45.112507],[25.814865,45.112511],[25.814804,45.112547],[25.81475,45.112589],[25.814729,45.112609],[25.814719,45.112604],[25.814646,45.112581],[25.814612,45.112573],[25.814617,45.11254],[25.814616,45.112484],[25.814605,45.112428],[25.814585,45.112373],[25.814555,45.112321],[25.814515,45.112272],[25.814468,45.112226],[25.814413,45.112185],[25.814351,45.11215],[25.814283,45.11212],[25.81421,45.112097],[25.814134,45.11208],[25.814056,45.11207],[25.813976,45.112067],[25.813896,45.112071],[25.813818,45.112082],[25.813815,45.112083],[25.813807,45.112061],[25.813777,45.112009],[25.813741,45.111963],[25.813809,45.111953],[25.813884,45.111935],[25.813956,45.111911],[25.814023,45.11188],[25.814084,45.111844],[25.814138,45.111802],[25.814184,45.111756],[25.814222,45.111706],[25.814251,45.111653],[25.81427,45.111599],[25.814279,45.111542],[25.814278,45.111486],[25.814267,45.11143],[25.814247,45.111375],[25.814217,45.111323],[25.814177,45.111274],[25.81413,45.111228],[25.814075,45.111188],[25.814013,45.111152],[25.813945,45.111122],[25.813872,45.111099],[25.813796,45.111082],[25.813774,45.111079],[25.813798,45.111055],[25.813836,45.111006],[25.813864,45.110953],[25.813883,45.110898],[25.813892,45.110842],[25.813892,45.110785],[25.813881,45.110729],[25.81386,45.110675],[25.81383,45.110622],[25.813791,45.110573],[25.813743,45.110528]]],[[[25.808674,45.110785],[25.808653,45.11073],[25.808623,45.110678],[25.808584,45.110629],[25.808536,45.110583],[25.808481,45.110542],[25.808419,45.110507],[25.808351,45.110477],[25.808279,45.110453],[25.808203,45.110437],[25.808124,45.110426],[25.808044,45.110424],[25.807965,45.110428],[25.807887,45.110439],[25.807811,45.110457],[25.807739,45.110481],[25.807672,45.110512],[25.807611,45.110549],[25.807557,45.11059],[25.807511,45.110636],[25.807473,45.110686],[25.807444,45.110739],[25.807425,45.110794],[25.807416,45.11085],[25.807417,45.110906],[25.807428,45.110962],[25.807448,45.111017],[25.807478,45.111069],[25.807518,45.111118],[25.807565,45.111164],[25.80762,45.111205],[25.807682,45.11124],[25.80775,45.11127],[25.807823,45.111293],[25.807899,45.11131],[25.807977,45.11132],[25.808057,45.111323],[25.808137,45.111319],[25.808215,45.111308],[25.808291,45.11129],[25.808362,45.111266],[25.808429,45.111235],[25.80849,45.111198],[25.808544,45.111157],[25.808591,45.111111],[25.808628,45.111061],[25.808657,45.111008],[25.808676,45.110953],[25.808685,45.110897],[25.808685,45.110841],[25.808674,45.110785]]],[[[25.816495,45.111142],[25.816465,45.11109],[25.816426,45.11104],[25.816378,45.110995],[25.816323,45.110954],[25.816261,45.110919],[25.816193,45.110889],[25.81612,45.110865],[25.816044,45.110848],[25.815966,45.110838],[25.815886,45.110835],[25.815807,45.11084],[25.815728,45.110851],[25.815653,45.110869],[25.815581,45.110893],[25.815514,45.110924],[25.815453,45.110961],[25.815399,45.111002],[25.815353,45.111048],[25.815315,45.111098],[25.815286,45.111151],[25.815267,45.111206],[25.815258,45.111262],[25.815259,45.111318],[25.81527,45.111374],[25.81529,45.111429],[25.81532,45.111481],[25.815359,45.11153],[25.815407,45.111576],[25.815462,45.111617],[25.815524,45.111652],[25.815592,45.111682],[25.815665,45.111705],[25.815741,45.111722],[25.815819,45.111732],[25.815899,45.111735],[25.815979,45.111731],[25.816057,45.11172],[25.816132,45.111702],[25.816204,45.111677],[25.816271,45.111647],[25.816332,45.11161],[25.816386,45.111569],[25.816433,45.111523],[25.81647,45.111473],[25.816499,45.11142],[25.816518,45.111365],[25.816527,45.111309],[25.816526,45.111253],[25.816516,45.111197],[25.816495,45.111142]]],[[[25.811514,45.11134],[25.811483,45.111288],[25.811444,45.111239],[25.811397,45.111194],[25.811342,45.111153],[25.81128,45.111117],[25.811212,45.111087],[25.811139,45.111064],[25.811063,45.111047],[25.810984,45.111037],[25.810905,45.111034],[25.810825,45.111038],[25.810747,45.111049],[25.810671,45.111067],[25.810599,45.111092],[25.810533,45.111122],[25.810472,45.111159],[25.810418,45.111201],[25.810371,45.111247],[25.810334,45.111296],[25.810305,45.111349],[25.810286,45.111404],[25.810277,45.11146],[25.810277,45.111517],[25.810288,45.111573],[25.810309,45.111627],[25.810339,45.11168],[25.810378,45.111729],[25.810426,45.111774],[25.810481,45.111815],[25.810543,45.111851],[25.810611,45.11188],[25.810683,45.111904],[25.810759,45.111921],[25.810838,45.111931],[25.810918,45.111934],[25.810997,45.11193],[25.811075,45.111919],[25.811151,45.111901],[25.811223,45.111876],[25.81129,45.111845],[25.811351,45.111809],[25.811405,45.111767],[25.811451,45.111721],[25.811489,45.111671],[25.811518,45.111619],[25.811537,45.111564],[25.811546,45.111508],[25.811545,45.111451],[25.811534,45.111395],[25.811514,45.11134]]],[[[25.813652,45.113448],[25.813622,45.113395],[25.813583,45.113346],[25.813535,45.113301],[25.81348,45.11326],[25.813418,45.113224],[25.81335,45.113195],[25.813278,45.113171],[25.813201,45.113154],[25.813123,45.113144],[25.813043,45.113141],[25.812964,45.113145],[25.812885,45.113156],[25.81281,45.113174],[25.812738,45.113199],[25.812671,45.11323],[25.81261,45.113266],[25.812556,45.113308],[25.81251,45.113354],[25.812472,45.113404],[25.812443,45.113456],[25.812424,45.113511],[25.812415,45.113567],[25.812416,45.113624],[25.812427,45.11368],[25.812447,45.113734],[25.812477,45.113787],[25.812517,45.113836],[25.812564,45.113881],[25.812619,45.113922],[25.812681,45.113958],[25.812749,45.113988],[25.812822,45.114011],[25.812898,45.114028],[25.812976,45.114038],[25.813056,45.114041],[25.813136,45.114037],[25.813214,45.114026],[25.81329,45.114008],[25.813361,45.113983],[25.813428,45.113952],[25.813489,45.113916],[25.813543,45.113874],[25.81359,45.113828],[25.813627,45.113779],[25.813656,45.113726],[25.813675,45.113671],[25.813684,45.113615],[25.813683,45.113558],[25.813673,45.113502],[25.813652,45.113448]]],[[[25.808721,45.113637],[25.808691,45.113585],[25.808652,45.113535],[25.808604,45.11349],[25.808549,45.113449],[25.808487,45.113414],[25.808419,45.113384],[25.808347,45.11336],[25.808271,45.113343],[25.808192,45.113333],[25.808112,45.11333],[25.808033,45.113334],[25.807955,45.113346],[25.807879,45.113364],[25.807807,45.113388],[25.80774,45.113419],[25.807679,45.113455],[25.807625,45.113497],[25.807579,45.113543],[25.807541,45.113593],[25.807513,45.113646],[25.807493,45.1137],[25.807484,45.113757],[25.807485,45.113813],[25.807496,45.113869],[25.807516,45.113924],[25.807547,45.113976],[25.807586,45.114025],[25.807633,45.114071],[25.807689,45.114111],[25.807751,45.114147],[25.807818,45.114177],[25.807891,45.1142],[25.807967,45.114217],[25.808046,45.114227],[25.808125,45.11423],[25.808205,45.114226],[25.808283,45.114215],[25.808359,45.114197],[25.808431,45.114172],[25.808498,45.114142],[25.808559,45.114105],[25.808613,45.114064],[25.808659,45.114018],[25.808697,45.113968],[25.808725,45.113915],[25.808744,45.11386],[25.808754,45.113804],[25.808753,45.113748],[25.808742,45.113692],[25.808721,45.113637]]],[[[25.815346,45.113847],[25.815315,45.113794],[25.815276,45.113745],[25.815229,45.1137],[25.815173,45.113659],[25.815111,45.113623],[25.815044,45.113593],[25.814971,45.11357],[25.814895,45.113553],[25.814816,45.113543],[25.814737,45.11354],[25.814657,45.113544],[25.814579,45.113555],[25.814503,45.113573],[25.814431,45.113598],[25.814364,45.113629],[25.814303,45.113665],[25.814249,45.113707],[25.814203,45.113753],[25.814165,45.113802],[25.814137,45.113855],[25.814118,45.11391],[25.814109,45.113966],[25.814109,45.114023],[25.81412,45.114079],[25.814141,45.114133],[25.814171,45.114186],[25.81421,45.114235],[25.814258,45.11428],[25.814313,45.114321],[25.814375,45.114357],[25.814443,45.114386],[25.814515,45.11441],[25.814591,45.114427],[25.81467,45.114437],[25.81475,45.11444],[25.814829,45.114436],[25.814907,45.114425],[25.814983,45.114407],[25.815055,45.114382],[25.815122,45.114351],[25.815183,45.114315],[25.815237,45.114273],[25.815283,45.114227],[25.815321,45.114177],[25.81535,45.114125],[25.815369,45.11407],[25.815378,45.114014],[25.815377,45.113957],[25.815366,45.113901],[25.815346,45.113847]]],[[[25.81696,45.115245],[25.817036,45.115227],[25.817108,45.115202],[25.817175,45.115172],[25.817236,45.115135],[25.81729,45.115094],[25.817336,45.115048],[25.817374,45.114998],[25.817402,45.114945],[25.817421,45.11489],[25.817431,45.114834],[25.81743,45.114778],[25.817419,45.114722],[25.817398,45.114667],[25.817368,45.114615],[25.817329,45.114565],[25.817281,45.11452],[25.817226,45.114479],[25.817164,45.114444],[25.817096,45.114414],[25.817024,45.11439],[25.816948,45.114373],[25.816869,45.114363],[25.816789,45.11436],[25.81671,45.114364],[25.816632,45.114376],[25.816556,45.114394],[25.816484,45.114418],[25.816417,45.114449],[25.816416,45.11445],[25.8164,45.114437],[25.816338,45.114402],[25.81627,45.114372],[25.816197,45.114348],[25.816121,45.114331],[25.816042,45.114321],[25.815963,45.114318],[25.815883,45.114323],[25.815805,45.114334],[25.815729,45.114352],[25.815657,45.114376],[25.815591,45.114407],[25.81553,45.114444],[25.815475,45.114485],[25.815429,45.114531],[25.815392,45.114581],[25.815363,45.114634],[25.815344,45.114689],[25.815335,45.114745],[25.815335,45.114801],[25.815346,45.114857],[25.815367,45.114912],[25.815397,45.114964],[25.815436,45.115013],[25.815484,45.115059],[25.815539,45.1151],[25.815601,45.115135],[25.815669,45.115165],[25.815741,45.115188],[25.815817,45.115205],[25.815896,45.115215],[25.815976,45.115218],[25.816055,45.115214],[25.816134,45.115203],[25.816209,45.115185],[25.816281,45.115161],[25.816348,45.11513],[25.816349,45.115129],[25.816366,45.115141],[25.816428,45.115177],[25.816495,45.115207],[25.816568,45.11523],[25.816644,45.115247],[25.816723,45.115257],[25.816802,45.11526],[25.816882,45.115256],[25.81696,45.115245]]],[[[25.818991,45.11512],[25.818961,45.115068],[25.818921,45.115018],[25.818874,45.114973],[25.818819,45.114932],[25.818757,45.114897],[25.818689,45.114867],[25.818616,45.114843],[25.81854,45.114826],[25.818462,45.114816],[25.818382,45.114813],[25.818302,45.114818],[25.818224,45.114829],[25.818148,45.114847],[25.818076,45.114871],[25.81801,45.114902],[25.817949,45.114938],[25.817895,45.11498],[25.817848,45.115026],[25.817811,45.115076],[25.817782,45.115129],[25.817763,45.115184],[25.817754,45.11524],[25.817754,45.115296],[25.817765,45.115352],[25.817786,45.115407],[25.817816,45.115459],[25.817855,45.115508],[25.817903,45.115554],[25.817958,45.115594],[25.817998,45.115618],[25.817942,45.115637],[25.817875,45.115668],[25.817814,45.115704],[25.81776,45.115746],[25.817714,45.115792],[25.817676,45.115842],[25.817648,45.115894],[25.817629,45.115949],[25.81762,45.116005],[25.81762,45.116062],[25.817631,45.116118],[25.817652,45.116172],[25.817682,45.116225],[25.817721,45.116274],[25.817769,45.116319],[25.817779,45.116327],[25.817744,45.116372],[25.817715,45.116425],[25.817696,45.11648],[25.817687,45.116536],[25.817688,45.116593],[25.817699,45.116649],[25.817719,45.116703],[25.817749,45.116755],[25.817789,45.116805],[25.817836,45.11685],[25.817891,45.116891],[25.817953,45.116926],[25.818021,45.116956],[25.818094,45.11698],[25.81817,45.116997],[25.818248,45.117007],[25.818328,45.11701],[25.818408,45.117006],[25.818486,45.116994],[25.818562,45.116976],[25.818634,45.116952],[25.8187,45.116921],[25.818761,45.116885],[25.818815,45.116843],[25.818862,45.116797],[25.818899,45.116747],[25.818928,45.116694],[25.818947,45.11664],[25.818956,45.116583],[25.818956,45.116527],[25.818945,45.116471],[25.818924,45.116416],[25.818894,45.116364],[25.818855,45.116315],[25.818807,45.116269],[25.818797,45.116262],[25.818832,45.116216],[25.818861,45.116164],[25.81888,45.116109],[25.818889,45.116053],[25.818888,45.115996],[25.818877,45.11594],[25.818857,45.115886],[25.818826,45.115833],[25.818787,45.115784],[25.81874,45.115739],[25.818684,45.115698],[25.818644,45.115675],[25.8187,45.115655],[25.818767,45.115625],[25.818828,45.115588],[25.818882,45.115547],[25.818928,45.115501],[25.818966,45.115451],[25.818995,45.115398],[25.819014,45.115343],[25.819023,45.115287],[25.819022,45.115231],[25.819011,45.115175],[25.818991,45.11512]]],[[[25.814939,45.115612],[25.814909,45.11556],[25.81487,45.115511],[25.814822,45.115465],[25.814767,45.115424],[25.814705,45.115389],[25.814637,45.115359],[25.814565,45.115336],[25.814489,45.115319],[25.81441,45.115309],[25.81433,45.115306],[25.814251,45.11531],[25.814173,45.115321],[25.814097,45.115339],[25.814025,45.115363],[25.813958,45.115394],[25.813897,45.115431],[25.813843,45.115472],[25.813797,45.115518],[25.813759,45.115568],[25.81373,45.115621],[25.813711,45.115676],[25.813702,45.115732],[25.813703,45.115788],[25.813714,45.115844],[25.813734,45.115899],[25.813765,45.115951],[25.813804,45.116001],[25.813851,45.116046],[25.813906,45.116087],[25.813969,45.116122],[25.814036,45.116152],[25.814109,45.116176],[25.814185,45.116193],[25.814264,45.116203],[25.814343,45.116206],[25.814423,45.116201],[25.814501,45.11619],[25.814577,45.116172],[25.814649,45.116148],[25.814716,45.116117],[25.814777,45.11608],[25.814831,45.116039],[25.814877,45.115993],[25.814915,45.115943],[25.814943,45.11589],[25.814962,45.115835],[25.814971,45.115779],[25.814971,45.115723],[25.81496,45.115667],[25.814939,45.115612]]],[[[25.806918,45.119891],[25.806898,45.119836],[25.806868,45.119784],[25.806828,45.119735],[25.806781,45.119689],[25.806726,45.119648],[25.806666,45.119614],[25.806669,45.119821],[25.805698,45.119827],[25.805689,45.119845],[25.80567,45.1199],[25.805661,45.119956],[25.805661,45.120012],[25.805672,45.120068],[25.805693,45.120123],[25.805723,45.120175],[25.805762,45.120224],[25.80581,45.12027],[25.805865,45.120311],[25.805927,45.120346],[25.805995,45.120376],[25.806067,45.1204],[25.806143,45.120416],[25.806222,45.120426],[25.806302,45.120429],[25.806381,45.120425],[25.80646,45.120414],[25.806535,45.120396],[25.806607,45.120372],[25.806674,45.120341],[25.806735,45.120304],[25.806789,45.120263],[25.806835,45.120217],[25.806873,45.120167],[25.806902,45.120114],[25.806921,45.120059],[25.80693,45.120003],[25.806929,45.119947],[25.806918,45.119891]]],[[[25.81194,45.1207],[25.812001,45.120663],[25.812055,45.120621],[25.812101,45.120575],[25.812139,45.120526],[25.812168,45.120473],[25.812187,45.120418],[25.812196,45.120362],[25.812195,45.120305],[25.812184,45.120249],[25.812164,45.120195],[25.812134,45.120142],[25.812094,45.120093],[25.812047,45.120048],[25.811992,45.120007],[25.81193,45.119971],[25.811862,45.119942],[25.811789,45.119918],[25.811713,45.119901],[25.811634,45.119891],[25.811555,45.119888],[25.811475,45.119892],[25.811397,45.119903],[25.811358,45.119913],[25.811342,45.119901],[25.81128,45.119866],[25.811213,45.119836],[25.81114,45.119813],[25.811064,45.119796],[25.810985,45.119786],[25.810906,45.119783],[25.810826,45.119787],[25.810748,45.119798],[25.810672,45.119816],[25.8106,45.11984],[25.810533,45.119871],[25.810472,45.119908],[25.810418,45.119949],[25.810372,45.119995],[25.810334,45.120045],[25.810306,45.120098],[25.810287,45.120153],[25.810277,45.120209],[25.810278,45.120265],[25.810289,45.120321],[25.81031,45.120376],[25.81034,45.120428],[25.810379,45.120478],[25.810426,45.120523],[25.810482,45.120564],[25.810544,45.120599],[25.810611,45.120629],[25.810684,45.120653],[25.81076,45.12067],[25.810839,45.12068],[25.810918,45.120683],[25.810998,45.120678],[25.811076,45.120667],[25.811115,45.120658],[25.811131,45.120669],[25.811193,45.120705],[25.811261,45.120735],[25.811333,45.120758],[25.811409,45.120775],[25.811488,45.120785],[25.811568,45.120788],[25.811647,45.120784],[25.811725,45.120773],[25.811801,45.120755],[25.811873,45.12073],[25.81194,45.1207]]],[[[25.819312,45.120996],[25.819317,45.121349],[25.819085,45.121351],[25.819092,45.1218],[25.817821,45.121809],[25.817615,45.12181],[25.817623,45.121851],[25.817644,45.121906],[25.817674,45.121958],[25.817713,45.122007],[25.817761,45.122053],[25.817816,45.122094],[25.817878,45.122129],[25.817946,45.122159],[25.818018,45.122182],[25.818094,45.122199],[25.818173,45.122209],[25.818253,45.122212],[25.818332,45.122208],[25.818411,45.122197],[25.818486,45.122179],[25.818558,45.122155],[25.818625,45.122124],[25.818656,45.122105],[25.81867,45.122111],[25.818743,45.122135],[25.818819,45.122152],[25.818897,45.122162],[25.818977,45.122165],[25.819057,45.122161],[25.819135,45.122149],[25.819211,45.122131],[25.819282,45.122107],[25.819349,45.122076],[25.81941,45.12204],[25.819464,45.121998],[25.819511,45.121952],[25.819548,45.121902],[25.819577,45.121849],[25.819586,45.121824],[25.819606,45.121815],[25.819645,45.121844],[25.819707,45.121879],[25.819775,45.121909],[25.819847,45.121933],[25.819923,45.12195],[25.820002,45.12196],[25.820082,45.121963],[25.820153,45.121959],[25.82015,45.121962],[25.820122,45.122014],[25.820103,45.122069],[25.820093,45.122125],[25.820094,45.122182],[25.820102,45.122222],[25.820034,45.122238],[25.819963,45.122263],[25.819896,45.122294],[25.819835,45.12233],[25.819781,45.122372],[25.819734,45.122418],[25.819697,45.122467],[25.819668,45.12252],[25.819649,45.122575],[25.81964,45.122631],[25.819641,45.122688],[25.819651,45.122744],[25.819672,45.122798],[25.819702,45.122851],[25.819741,45.1229],[25.819789,45.122945],[25.819844,45.122986],[25.819906,45.123022],[25.819974,45.123051],[25.820046,45.123075],[25.820123,45.123092],[25.820201,45.123102],[25.820281,45.123105],[25.820361,45.123101],[25.820439,45.12309],[25.820514,45.123072],[25.820586,45.123047],[25.820653,45.123016],[25.820714,45.12298],[25.820768,45.122938],[25.820815,45.122892],[25.820852,45.122842],[25.820881,45.12279],[25.8209,45.122735],[25.820909,45.122679],[25.820908,45.122622],[25.820901,45.122582],[25.820968,45.122566],[25.82104,45.122541],[25.821107,45.12251],[25.821155,45.122482],[25.82117,45.122523],[25.8212,45.122575],[25.821239,45.122624],[25.821287,45.12267],[25.821342,45.12271],[25.821404,45.122746],[25.821472,45.122776],[25.821545,45.122799],[25.821621,45.122816],[25.821675,45.122823],[25.821662,45.121937],[25.821608,45.121945],[25.821532,45.121963],[25.821461,45.121987],[25.821394,45.122018],[25.821346,45.122046],[25.821331,45.122006],[25.821301,45.121953],[25.821261,45.121904],[25.821214,45.121859],[25.821178,45.121832],[25.821254,45.121828],[25.821332,45.121817],[25.821407,45.121799],[25.821479,45.121775],[25.821546,45.121744],[25.821607,45.121707],[25.821661,45.121666],[25.821671,45.121656],[25.820782,45.121663],[25.819511,45.121672],[25.819501,45.121032],[25.819476,45.121024],[25.8194,45.121007],[25.819321,45.120997],[25.819312,45.120996]],[[25.820682,45.121673],[25.820718,45.121699],[25.820651,45.121703],[25.820653,45.1217],[25.820673,45.121664],[25.820682,45.121673]]],[[[25.817333,45.121856],[25.817287,45.121813],[25.816549,45.121818],[25.816548,45.121688],[25.816488,45.121709],[25.816421,45.12174],[25.81636,45.121776],[25.816306,45.121818],[25.816259,45.121864],[25.816222,45.121913],[25.816202,45.12195],[25.816145,45.121984],[25.816091,45.122025],[25.816045,45.122072],[25.816007,45.122121],[25.815978,45.122174],[25.815959,45.122229],[25.81595,45.122285],[25.815951,45.122342],[25.815962,45.122398],[25.815982,45.122452],[25.816012,45.122504],[25.816052,45.122554],[25.81608,45.12258],[25.816046,45.122596],[25.815985,45.122633],[25.815931,45.122674],[25.815884,45.12272],[25.815847,45.12277],[25.815818,45.122823],[25.815799,45.122878],[25.81579,45.122934],[25.81579,45.12299],[25.815801,45.123046],[25.815822,45.123101],[25.815852,45.123153],[25.815891,45.123202],[25.815939,45.123248],[25.815994,45.123289],[25.816056,45.123324],[25.816124,45.123354],[25.816196,45.123377],[25.816234,45.123386],[25.816226,45.123436],[25.816226,45.123493],[25.816237,45.123549],[25.816258,45.123603],[25.816288,45.123655],[25.816327,45.123705],[25.816375,45.12375],[25.81643,45.123791],[25.816492,45.123826],[25.81656,45.123856],[25.816615,45.123874],[25.816563,45.123914],[25.816517,45.12396],[25.816479,45.12401],[25.81645,45.124062],[25.816431,45.124117],[25.816422,45.124173],[25.816423,45.12423],[25.816434,45.124286],[25.816454,45.12434],[25.816484,45.124393],[25.816523,45.124442],[25.816571,45.124487],[25.816626,45.124528],[25.816688,45.124564],[25.816756,45.124594],[25.816829,45.124617],[25.816905,45.124634],[25.816983,45.124644],[25.817063,45.124647],[25.817143,45.124643],[25.817221,45.124632],[25.817297,45.124614],[25.817369,45.124589],[25.817435,45.124558],[25.817496,45.124522],[25.81755,45.12448],[25.817597,45.124434],[25.817634,45.124385],[25.817663,45.124332],[25.817682,45.124277],[25.817691,45.124221],[25.817691,45.124164],[25.81768,45.124108],[25.817659,45.124054],[25.817629,45.124001],[25.81759,45.123952],[25.817542,45.123907],[25.817487,45.123866],[25.817425,45.12383],[25.817357,45.123801],[25.817303,45.123783],[25.817354,45.123743],[25.817401,45.123697],[25.817438,45.123647],[25.817467,45.123594],[25.817486,45.12354],[25.817495,45.123483],[25.817494,45.123427],[25.817484,45.123371],[25.817463,45.123316],[25.817433,45.123264],[25.817394,45.123215],[25.817346,45.123169],[25.817291,45.123129],[25.817229,45.123093],[25.817161,45.123063],[25.817088,45.12304],[25.817051,45.123031],[25.817059,45.122981],[25.817058,45.122925],[25.817047,45.122869],[25.817027,45.122814],[25.816997,45.122762],[25.816958,45.122712],[25.81693,45.122686],[25.816964,45.12267],[25.817025,45.122634],[25.817079,45.122592],[25.817125,45.122546],[25.817163,45.122496],[25.817182,45.12246],[25.817239,45.122426],[25.817293,45.122384],[25.81734,45.122338],[25.817377,45.122288],[25.817406,45.122236],[25.817425,45.122181],[25.817434,45.122125],[25.817433,45.122068],[25.817423,45.122012],[25.817402,45.121958],[25.817372,45.121905],[25.817333,45.121856]]],[[[25.815751,45.122171],[25.815721,45.122118],[25.815681,45.122069],[25.815634,45.122024],[25.815579,45.121983],[25.815517,45.121947],[25.815449,45.121918],[25.815376,45.121894],[25.8153,45.121877],[25.815221,45.121867],[25.815142,45.121864],[25.815062,45.121868],[25.814984,45.121879],[25.814908,45.121897],[25.814836,45.121922],[25.814769,45.121953],[25.814708,45.121989],[25.814654,45.122031],[25.814608,45.122077],[25.81457,45.122127],[25.814542,45.122179],[25.814523,45.122234],[25.814513,45.12229],[25.814514,45.122347],[25.814525,45.122403],[25.814546,45.122457],[25.814576,45.12251],[25.814615,45.122559],[25.814663,45.122604],[25.814718,45.122645],[25.81478,45.122681],[25.814848,45.122711],[25.81492,45.122734],[25.814996,45.122751],[25.815075,45.122761],[25.815155,45.122764],[25.815234,45.12276],[25.815313,45.122749],[25.815388,45.122731],[25.81546,45.122706],[25.815527,45.122675],[25.815588,45.122639],[25.815642,45.122597],[25.815688,45.122551],[25.815726,45.122502],[25.815755,45.122449],[25.815774,45.122394],[25.815783,45.122338],[25.815782,45.122281],[25.815771,45.122225],[25.815751,45.122171]]],[[[25.819037,45.122968],[25.819007,45.122916],[25.818968,45.122867],[25.81892,45.122822],[25.818865,45.122781],[25.818803,45.122745],[25.818735,45.122715],[25.818662,45.122692],[25.818586,45.122675],[25.818508,45.122665],[25.818428,45.122662],[25.818348,45.122666],[25.81827,45.122677],[25.818194,45.122695],[25.818122,45.12272],[25.818056,45.122751],[25.817995,45.122787],[25.817941,45.122829],[25.817894,45.122875],[25.817857,45.122924],[25.817828,45.122977],[25.817809,45.123032],[25.8178,45.123088],[25.8178,45.123145],[25.817811,45.123201],[25.817832,45.123255],[25.817862,45.123308],[25.817901,45.123357],[25.817949,45.123402],[25.818004,45.123443],[25.818066,45.123479],[25.818134,45.123508],[25.818206,45.123532],[25.818283,45.123549],[25.818361,45.123559],[25.818441,45.123562],[25.81852,45.123558],[25.818599,45.123547],[25.818674,45.123529],[25.818746,45.123504],[25.818813,45.123473],[25.818874,45.123437],[25.818928,45.123395],[25.818974,45.123349],[25.819012,45.123299],[25.819041,45.123247],[25.81906,45.123192],[25.819069,45.123136],[25.819068,45.123079],[25.819057,45.123023],[25.819037,45.122968]]],[[[25.810496,45.12336],[25.810466,45.123308],[25.810427,45.123259],[25.810379,45.123213],[25.810324,45.123172],[25.810262,45.123137],[25.810194,45.123107],[25.810122,45.123084],[25.810045,45.123067],[25.809967,45.123057],[25.809887,45.123054],[25.809808,45.123058],[25.809729,45.123069],[25.809654,45.123087],[25.809582,45.123111],[25.809515,45.123142],[25.809454,45.123179],[25.8094,45.12322],[25.809354,45.123266],[25.809316,45.123316],[25.809287,45.123369],[25.809268,45.123424],[25.809259,45.12348],[25.80926,45.123536],[25.80927,45.123592],[25.809291,45.123647],[25.809321,45.123699],[25.80936,45.123748],[25.809397,45.123783],[25.809362,45.123779],[25.809282,45.123776],[25.809203,45.12378],[25.809124,45.123791],[25.809049,45.123809],[25.808977,45.123834],[25.80891,45.123865],[25.808849,45.123901],[25.808795,45.123943],[25.808749,45.123989],[25.808711,45.124038],[25.808682,45.124091],[25.808663,45.124146],[25.808654,45.124202],[25.808655,45.124259],[25.808665,45.124315],[25.808686,45.124369],[25.808716,45.124422],[25.808755,45.124471],[25.808803,45.124516],[25.808858,45.124557],[25.80892,45.124593],[25.808988,45.124622],[25.809061,45.124646],[25.809137,45.124663],[25.809215,45.124673],[25.809295,45.124676],[25.809375,45.124672],[25.809453,45.124661],[25.809529,45.124643],[25.8096,45.124618],[25.809667,45.124587],[25.809728,45.124551],[25.809782,45.124509],[25.809829,45.124463],[25.809866,45.124413],[25.809895,45.124361],[25.809914,45.124306],[25.809923,45.12425],[25.809923,45.124193],[25.809912,45.124137],[25.809891,45.124083],[25.809861,45.12403],[25.809822,45.123981],[25.809785,45.123946],[25.80982,45.123951],[25.8099,45.123954],[25.80998,45.123949],[25.810058,45.123938],[25.810134,45.12392],[25.810205,45.123896],[25.810272,45.123865],[25.810333,45.123828],[25.810387,45.123787],[25.810434,45.123741],[25.810471,45.123691],[25.8105,45.123638],[25.810519,45.123583],[25.810528,45.123527],[25.810528,45.123471],[25.810517,45.123415],[25.810496,45.12336]]],[[[25.814605,45.1261],[25.814584,45.126045],[25.814554,45.125993],[25.814515,45.125944],[25.814468,45.125898],[25.814412,45.125858],[25.81435,45.125822],[25.814282,45.125792],[25.81421,45.125769],[25.814134,45.125752],[25.814055,45.125742],[25.813975,45.125739],[25.813896,45.125743],[25.813818,45.125754],[25.813742,45.125772],[25.81367,45.125797],[25.813603,45.125827],[25.813542,45.125864],[25.813488,45.125905],[25.813442,45.125951],[25.813404,45.126001],[25.813375,45.126054],[25.813356,45.126109],[25.813347,45.126165],[25.813348,45.126222],[25.813359,45.126277],[25.813379,45.126332],[25.81341,45.126384],[25.813449,45.126434],[25.813496,45.126479],[25.813551,45.12652],[25.813614,45.126555],[25.813681,45.126585],[25.813754,45.126609],[25.81383,45.126626],[25.813909,45.126636],[25.813988,45.126639],[25.814068,45.126635],[25.814146,45.126623],[25.814222,45.126605],[25.814294,45.126581],[25.814361,45.12655],[25.814422,45.126514],[25.814476,45.126472],[25.814522,45.126426],[25.81456,45.126376],[25.814588,45.126323],[25.814607,45.126269],[25.814617,45.126212],[25.814616,45.126156],[25.814605,45.1261]]],[[[25.807112,45.126613],[25.807082,45.126561],[25.807043,45.126511],[25.806996,45.126466],[25.80694,45.126425],[25.806878,45.12639],[25.806811,45.12636],[25.806738,45.126336],[25.806662,45.126319],[25.806583,45.126309],[25.806504,45.126306],[25.806424,45.12631],[25.806346,45.126322],[25.80627,45.12634],[25.806198,45.126364],[25.806131,45.126395],[25.80607,45.126431],[25.806016,45.126473],[25.80597,45.126519],[25.805932,45.126569],[25.805903,45.126622],[25.805884,45.126676],[25.805875,45.126733],[25.805876,45.126789],[25.805887,45.126845],[25.805907,45.1269],[25.805938,45.126952],[25.805977,45.127001],[25.806024,45.127047],[25.80608,45.127087],[25.806142,45.127123],[25.806209,45.127153],[25.806282,45.127176],[25.806358,45.127193],[25.806437,45.127203],[25.806516,45.127206],[25.806596,45.127202],[25.806674,45.127191],[25.80675,45.127173],[25.806822,45.127148],[25.806889,45.127118],[25.80695,45.127081],[25.807004,45.12704],[25.80705,45.126994],[25.807088,45.126944],[25.807116,45.126891],[25.807136,45.126836],[25.807145,45.12678],[25.807144,45.126724],[25.807133,45.126668],[25.807112,45.126613]]],[[[25.809137,45.126984],[25.809107,45.126931],[25.809068,45.126882],[25.80902,45.126837],[25.808965,45.126796],[25.808903,45.12676],[25.808835,45.12673],[25.808762,45.126707],[25.808686,45.12669],[25.808608,45.12668],[25.808528,45.126677],[25.808448,45.126681],[25.80837,45.126692],[25.808294,45.12671],[25.808222,45.126735],[25.808156,45.126766],[25.808095,45.126802],[25.80804,45.126844],[25.807994,45.12689],[25.807956,45.126939],[25.807928,45.126992],[25.807909,45.127047],[25.8079,45.127103],[25.8079,45.12716],[25.807911,45.127216],[25.807932,45.12727],[25.807962,45.127323],[25.808001,45.127372],[25.808049,45.127417],[25.808104,45.127458],[25.808166,45.127494],[25.808234,45.127523],[25.808306,45.127547],[25.808382,45.127564],[25.808461,45.127574],[25.808541,45.127577],[25.80862,45.127573],[25.808699,45.127562],[25.808774,45.127544],[25.808846,45.127519],[25.808913,45.127488],[25.808974,45.127452],[25.809028,45.12741],[25.809074,45.127364],[25.809112,45.127314],[25.809141,45.127262],[25.80916,45.127207],[25.809169,45.127151],[25.809168,45.127094],[25.809157,45.127038],[25.809137,45.126984]]],[[[25.817498,45.12773],[25.817442,45.12769],[25.81738,45.127654],[25.817312,45.127624],[25.81724,45.127601],[25.817164,45.127584],[25.817085,45.127574],[25.817005,45.127571],[25.816926,45.127575],[25.816848,45.127586],[25.816772,45.127604],[25.8167,45.127629],[25.816633,45.127659],[25.816572,45.127696],[25.816518,45.127738],[25.816472,45.127784],[25.816434,45.127833],[25.816405,45.127886],[25.816386,45.127941],[25.816377,45.127997],[25.816378,45.128054],[25.816389,45.12811],[25.816409,45.128164],[25.81644,45.128217],[25.816458,45.12824],[25.816444,45.128247],[25.816383,45.128283],[25.816329,45.128325],[25.816282,45.128371],[25.816245,45.128421],[25.816216,45.128474],[25.816197,45.128529],[25.816188,45.128585],[25.816189,45.128641],[25.816199,45.128697],[25.81622,45.128752],[25.81625,45.128804],[25.816289,45.128853],[25.816337,45.128899],[25.816392,45.12894],[25.816454,45.128975],[25.816522,45.129005],[25.816595,45.129028],[25.816671,45.129045],[25.816749,45.129055],[25.816829,45.129058],[25.816909,45.129054],[25.816987,45.129043],[25.817063,45.129025],[25.817134,45.129],[25.817201,45.12897],[25.817262,45.128933],[25.817316,45.128892],[25.817363,45.128846],[25.8174,45.128796],[25.817429,45.128743],[25.817448,45.128688],[25.817457,45.128632],[25.817457,45.128576],[25.817446,45.12852],[25.817425,45.128465],[25.817395,45.128413],[25.817376,45.128389],[25.817391,45.128382],[25.817452,45.128346],[25.817506,45.128304],[25.817552,45.128258],[25.81759,45.128208],[25.817618,45.128156],[25.817638,45.128101],[25.817647,45.128045],[25.817646,45.127988],[25.817635,45.127932],[25.817614,45.127877],[25.817584,45.127825],[25.817545,45.127776],[25.817498,45.12773]]],[[[25.819074,45.127919],[25.819044,45.127866],[25.819005,45.127817],[25.818957,45.127772],[25.818902,45.127731],[25.81884,45.127695],[25.818772,45.127666],[25.818699,45.127642],[25.818623,45.127625],[25.818545,45.127615],[25.818465,45.127612],[25.818385,45.127616],[25.818307,45.127627],[25.818231,45.127645],[25.818159,45.12767],[25.818092,45.127701],[25.818032,45.127737],[25.817977,45.127779],[25.817931,45.127825],[25.817893,45.127875],[25.817865,45.127927],[25.817846,45.127982],[25.817837,45.128038],[25.817837,45.128095],[25.817848,45.128151],[25.817869,45.128206],[25.817899,45.128258],[25.817938,45.128307],[25.817986,45.128352],[25.818041,45.128393],[25.818103,45.128429],[25.818171,45.128459],[25.818243,45.128482],[25.81832,45.128499],[25.818398,45.128509],[25.818478,45.128512],[25.818557,45.128508],[25.818636,45.128497],[25.818711,45.128479],[25.818783,45.128454],[25.81885,45.128423],[25.818911,45.128387],[25.818965,45.128345],[25.819012,45.128299],[25.819049,45.12825],[25.819078,45.128197],[25.819097,45.128142],[25.819106,45.128086],[25.819105,45.128029],[25.819095,45.127973],[25.819074,45.127919]]],[[[25.81604,45.128587],[25.81601,45.128535],[25.815971,45.128486],[25.815923,45.12844],[25.815868,45.128399],[25.815806,45.128364],[25.815738,45.128334],[25.815665,45.128311],[25.815589,45.128294],[25.815511,45.128284],[25.815431,45.128281],[25.815351,45.128285],[25.815273,45.128296],[25.815197,45.128314],[25.815126,45.128338],[25.815059,45.128369],[25.814998,45.128406],[25.814944,45.128447],[25.814897,45.128493],[25.81486,45.128543],[25.814831,45.128596],[25.814812,45.128651],[25.814803,45.128707],[25.814803,45.128763],[25.814814,45.128819],[25.814835,45.128874],[25.814865,45.128926],[25.814904,45.128976],[25.814952,45.129021],[25.815007,45.129062],[25.815069,45.129097],[25.815137,45.129127],[25.815209,45.129151],[25.815286,45.129168],[25.815364,45.129178],[25.815444,45.129181],[25.815524,45.129176],[25.815602,45.129165],[25.815677,45.129147],[25.815749,45.129123],[25.815816,45.129092],[25.815877,45.129055],[25.815931,45.129014],[25.815978,45.128968],[25.816015,45.128918],[25.816044,45.128865],[25.816063,45.12881],[25.816072,45.128754],[25.816071,45.128698],[25.816061,45.128642],[25.81604,45.128587]]],[[[25.819789,45.128507],[25.819734,45.128466],[25.819672,45.12843],[25.819604,45.128401],[25.819531,45.128377],[25.819455,45.12836],[25.819377,45.12835],[25.819297,45.128347],[25.819217,45.128351],[25.819139,45.128362],[25.819063,45.12838],[25.818991,45.128405],[25.818925,45.128436],[25.818864,45.128472],[25.818809,45.128514],[25.818763,45.12856],[25.818725,45.12861],[25.818697,45.128662],[25.818678,45.128717],[25.818669,45.128773],[25.818669,45.12883],[25.818678,45.128873],[25.819183,45.12887],[25.820103,45.128863],[25.820069,45.128852],[25.819993,45.128835],[25.819937,45.128828],[25.819938,45.128821],[25.819937,45.128764],[25.819927,45.128708],[25.819906,45.128654],[25.819876,45.128601],[25.819837,45.128552],[25.819789,45.128507]]],[[[25.818081,45.128838],[25.818009,45.128815],[25.817933,45.128798],[25.817854,45.128788],[25.817774,45.128785],[25.817695,45.128789],[25.817616,45.1288],[25.817541,45.128818],[25.817469,45.128843],[25.817402,45.128873],[25.817341,45.12891],[25.817287,45.128952],[25.817241,45.128998],[25.817203,45.129047],[25.817174,45.1291],[25.817155,45.129155],[25.817146,45.129211],[25.817147,45.129268],[25.817158,45.129324],[25.817178,45.129378],[25.817208,45.129431],[25.817248,45.12948],[25.817295,45.129525],[25.81735,45.129566],[25.817412,45.129602],[25.81748,45.129631],[25.817553,45.129655],[25.817629,45.129672],[25.817664,45.129676],[25.817665,45.129677],[25.817718,45.129716],[25.817666,45.129733],[25.817599,45.129764],[25.817538,45.1298],[25.817484,45.129842],[25.817438,45.129888],[25.8174,45.129938],[25.817372,45.129991],[25.817353,45.130045],[25.817343,45.130102],[25.817344,45.130158],[25.817347,45.130174],[25.817699,45.130105],[25.817704,45.130104],[25.817706,45.130104],[25.817929,45.130078],[25.817912,45.128879],[25.818165,45.128877],[25.818149,45.128868],[25.818081,45.128838]]],[[[25.817406,45.130321],[25.817445,45.13037],[25.817493,45.130416],[25.817548,45.130456],[25.81761,45.130492],[25.817678,45.130522],[25.81775,45.130545],[25.817826,45.130562],[25.817905,45.130572],[25.817936,45.130573],[25.817931,45.130169],[25.81773,45.130192],[25.817373,45.130263],[25.817376,45.130269],[25.817406,45.130321]]],[[[25.82056,45.130986],[25.82059,45.131038],[25.820629,45.131087],[25.820677,45.131133],[25.820732,45.131173],[25.820785,45.131204],[25.820781,45.131204],[25.82078,45.131204],[25.82071,45.131181],[25.820633,45.131164],[25.820555,45.131154],[25.820475,45.131151],[25.820397,45.131155],[25.82039,45.131119],[25.820369,45.131064],[25.820339,45.131012],[25.8203,45.130963],[25.820252,45.130917],[25.820209,45.130885],[25.819987,45.130887],[25.819985,45.130785],[25.819918,45.130771],[25.81984,45.130761],[25.81976,45.130758],[25.81968,45.130762],[25.819602,45.130773],[25.819526,45.130791],[25.819455,45.130815],[25.819388,45.130846],[25.819327,45.130883],[25.819273,45.130924],[25.819226,45.13097],[25.819189,45.13102],[25.81916,45.131073],[25.819141,45.131128],[25.819132,45.131184],[25.819133,45.13124],[25.819143,45.131296],[25.819164,45.131351],[25.819194,45.131403],[25.819233,45.131452],[25.819272,45.13149],[25.819239,45.131494],[25.819163,45.131512],[25.819125,45.131525],[25.819096,45.131476],[25.819057,45.131426],[25.81901,45.131381],[25.818954,45.13134],[25.818892,45.131305],[25.818824,45.131275],[25.818752,45.131251],[25.818726,45.131245],[25.818717,45.131223],[25.818687,45.131171],[25.818648,45.131122],[25.8186,45.131076],[25.818545,45.131036],[25.818483,45.131],[25.818415,45.13097],[25.818343,45.130947],[25.818266,45.13093],[25.818188,45.13092],[25.818108,45.130917],[25.818029,45.130921],[25.81795,45.130932],[25.817875,45.13095],[25.817803,45.130975],[25.817736,45.131005],[25.817675,45.131042],[25.817621,45.131083],[25.817574,45.13113],[25.817537,45.131179],[25.817508,45.131232],[25.817489,45.131287],[25.81748,45.131343],[25.817481,45.1314],[25.817491,45.131456],[25.817512,45.13151],[25.817542,45.131562],[25.817581,45.131612],[25.817629,45.131657],[25.817674,45.13169],[25.817629,45.131717],[25.817575,45.131759],[25.817529,45.131805],[25.817491,45.131855],[25.817462,45.131907],[25.817444,45.131961],[25.817386,45.131969],[25.81731,45.131987],[25.817238,45.132012],[25.817171,45.132043],[25.81711,45.132079],[25.817056,45.132121],[25.81701,45.132167],[25.816972,45.132217],[25.816944,45.132269],[25.816925,45.132324],[25.816915,45.13238],[25.816916,45.132437],[25.816927,45.132493],[25.816948,45.132547],[25.816978,45.1326],[25.817017,45.132649],[25.817064,45.132694],[25.81712,45.132735],[25.817182,45.132771],[25.81725,45.1328],[25.817278,45.13281],[25.817227,45.132849],[25.817181,45.132895],[25.817143,45.132945],[25.817114,45.132998],[25.817095,45.133053],[25.817086,45.133109],[25.817087,45.133165],[25.817098,45.133221],[25.817118,45.133276],[25.817149,45.133328],[25.817188,45.133377],[25.817235,45.133423],[25.817291,45.133464],[25.817353,45.133499],[25.81742,45.133529],[25.817493,45.133552],[25.817569,45.133569],[25.817648,45.133579],[25.817727,45.133582],[25.817807,45.133578],[25.817885,45.133567],[25.817961,45.133549],[25.818033,45.133524],[25.8181,45.133494],[25.818161,45.133457],[25.818215,45.133416],[25.818261,45.13337],[25.818299,45.13332],[25.818328,45.133267],[25.818347,45.133212],[25.818356,45.133156],[25.818355,45.1331],[25.818344,45.133044],[25.818324,45.132989],[25.818293,45.132937],[25.818254,45.132887],[25.818207,45.132842],[25.818151,45.132801],[25.818089,45.132766],[25.818022,45.132736],[25.817993,45.132727],[25.818044,45.132687],[25.81809,45.132641],[25.818128,45.132591],[25.818157,45.132539],[25.818175,45.132485],[25.818233,45.132477],[25.818309,45.132459],[25.818381,45.132434],[25.818448,45.132403],[25.818509,45.132367],[25.818563,45.132325],[25.818609,45.132279],[25.818647,45.132229],[25.818658,45.132209],[25.818667,45.13222],[25.818714,45.132265],[25.81877,45.132306],[25.818832,45.132341],[25.8189,45.132371],[25.818972,45.132395],[25.819048,45.132412],[25.819127,45.132422],[25.819207,45.132425],[25.819286,45.132421],[25.819364,45.132409],[25.819423,45.132395],[25.819431,45.132406],[25.819479,45.132451],[25.819534,45.132492],[25.819575,45.132516],[25.819539,45.132543],[25.819493,45.132589],[25.819455,45.132639],[25.819426,45.132692],[25.819407,45.132747],[25.819398,45.132803],[25.819399,45.13286],[25.81941,45.132915],[25.81943,45.13297],[25.819461,45.133022],[25.8195,45.133072],[25.819547,45.133117],[25.819603,45.133158],[25.819665,45.133193],[25.819732,45.133223],[25.819805,45.133247],[25.819881,45.133264],[25.81996,45.133274],[25.820039,45.133277],[25.820119,45.133272],[25.820197,45.133261],[25.820273,45.133243],[25.820345,45.133219],[25.820412,45.133188],[25.82044,45.133171],[25.820441,45.133172],[25.82048,45.133221],[25.820528,45.133266],[25.820583,45.133307],[25.820645,45.133343],[25.820713,45.133373],[25.820785,45.133396],[25.820861,45.133413],[25.82094,45.133423],[25.820974,45.133424],[25.820945,45.133447],[25.820898,45.133493],[25.820861,45.133543],[25.820832,45.133596],[25.820813,45.133651],[25.820804,45.133707],[25.820804,45.133763],[25.820815,45.133819],[25.820836,45.133874],[25.820866,45.133926],[25.820905,45.133975],[25.820953,45.134021],[25.821008,45.134062],[25.82107,45.134097],[25.821138,45.134127],[25.821211,45.134151],[25.821287,45.134167],[25.821365,45.134177],[25.821445,45.13418],[25.821525,45.134176],[25.821603,45.134165],[25.821679,45.134147],[25.82175,45.134123],[25.821817,45.134092],[25.821878,45.134055],[25.821932,45.134014],[25.821979,45.133968],[25.822016,45.133918],[25.822045,45.133865],[25.822064,45.13381],[25.822073,45.133754],[25.822073,45.133718],[25.822073,45.133719],[25.822121,45.133764],[25.822176,45.133805],[25.822238,45.133841],[25.822306,45.133871],[25.822379,45.133894],[25.822431,45.133906],[25.822411,45.133941],[25.822392,45.133996],[25.822383,45.134052],[25.822384,45.134108],[25.822395,45.134164],[25.822415,45.134219],[25.822446,45.134271],[25.822485,45.13432],[25.822532,45.134366],[25.822588,45.134407],[25.82265,45.134442],[25.822717,45.134472],[25.82279,45.134496],[25.822866,45.134512],[25.822938,45.134522],[25.82289,45.134538],[25.822824,45.134569],[25.822763,45.134605],[25.822708,45.134647],[25.822662,45.134693],[25.822624,45.134742],[25.822596,45.134795],[25.822594,45.134801],[25.82257,45.134779],[25.822515,45.134738],[25.822453,45.134702],[25.822385,45.134673],[25.822312,45.134649],[25.822236,45.134632],[25.822158,45.134622],[25.822078,45.134619],[25.822016,45.134622],[25.822005,45.134569],[25.821985,45.134514],[25.821954,45.134462],[25.821915,45.134413],[25.821868,45.134367],[25.821812,45.134327],[25.82175,45.134291],[25.821683,45.134261],[25.82161,45.134238],[25.821534,45.134221],[25.821455,45.134211],[25.821375,45.134208],[25.821296,45.134212],[25.821218,45.134223],[25.821142,45.134241],[25.82107,45.134266],[25.821003,45.134296],[25.820942,45.134333],[25.820888,45.134375],[25.820842,45.134421],[25.820804,45.13447],[25.820775,45.134523],[25.820756,45.134578],[25.820747,45.134634],[25.820748,45.134691],[25.820759,45.134747],[25.820779,45.134801],[25.82081,45.134854],[25.820849,45.134903],[25.820896,45.134948],[25.820952,45.134989],[25.821014,45.135025],[25.821081,45.135054],[25.821154,45.135078],[25.82123,45.135095],[25.821309,45.135105],[25.821388,45.135108],[25.821451,45.135105],[25.821461,45.135158],[25.821482,45.135213],[25.821512,45.135265],[25.821551,45.135314],[25.821599,45.135359],[25.821654,45.1354],[25.821716,45.135436],[25.821784,45.135466],[25.821857,45.135489],[25.821928,45.135505],[25.821902,45.135517],[25.821841,45.135554],[25.821787,45.135595],[25.821741,45.135641],[25.821703,45.135691],[25.821675,45.135744],[25.821656,45.135799],[25.821646,45.135855],[25.821647,45.135911],[25.821658,45.135967],[25.821679,45.136022],[25.821709,45.136074],[25.821748,45.136123],[25.821759,45.136134],[25.82191,45.136111],[25.821939,45.136107],[25.821964,45.136105],[25.822064,45.136097],[25.822203,45.136067],[25.822263,45.136043],[25.822443,45.135954],[25.822552,45.135879],[25.822575,45.135849],[25.822586,45.135836],[25.822601,45.13582],[25.822701,45.135721],[25.82274,45.135639],[25.822746,45.135626],[25.822767,45.135588],[25.822712,45.135547],[25.82265,45.135512],[25.822582,45.135482],[25.822509,45.135458],[25.822437,45.135442],[25.822463,45.13543],[25.822524,45.135394],[25.822578,45.135352],[25.822625,45.135306],[25.822662,45.135257],[25.822691,45.135204],[25.822693,45.135198],[25.822717,45.13522],[25.822772,45.135261],[25.822834,45.135297],[25.822902,45.135326],[25.822925,45.135334],[25.823007,45.135247],[25.823046,45.135203],[25.823084,45.135156],[25.823088,45.135151],[25.823123,45.135103],[25.823171,45.135036],[25.823183,45.13502],[25.82322,45.134975],[25.823229,45.134964],[25.823253,45.13494],[25.823316,45.13488],[25.823335,45.134863],[25.823358,45.134846],[25.823472,45.134762],[25.823525,45.134716],[25.823653,45.134587],[25.823714,45.134485],[25.823733,45.134439],[25.823769,45.134317],[25.823864,45.134002],[25.823872,45.133979],[25.823882,45.133957],[25.823921,45.13388],[25.823927,45.133869],[25.823927,45.133868],[25.823853,45.133865],[25.823773,45.13387],[25.823767,45.13387],[25.823801,45.133845],[25.823847,45.133799],[25.823885,45.133749],[25.823913,45.133696],[25.823932,45.133641],[25.823941,45.133585],[25.823941,45.133529],[25.82393,45.133473],[25.823909,45.133418],[25.823879,45.133366],[25.82384,45.133316],[25.823792,45.133271],[25.823737,45.13323],[25.823675,45.133195],[25.823607,45.133165],[25.823535,45.133141],[25.823458,45.133124],[25.82338,45.133114],[25.8233,45.133111],[25.82322,45.133116],[25.823142,45.133127],[25.823067,45.133145],[25.823048,45.133151],[25.823037,45.133143],[25.822975,45.133107],[25.822907,45.133078],[25.822834,45.133054],[25.822758,45.133037],[25.82268,45.133027],[25.8226,45.133024],[25.82252,45.133028],[25.822442,45.133039],[25.822366,45.133057],[25.822295,45.133082],[25.822228,45.133113],[25.822167,45.133149],[25.822113,45.133191],[25.822066,45.133237],[25.822029,45.133287],[25.822,45.133339],[25.821981,45.133394],[25.821972,45.13345],[25.821972,45.133486],[25.821972,45.133485],[25.821924,45.13344],[25.821869,45.133399],[25.821807,45.133364],[25.821739,45.133334],[25.821666,45.13331],[25.82159,45.133293],[25.821512,45.133283],[25.821477,45.133282],[25.821507,45.133259],[25.821553,45.133213],[25.821591,45.133163],[25.82162,45.133111],[25.821639,45.133056],[25.821648,45.133],[25.821647,45.132943],[25.821636,45.132887],[25.821616,45.132833],[25.821586,45.13278],[25.821546,45.132731],[25.821499,45.132686],[25.821444,45.132645],[25.821382,45.132609],[25.821314,45.132579],[25.821241,45.132556],[25.821165,45.132539],[25.821086,45.132529],[25.821007,45.132526],[25.820927,45.13253],[25.820849,45.132541],[25.820773,45.132559],[25.820701,45.132584],[25.820634,45.132615],[25.820606,45.132632],[25.820605,45.132631],[25.820566,45.132582],[25.820519,45.132536],[25.820463,45.132496],[25.820422,45.132472],[25.820458,45.132444],[25.820505,45.132398],[25.820542,45.132348],[25.820571,45.132296],[25.82059,45.132241],[25.820599,45.132185],[25.820598,45.132128],[25.820589,45.13208],[25.820635,45.132091],[25.820692,45.132098],[25.820712,45.132109],[25.82078,45.132139],[25.820852,45.132163],[25.820928,45.13218],[25.821007,45.13219],[25.821087,45.132193],[25.821166,45.132189],[25.821245,45.132177],[25.82132,45.132159],[25.821392,45.132135],[25.821459,45.132104],[25.82152,45.132068],[25.821574,45.132026],[25.82162,45.13198],[25.821658,45.13193],[25.821687,45.131877],[25.821706,45.131822],[25.821715,45.131766],[25.821714,45.13171],[25.821703,45.131654],[25.821683,45.131599],[25.821653,45.131547],[25.821613,45.131498],[25.821566,45.131452],[25.821511,45.131412],[25.821465,45.131385],[25.821364,45.131386],[25.821363,45.13134],[25.821308,45.131323],[25.821232,45.131306],[25.821176,45.131299],[25.821164,45.131292],[25.821169,45.131292],[25.821249,45.131288],[25.821327,45.131277],[25.821362,45.131269],[25.821356,45.130877],[25.821258,45.130878],[25.82053,45.130883],[25.820539,45.130931],[25.82056,45.130986]]],[[[25.823064,45.136631],[25.823137,45.136654],[25.823213,45.136671],[25.823292,45.136681],[25.823371,45.136684],[25.823451,45.13668],[25.823529,45.136669],[25.823548,45.136665],[25.823532,45.13671],[25.823523,45.136766],[25.823524,45.136822],[25.823534,45.136878],[25.823555,45.136933],[25.823585,45.136985],[25.823624,45.137034],[25.823672,45.13708],[25.823727,45.137121],[25.823789,45.137156],[25.823857,45.137186],[25.82393,45.137209],[25.824006,45.137226],[25.824084,45.137236],[25.824164,45.137239],[25.824244,45.137235],[25.824322,45.137224],[25.824398,45.137206],[25.82447,45.137181],[25.824537,45.137151],[25.824598,45.137114],[25.824652,45.137073],[25.824698,45.137027],[25.824736,45.136977],[25.824764,45.136924],[25.824783,45.136869],[25.824793,45.136813],[25.824792,45.136757],[25.824781,45.136701],[25.82476,45.136646],[25.82473,45.136594],[25.824691,45.136544],[25.824643,45.136499],[25.824588,45.136458],[25.824526,45.136423],[25.824458,45.136393],[25.824386,45.136369],[25.824309,45.136352],[25.824231,45.136342],[25.824151,45.136339],[25.824071,45.136344],[25.823993,45.136355],[25.823975,45.136359],[25.823991,45.136314],[25.824,45.136258],[25.823999,45.136201],[25.823992,45.136166],[25.823996,45.136169],[25.824051,45.13621],[25.824113,45.136246],[25.824181,45.136276],[25.824253,45.136299],[25.82433,45.136316],[25.824408,45.136326],[25.824488,45.136329],[25.824567,45.136325],[25.824646,45.136314],[25.824721,45.136296],[25.824793,45.136271],[25.82486,45.13624],[25.824921,45.136204],[25.824975,45.136162],[25.825022,45.136116],[25.825059,45.136066],[25.825088,45.136014],[25.825107,45.135959],[25.825116,45.135903],[25.825115,45.135846],[25.825105,45.13579],[25.825084,45.135736],[25.825054,45.135683],[25.825015,45.135634],[25.824967,45.135589],[25.824912,45.135548],[25.82485,45.135512],[25.824782,45.135483],[25.824709,45.135459],[25.824633,45.135442],[25.824554,45.135432],[25.824475,45.135429],[25.824395,45.135433],[25.824317,45.135444],[25.824241,45.135462],[25.824169,45.135487],[25.824102,45.135518],[25.824041,45.135554],[25.823987,45.135596],[25.823941,45.135642],[25.823903,45.135692],[25.823875,45.135744],[25.823856,45.135799],[25.823846,45.135855],[25.823847,45.135912],[25.823854,45.135947],[25.823851,45.135944],[25.823795,45.135903],[25.823733,45.135868],[25.82371,45.135858],[25.8237,45.135877],[25.823645,45.135993],[25.823628,45.136023],[25.823623,45.13603],[25.823615,45.136043],[25.823585,45.136082],[25.82357,45.136098],[25.823447,45.136221],[25.8234,45.13628],[25.823385,45.136297],[25.823369,45.136313],[25.823352,45.136329],[25.823333,45.136344],[25.823314,45.136359],[25.823124,45.13649],[25.823105,45.136502],[25.823058,45.136528],[25.822957,45.136578],[25.822997,45.136601],[25.823064,45.136631]]],[[[25.823819,45.129524],[25.823865,45.129478],[25.823903,45.129428],[25.823931,45.129376],[25.82395,45.129321],[25.823959,45.129265],[25.823959,45.129208],[25.823948,45.129152],[25.823927,45.129097],[25.823897,45.129045],[25.823858,45.128996],[25.82381,45.128951],[25.823779,45.128927],[25.82381,45.128909],[25.823865,45.128867],[25.823911,45.128821],[25.823949,45.128771],[25.823977,45.128718],[25.823996,45.128663],[25.824005,45.128607],[25.824005,45.128551],[25.823994,45.128495],[25.823973,45.12844],[25.823943,45.128388],[25.823904,45.128339],[25.823856,45.128293],[25.823801,45.128253],[25.823739,45.128217],[25.823671,45.128187],[25.823604,45.128165],[25.823639,45.128144],[25.823693,45.128103],[25.82374,45.128056],[25.823777,45.128007],[25.823806,45.127954],[25.823825,45.127899],[25.823834,45.127843],[25.823833,45.127786],[25.823823,45.12773],[25.823813,45.127704],[25.823816,45.127703],[25.823877,45.127666],[25.823931,45.127625],[25.823978,45.127579],[25.824015,45.127529],[25.824044,45.127476],[25.824063,45.127421],[25.824072,45.127365],[25.824071,45.127308],[25.824061,45.127253],[25.82404,45.127198],[25.82401,45.127146],[25.823971,45.127096],[25.823923,45.127051],[25.823868,45.12701],[25.823806,45.126975],[25.823738,45.126945],[25.823665,45.126921],[25.823589,45.126904],[25.823511,45.126894],[25.823431,45.126891],[25.823351,45.126896],[25.823273,45.126907],[25.823197,45.126925],[25.823125,45.126949],[25.823059,45.12698],[25.822998,45.127017],[25.822943,45.127058],[25.822897,45.127104],[25.822859,45.127154],[25.822831,45.127207],[25.822812,45.127262],[25.822803,45.127318],[25.822803,45.127374],[25.822814,45.12743],[25.822824,45.127456],[25.822821,45.127458],[25.82276,45.127494],[25.822706,45.127536],[25.822659,45.127582],[25.822652,45.127592],[25.822644,45.127572],[25.822614,45.12752],[25.822575,45.127471],[25.822527,45.127425],[25.822472,45.127384],[25.82241,45.127349],[25.822342,45.127319],[25.82227,45.127296],[25.822193,45.127279],[25.822115,45.127269],[25.822035,45.127266],[25.821955,45.12727],[25.821877,45.127281],[25.821802,45.127299],[25.82173,45.127324],[25.821663,45.127354],[25.821602,45.127391],[25.821548,45.127432],[25.821501,45.127478],[25.821464,45.127528],[25.821435,45.127581],[25.821416,45.127636],[25.821407,45.127692],[25.821408,45.127748],[25.821418,45.127804],[25.821439,45.127859],[25.821469,45.127911],[25.821508,45.127961],[25.821556,45.128006],[25.821563,45.128011],[25.821544,45.128017],[25.821477,45.128048],[25.821416,45.128085],[25.821362,45.128126],[25.821336,45.128152],[25.821797,45.128149],[25.822553,45.128143],[25.822528,45.12814],[25.822449,45.128137],[25.822369,45.128141],[25.822366,45.128142],[25.822342,45.128119],[25.822335,45.128114],[25.822354,45.128108],[25.822421,45.128077],[25.822481,45.12804],[25.822536,45.127999],[25.822582,45.127953],[25.822589,45.127943],[25.822597,45.127963],[25.822627,45.128015],[25.822666,45.128064],[25.822714,45.12811],[25.822757,45.128142],[25.823068,45.12814],[25.823089,45.129573],[25.82376,45.129568],[25.823765,45.129566],[25.823819,45.129524]]],[[[25.820941,45.12812],[25.820865,45.128103],[25.820786,45.128093],[25.820706,45.12809],[25.820627,45.128094],[25.820548,45.128105],[25.820473,45.128123],[25.820458,45.128128],[25.820472,45.128114],[25.82051,45.128064],[25.820539,45.128011],[25.820558,45.127956],[25.820567,45.1279],[25.820566,45.127844],[25.820555,45.127788],[25.820535,45.127733],[25.820505,45.127681],[25.820465,45.127632],[25.820418,45.127586],[25.820363,45.127545],[25.820301,45.12751],[25.820233,45.12748],[25.82016,45.127457],[25.820084,45.12744],[25.820005,45.12743],[25.819926,45.127427],[25.819846,45.127431],[25.819768,45.127442],[25.819692,45.12746],[25.81962,45.127485],[25.819553,45.127515],[25.819492,45.127552],[25.819438,45.127593],[25.819392,45.127639],[25.819354,45.127689],[25.819326,45.127742],[25.819307,45.127797],[25.819297,45.127853],[25.819298,45.127909],[25.819309,45.127965],[25.81933,45.12802],[25.81936,45.128072],[25.819399,45.128122],[25.819447,45.128167],[25.819502,45.128208],[25.819564,45.128243],[25.819632,45.128273],[25.819704,45.128297],[25.81978,45.128314],[25.819859,45.128324],[25.819939,45.128327],[25.820018,45.128322],[25.820097,45.128311],[25.820172,45.128293],[25.820187,45.128288],[25.820173,45.128303],[25.820135,45.128352],[25.820106,45.128405],[25.820087,45.12846],[25.820078,45.128516],[25.820079,45.128573],[25.82009,45.128629],[25.82011,45.128683],[25.82014,45.128736],[25.82018,45.128785],[25.820215,45.128818],[25.820172,45.128851],[25.820161,45.128863],[25.820455,45.12886],[25.820458,45.129084],[25.820539,45.129083],[25.820526,45.128158],[25.821038,45.128154],[25.821013,45.128143],[25.820941,45.12812]]],[[[25.812217,45.129159],[25.812187,45.129107],[25.812148,45.129058],[25.8121,45.129012],[25.812045,45.128972],[25.811983,45.128936],[25.811915,45.128906],[25.811843,45.128883],[25.811766,45.128866],[25.811688,45.128856],[25.811608,45.128853],[25.811528,45.128857],[25.81145,45.128868],[25.811375,45.128886],[25.811303,45.128911],[25.811236,45.128941],[25.811175,45.128978],[25.811121,45.129019],[25.811074,45.129066],[25.811037,45.129115],[25.811008,45.129168],[25.810989,45.129223],[25.81098,45.129279],[25.810981,45.129336],[25.810991,45.129392],[25.811012,45.129446],[25.811042,45.129498],[25.811081,45.129548],[25.811129,45.129593],[25.811184,45.129634],[25.811246,45.129669],[25.811314,45.129699],[25.811386,45.129723],[25.811463,45.12974],[25.811541,45.12975],[25.811621,45.129753],[25.811701,45.129749],[25.811779,45.129737],[25.811854,45.129719],[25.811926,45.129695],[25.811993,45.129664],[25.812054,45.129628],[25.812108,45.129586],[25.812155,45.12954],[25.812192,45.12949],[25.812221,45.129437],[25.81224,45.129383],[25.812249,45.129326],[25.812248,45.12927],[25.812238,45.129214],[25.812217,45.129159]]],[[[25.816776,45.130043],[25.816745,45.12999],[25.816706,45.129941],[25.816659,45.129896],[25.816603,45.129855],[25.816541,45.129819],[25.816474,45.129789],[25.816401,45.129766],[25.816325,45.129749],[25.816246,45.129739],[25.816167,45.129736],[25.816087,45.12974],[25.816009,45.129751],[25.815933,45.129769],[25.815861,45.129794],[25.815794,45.129825],[25.815733,45.129861],[25.815679,45.129903],[25.815633,45.129949],[25.815595,45.129998],[25.815567,45.130051],[25.815547,45.130106],[25.815538,45.130162],[25.815539,45.130219],[25.81555,45.130275],[25.81557,45.130329],[25.815601,45.130382],[25.81564,45.130431],[25.815687,45.130476],[25.815719,45.1305],[25.815909,45.130471],[25.816271,45.130399],[25.816638,45.13032],[25.816791,45.130289],[25.816799,45.130266],[25.816808,45.13021],[25.816807,45.130153],[25.816796,45.130097],[25.816776,45.130043]]],[[[25.815945,45.130606],[25.816021,45.130623],[25.8161,45.130633],[25.81618,45.130636],[25.816259,45.130632],[25.816337,45.130621],[25.816413,45.130603],[25.816485,45.130578],[25.816552,45.130547],[25.816613,45.130511],[25.816667,45.130469],[25.816713,45.130423],[25.816736,45.130394],[25.816674,45.130406],[25.816307,45.130485],[25.815941,45.130558],[25.815937,45.130559],[25.815849,45.130572],[25.815872,45.130582],[25.815945,45.130606]]],[[[25.810785,45.130614],[25.810706,45.130611],[25.810626,45.130615],[25.810548,45.130627],[25.810472,45.130645],[25.8104,45.130669],[25.810333,45.1307],[25.810272,45.130736],[25.810218,45.130778],[25.810172,45.130824],[25.810134,45.130874],[25.810105,45.130926],[25.810086,45.130981],[25.810077,45.131037],[25.810078,45.131094],[25.810089,45.13115],[25.810095,45.131167],[25.810088,45.131188],[25.810079,45.131244],[25.810079,45.131301],[25.81009,45.131357],[25.810111,45.131412],[25.810141,45.131464],[25.81018,45.131513],[25.810228,45.131559],[25.810283,45.131599],[25.810345,45.131635],[25.810413,45.131665],[25.810485,45.131688],[25.810562,45.131705],[25.81064,45.131715],[25.81072,45.131718],[25.810799,45.131714],[25.810878,45.131703],[25.810953,45.131685],[25.811025,45.13166],[25.811092,45.13163],[25.811153,45.131593],[25.811207,45.131552],[25.811254,45.131505],[25.811291,45.131456],[25.81132,45.131403],[25.811339,45.131348],[25.811348,45.131292],[25.811347,45.131235],[25.811337,45.131179],[25.81133,45.131162],[25.811338,45.131141],[25.811347,45.131085],[25.811346,45.131028],[25.811335,45.130972],[25.811315,45.130918],[25.811284,45.130866],[25.811245,45.130816],[25.811198,45.130771],[25.811142,45.13073],[25.81108,45.130695],[25.811013,45.130665],[25.81094,45.130641],[25.810864,45.130624],[25.810785,45.130614]]],[[[25.814392,45.130951],[25.814362,45.130899],[25.814323,45.13085],[25.814275,45.130805],[25.81422,45.130764],[25.814158,45.130728],[25.81409,45.130698],[25.814017,45.130675],[25.813941,45.130658],[25.813863,45.130648],[25.813783,45.130645],[25.813703,45.130649],[25.813625,45.13066],[25.813549,45.130678],[25.813478,45.130703],[25.813411,45.130734],[25.81335,45.13077],[25.813296,45.130812],[25.813249,45.130858],[25.813211,45.130907],[25.813183,45.13096],[25.813164,45.131015],[25.813155,45.131071],[25.813155,45.131128],[25.813166,45.131184],[25.813187,45.131238],[25.813217,45.131291],[25.813256,45.13134],[25.813304,45.131385],[25.813359,45.131426],[25.813421,45.131462],[25.813489,45.131491],[25.813561,45.131515],[25.813638,45.131532],[25.813716,45.131542],[25.813796,45.131545],[25.813875,45.131541],[25.813954,45.13153],[25.814029,45.131512],[25.814101,45.131487],[25.814168,45.131456],[25.814229,45.13142],[25.814283,45.131378],[25.81433,45.131332],[25.814367,45.131282],[25.814396,45.13123],[25.814415,45.131175],[25.814424,45.131119],[25.814423,45.131062],[25.814413,45.131006],[25.814392,45.130951]]],[[[25.816617,45.130943],[25.816587,45.130891],[25.816548,45.130842],[25.8165,45.130796],[25.816445,45.130755],[25.816383,45.13072],[25.816315,45.13069],[25.816242,45.130667],[25.816166,45.13065],[25.816088,45.13064],[25.816008,45.130637],[25.815928,45.130641],[25.81585,45.130652],[25.815774,45.13067],[25.815703,45.130695],[25.815636,45.130725],[25.815575,45.130762],[25.815521,45.130803],[25.815474,45.130849],[25.815437,45.130899],[25.815408,45.130952],[25.815389,45.131007],[25.81538,45.131063],[25.81538,45.131119],[25.815391,45.131175],[25.815412,45.13123],[25.815442,45.131282],[25.815481,45.131332],[25.815529,45.131377],[25.815584,45.131418],[25.815646,45.131453],[25.815714,45.131483],[25.815786,45.131507],[25.815863,45.131524],[25.815941,45.131534],[25.816021,45.131537],[25.816101,45.131532],[25.816179,45.131521],[25.816254,45.131503],[25.816326,45.131479],[25.816393,45.131448],[25.816454,45.131411],[25.816508,45.13137],[25.816555,45.131324],[25.816592,45.131274],[25.816621,45.131221],[25.81664,45.131166],[25.816649,45.13111],[25.816648,45.131054],[25.816638,45.130998],[25.816617,45.130943]]],[[[25.815759,45.133194],[25.815814,45.133235],[25.815876,45.133271],[25.815924,45.133292],[25.815906,45.133288],[25.815828,45.133278],[25.815748,45.133275],[25.815668,45.133279],[25.81559,45.13329],[25.815514,45.133308],[25.815443,45.133333],[25.815376,45.133363],[25.815315,45.1334],[25.815261,45.133441],[25.815214,45.133488],[25.815177,45.133537],[25.815148,45.13359],[25.815129,45.133645],[25.81512,45.133701],[25.81512,45.133758],[25.815131,45.133814],[25.815152,45.133868],[25.815182,45.133921],[25.815221,45.13397],[25.815269,45.134015],[25.815324,45.134056],[25.815386,45.134091],[25.815454,45.134121],[25.815526,45.134145],[25.815603,45.134162],[25.815681,45.134172],[25.815761,45.134175],[25.815841,45.134171],[25.815919,45.134159],[25.815994,45.134141],[25.816066,45.134117],[25.816133,45.134086],[25.816194,45.13405],[25.816248,45.134008],[25.816295,45.133962],[25.816332,45.133912],[25.816361,45.133859],[25.81638,45.133805],[25.816389,45.133748],[25.816388,45.133692],[25.816378,45.133636],[25.816357,45.133581],[25.816327,45.133529],[25.816288,45.13348],[25.81624,45.133434],[25.816185,45.133394],[25.816123,45.133358],[25.816075,45.133337],[25.816092,45.133341],[25.816171,45.133351],[25.816251,45.133354],[25.81633,45.13335],[25.816409,45.133339],[25.816484,45.133321],[25.816556,45.133296],[25.816623,45.133265],[25.816684,45.133229],[25.816738,45.133187],[25.816784,45.133141],[25.816822,45.133091],[25.816851,45.133039],[25.81687,45.132984],[25.816879,45.132928],[25.816878,45.132871],[25.816867,45.132815],[25.816847,45.13276],[25.816817,45.132708],[25.816778,45.132659],[25.81673,45.132614],[25.816675,45.132573],[25.816613,45.132537],[25.816545,45.132507],[25.816472,45.132484],[25.816396,45.132467],[25.816318,45.132457],[25.816238,45.132454],[25.816158,45.132458],[25.81608,45.132469],[25.816004,45.132487],[25.815932,45.132512],[25.815865,45.132543],[25.815804,45.132579],[25.81575,45.132621],[25.815704,45.132667],[25.815666,45.132716],[25.815643,45.13276],[25.815633,45.132712],[25.815613,45.132657],[25.815582,45.132605],[25.815543,45.132555],[25.815496,45.13251],[25.81544,45.132469],[25.815378,45.132434],[25.815311,45.132404],[25.815238,45.13238],[25.815162,45.132363],[25.815083,45.132353],[25.815003,45.13235],[25.814924,45.132355],[25.814846,45.132366],[25.81477,45.132384],[25.814698,45.132408],[25.814631,45.132439],[25.81457,45.132476],[25.814516,45.132517],[25.81447,45.132563],[25.814432,45.132613],[25.814403,45.132666],[25.814384,45.132721],[25.814375,45.132777],[25.814375,45.132787],[25.81432,45.132806],[25.814253,45.132837],[25.814192,45.132873],[25.814138,45.132915],[25.814091,45.132961],[25.814054,45.13301],[25.814025,45.133063],[25.814006,45.133118],[25.813997,45.133174],[25.813997,45.133231],[25.814008,45.133287],[25.814029,45.133341],[25.814059,45.133394],[25.814098,45.133443],[25.814146,45.133488],[25.814201,45.133529],[25.814263,45.133565],[25.814331,45.133594],[25.814404,45.133618],[25.81448,45.133635],[25.814558,45.133645],[25.814638,45.133648],[25.814718,45.133644],[25.814796,45.133633],[25.814872,45.133615],[25.814943,45.13359],[25.81501,45.133559],[25.815071,45.133523],[25.815125,45.133481],[25.815172,45.133435],[25.815209,45.133385],[25.815238,45.133333],[25.815257,45.133278],[25.815266,45.133222],[25.815266,45.133212],[25.815322,45.133193],[25.815389,45.133162],[25.81545,45.133125],[25.815504,45.133084],[25.81555,45.133038],[25.815588,45.132988],[25.815612,45.132944],[25.815621,45.132993],[25.815642,45.133047],[25.815672,45.1331],[25.815711,45.133149],[25.815759,45.133194]]],[[[25.819811,45.133677],[25.819749,45.133642],[25.819681,45.133612],[25.819609,45.133588],[25.819532,45.133571],[25.819454,45.133561],[25.819374,45.133558],[25.819294,45.133562],[25.819216,45.133574],[25.819141,45.133592],[25.819069,45.133616],[25.819002,45.133647],[25.818941,45.133683],[25.818887,45.133725],[25.81884,45.133771],[25.818803,45.133821],[25.818774,45.133874],[25.818755,45.133928],[25.818746,45.133985],[25.818747,45.134041],[25.818757,45.134097],[25.818778,45.134152],[25.818808,45.134204],[25.818847,45.134253],[25.818895,45.134299],[25.81895,45.134339],[25.819012,45.134375],[25.81908,45.134405],[25.819153,45.134428],[25.819229,45.134445],[25.819246,45.134447],[25.819246,45.134453],[25.819256,45.134509],[25.819275,45.134557],[25.81926,45.134553],[25.819184,45.134536],[25.819105,45.134526],[25.819025,45.134523],[25.818946,45.134527],[25.818867,45.134538],[25.818792,45.134556],[25.81872,45.134581],[25.818653,45.134611],[25.818592,45.134648],[25.818538,45.134689],[25.818492,45.134735],[25.818454,45.134785],[25.818425,45.134838],[25.818406,45.134893],[25.818397,45.134949],[25.818398,45.135005],[25.818409,45.135061],[25.818429,45.135116],[25.818459,45.135168],[25.818499,45.135218],[25.818546,45.135263],[25.818601,45.135304],[25.818663,45.135339],[25.818731,45.135369],[25.818804,45.135393],[25.81888,45.13541],[25.818959,45.13542],[25.819038,45.135423],[25.819118,45.135418],[25.819127,45.135417],[25.819148,45.135454],[25.819187,45.135503],[25.819235,45.135548],[25.81929,45.135589],[25.819352,45.135625],[25.81942,45.135655],[25.819493,45.135678],[25.819569,45.135695],[25.819647,45.135705],[25.819727,45.135708],[25.819807,45.135704],[25.819885,45.135693],[25.819961,45.135675],[25.820033,45.13565],[25.8201,45.135619],[25.82016,45.135583],[25.820215,45.135541],[25.820261,45.135495],[25.820299,45.135445],[25.820327,45.135393],[25.820346,45.135338],[25.820355,45.135282],[25.820355,45.135225],[25.820344,45.135169],[25.820323,45.135115],[25.820293,45.135062],[25.820254,45.135013],[25.820206,45.134968],[25.820151,45.134927],[25.820089,45.134891],[25.820021,45.134862],[25.820014,45.134859],[25.820044,45.134855],[25.82012,45.134837],[25.820192,45.134812],[25.820259,45.134782],[25.82032,45.134745],[25.820374,45.134704],[25.82042,45.134658],[25.820458,45.134608],[25.820486,45.134555],[25.820505,45.1345],[25.820515,45.134444],[25.820514,45.134387],[25.820503,45.134332],[25.820482,45.134277],[25.820452,45.134225],[25.820413,45.134175],[25.820365,45.13413],[25.82031,45.134089],[25.820248,45.134054],[25.82018,45.134024],[25.820108,45.134],[25.820031,45.133983],[25.820015,45.133981],[25.820015,45.133975],[25.820004,45.133919],[25.819983,45.133865],[25.819953,45.133812],[25.819914,45.133763],[25.819866,45.133718],[25.819811,45.133677]]],[[[25.812215,45.13402],[25.812185,45.133967],[25.812145,45.133918],[25.812098,45.133873],[25.812043,45.133832],[25.811981,45.133796],[25.811913,45.133767],[25.81184,45.133743],[25.811764,45.133726],[25.811685,45.133716],[25.811606,45.133713],[25.811526,45.133717],[25.811448,45.133728],[25.811372,45.133746],[25.8113,45.133771],[25.811233,45.133802],[25.811172,45.133838],[25.811118,45.13388],[25.811072,45.133926],[25.811034,45.133976],[25.811006,45.134028],[25.810986,45.134083],[25.810977,45.134139],[25.810978,45.134196],[25.810989,45.134252],[25.81101,45.134306],[25.81104,45.134359],[25.811079,45.134408],[25.811126,45.134453],[25.811182,45.134494],[25.811244,45.13453],[25.811312,45.13456],[25.811384,45.134583],[25.81146,45.1346],[25.811539,45.13461],[25.811619,45.134613],[25.811698,45.134609],[25.811776,45.134598],[25.811852,45.13458],[25.811924,45.134555],[25.811991,45.134524],[25.812052,45.134488],[25.812106,45.134446],[25.812152,45.1344],[25.81219,45.134351],[25.812219,45.134298],[25.812238,45.134243],[25.812247,45.134187],[25.812246,45.13413],[25.812235,45.134074],[25.812215,45.13402]]],[[[25.817747,45.134161],[25.817717,45.134109],[25.817678,45.13406],[25.81763,45.134014],[25.817575,45.133973],[25.817513,45.133938],[25.817445,45.133908],[25.817373,45.133885],[25.817297,45.133868],[25.817218,45.133858],[25.817138,45.133855],[25.817059,45.133859],[25.81698,45.13387],[25.816905,45.133888],[25.816833,45.133913],[25.816766,45.133943],[25.816705,45.13398],[25.816651,45.134021],[25.816605,45.134067],[25.816567,45.134117],[25.816538,45.13417],[25.816519,45.134225],[25.81651,45.134281],[25.816511,45.134337],[25.816522,45.134393],[25.816542,45.134448],[25.816572,45.1345],[25.816612,45.13455],[25.816659,45.134595],[25.816714,45.134636],[25.816776,45.134671],[25.816844,45.134701],[25.816917,45.134725],[25.816951,45.134732],[25.816928,45.13474],[25.816861,45.134771],[25.8168,45.134807],[25.816746,45.134849],[25.8167,45.134895],[25.816662,45.134945],[25.816633,45.134998],[25.816614,45.135053],[25.816605,45.135109],[25.816606,45.135165],[25.816617,45.135221],[25.816637,45.135276],[25.816668,45.135328],[25.816707,45.135377],[25.816754,45.135423],[25.81681,45.135463],[25.816872,45.135499],[25.816939,45.135529],[25.817012,45.135552],[25.817088,45.135569],[25.817167,45.135579],[25.817246,45.135582],[25.817326,45.135578],[25.817404,45.135567],[25.817409,45.135566],[25.817394,45.135608],[25.817385,45.135664],[25.817386,45.13572],[25.817397,45.135776],[25.817417,45.135831],[25.817447,45.135883],[25.817487,45.135932],[25.817534,45.135978],[25.817589,45.136019],[25.817651,45.136054],[25.817719,45.136084],[25.817792,45.136108],[25.817868,45.136124],[25.817947,45.136134],[25.818026,45.136137],[25.818106,45.136133],[25.818184,45.136122],[25.81826,45.136104],[25.818332,45.13608],[25.818399,45.136049],[25.81846,45.136012],[25.818514,45.135971],[25.81856,45.135925],[25.818598,45.135875],[25.818626,45.135822],[25.818646,45.135767],[25.818655,45.135711],[25.818654,45.135655],[25.818643,45.135599],[25.818622,45.135544],[25.818592,45.135492],[25.818553,45.135443],[25.818506,45.135397],[25.81845,45.135356],[25.818388,45.135321],[25.81832,45.135291],[25.818248,45.135267],[25.818172,45.135251],[25.818093,45.135241],[25.818013,45.135238],[25.817934,45.135242],[25.817855,45.135253],[25.817851,45.135254],[25.817866,45.135212],[25.817875,45.135156],[25.817874,45.135099],[25.817863,45.135044],[25.817843,45.134989],[25.817812,45.134937],[25.817773,45.134887],[25.817726,45.134842],[25.81767,45.134801],[25.817608,45.134766],[25.817541,45.134736],[25.817468,45.134712],[25.817434,45.134705],[25.817457,45.134697],[25.817524,45.134666],[25.817585,45.13463],[25.817639,45.134588],[25.817685,45.134542],[25.817723,45.134492],[25.817751,45.134439],[25.81777,45.134384],[25.81778,45.134328],[25.817779,45.134272],[25.817768,45.134216],[25.817747,45.134161]]],[[[25.806452,45.134384],[25.806431,45.134329],[25.806401,45.134277],[25.806362,45.134227],[25.806314,45.134182],[25.806259,45.134141],[25.806197,45.134106],[25.806129,45.134076],[25.806057,45.134052],[25.80598,45.134035],[25.805902,45.134025],[25.805822,45.134022],[25.805742,45.134027],[25.805664,45.134038],[25.805589,45.134056],[25.805517,45.13408],[25.80545,45.134111],[25.805389,45.134147],[25.805335,45.134189],[25.805288,45.134235],[25.805251,45.134285],[25.805222,45.134338],[25.80522,45.134342],[25.805452,45.134341],[25.805459,45.134839],[25.80546,45.134839],[25.805528,45.134869],[25.8056,45.134892],[25.805677,45.134909],[25.805755,45.134919],[25.805835,45.134922],[25.805915,45.134918],[25.805993,45.134907],[25.806068,45.134889],[25.80614,45.134865],[25.806207,45.134834],[25.806268,45.134797],[25.806322,45.134756],[25.806369,45.13471],[25.806406,45.13466],[25.806435,45.134607],[25.806454,45.134552],[25.806463,45.134496],[25.806463,45.13444],[25.806452,45.134384]]],[[[25.810159,45.135979],[25.810128,45.135927],[25.810089,45.135877],[25.810042,45.135832],[25.809986,45.135791],[25.809924,45.135756],[25.809857,45.135726],[25.809784,45.135702],[25.809708,45.135685],[25.809629,45.135675],[25.809549,45.135672],[25.80947,45.135676],[25.809392,45.135688],[25.809316,45.135706],[25.809244,45.13573],[25.809177,45.135761],[25.809116,45.135797],[25.809062,45.135839],[25.809016,45.135885],[25.808978,45.135935],[25.808949,45.135987],[25.80893,45.136042],[25.808921,45.136098],[25.808922,45.136155],[25.808933,45.136211],[25.808953,45.136266],[25.808983,45.136318],[25.809023,45.136367],[25.80907,45.136413],[25.809125,45.136453],[25.809187,45.136489],[25.809255,45.136519],[25.809328,45.136542],[25.809404,45.136559],[25.809483,45.136569],[25.809562,45.136572],[25.809642,45.136568],[25.80972,45.136557],[25.809796,45.136539],[25.809868,45.136514],[25.809935,45.136484],[25.809996,45.136447],[25.81005,45.136406],[25.810096,45.136359],[25.810134,45.13631],[25.810162,45.136257],[25.810182,45.136202],[25.810191,45.136146],[25.81019,45.136089],[25.810179,45.136033],[25.810159,45.135979]]],[[[25.814376,45.135809],[25.81432,45.135768],[25.814258,45.135732],[25.814191,45.135702],[25.814118,45.135679],[25.814042,45.135662],[25.813963,45.135652],[25.813884,45.135649],[25.813804,45.135653],[25.813726,45.135664],[25.81365,45.135682],[25.813578,45.135707],[25.813511,45.135738],[25.81345,45.135774],[25.813396,45.135816],[25.81335,45.135862],[25.813312,45.135911],[25.813283,45.135964],[25.813264,45.136019],[25.813255,45.136075],[25.813256,45.136132],[25.813267,45.136188],[25.813287,45.136242],[25.813317,45.136295],[25.813357,45.136344],[25.813404,45.136389],[25.813459,45.13643],[25.813522,45.136466],[25.813589,45.136495],[25.813662,45.136519],[25.813738,45.136536],[25.813817,45.136546],[25.813861,45.136548],[25.813856,45.136577],[25.813857,45.136633],[25.813868,45.136689],[25.813889,45.136744],[25.813919,45.136796],[25.813958,45.136846],[25.814006,45.136891],[25.814061,45.136932],[25.814123,45.136967],[25.814191,45.136997],[25.814263,45.137021],[25.81434,45.137038],[25.814418,45.137048],[25.814498,45.137051],[25.814577,45.137047],[25.814656,45.137035],[25.814731,45.137017],[25.814803,45.136993],[25.81487,45.136962],[25.814931,45.136926],[25.814985,45.136884],[25.815032,45.136838],[25.815069,45.136788],[25.815098,45.136735],[25.815117,45.13668],[25.815126,45.136624],[25.815125,45.136568],[25.815115,45.136512],[25.815094,45.136457],[25.815064,45.136405],[25.815025,45.136356],[25.814977,45.13631],[25.814922,45.13627],[25.81486,45.136234],[25.814792,45.136204],[25.814719,45.136181],[25.814643,45.136164],[25.814565,45.136154],[25.81452,45.136152],[25.814525,45.136123],[25.814524,45.136066],[25.814513,45.13601],[25.814493,45.135956],[25.814462,45.135903],[25.814423,45.135854],[25.814376,45.135809]]],[[[25.807196,45.136396],[25.807166,45.136344],[25.807127,45.136295],[25.80708,45.136249],[25.807024,45.136209],[25.806962,45.136173],[25.806894,45.136143],[25.806822,45.13612],[25.806746,45.136103],[25.806667,45.136093],[25.806587,45.13609],[25.806508,45.136094],[25.80643,45.136105],[25.806354,45.136123],[25.806282,45.136148],[25.806215,45.136178],[25.806154,45.136215],[25.8061,45.136256],[25.806054,45.136302],[25.806016,45.136352],[25.805987,45.136405],[25.805968,45.13646],[25.805959,45.136516],[25.80596,45.136573],[25.805971,45.136629],[25.805991,45.136683],[25.806021,45.136735],[25.80606,45.136785],[25.806108,45.13683],[25.806163,45.136871],[25.806225,45.136906],[25.806293,45.136936],[25.806366,45.13696],[25.806442,45.136977],[25.80652,45.136987],[25.8066,45.13699],[25.80668,45.136986],[25.806758,45.136974],[25.806834,45.136956],[25.806906,45.136932],[25.806973,45.136901],[25.807034,45.136865],[25.807088,45.136823],[25.807134,45.136777],[25.807172,45.136727],[25.8072,45.136675],[25.807219,45.13662],[25.807229,45.136564],[25.807228,45.136507],[25.807217,45.136451],[25.807196,45.136396]]],[[[25.819711,45.136557],[25.819681,45.136505],[25.819642,45.136455],[25.819594,45.13641],[25.819539,45.136369],[25.819477,45.136334],[25.819409,45.136304],[25.819336,45.13628],[25.81926,45.136263],[25.819182,45.136253],[25.819102,45.13625],[25.819022,45.136255],[25.818944,45.136266],[25.818868,45.136284],[25.818796,45.136308],[25.818729,45.136339],[25.818668,45.136376],[25.818614,45.136417],[25.818568,45.136463],[25.81853,45.136513],[25.818502,45.136566],[25.818483,45.136621],[25.818474,45.136677],[25.818474,45.136733],[25.818485,45.136789],[25.818506,45.136844],[25.818536,45.136896],[25.818575,45.136945],[25.818623,45.136991],[25.818678,45.137032],[25.81874,45.137067],[25.818808,45.137097],[25.81888,45.13712],[25.818957,45.137137],[25.819035,45.137147],[25.819115,45.13715],[25.819195,45.137146],[25.819273,45.137135],[25.819348,45.137117],[25.81942,45.137093],[25.819487,45.137062],[25.819548,45.137025],[25.819602,45.136984],[25.819649,45.136938],[25.819686,45.136888],[25.819715,45.136835],[25.819734,45.13678],[25.819743,45.136724],[25.819742,45.136668],[25.819732,45.136612],[25.819711,45.136557]]],[[[25.817423,45.136773],[25.817393,45.13672],[25.817354,45.136671],[25.817307,45.136626],[25.817251,45.136585],[25.817189,45.136549],[25.817121,45.136519],[25.817049,45.136496],[25.816973,45.136479],[25.816894,45.136469],[25.816814,45.136466],[25.816735,45.13647],[25.816657,45.136481],[25.816581,45.136499],[25.816509,45.136524],[25.816442,45.136555],[25.816381,45.136591],[25.816327,45.136633],[25.816281,45.136679],[25.816243,45.136729],[25.816214,45.136781],[25.816195,45.136836],[25.816186,45.136892],[25.816187,45.136949],[25.816198,45.137005],[25.816218,45.137059],[25.816248,45.137112],[25.816288,45.137161],[25.816335,45.137206],[25.81639,45.137247],[25.816452,45.137283],[25.81652,45.137313],[25.816593,45.137336],[25.816669,45.137353],[25.816748,45.137363],[25.816827,45.137366],[25.816907,45.137362],[25.816985,45.137351],[25.817061,45.137333],[25.817133,45.137308],[25.8172,45.137277],[25.817261,45.137241],[25.817315,45.137199],[25.817361,45.137153],[25.817399,45.137103],[25.817427,45.137051],[25.817447,45.136996],[25.817456,45.13694],[25.817455,45.136883],[25.817444,45.136827],[25.817423,45.136773]]],[[[25.809524,45.137127],[25.809503,45.137072],[25.809473,45.13702],[25.809434,45.13697],[25.809386,45.136925],[25.809331,45.136884],[25.809269,45.136849],[25.809201,45.136819],[25.809129,45.136795],[25.809052,45.136778],[25.808974,45.136768],[25.808894,45.136765],[25.808815,45.13677],[25.808736,45.136781],[25.808661,45.136799],[25.808589,45.136823],[25.808522,45.136854],[25.808461,45.13689],[25.808407,45.136932],[25.80836,45.136978],[25.808323,45.137028],[25.808294,45.137081],[25.808275,45.137135],[25.808266,45.137192],[25.808266,45.137248],[25.808277,45.137304],[25.808298,45.137359],[25.808328,45.137411],[25.808367,45.13746],[25.808415,45.137506],[25.80847,45.137546],[25.808532,45.137582],[25.8086,45.137612],[25.808672,45.137635],[25.808749,45.137652],[25.808827,45.137662],[25.808907,45.137665],[25.808987,45.137661],[25.809065,45.13765],[25.809141,45.137632],[25.809212,45.137607],[25.809279,45.137577],[25.80934,45.13754],[25.809394,45.137499],[25.809441,45.137453],[25.809479,45.137403],[25.809507,45.13735],[25.809526,45.137295],[25.809535,45.137239],[25.809535,45.137183],[25.809524,45.137127]]],[[[25.813827,45.137074],[25.813797,45.137022],[25.813758,45.136972],[25.81371,45.136927],[25.813655,45.136886],[25.813593,45.136851],[25.813525,45.136821],[25.813452,45.136797],[25.813376,45.13678],[25.813298,45.13677],[25.813218,45.136767],[25.813138,45.136772],[25.81306,45.136783],[25.812984,45.136801],[25.812912,45.136825],[25.812845,45.136856],[25.812784,45.136893],[25.81273,45.136934],[25.812684,45.13698],[25.812646,45.13703],[25.812618,45.137083],[25.812599,45.137138],[25.812589,45.137194],[25.81259,45.13725],[25.812601,45.137306],[25.812622,45.137361],[25.812652,45.137413],[25.812691,45.137462],[25.812739,45.137508],[25.812794,45.137549],[25.812856,45.137584],[25.812924,45.137614],[25.812996,45.137637],[25.813072,45.137654],[25.813151,45.137664],[25.813231,45.137667],[25.81331,45.137663],[25.813389,45.137652],[25.813464,45.137634],[25.813536,45.13761],[25.813603,45.137579],[25.813664,45.137542],[25.813718,45.137501],[25.813765,45.137455],[25.813802,45.137405],[25.813831,45.137352],[25.81385,45.137297],[25.813859,45.137241],[25.813858,45.137185],[25.813848,45.137129],[25.813827,45.137074]]],[[[25.816041,45.137273],[25.816011,45.137221],[25.815972,45.137171],[25.815924,45.137126],[25.815869,45.137085],[25.815807,45.13705],[25.815739,45.13702],[25.815666,45.136996],[25.81559,45.136979],[25.815512,45.136969],[25.815432,45.136966],[25.815352,45.13697],[25.815274,45.136982],[25.815198,45.137],[25.815127,45.137024],[25.81506,45.137055],[25.814999,45.137091],[25.814944,45.137133],[25.814898,45.137179],[25.81486,45.137229],[25.814832,45.137282],[25.814813,45.137336],[25.814804,45.137393],[25.814804,45.137446],[25.814769,45.137451],[25.814693,45.137469],[25.814621,45.137494],[25.814554,45.137525],[25.814493,45.137561],[25.814439,45.137603],[25.814393,45.137649],[25.814355,45.137699],[25.814327,45.137751],[25.814308,45.137806],[25.814298,45.137862],[25.814299,45.137919],[25.81431,45.137975],[25.814331,45.13803],[25.814361,45.138082],[25.8144,45.138131],[25.814448,45.138176],[25.814503,45.138217],[25.814565,45.138253],[25.814633,45.138283],[25.814705,45.138306],[25.814782,45.138323],[25.81486,45.138333],[25.814938,45.138336],[25.814938,45.13834],[25.814949,45.138396],[25.81497,45.13845],[25.815,45.138502],[25.815039,45.138552],[25.815087,45.138597],[25.815142,45.138638],[25.815204,45.138673],[25.815272,45.138703],[25.815344,45.138727],[25.815412,45.138742],[25.815412,45.138743],[25.815423,45.138799],[25.815443,45.138853],[25.815473,45.138906],[25.815512,45.138955],[25.81556,45.139],[25.815615,45.139041],[25.815677,45.139077],[25.815745,45.139107],[25.815818,45.13913],[25.815894,45.139147],[25.815973,45.139157],[25.816052,45.13916],[25.816132,45.139156],[25.81621,45.139145],[25.816286,45.139127],[25.816358,45.139102],[25.816425,45.139071],[25.816438,45.139064],[25.816436,45.138929],[25.817707,45.13892],[25.818979,45.138911],[25.818981,45.139062],[25.818988,45.139064],[25.818998,45.139067],[25.819,45.139068],[25.819045,45.139087],[25.819038,45.138598],[25.819448,45.138595],[25.819447,45.138508],[25.819404,45.138494],[25.819328,45.138477],[25.819249,45.138467],[25.819169,45.138464],[25.81909,45.138469],[25.819037,45.138476],[25.819047,45.138448],[25.819056,45.138392],[25.819055,45.138335],[25.819045,45.138279],[25.819024,45.138225],[25.818994,45.138172],[25.818955,45.138123],[25.81891,45.13808],[25.818948,45.138063],[25.819009,45.138026],[25.819063,45.137985],[25.819109,45.137939],[25.819147,45.137889],[25.819176,45.137836],[25.819195,45.137781],[25.819204,45.137725],[25.819203,45.137669],[25.819192,45.137613],[25.819172,45.137558],[25.819142,45.137506],[25.819102,45.137457],[25.819055,45.137411],[25.819,45.13737],[25.818937,45.137335],[25.81887,45.137305],[25.818797,45.137282],[25.818721,45.137265],[25.818642,45.137255],[25.818563,45.137252],[25.818483,45.137256],[25.818405,45.137267],[25.818329,45.137285],[25.818257,45.13731],[25.81819,45.13734],[25.818129,45.137377],[25.818075,45.137418],[25.818029,45.137464],[25.817991,45.137514],[25.817962,45.137567],[25.817943,45.137622],[25.817934,45.137678],[25.817935,45.137734],[25.817937,45.137745],[25.817927,45.137745],[25.817847,45.137749],[25.817769,45.13776],[25.817693,45.137778],[25.817621,45.137803],[25.817554,45.137833],[25.817493,45.13787],[25.817439,45.137911],[25.817393,45.137958],[25.817355,45.138007],[25.817327,45.13806],[25.817308,45.138115],[25.817298,45.138171],[25.817299,45.138228],[25.81731,45.138284],[25.817331,45.138338],[25.817361,45.13839],[25.8174,45.13844],[25.817448,45.138485],[25.817503,45.138526],[25.817565,45.138561],[25.817603,45.138578],[25.817588,45.13859],[25.817567,45.138611],[25.817561,45.13861],[25.817482,45.1386],[25.817464,45.138599],[25.817457,45.138564],[25.817437,45.13851],[25.817406,45.138457],[25.817367,45.138408],[25.81732,45.138363],[25.817264,45.138322],[25.817202,45.138286],[25.817135,45.138257],[25.817062,45.138233],[25.816986,45.138216],[25.816907,45.138206],[25.816827,45.138203],[25.816748,45.138207],[25.81667,45.138218],[25.816594,45.138236],[25.816522,45.138261],[25.816455,45.138292],[25.816394,45.138328],[25.816389,45.138332],[25.816346,45.138314],[25.816274,45.13829],[25.816206,45.138275],[25.816206,45.138274],[25.816196,45.138218],[25.816175,45.138163],[25.816145,45.138111],[25.816106,45.138062],[25.816058,45.138016],[25.816003,45.137976],[25.815941,45.13794],[25.815873,45.13791],[25.8158,45.137887],[25.815724,45.13787],[25.815646,45.13786],[25.815568,45.137857],[25.815567,45.137856],[25.815603,45.137851],[25.815678,45.137833],[25.81575,45.137808],[25.815817,45.137778],[25.815878,45.137741],[25.815932,45.1377],[25.815979,45.137654],[25.816016,45.137604],[25.816045,45.137551],[25.816064,45.137496],[25.816073,45.13744],[25.816073,45.137383],[25.816062,45.137327],[25.816041,45.137273]]],[[[25.820945,45.142231],[25.820946,45.142287],[25.820957,45.142343],[25.820977,45.142398],[25.821007,45.14245],[25.821041,45.142492],[25.820972,45.142495],[25.820893,45.142507],[25.820818,45.142525],[25.820746,45.142549],[25.820679,45.14258],[25.820618,45.142616],[25.820564,45.142658],[25.820518,45.142704],[25.82048,45.142754],[25.820451,45.142807],[25.820432,45.142862],[25.820423,45.142918],[25.820424,45.142974],[25.820435,45.14303],[25.820455,45.143085],[25.820485,45.143137],[25.820524,45.143186],[25.820572,45.143232],[25.820627,45.143272],[25.820689,45.143308],[25.820757,45.143338],[25.82083,45.143361],[25.820906,45.143378],[25.820985,45.143388],[25.821064,45.143391],[25.821144,45.143387],[25.821222,45.143376],[25.821298,45.143358],[25.82137,45.143333],[25.821437,45.143303],[25.821498,45.143266],[25.821552,45.143225],[25.821598,45.143179],[25.821636,45.143129],[25.821665,45.143076],[25.821684,45.143021],[25.821693,45.142965],[25.821692,45.142908],[25.821681,45.142852],[25.82166,45.142798],[25.82163,45.142746],[25.821597,45.142704],[25.821666,45.1427],[25.821744,45.142689],[25.82182,45.142671],[25.821892,45.142646],[25.821959,45.142616],[25.82202,45.142579],[25.822074,45.142537],[25.82212,45.142491],[25.822158,45.142442],[25.822187,45.142389],[25.822206,45.142334],[25.822215,45.142278],[25.820975,45.142287],[25.820973,45.142121],[25.820954,45.142174],[25.820945,45.142231]]],[[[25.825449,45.142999],[25.825449,45.143056],[25.82546,45.143112],[25.825481,45.143166],[25.825511,45.143219],[25.82555,45.143268],[25.825598,45.143313],[25.825653,45.143354],[25.825715,45.14339],[25.825783,45.143419],[25.825856,45.143443],[25.825932,45.14346],[25.82601,45.14347],[25.82609,45.143473],[25.82617,45.143469],[25.826248,45.143458],[25.826324,45.14344],[25.826396,45.143415],[25.826463,45.143384],[25.826524,45.143348],[25.826578,45.143306],[25.826624,45.14326],[25.826662,45.14321],[25.82669,45.143158],[25.826709,45.143103],[25.826719,45.143046],[25.826718,45.14299],[25.826707,45.142934],[25.826706,45.142931],[25.826727,45.14294],[25.826726,45.142887],[25.825647,45.142895],[25.825474,45.142896],[25.825458,45.142943],[25.825449,45.142999]]],[[[25.828851,45.143296],[25.828923,45.14332],[25.828958,45.143328],[25.828957,45.143248],[25.828754,45.14325],[25.828783,45.143267],[25.828851,45.143296]]],[[[25.82892,45.143664],[25.828913,45.143684],[25.828893,45.143682],[25.828813,45.143679],[25.828733,45.143683],[25.828655,45.143694],[25.828579,45.143712],[25.828507,45.143736],[25.82844,45.143767],[25.828379,45.143804],[25.828325,45.143845],[25.828279,45.143891],[25.828241,45.143941],[25.828213,45.143994],[25.828194,45.144049],[25.828185,45.144105],[25.828185,45.144161],[25.828196,45.144217],[25.828217,45.144272],[25.828247,45.144324],[25.828286,45.144374],[25.828334,45.144419],[25.828389,45.14446],[25.828451,45.144495],[25.828519,45.144525],[25.828592,45.144549],[25.828668,45.144566],[25.828746,45.144576],[25.828826,45.144578],[25.828906,45.144574],[25.828977,45.144564],[25.828962,45.143593],[25.828949,45.143611],[25.82892,45.143664]]],[[[25.829876,45.145094],[25.829931,45.145135],[25.829993,45.14517],[25.830061,45.1452],[25.830134,45.145223],[25.83021,45.14524],[25.830288,45.14525],[25.830368,45.145253],[25.830371,45.145253],[25.830368,45.145019],[25.830255,45.14502],[25.829808,45.145023],[25.829828,45.145048],[25.829876,45.145094]]],[[[25.8324,45.145398],[25.832448,45.145444],[25.832503,45.145485],[25.832565,45.14552],[25.832633,45.14555],[25.832705,45.145573],[25.832782,45.14559],[25.83286,45.1456],[25.83294,45.145603],[25.83294,45.145603],[25.832934,45.145172],[25.832913,45.145172],[25.832915,45.145302],[25.832336,45.145306],[25.832361,45.145349],[25.8324,45.145398]]],[[[25.835149,45.146285],[25.835179,45.146337],[25.835219,45.146387],[25.835266,45.146432],[25.835322,45.146473],[25.835384,45.146508],[25.835451,45.146538],[25.835524,45.146562],[25.8356,45.146579],[25.835679,45.146589],[25.835759,45.146592],[25.835838,45.146587],[25.835916,45.146576],[25.835992,45.146558],[25.836015,45.146551],[25.83601,45.146218],[25.835127,45.146224],[25.835129,45.14623],[25.835149,45.146285]]],[[[25.831212,45.132977],[25.831192,45.132922],[25.831161,45.13287],[25.831122,45.13282],[25.831075,45.132775],[25.831019,45.132734],[25.830957,45.132699],[25.83089,45.132669],[25.830817,45.132645],[25.830741,45.132628],[25.830662,45.132618],[25.830582,45.132615],[25.830503,45.13262],[25.830425,45.132631],[25.830349,45.132649],[25.830277,45.132673],[25.83021,45.132704],[25.830149,45.132741],[25.830095,45.132782],[25.830049,45.132828],[25.830011,45.132878],[25.829982,45.132931],[25.829963,45.132986],[25.829954,45.133042],[25.829955,45.133074],[25.829923,45.133093],[25.829869,45.133134],[25.829823,45.13318],[25.829785,45.13323],[25.829756,45.133283],[25.829737,45.133338],[25.829736,45.133345],[25.829731,45.133344],[25.829949,45.133438],[25.830357,45.133559],[25.830359,45.13356],[25.830643,45.133654],[25.830634,45.133052],[25.831223,45.133047],[25.831223,45.133033],[25.831212,45.132977]]],[[[25.829692,45.133254],[25.82973,45.133204],[25.829758,45.133152],[25.829777,45.133097],[25.829787,45.133041],[25.829786,45.132984],[25.829775,45.132928],[25.829754,45.132874],[25.829724,45.132821],[25.829685,45.132772],[25.829637,45.132727],[25.829582,45.132686],[25.82952,45.13265],[25.829452,45.13262],[25.82938,45.132597],[25.829304,45.13258],[25.829225,45.13257],[25.829145,45.132567],[25.829066,45.132571],[25.828987,45.132582],[25.828912,45.1326],[25.82884,45.132625],[25.828773,45.132656],[25.828715,45.132691],[25.828655,45.132671],[25.828579,45.132654],[25.828501,45.132644],[25.828421,45.132641],[25.828341,45.132646],[25.828263,45.132657],[25.828187,45.132675],[25.828116,45.132699],[25.828049,45.13273],[25.827988,45.132767],[25.827934,45.132808],[25.827887,45.132854],[25.82785,45.132904],[25.827821,45.132957],[25.827802,45.133012],[25.827793,45.133068],[25.827793,45.133124],[25.827804,45.13318],[25.827825,45.133235],[25.827855,45.133287],[25.82787,45.133306],[25.828234,45.133275],[25.828605,45.133095],[25.828608,45.133093],[25.828618,45.13309],[25.828629,45.133088],[25.82864,45.133087],[25.828651,45.133088],[25.828656,45.133088],[25.829099,45.133166],[25.829104,45.133167],[25.82958,45.133281],[25.82959,45.133284],[25.829592,45.133285],[25.82964,45.133305],[25.829646,45.1333],[25.829692,45.133254]]],[[[25.827782,45.133257],[25.827791,45.133201],[25.827791,45.133145],[25.82778,45.133089],[25.827759,45.133034],[25.827729,45.132982],[25.82769,45.132933],[25.827642,45.132887],[25.827587,45.132846],[25.827525,45.132811],[25.827457,45.132781],[25.827385,45.132758],[25.827339,45.132747],[25.827332,45.132712],[25.827311,45.132658],[25.827281,45.132606],[25.827242,45.132556],[25.827194,45.132511],[25.827139,45.13247],[25.827077,45.132435],[25.827009,45.132405],[25.826937,45.132381],[25.82686,45.132364],[25.826782,45.132354],[25.826702,45.132351],[25.826686,45.132352],[25.826828,45.132609],[25.82683,45.132613],[25.826983,45.132981],[25.827139,45.133186],[25.827148,45.133189],[25.827157,45.133193],[25.827165,45.133199],[25.827171,45.133205],[25.827176,45.133212],[25.827179,45.13322],[25.82718,45.133227],[25.827194,45.133255],[25.827616,45.133328],[25.827761,45.133316],[25.827763,45.133312],[25.827782,45.133257]]],[[[25.826469,45.132385],[25.826397,45.132409],[25.82633,45.13244],[25.826269,45.132476],[25.826215,45.132518],[25.826168,45.132564],[25.826131,45.132614],[25.826102,45.132667],[25.826083,45.132722],[25.826078,45.132752],[25.826048,45.132714],[25.826,45.132669],[25.825945,45.132628],[25.82594,45.132625],[25.825935,45.132629],[25.825923,45.13264],[25.825888,45.132666],[25.825846,45.132694],[25.825774,45.132743],[25.825759,45.132753],[25.825747,45.132761],[25.825725,45.13278],[25.825703,45.132799],[25.825657,45.132844],[25.825651,45.13285],[25.825609,45.132895],[25.82558,45.132927],[25.825553,45.132962],[25.825549,45.132967],[25.825527,45.132994],[25.82545,45.133096],[25.825392,45.133171],[25.825388,45.133177],[25.825336,45.133252],[25.825264,45.133372],[25.825287,45.133379],[25.825363,45.133396],[25.825441,45.133406],[25.825521,45.133409],[25.825601,45.133405],[25.825679,45.133394],[25.825755,45.133376],[25.825759,45.133374],[25.825752,45.133388],[25.825733,45.133443],[25.825723,45.133499],[25.825724,45.133556],[25.825735,45.133612],[25.825756,45.133666],[25.825786,45.133719],[25.825825,45.133768],[25.825873,45.133813],[25.825928,45.133854],[25.82599,45.13389],[25.826058,45.133919],[25.82613,45.133943],[25.826206,45.13396],[25.826285,45.13397],[25.826365,45.133973],[25.826444,45.133969],[25.826499,45.133961],[25.826501,45.133969],[25.826521,45.134023],[25.826551,45.134076],[25.826591,45.134125],[25.826638,45.13417],[25.826641,45.134172],[25.826568,45.134189],[25.826496,45.134214],[25.826429,45.134245],[25.826368,45.134281],[25.826314,45.134323],[25.826267,45.134369],[25.82623,45.134419],[25.826201,45.134471],[25.826182,45.134526],[25.826173,45.134582],[25.826174,45.134639],[25.826184,45.134695],[25.826205,45.134749],[25.826222,45.134779],[25.826202,45.134789],[25.826141,45.134825],[25.826087,45.134867],[25.82604,45.134913],[25.826003,45.134963],[25.825974,45.135015],[25.825955,45.13507],[25.825946,45.135126],[25.825947,45.135183],[25.825957,45.135239],[25.825978,45.135293],[25.826008,45.135346],[25.826047,45.135395],[25.826095,45.13544],[25.82615,45.135481],[25.826212,45.135517],[25.82628,45.135547],[25.826353,45.13557],[25.826429,45.135587],[25.826507,45.135597],[25.826587,45.1356],[25.826667,45.135596],[25.826745,45.135585],[25.826821,45.135567],[25.826867,45.135551],[25.826867,45.135551],[25.826935,45.135581],[25.827008,45.135605],[25.827084,45.135622],[25.827162,45.135632],[25.827242,45.135635],[25.827322,45.13563],[25.8274,45.135619],[25.827476,45.135601],[25.827548,45.135577],[25.827615,45.135546],[25.827676,45.135509],[25.82773,45.135468],[25.827776,45.135422],[25.827814,45.135372],[25.827842,45.135319],[25.827861,45.135264],[25.82787,45.135208],[25.82787,45.135152],[25.827867,45.135138],[25.827907,45.135151],[25.827983,45.135168],[25.828062,45.135178],[25.828141,45.135181],[25.828221,45.135177],[25.828299,45.135166],[25.828375,45.135148],[25.828395,45.135141],[25.828412,45.135186],[25.828442,45.135238],[25.828481,45.135288],[25.828529,45.135333],[25.828584,45.135374],[25.828646,45.135409],[25.828714,45.135439],[25.828787,45.135463],[25.828863,45.13548],[25.828878,45.135482],[25.828858,45.135491],[25.828797,45.135527],[25.828743,45.135569],[25.828697,45.135615],[25.828659,45.135664],[25.82863,45.135717],[25.828611,45.135772],[25.828602,45.135828],[25.828603,45.135885],[25.828614,45.135941],[25.828634,45.135995],[25.828665,45.136048],[25.828704,45.136097],[25.828751,45.136142],[25.828807,45.136183],[25.828869,45.136219],[25.828937,45.136248],[25.829009,45.136272],[25.829085,45.136289],[25.829119,45.136293],[25.829121,45.136303],[25.829077,45.136288],[25.829001,45.136271],[25.828923,45.136261],[25.828843,45.136259],[25.828763,45.136263],[25.828685,45.136274],[25.828609,45.136292],[25.828538,45.136316],[25.828471,45.136347],[25.82841,45.136384],[25.828356,45.136425],[25.828309,45.136471],[25.828272,45.136521],[25.828243,45.136574],[25.828224,45.136629],[25.828215,45.136685],[25.828215,45.136741],[25.828226,45.136797],[25.828247,45.136852],[25.828277,45.136904],[25.828316,45.136953],[25.828364,45.136999],[25.828419,45.13704],[25.828481,45.137075],[25.828549,45.137105],[25.828622,45.137129],[25.828698,45.137145],[25.828776,45.137155],[25.828783,45.137156],[25.828814,45.137195],[25.828862,45.13724],[25.828917,45.137281],[25.828979,45.137316],[25.829047,45.137346],[25.829119,45.13737],[25.829196,45.137387],[25.829274,45.137397],[25.829354,45.1374],[25.829434,45.137395],[25.829474,45.13739],[25.829483,45.137317],[25.829486,45.137296],[25.829494,45.137226],[25.829501,45.137152],[25.829505,45.137131],[25.82951,45.137109],[25.829516,45.137088],[25.829525,45.137067],[25.829535,45.137047],[25.829548,45.137027],[25.829633,45.136897],[25.829647,45.136877],[25.829663,45.136858],[25.82968,45.13684],[25.829699,45.136822],[25.829719,45.136805],[25.829741,45.13679],[25.829764,45.136775],[25.829788,45.136761],[25.8298,45.136755],[25.829795,45.136367],[25.830358,45.136363],[25.830374,45.136317],[25.830384,45.136261],[25.830383,45.136204],[25.830372,45.136148],[25.830351,45.136093],[25.830321,45.136041],[25.830282,45.135992],[25.830234,45.135947],[25.830179,45.135906],[25.830117,45.13587],[25.830049,45.13584],[25.829977,45.135817],[25.829901,45.1358],[25.829867,45.135796],[25.829862,45.135774],[25.829866,45.135774],[25.829944,45.135762],[25.83002,45.135744],[25.830092,45.13572],[25.830159,45.135689],[25.83022,45.135653],[25.830229,45.135646],[25.830229,45.135699],[25.83024,45.135755],[25.830261,45.135809],[25.830291,45.135861],[25.83033,45.135911],[25.830378,45.135956],[25.830433,45.135997],[25.830495,45.136032],[25.830563,45.136062],[25.830635,45.136086],[25.830712,45.136103],[25.830784,45.136112],[25.830789,45.136094],[25.830792,45.136086],[25.830812,45.136034],[25.830821,45.136013],[25.830831,45.135993],[25.830843,45.135973],[25.830857,45.135954],[25.830872,45.135935],[25.830889,45.135917],[25.830908,45.1359],[25.831056,45.13577],[25.831073,45.135755],[25.831092,45.135741],[25.831111,45.135728],[25.831132,45.135716],[25.831153,45.135704],[25.8313,45.135629],[25.831376,45.13559],[25.831466,45.135545],[25.831473,45.135541],[25.831466,45.135522],[25.831436,45.13547],[25.831397,45.135421],[25.831349,45.135375],[25.831294,45.135334],[25.831279,45.135326],[25.8313,45.135316],[25.831361,45.135279],[25.831416,45.135238],[25.83142,45.135233],[25.831463,45.135264],[25.83151,45.135291],[25.831503,45.134845],[25.83066,45.134852],[25.830644,45.133754],[25.830307,45.133642],[25.829895,45.133519],[25.829889,45.133517],[25.829887,45.133516],[25.829532,45.133364],[25.829066,45.133253],[25.828653,45.133181],[25.828294,45.133355],[25.828285,45.133359],[25.828275,45.133362],[25.828265,45.133363],[25.82762,45.133418],[25.827613,45.133419],[25.827605,45.133418],[25.827598,45.133418],[25.827139,45.133339],[25.827134,45.133338],[25.827128,45.133337],[25.827122,45.133335],[25.827118,45.133333],[25.827116,45.133333],[25.827113,45.133332],[25.827104,45.133327],[25.827096,45.133322],[25.827089,45.133315],[25.827084,45.133308],[25.827084,45.133307],[25.827079,45.133297],[25.826868,45.13302],[25.826864,45.133014],[25.826863,45.133011],[25.826709,45.13264],[25.826556,45.132365],[25.826544,45.132367],[25.826469,45.132385]],[[25.826121,45.133094],[25.82614,45.133039],[25.826145,45.133008],[25.826175,45.133046],[25.826216,45.133085],[25.826194,45.133088],[25.826118,45.133106],[25.826114,45.133108],[25.826121,45.133094]],[[25.827291,45.134314],[25.827364,45.134296],[25.827436,45.134272],[25.827503,45.134241],[25.827564,45.134205],[25.827579,45.134193],[25.827598,45.134201],[25.827671,45.134225],[25.827747,45.134242],[25.827826,45.134252],[25.827905,45.134255],[25.827985,45.134251],[25.828063,45.13424],[25.828139,45.134222],[25.828188,45.134205],[25.828183,45.134237],[25.828184,45.134283],[25.828128,45.134281],[25.828049,45.134285],[25.82797,45.134296],[25.827895,45.134314],[25.827823,45.134339],[25.827756,45.13437],[25.827695,45.134406],[25.827641,45.134448],[25.827595,45.134494],[25.827557,45.134544],[25.827528,45.134596],[25.827509,45.134651],[25.8275,45.134707],[25.827501,45.134764],[25.827504,45.134777],[25.827463,45.134764],[25.827408,45.134752],[25.827414,45.134741],[25.827433,45.134686],[25.827443,45.13463],[25.827442,45.134573],[25.827431,45.134517],[25.82741,45.134462],[25.82738,45.13441],[25.827341,45.134361],[25.827293,45.134316],[25.827291,45.134314]],[[25.829489,45.134226],[25.829568,45.134236],[25.82963,45.134238],[25.829611,45.134273],[25.829592,45.134328],[25.829583,45.134384],[25.829584,45.134441],[25.829595,45.134497],[25.829615,45.134551],[25.829646,45.134604],[25.829685,45.134653],[25.829698,45.134666],[25.829653,45.134686],[25.829592,45.134723],[25.829538,45.134765],[25.829526,45.134777],[25.8295,45.134752],[25.829445,45.134711],[25.829383,45.134676],[25.829315,45.134646],[25.829243,45.134623],[25.829208,45.134615],[25.829258,45.134585],[25.829312,45.134544],[25.829358,45.134498],[25.829396,45.134448],[25.829425,45.134395],[25.829444,45.13434],[25.829453,45.134284],[25.829452,45.134227],[25.82945,45.134217],[25.829489,45.134226]],[[25.829006,45.133766],[25.829007,45.133822],[25.829009,45.133832],[25.82897,45.133823],[25.828891,45.133813],[25.828811,45.13381],[25.828732,45.133815],[25.828654,45.133826],[25.828578,45.133844],[25.828528,45.133861],[25.828534,45.133828],[25.828533,45.133772],[25.828522,45.133716],[25.828501,45.133661],[25.828471,45.133609],[25.828432,45.13356],[25.828412,45.133541],[25.828434,45.133541],[25.828514,45.133537],[25.828592,45.133526],[25.828668,45.133508],[25.82874,45.133483],[25.828806,45.133453],[25.828865,45.133418],[25.828924,45.133437],[25.829,45.133454],[25.829079,45.133464],[25.829158,45.133467],[25.8292,45.133465],[25.829147,45.133506],[25.829101,45.133552],[25.829063,45.133602],[25.829034,45.133655],[25.829015,45.133709],[25.829006,45.133766]]],[[[25.83243,45.136349],[25.832491,45.136312],[25.832545,45.136271],[25.832591,45.136224],[25.832629,45.136175],[25.832642,45.136151],[25.832667,45.13615],[25.832745,45.136139],[25.832821,45.136121],[25.832892,45.136096],[25.832907,45.136089],[25.832793,45.13609],[25.832129,45.136095],[25.832052,45.136133],[25.831967,45.136176],[25.831897,45.136212],[25.831805,45.136259],[25.831769,45.136291],[25.831748,45.136353],[25.832337,45.136349],[25.832338,45.136388],[25.832363,45.136379],[25.83243,45.136349]]],[[[25.833381,45.136164],[25.833343,45.136213],[25.833314,45.136266],[25.833309,45.136281],[25.833274,45.136273],[25.833195,45.136263],[25.833116,45.13626],[25.833036,45.136264],[25.832958,45.136275],[25.832882,45.136293],[25.83281,45.136318],[25.832743,45.136349],[25.832682,45.136385],[25.832628,45.136427],[25.832582,45.136473],[25.832544,45.136523],[25.832516,45.136575],[25.832497,45.13663],[25.832487,45.136686],[25.832488,45.136743],[25.832499,45.136799],[25.83252,45.136853],[25.832534,45.136878],[25.832531,45.136672],[25.833802,45.136662],[25.835074,45.136653],[25.835077,45.136832],[25.835102,45.136785],[25.835121,45.13673],[25.83513,45.136674],[25.83513,45.136664],[25.835176,45.136662],[25.835254,45.136651],[25.83533,45.136633],[25.835402,45.136608],[25.835469,45.136578],[25.83553,45.136541],[25.835584,45.136499],[25.83563,45.136453],[25.835668,45.136404],[25.835696,45.136351],[25.835715,45.136296],[25.835724,45.13624],[25.835724,45.136183],[25.835713,45.136127],[25.835692,45.136073],[25.835662,45.13602],[25.835623,45.135971],[25.835575,45.135926],[25.83552,45.135885],[25.83547,45.135857],[25.83554,45.13584],[25.835612,45.135815],[25.835679,45.135785],[25.83574,45.135748],[25.835794,45.135707],[25.83584,45.135661],[25.835878,45.135611],[25.835906,45.135558],[25.835925,45.135503],[25.835934,45.135447],[25.835934,45.135416],[25.83596,45.135435],[25.836022,45.135471],[25.83609,45.135501],[25.836163,45.135524],[25.836239,45.135541],[25.836318,45.135551],[25.836397,45.135554],[25.836477,45.13555],[25.836555,45.135539],[25.836631,45.135521],[25.836652,45.135514],[25.836161,45.135517],[25.836158,45.135293],[25.836017,45.135294],[25.834746,45.135304],[25.834741,45.135008],[25.83472,45.135009],[25.834717,45.13475],[25.834701,45.134755],[25.834678,45.134778],[25.834647,45.134807],[25.834614,45.134834],[25.834579,45.13486],[25.834544,45.134885],[25.834507,45.13491],[25.834468,45.134933],[25.834428,45.134955],[25.834421,45.134959],[25.834414,45.134967],[25.834386,45.13502],[25.834367,45.135075],[25.834358,45.135131],[25.834358,45.135188],[25.834369,45.135244],[25.83439,45.135298],[25.83442,45.13535],[25.834459,45.1354],[25.834507,45.135445],[25.834562,45.135486],[25.834624,45.135521],[25.834691,45.135551],[25.834697,45.135567],[25.834727,45.135619],[25.834766,45.135668],[25.834814,45.135714],[25.834869,45.135755],[25.834919,45.135783],[25.834849,45.1358],[25.834778,45.135824],[25.834733,45.135845],[25.834731,45.135834],[25.834711,45.13578],[25.834681,45.135727],[25.834641,45.135678],[25.834594,45.135633],[25.834538,45.135592],[25.834476,45.135556],[25.834409,45.135527],[25.834336,45.135503],[25.83426,45.135486],[25.834191,45.135477],[25.834236,45.135433],[25.834274,45.135383],[25.834302,45.13533],[25.834321,45.135275],[25.83433,45.135219],[25.83433,45.135163],[25.834319,45.135107],[25.834298,45.135052],[25.834281,45.135023],[25.834258,45.135032],[25.834213,45.135048],[25.834167,45.135063],[25.83412,45.135076],[25.834073,45.135089],[25.83405,45.135094],[25.834065,45.136081],[25.833469,45.136085],[25.833427,45.136118],[25.833381,45.136164]]],[[[25.832426,45.137112],[25.832349,45.137109],[25.832363,45.138069],[25.832378,45.138066],[25.832454,45.138048],[25.832526,45.138024],[25.832551,45.138012],[25.832538,45.137129],[25.832505,45.137122],[25.832426,45.137112]]],[[[25.831593,45.138204],[25.831669,45.138221],[25.831748,45.138231],[25.831828,45.138234],[25.831907,45.138229],[25.831986,45.138218],[25.832061,45.1382],[25.832133,45.138176],[25.83219,45.13815],[25.831464,45.138155],[25.831521,45.13818],[25.831593,45.138204]]],[[[25.830526,45.140224],[25.830459,45.140255],[25.830398,45.140291],[25.830344,45.140333],[25.830298,45.140379],[25.830279,45.140403],[25.830269,45.140393],[25.830213,45.140352],[25.830151,45.140316],[25.830083,45.140287],[25.830011,45.140263],[25.829935,45.140246],[25.829856,45.140236],[25.829776,45.140233],[25.829697,45.140237],[25.829618,45.140249],[25.829543,45.140267],[25.829471,45.140291],[25.829404,45.140322],[25.829343,45.140358],[25.829289,45.1404],[25.829279,45.140409],[25.829249,45.140392],[25.829181,45.140362],[25.829142,45.14035],[25.82912,45.140312],[25.829081,45.140263],[25.829034,45.140218],[25.828978,45.140177],[25.828916,45.140141],[25.828849,45.140111],[25.828776,45.140088],[25.8287,45.140071],[25.828621,45.140061],[25.828541,45.140058],[25.828462,45.140062],[25.828384,45.140073],[25.828362,45.140078],[25.828371,45.140667],[25.828467,45.140666],[25.828469,45.140812],[25.82904,45.140808],[25.829044,45.14106],[25.82922,45.141059],[25.829223,45.14129],[25.829297,45.141252],[25.829392,45.141202],[25.829488,45.141153],[25.82951,45.141142],[25.829519,45.141137],[25.829607,45.141098],[25.829695,45.141059],[25.829783,45.14102],[25.829871,45.140981],[25.829923,45.140961],[25.829988,45.14094],[25.830053,45.140918],[25.830077,45.14091],[25.830149,45.140889],[25.830145,45.140596],[25.830388,45.140595],[25.830385,45.140442],[25.830945,45.140438],[25.830944,45.140436],[25.830941,45.140416],[25.830939,45.140395],[25.830923,45.140381],[25.830832,45.140328],[25.830763,45.140288],[25.830687,45.140243],[25.830609,45.140197],[25.830609,45.140197],[25.830598,45.1402],[25.830526,45.140224]]],[[[25.828102,45.139693],[25.828156,45.139651],[25.828202,45.139605],[25.82824,45.139556],[25.828268,45.139503],[25.828287,45.139448],[25.828297,45.139392],[25.828296,45.139335],[25.828285,45.139279],[25.828264,45.139225],[25.828234,45.139172],[25.828195,45.139123],[25.828147,45.139078],[25.828092,45.139037],[25.82803,45.139001],[25.827962,45.138972],[25.827939,45.138964],[25.827968,45.138927],[25.827996,45.138874],[25.828016,45.138819],[25.828025,45.138763],[25.828024,45.138706],[25.828013,45.13865],[25.827992,45.138596],[25.827962,45.138543],[25.827923,45.138494],[25.827876,45.138449],[25.82782,45.138408],[25.827758,45.138372],[25.82769,45.138343],[25.827618,45.138319],[25.827542,45.138302],[25.827463,45.138292],[25.827383,45.138289],[25.827304,45.138293],[25.827225,45.138305],[25.82715,45.138323],[25.827078,45.138347],[25.827011,45.138378],[25.82695,45.138414],[25.826896,45.138456],[25.82685,45.138502],[25.826812,45.138552],[25.826786,45.138599],[25.82677,45.138603],[25.826699,45.138628],[25.826632,45.138658],[25.826571,45.138695],[25.826516,45.138736],[25.82647,45.138783],[25.826432,45.138832],[25.826404,45.138885],[25.826385,45.13894],[25.826376,45.138996],[25.826376,45.139053],[25.826387,45.139109],[25.826408,45.139163],[25.82642,45.139183],[25.826361,45.139158],[25.826289,45.139134],[25.826213,45.139117],[25.826134,45.139107],[25.826054,45.139104],[25.825975,45.139109],[25.825896,45.13912],[25.825821,45.139138],[25.825749,45.139162],[25.825682,45.139193],[25.825671,45.139199],[25.825675,45.139462],[25.825799,45.139461],[25.825799,45.139467],[25.826308,45.139464],[25.82758,45.139454],[25.82758,45.139501],[25.827987,45.139498],[25.827991,45.139752],[25.828041,45.13973],[25.828102,45.139693]]],[[[25.824781,45.138348],[25.82476,45.138293],[25.82473,45.138241],[25.824691,45.138192],[25.824643,45.138146],[25.824588,45.138105],[25.824526,45.13807],[25.824458,45.13804],[25.824385,45.138017],[25.824309,45.138],[25.824231,45.13799],[25.824151,45.137987],[25.824071,45.137991],[25.823993,45.138002],[25.823917,45.13802],[25.823845,45.138045],[25.823778,45.138075],[25.823717,45.138112],[25.823663,45.138153],[25.823617,45.138199],[25.823579,45.138249],[25.823551,45.138302],[25.823532,45.138357],[25.823522,45.138413],[25.823523,45.138435],[25.823484,45.138407],[25.823422,45.138371],[25.823354,45.138341],[25.823281,45.138318],[25.823205,45.138301],[25.823126,45.138291],[25.823047,45.138288],[25.822967,45.138292],[25.822889,45.138303],[25.822813,45.138321],[25.822741,45.138346],[25.822674,45.138376],[25.822613,45.138413],[25.822559,45.138454],[25.822513,45.138501],[25.822475,45.13855],[25.822453,45.138591],[25.822477,45.138606],[25.822514,45.138631],[25.822549,45.138657],[25.822582,45.138684],[25.822614,45.138711],[25.822645,45.13874],[25.822674,45.138769],[25.822701,45.1388],[25.822726,45.13883],[25.82274,45.138848],[25.82313,45.138846],[25.823151,45.138816],[25.823175,45.138785],[25.823201,45.138754],[25.823229,45.138724],[25.823259,45.138695],[25.82329,45.138667],[25.823323,45.13864],[25.823357,45.138614],[25.823393,45.138588],[25.82343,45.138564],[25.823469,45.138541],[25.823508,45.138519],[25.823549,45.138498],[25.823591,45.138478],[25.823635,45.138459],[25.823679,45.138442],[25.823724,45.138426],[25.82377,45.138411],[25.823817,45.138398],[25.823864,45.138385],[25.823912,45.138374],[25.823961,45.138365],[25.82401,45.138357],[25.82406,45.13835],[25.82411,45.138345],[25.82416,45.138341],[25.824211,45.138338],[25.824261,45.138337],[25.824312,45.138338],[25.824362,45.138339],[25.824413,45.138343],[25.824463,45.138347],[25.824513,45.138353],[25.824562,45.138361],[25.824611,45.138369],[25.82466,45.13838],[25.824708,45.138391],[25.824755,45.138404],[25.824792,45.138415],[25.824791,45.138404],[25.824781,45.138348]]],[[[25.821872,45.138302],[25.8219,45.138249],[25.821919,45.138194],[25.821929,45.138138],[25.821928,45.138082],[25.821917,45.138026],[25.821896,45.137971],[25.821866,45.137919],[25.821827,45.137869],[25.821779,45.137824],[25.821724,45.137783],[25.821662,45.137748],[25.821594,45.137718],[25.821522,45.137694],[25.821445,45.137677],[25.821367,45.137667],[25.821297,45.137665],[25.821333,45.137733],[25.821373,45.13781],[25.821376,45.137815],[25.821399,45.137863],[25.82142,45.137905],[25.821478,45.138026],[25.821533,45.138128],[25.821538,45.138137],[25.821595,45.138252],[25.821599,45.138261],[25.821647,45.138368],[25.821653,45.138368],[25.821703,45.13837],[25.821753,45.138373],[25.821804,45.138378],[25.821807,45.138378],[25.821834,45.138352],[25.821872,45.138302]]],[[[25.820529,45.138463],[25.820511,45.138487],[25.820633,45.138486],[25.820632,45.138485],[25.820592,45.138404],[25.820575,45.138417],[25.820529,45.138463]]],[[[25.814785,45.139339],[25.814755,45.139286],[25.814715,45.139237],[25.814668,45.139192],[25.814613,45.139151],[25.814551,45.139115],[25.814483,45.139086],[25.81441,45.139062],[25.814334,45.139045],[25.814255,45.139035],[25.814176,45.139032],[25.814096,45.139036],[25.814018,45.139047],[25.813942,45.139065],[25.81387,45.13909],[25.813803,45.139121],[25.813742,45.139157],[25.813688,45.139199],[25.813642,45.139245],[25.813604,45.139295],[25.813575,45.139347],[25.813556,45.139402],[25.813547,45.139458],[25.813548,45.139515],[25.813559,45.139571],[25.813579,45.139625],[25.81361,45.139678],[25.813649,45.139727],[25.813696,45.139772],[25.813752,45.139813],[25.813814,45.139849],[25.813881,45.139879],[25.813954,45.139902],[25.81403,45.139919],[25.814109,45.139929],[25.814189,45.139932],[25.814268,45.139928],[25.814346,45.139917],[25.814422,45.139899],[25.814494,45.139874],[25.814561,45.139843],[25.814622,45.139807],[25.814676,45.139765],[25.814722,45.139719],[25.81476,45.13967],[25.814789,45.139617],[25.814808,45.139562],[25.814817,45.139506],[25.814816,45.139449],[25.814805,45.139393],[25.814785,45.139339]]],[[[25.816298,45.139987],[25.81625,45.139942],[25.816195,45.139901],[25.816133,45.139866],[25.816065,45.139836],[25.815993,45.139812],[25.815916,45.139795],[25.815838,45.139785],[25.815758,45.139782],[25.815679,45.139786],[25.8156,45.139798],[25.815525,45.139816],[25.815453,45.13984],[25.815386,45.139871],[25.815325,45.139907],[25.815271,45.139949],[25.815224,45.139995],[25.815187,45.140045],[25.815158,45.140098],[25.815139,45.140152],[25.815132,45.140197],[25.815099,45.14023],[25.815061,45.140279],[25.815033,45.140332],[25.815014,45.140387],[25.815004,45.140443],[25.815005,45.1405],[25.815016,45.140556],[25.815037,45.14061],[25.815067,45.140662],[25.815106,45.140712],[25.815154,45.140757],[25.815209,45.140798],[25.815271,45.140833],[25.815339,45.140863],[25.815411,45.140887],[25.815487,45.140904],[25.815566,45.140914],[25.815646,45.140917],[25.815725,45.140913],[25.815804,45.140901],[25.815879,45.140883],[25.815951,45.140859],[25.816018,45.140828],[25.816079,45.140792],[25.816133,45.14075],[25.81618,45.140704],[25.816217,45.140654],[25.816246,45.140601],[25.816265,45.140547],[25.816272,45.140502],[25.816305,45.140469],[25.816343,45.14042],[25.816371,45.140367],[25.81639,45.140312],[25.8164,45.140256],[25.816399,45.140199],[25.816388,45.140143],[25.816367,45.140089],[25.816337,45.140037],[25.816298,45.139987]]],[[[25.810022,45.140202],[25.809992,45.14015],[25.809953,45.140101],[25.809905,45.140055],[25.80985,45.140015],[25.809788,45.139979],[25.80972,45.139949],[25.809648,45.139926],[25.809571,45.139909],[25.809493,45.139899],[25.809413,45.139896],[25.809333,45.1399],[25.809255,45.139911],[25.809179,45.139929],[25.809108,45.139954],[25.809041,45.139984],[25.80898,45.140021],[25.808926,45.140062],[25.808879,45.140108],[25.808842,45.140158],[25.808813,45.140211],[25.808794,45.140266],[25.808785,45.140322],[25.808785,45.140379],[25.808796,45.140435],[25.808817,45.140489],[25.808847,45.140541],[25.808886,45.140591],[25.808934,45.140636],[25.808989,45.140677],[25.809051,45.140712],[25.809119,45.140742],[25.809191,45.140766],[25.809268,45.140783],[25.809346,45.140793],[25.809426,45.140796],[25.809506,45.140792],[25.809584,45.14078],[25.809659,45.140762],[25.809731,45.140738],[25.809798,45.140707],[25.809859,45.140671],[25.809913,45.140629],[25.80996,45.140583],[25.809997,45.140533],[25.810026,45.14048],[25.810045,45.140426],[25.810054,45.140369],[25.810054,45.140313],[25.810043,45.140257],[25.810022,45.140202]]],[[[25.817306,45.141129],[25.817327,45.141184],[25.817357,45.141236],[25.817396,45.141285],[25.817444,45.141331],[25.817499,45.141372],[25.817561,45.141407],[25.817629,45.141437],[25.817701,45.141461],[25.817778,45.141477],[25.817856,45.141487],[25.817936,45.14149],[25.818015,45.141486],[25.818094,45.141475],[25.818169,45.141457],[25.818241,45.141433],[25.818262,45.141423],[25.817878,45.141426],[25.817873,45.141027],[25.817295,45.141031],[25.817295,45.141073],[25.817306,45.141129]]],[[[25.814298,45.144021],[25.814268,45.143969],[25.814229,45.143919],[25.814181,45.143874],[25.814126,45.143833],[25.814064,45.143798],[25.813996,45.143768],[25.813923,45.143744],[25.813847,45.143727],[25.813769,45.143717],[25.813689,45.143714],[25.813609,45.143718],[25.813531,45.14373],[25.813455,45.143748],[25.813383,45.143772],[25.813316,45.143803],[25.813255,45.143839],[25.813201,45.143881],[25.813155,45.143927],[25.813117,45.143977],[25.813089,45.14403],[25.81307,45.144084],[25.81306,45.144141],[25.813061,45.144197],[25.813072,45.144253],[25.813093,45.144308],[25.813123,45.14436],[25.813162,45.144409],[25.81321,45.144455],[25.813265,45.144495],[25.813327,45.144531],[25.813395,45.144561],[25.813467,45.144584],[25.813544,45.144601],[25.813622,45.144611],[25.813702,45.144614],[25.813781,45.14461],[25.81386,45.144599],[25.813935,45.144581],[25.814007,45.144556],[25.814074,45.144526],[25.814135,45.144489],[25.814189,45.144448],[25.814236,45.144402],[25.814273,45.144352],[25.814302,45.144299],[25.814321,45.144244],[25.81433,45.144188],[25.81433,45.144131],[25.814319,45.144075],[25.814298,45.144021]]],[[[25.819717,45.103957],[25.819641,45.10394],[25.819562,45.10393],[25.819482,45.103927],[25.819403,45.103931],[25.819325,45.103943],[25.819249,45.103961],[25.819177,45.103985],[25.81911,45.104016],[25.819049,45.104052],[25.818995,45.104094],[25.818949,45.10414],[25.818911,45.10419],[25.818883,45.104243],[25.818863,45.104298],[25.818854,45.104354],[25.818855,45.10441],[25.818866,45.104466],[25.818887,45.104521],[25.818917,45.104573],[25.818956,45.104622],[25.819003,45.104668],[25.819059,45.104708],[25.819121,45.104744],[25.819188,45.104774],[25.819228,45.104787],[25.819233,45.104777],[25.819269,45.104705],[25.819306,45.104634],[25.819313,45.104621],[25.819358,45.104544],[25.819403,45.104466],[25.819448,45.104389],[25.819454,45.104379],[25.819459,45.104371],[25.819513,45.10429],[25.819567,45.104209],[25.81958,45.104192],[25.819594,45.104175],[25.819609,45.104158],[25.819626,45.104143],[25.819643,45.104127],[25.819662,45.104113],[25.819715,45.104075],[25.819767,45.104037],[25.819795,45.104018],[25.819827,45.103999],[25.819829,45.103998],[25.819789,45.103981],[25.819717,45.103957]]],[[[25.821912,45.106333],[25.821882,45.106281],[25.821842,45.106232],[25.821795,45.106186],[25.82174,45.106145],[25.821678,45.10611],[25.82161,45.10608],[25.821537,45.106057],[25.821461,45.10604],[25.821383,45.10603],[25.821303,45.106027],[25.821223,45.106031],[25.821145,45.106042],[25.821069,45.10606],[25.820998,45.106085],[25.820931,45.106115],[25.82087,45.106152],[25.820816,45.106193],[25.820769,45.106239],[25.820732,45.106289],[25.820703,45.106342],[25.820684,45.106397],[25.820675,45.106453],[25.820676,45.106509],[25.820686,45.106565],[25.820707,45.10662],[25.820737,45.106672],[25.820776,45.106722],[25.820824,45.106767],[25.820879,45.106808],[25.820941,45.106843],[25.821009,45.106873],[25.821082,45.106897],[25.821158,45.106914],[25.821236,45.106924],[25.821316,45.106927],[25.821396,45.106922],[25.821474,45.106911],[25.821549,45.106893],[25.821621,45.106869],[25.821688,45.106838],[25.821749,45.106802],[25.821803,45.10676],[25.821849,45.106714],[25.821887,45.106664],[25.821916,45.106611],[25.821935,45.106556],[25.821944,45.1065],[25.821943,45.106444],[25.821932,45.106388],[25.821912,45.106333]]],[[[25.823356,45.107582],[25.82328,45.1076],[25.823208,45.107624],[25.823141,45.107655],[25.82308,45.107692],[25.823052,45.107713],[25.82317,45.107712],[25.823978,45.107706],[25.82395,45.107685],[25.823888,45.10765],[25.82382,45.10762],[25.823748,45.107596],[25.823672,45.107579],[25.823593,45.107569],[25.823513,45.107567],[25.823434,45.107571],[25.823356,45.107582]]],[[[25.8258,45.108931],[25.825867,45.108961],[25.82594,45.108984],[25.826016,45.109001],[25.826095,45.109011],[25.82615,45.109013],[25.826146,45.108743],[25.826085,45.108768],[25.826017,45.108786],[25.825991,45.108791],[25.825969,45.108795],[25.825947,45.108802],[25.825916,45.108813],[25.825904,45.108817],[25.825845,45.108833],[25.825821,45.108839],[25.825812,45.108841],[25.825741,45.108852],[25.825684,45.108856],[25.825738,45.108896],[25.8258,45.108931]]],[[[25.825099,45.1076],[25.825021,45.107611],[25.824945,45.107629],[25.824873,45.107654],[25.824806,45.107685],[25.824745,45.107721],[25.824691,45.107763],[25.824645,45.107809],[25.824607,45.107859],[25.824579,45.107911],[25.824569,45.107941],[25.824521,45.10792],[25.824449,45.107896],[25.824443,45.107895],[25.824445,45.108032],[25.824537,45.108014],[25.824577,45.108007],[25.824697,45.107991],[25.824715,45.107989],[25.824791,45.107984],[25.824991,45.107985],[25.825057,45.107988],[25.825083,45.107991],[25.825192,45.108004],[25.825176,45.107957],[25.825161,45.107888],[25.825156,45.107862],[25.825153,45.107835],[25.825151,45.107817],[25.825151,45.107798],[25.825152,45.10778],[25.825155,45.107761],[25.825159,45.107743],[25.825166,45.107714],[25.825177,45.107678],[25.825202,45.10763],[25.825226,45.107598],[25.825179,45.107596],[25.825099,45.1076]]],[[[25.821185,45.1102],[25.821264,45.110203],[25.821344,45.110199],[25.821422,45.110188],[25.821498,45.11017],[25.82157,45.110145],[25.821637,45.110114],[25.821697,45.110078],[25.821752,45.110036],[25.821798,45.10999],[25.821835,45.109941],[25.821864,45.109888],[25.821883,45.109833],[25.821892,45.109777],[25.821892,45.109755],[25.821598,45.109757],[25.821592,45.109372],[25.821558,45.109357],[25.821486,45.109333],[25.821409,45.109316],[25.821331,45.109306],[25.821251,45.109303],[25.821172,45.109307],[25.821093,45.109318],[25.821018,45.109336],[25.820946,45.109361],[25.820879,45.109392],[25.820818,45.109428],[25.820817,45.109429],[25.820801,45.10941],[25.820754,45.109364],[25.820699,45.109324],[25.820637,45.109288],[25.820569,45.109258],[25.820496,45.109235],[25.82042,45.109218],[25.820341,45.109208],[25.820262,45.109205],[25.820182,45.109209],[25.820104,45.10922],[25.820028,45.109238],[25.819956,45.109263],[25.81989,45.109293],[25.819829,45.10933],[25.819775,45.109371],[25.819728,45.109418],[25.819691,45.109467],[25.819662,45.10952],[25.819643,45.109575],[25.819634,45.109631],[25.819635,45.109688],[25.819645,45.109744],[25.819666,45.109798],[25.819696,45.10985],[25.819735,45.1099],[25.819783,45.109945],[25.819838,45.109986],[25.8199,45.110021],[25.819968,45.110051],[25.82004,45.110075],[25.820117,45.110092],[25.820195,45.110102],[25.820275,45.110105],[25.820354,45.110101],[25.820433,45.110089],[25.820508,45.110071],[25.82058,45.110047],[25.820647,45.110016],[25.820708,45.10998],[25.820709,45.109979],[25.820725,45.109998],[25.820772,45.110044],[25.820828,45.110084],[25.82089,45.11012],[25.820957,45.11015],[25.82103,45.110173],[25.821106,45.11019],[25.821185,45.1102]]],[[[25.822253,45.110595],[25.822222,45.110542],[25.822183,45.110493],[25.822136,45.110448],[25.82208,45.110407],[25.822018,45.110371],[25.821951,45.110342],[25.821878,45.110318],[25.821802,45.110301],[25.821723,45.110291],[25.821644,45.110288],[25.821564,45.110292],[25.821486,45.110303],[25.82141,45.110321],[25.821338,45.110346],[25.821271,45.110377],[25.821211,45.110413],[25.821156,45.110455],[25.82111,45.110501],[25.821073,45.110551],[25.821044,45.110603],[25.821025,45.110658],[25.821016,45.110715],[25.821016,45.110771],[25.821027,45.110827],[25.821048,45.110882],[25.821078,45.110934],[25.821117,45.110983],[25.821165,45.111029],[25.82122,45.111069],[25.821282,45.111105],[25.82135,45.111135],[25.821422,45.111158],[25.821499,45.111175],[25.821577,45.111185],[25.821657,45.111188],[25.821736,45.111184],[25.821815,45.111173],[25.82189,45.111155],[25.821962,45.11113],[25.822029,45.111099],[25.82209,45.111063],[25.822144,45.111021],[25.82219,45.110975],[25.822228,45.110926],[25.822257,45.110873],[25.822276,45.110818],[25.822285,45.110762],[25.822284,45.110705],[25.822273,45.110649],[25.822253,45.110595]]],[[[25.821132,45.111539],[25.821112,45.111485],[25.821081,45.111432],[25.821042,45.111383],[25.820995,45.111338],[25.82094,45.111297],[25.820878,45.111261],[25.82081,45.111232],[25.820737,45.111208],[25.820661,45.111191],[25.820582,45.111181],[25.820503,45.111178],[25.820423,45.111182],[25.820345,45.111193],[25.820269,45.111211],[25.820197,45.111236],[25.820131,45.111267],[25.82007,45.111303],[25.820016,45.111345],[25.819969,45.111391],[25.819932,45.111441],[25.819903,45.111493],[25.819884,45.111548],[25.819875,45.111604],[25.819875,45.111661],[25.819886,45.111717],[25.819907,45.111771],[25.819937,45.111824],[25.819976,45.111873],[25.820024,45.111918],[25.820079,45.111959],[25.820141,45.111995],[25.820209,45.112025],[25.820281,45.112048],[25.820358,45.112065],[25.820436,45.112075],[25.820516,45.112078],[25.820595,45.112074],[25.820674,45.112063],[25.820749,45.112045],[25.820821,45.11202],[25.820888,45.111989],[25.820949,45.111953],[25.821003,45.111911],[25.821049,45.111865],[25.821087,45.111815],[25.821116,45.111763],[25.821135,45.111708],[25.821144,45.111652],[25.821143,45.111595],[25.821132,45.111539]]],[[[25.823643,45.111682],[25.823613,45.11163],[25.823573,45.111581],[25.823526,45.111535],[25.823471,45.111494],[25.823409,45.111459],[25.823341,45.111429],[25.823268,45.111405],[25.823192,45.111389],[25.823114,45.111379],[25.823034,45.111376],[25.822954,45.11138],[25.822876,45.111391],[25.8228,45.111409],[25.822728,45.111433],[25.822662,45.111464],[25.822601,45.111501],[25.822547,45.111542],[25.8225,45.111588],[25.822463,45.111638],[25.822434,45.111691],[25.822415,45.111746],[25.822406,45.111802],[25.822407,45.111858],[25.822417,45.111914],[25.822438,45.111969],[25.822468,45.112021],[25.822507,45.112071],[25.822555,45.112116],[25.82261,45.112157],[25.822672,45.112192],[25.82274,45.112222],[25.822812,45.112246],[25.822889,45.112263],[25.822967,45.112273],[25.823047,45.112276],[25.823126,45.112271],[25.823205,45.11226],[25.82328,45.112242],[25.823352,45.112218],[25.823419,45.112187],[25.82348,45.11215],[25.823534,45.112109],[25.82358,45.112063],[25.823618,45.112013],[25.823647,45.11196],[25.823666,45.111905],[25.823675,45.111849],[25.823674,45.111793],[25.823663,45.111737],[25.823643,45.111682]]],[[[25.824107,45.112625],[25.824077,45.112573],[25.824038,45.112524],[25.82399,45.112479],[25.823935,45.112438],[25.823873,45.112402],[25.823805,45.112372],[25.823733,45.112349],[25.823657,45.112332],[25.823578,45.112322],[25.823498,45.112319],[25.823419,45.112323],[25.823341,45.112334],[25.823265,45.112352],[25.823193,45.112377],[25.823126,45.112408],[25.823065,45.112444],[25.823011,45.112486],[25.822965,45.112532],[25.822927,45.112581],[25.822899,45.112634],[25.82288,45.112689],[25.82287,45.112745],[25.822871,45.112802],[25.822882,45.112858],[25.822903,45.112912],[25.822933,45.112965],[25.822972,45.113014],[25.823019,45.113059],[25.823075,45.1131],[25.823137,45.113136],[25.823205,45.113165],[25.823277,45.113189],[25.823353,45.113206],[25.823432,45.113216],[25.823511,45.113219],[25.823591,45.113215],[25.823669,45.113204],[25.823745,45.113186],[25.823817,45.113161],[25.823884,45.11313],[25.823945,45.113094],[25.823999,45.113052],[25.824045,45.113006],[25.824083,45.112956],[25.824111,45.112904],[25.82413,45.112849],[25.82414,45.112793],[25.824139,45.112736],[25.824128,45.11268],[25.824107,45.112625]]],[[[25.82544,45.112444],[25.825378,45.112408],[25.825311,45.112378],[25.825238,45.112355],[25.825162,45.112338],[25.825083,45.112328],[25.825004,45.112325],[25.824924,45.112329],[25.824846,45.11234],[25.82477,45.112358],[25.824698,45.112383],[25.824631,45.112414],[25.82457,45.11245],[25.824516,45.112492],[25.82447,45.112538],[25.824432,45.112587],[25.824404,45.11264],[25.824385,45.112695],[25.824376,45.112751],[25.824376,45.112808],[25.824387,45.112864],[25.824408,45.112918],[25.824425,45.112949],[25.824379,45.112994],[25.824342,45.113044],[25.824313,45.113097],[25.824294,45.113151],[25.824237,45.113159],[25.824161,45.113177],[25.824089,45.113201],[25.824022,45.113232],[25.823961,45.113269],[25.823907,45.11331],[25.823904,45.113314],[25.823855,45.113303],[25.823776,45.113293],[25.823697,45.11329],[25.823617,45.113294],[25.823539,45.113306],[25.823463,45.113324],[25.823391,45.113348],[25.823324,45.113379],[25.823263,45.113415],[25.823209,45.113457],[25.823186,45.11348],[25.82318,45.113476],[25.82312,45.113441],[25.823127,45.113399],[25.823127,45.113343],[25.823116,45.113287],[25.823095,45.113232],[25.823065,45.11318],[25.823026,45.113131],[25.822978,45.113085],[25.822923,45.113045],[25.822861,45.113009],[25.822793,45.112979],[25.822721,45.112956],[25.822644,45.112939],[25.822615,45.112935],[25.822615,45.112895],[25.822604,45.112839],[25.822583,45.112784],[25.822553,45.112732],[25.822514,45.112683],[25.822466,45.112637],[25.822411,45.112596],[25.822349,45.112561],[25.822281,45.112531],[25.822209,45.112508],[25.822133,45.112491],[25.822054,45.112481],[25.821974,45.112478],[25.821895,45.112482],[25.821817,45.112493],[25.821741,45.112511],[25.821669,45.112536],[25.821602,45.112566],[25.821541,45.112603],[25.821487,45.112644],[25.821441,45.11269],[25.821403,45.11274],[25.821374,45.112793],[25.821355,45.112848],[25.821346,45.112904],[25.821347,45.112942],[25.821322,45.112934],[25.821246,45.112917],[25.821167,45.112907],[25.821088,45.112904],[25.821008,45.112908],[25.82093,45.112919],[25.820854,45.112937],[25.820782,45.112962],[25.820715,45.112993],[25.820654,45.113029],[25.8206,45.113071],[25.820554,45.113117],[25.820516,45.113167],[25.820488,45.113219],[25.820469,45.113274],[25.82046,45.11333],[25.82046,45.113387],[25.820471,45.113443],[25.820491,45.113494],[25.820445,45.113474],[25.820373,45.113451],[25.820297,45.113434],[25.820218,45.113424],[25.820138,45.113421],[25.820059,45.113425],[25.81998,45.113436],[25.819905,45.113454],[25.819833,45.113479],[25.819766,45.113509],[25.819705,45.113546],[25.819651,45.113587],[25.819605,45.113633],[25.819567,45.113683],[25.819538,45.113736],[25.819519,45.113791],[25.81951,45.113847],[25.819511,45.113903],[25.819522,45.113959],[25.819542,45.114014],[25.819573,45.114066],[25.819612,45.114116],[25.819659,45.114161],[25.819715,45.114202],[25.819777,45.114237],[25.819844,45.114267],[25.819917,45.114291],[25.819993,45.114308],[25.820072,45.114318],[25.820151,45.114321],[25.82018,45.114319],[25.820127,45.11436],[25.820081,45.114406],[25.820043,45.114456],[25.820015,45.114508],[25.819995,45.114563],[25.819986,45.114619],[25.819987,45.114644],[25.819971,45.114637],[25.819898,45.114614],[25.819822,45.114597],[25.819744,45.114587],[25.819664,45.114584],[25.819584,45.114588],[25.819506,45.114599],[25.81943,45.114617],[25.819359,45.114641],[25.819292,45.114672],[25.819231,45.114709],[25.819177,45.11475],[25.81913,45.114796],[25.819093,45.114846],[25.819064,45.114899],[25.819045,45.114954],[25.819036,45.11501],[25.819037,45.115066],[25.819047,45.115122],[25.819068,45.115177],[25.819098,45.115229],[25.819137,45.115279],[25.819185,45.115324],[25.81924,45.115365],[25.819302,45.1154],[25.81937,45.11543],[25.819443,45.115454],[25.819519,45.115471],[25.819597,45.115481],[25.819677,45.115484],[25.819757,45.115479],[25.819835,45.115468],[25.81991,45.11545],[25.819982,45.115426],[25.820049,45.115395],[25.82011,45.115358],[25.820164,45.115317],[25.82021,45.115271],[25.820248,45.115221],[25.820277,45.115168],[25.820296,45.115113],[25.820305,45.115057],[25.820305,45.115033],[25.82032,45.115039],[25.820393,45.115063],[25.820469,45.11508],[25.820548,45.11509],[25.820551,45.11509],[25.820505,45.115118],[25.820451,45.115159],[25.820405,45.115206],[25.820367,45.115255],[25.820338,45.115308],[25.820319,45.115363],[25.82031,45.115419],[25.820311,45.115476],[25.820322,45.115532],[25.820342,45.115586],[25.820372,45.115639],[25.820412,45.115688],[25.820459,45.115733],[25.820514,45.115774],[25.820576,45.115809],[25.820644,45.115839],[25.820717,45.115863],[25.820793,45.11588],[25.820871,45.11589],[25.820951,45.115893],[25.821031,45.115889],[25.821051,45.115886],[25.821052,45.115932],[25.821062,45.115988],[25.821083,45.116042],[25.821113,45.116095],[25.821152,45.116144],[25.8212,45.116189],[25.821255,45.11623],[25.821317,45.116266],[25.821385,45.116296],[25.821458,45.116319],[25.821534,45.116336],[25.821612,45.116346],[25.821692,45.116349],[25.821772,45.116345],[25.82185,45.116334],[25.821925,45.116316],[25.821997,45.116291],[25.822064,45.11626],[25.822096,45.116241],[25.822105,45.116245],[25.822182,45.116262],[25.82226,45.116272],[25.82234,45.116275],[25.822417,45.116271],[25.822409,45.115761],[25.821221,45.11577],[25.821202,45.114462],[25.821193,45.114447],[25.821154,45.114398],[25.821106,45.114353],[25.821051,45.114312],[25.820989,45.114276],[25.820921,45.114246],[25.820849,45.114223],[25.820773,45.114206],[25.820694,45.114196],[25.820614,45.114193],[25.820586,45.114194],[25.820639,45.114154],[25.820685,45.114108],[25.820723,45.114058],[25.820751,45.114005],[25.82077,45.11395],[25.820779,45.113894],[25.820779,45.113838],[25.820768,45.113782],[25.820748,45.113731],[25.820794,45.113751],[25.820866,45.113774],[25.820917,45.113785],[25.820919,45.113792],[25.820939,45.113847],[25.82097,45.113899],[25.821009,45.113948],[25.821056,45.113994],[25.821111,45.114035],[25.821173,45.11407],[25.821196,45.11408],[25.821195,45.11397],[25.822465,45.113961],[25.823736,45.113952],[25.82374,45.114189],[25.823789,45.114186],[25.823867,45.114175],[25.823943,45.114157],[25.824015,45.114132],[25.824082,45.114101],[25.824143,45.114065],[25.824197,45.114023],[25.824201,45.11402],[25.824249,45.114031],[25.824328,45.114041],[25.824408,45.114043],[25.824487,45.114039],[25.824565,45.114028],[25.824641,45.11401],[25.824713,45.113986],[25.82478,45.113955],[25.824841,45.113918],[25.824895,45.113877],[25.824941,45.113831],[25.824979,45.113781],[25.825007,45.113728],[25.825026,45.113674],[25.825084,45.113666],[25.82516,45.113648],[25.825231,45.113624],[25.825298,45.113593],[25.825359,45.113556],[25.825413,45.113515],[25.82546,45.113469],[25.825497,45.113419],[25.825526,45.113366],[25.825545,45.113311],[25.825554,45.113255],[25.825553,45.113199],[25.825542,45.113143],[25.825522,45.113088],[25.825504,45.113058],[25.82555,45.113012],[25.825588,45.112962],[25.825617,45.11291],[25.825636,45.112855],[25.825645,45.112799],[25.825644,45.112742],[25.825633,45.112686],[25.825613,45.112631],[25.825582,45.112579],[25.825543,45.11253],[25.825496,45.112484],[25.82544,45.112444]],[[25.822127,45.113896],[25.822141,45.113933],[25.822073,45.113949],[25.822082,45.113941],[25.822119,45.113891],[25.822125,45.113882],[25.822127,45.113896]],[[25.821014,45.114996],[25.821045,45.114977],[25.821053,45.115],[25.821018,45.114996],[25.821014,45.114996]]],[[[25.819983,45.115675],[25.819915,45.115645],[25.819842,45.115622],[25.819766,45.115605],[25.819688,45.115595],[25.819608,45.115592],[25.819528,45.115596],[25.81945,45.115607],[25.819374,45.115625],[25.819303,45.11565],[25.819236,45.11568],[25.819175,45.115717],[25.819121,45.115759],[25.819074,45.115805],[25.819037,45.115854],[25.819008,45.115907],[25.818989,45.115962],[25.81898,45.116018],[25.818981,45.116075],[25.818991,45.116131],[25.819012,45.116185],[25.819042,45.116238],[25.819081,45.116287],[25.819129,45.116332],[25.819184,45.116373],[25.819246,45.116409],[25.819314,45.116438],[25.819387,45.116462],[25.819463,45.116479],[25.81951,45.116485],[25.819499,45.116496],[25.819461,45.116546],[25.819433,45.116599],[25.819414,45.116653],[25.819405,45.11671],[25.819405,45.116766],[25.819416,45.116822],[25.819437,45.116877],[25.819467,45.116929],[25.819506,45.116978],[25.819554,45.117024],[25.819609,45.117064],[25.819645,45.117085],[25.819638,45.116658],[25.820663,45.116651],[25.820662,45.116644],[25.820642,45.11659],[25.820611,45.116538],[25.820572,45.116488],[25.820525,45.116443],[25.820469,45.116402],[25.820407,45.116367],[25.82034,45.116337],[25.820267,45.116313],[25.820191,45.116296],[25.820143,45.11629],[25.820154,45.116279],[25.820192,45.116229],[25.820221,45.116176],[25.82024,45.116122],[25.820249,45.116065],[25.820248,45.116009],[25.820237,45.115953],[25.820217,45.115898],[25.820187,45.115846],[25.820148,45.115797],[25.8201,45.115751],[25.820045,45.115711],[25.819983,45.115675]]],[[[25.825307,45.128752],[25.825228,45.128742],[25.825149,45.128739],[25.825069,45.128743],[25.824991,45.128754],[25.824915,45.128772],[25.824843,45.128797],[25.824776,45.128828],[25.824715,45.128864],[25.824661,45.128906],[25.824615,45.128952],[25.824577,45.129002],[25.824549,45.129054],[25.82453,45.129109],[25.82452,45.129165],[25.824521,45.129222],[25.824532,45.129278],[25.824553,45.129332],[25.824583,45.129385],[25.824622,45.129434],[25.82467,45.129479],[25.824725,45.12952],[25.824787,45.129556],[25.824855,45.129586],[25.824927,45.129609],[25.825004,45.129626],[25.825082,45.129636],[25.825162,45.129639],[25.825241,45.129635],[25.82532,45.129624],[25.825353,45.129616],[25.82535,45.12963],[25.825351,45.129687],[25.825362,45.129743],[25.825383,45.129797],[25.825413,45.12985],[25.825452,45.129899],[25.8255,45.129944],[25.825555,45.129985],[25.825617,45.130021],[25.825685,45.13005],[25.825757,45.130074],[25.825834,45.130091],[25.825912,45.130101],[25.825992,45.130104],[25.826071,45.1301],[25.82613,45.130091],[25.82613,45.130107],[25.826135,45.130131],[25.826201,45.130051],[25.826208,45.130043],[25.826279,45.129961],[25.826333,45.129897],[25.826371,45.129852],[25.826407,45.129807],[25.82642,45.129792],[25.826427,45.129783],[25.826478,45.129717],[25.826526,45.129654],[25.826535,45.129643],[25.826606,45.129557],[25.826588,45.12951],[25.826558,45.129458],[25.826518,45.129409],[25.826471,45.129363],[25.826416,45.129323],[25.826354,45.129287],[25.826286,45.129257],[25.826213,45.129234],[25.826137,45.129217],[25.826058,45.129207],[25.825979,45.129204],[25.825899,45.129208],[25.825821,45.129219],[25.825788,45.129227],[25.82579,45.129213],[25.825789,45.129156],[25.825778,45.1291],[25.825758,45.129046],[25.825728,45.128993],[25.825688,45.128944],[25.825641,45.128899],[25.825586,45.128858],[25.825524,45.128822],[25.825456,45.128792],[25.825383,45.128769],[25.825307,45.128752]]],[[[25.824622,45.13126],[25.824613,45.131316],[25.824614,45.131373],[25.824625,45.131429],[25.824645,45.131483],[25.82467,45.131526],[25.824665,45.131162],[25.824641,45.131205],[25.824622,45.13126]]],[[[25.827333,45.131624],[25.827411,45.131634],[25.82747,45.131636],[25.827509,45.131674],[25.827564,45.131714],[25.827626,45.13175],[25.827694,45.13178],[25.827767,45.131803],[25.827843,45.13182],[25.827922,45.13183],[25.828001,45.131833],[25.828081,45.131829],[25.828159,45.131818],[25.828235,45.1318],[25.828307,45.131775],[25.828374,45.131745],[25.828435,45.131708],[25.828489,45.131667],[25.828535,45.13162],[25.828573,45.131571],[25.828601,45.131518],[25.82862,45.131463],[25.82863,45.131407],[25.828629,45.13135],[25.828618,45.131294],[25.828597,45.13124],[25.828567,45.131188],[25.828528,45.131138],[25.82848,45.131093],[25.828425,45.131052],[25.828363,45.131017],[25.828295,45.130987],[25.828223,45.130963],[25.828147,45.130946],[25.828068,45.130936],[25.828009,45.130934],[25.82797,45.130897],[25.827915,45.130856],[25.827853,45.13082],[25.827785,45.130791],[25.827713,45.130767],[25.827636,45.13075],[25.827558,45.13074],[25.827478,45.130737],[25.827422,45.13074],[25.827464,45.130707],[25.827511,45.130661],[25.827548,45.130612],[25.827577,45.130559],[25.827596,45.130504],[25.827605,45.130448],[25.827604,45.130391],[25.827593,45.130335],[25.827573,45.130281],[25.827543,45.130228],[25.827503,45.130179],[25.827456,45.130134],[25.827401,45.130093],[25.827399,45.130092],[25.827398,45.130041],[25.827396,45.130029],[25.827372,45.130061],[25.827311,45.13014],[25.827296,45.130158],[25.827287,45.130167],[25.827255,45.130208],[25.827249,45.130215],[25.827206,45.130266],[25.827188,45.130288],[25.827195,45.130288],[25.827214,45.131593],[25.827257,45.131607],[25.827333,45.131624]]],[[[25.826332,45.136542],[25.826256,45.136525],[25.826178,45.136515],[25.826098,45.136512],[25.826018,45.136516],[25.82594,45.136527],[25.825864,45.136545],[25.825793,45.13657],[25.825726,45.136601],[25.825665,45.136637],[25.825613,45.136677],[25.825591,45.136676],[25.825511,45.13668],[25.825433,45.136691],[25.825357,45.136709],[25.825285,45.136734],[25.825218,45.136765],[25.825157,45.136801],[25.825103,45.136843],[25.825057,45.136889],[25.825019,45.136939],[25.824991,45.136991],[25.824971,45.137046],[25.824962,45.137102],[25.824963,45.137159],[25.824974,45.137215],[25.824995,45.137269],[25.825025,45.137322],[25.825064,45.137371],[25.825111,45.137416],[25.825114,45.137418],[25.825105,45.137471],[25.825106,45.137527],[25.825117,45.137583],[25.825137,45.137638],[25.825167,45.13769],[25.825207,45.137739],[25.825254,45.137785],[25.825309,45.137826],[25.825371,45.137861],[25.825439,45.137891],[25.825512,45.137915],[25.825588,45.137931],[25.825667,45.137941],[25.825746,45.137944],[25.825826,45.13794],[25.825904,45.137929],[25.82598,45.137911],[25.826052,45.137887],[25.826119,45.137856],[25.82618,45.137819],[25.826234,45.137778],[25.82628,45.137732],[25.826318,45.137682],[25.826346,45.137629],[25.826355,45.137606],[25.826365,45.137612],[25.826432,45.137641],[25.826505,45.137665],[25.826581,45.137682],[25.82666,45.137692],[25.826739,45.137695],[25.826819,45.137691],[25.826897,45.13768],[25.826973,45.137662],[25.827045,45.137637],[25.827112,45.137606],[25.827173,45.13757],[25.827227,45.137528],[25.827273,45.137482],[25.827311,45.137432],[25.82734,45.13738],[25.827359,45.137325],[25.827368,45.137269],[25.827367,45.137212],[25.827356,45.137156],[25.827335,45.137101],[25.827305,45.137049],[25.827266,45.137],[25.827219,45.136955],[25.827163,45.136914],[25.827101,45.136878],[25.827033,45.136848],[25.826961,45.136825],[25.826885,45.136808],[25.826806,45.136798],[25.826726,45.136795],[25.826695,45.136797],[25.826677,45.136766],[25.826638,45.136717],[25.82659,45.136672],[25.826535,45.136631],[25.826473,45.136595],[25.826405,45.136565],[25.826332,45.136542]]],[[[25.822092,45.136953],[25.822062,45.136901],[25.822023,45.136852],[25.822003,45.136833],[25.821924,45.136845],[25.821897,45.136849],[25.821805,45.136859],[25.821688,45.136876],[25.821564,45.1369],[25.821335,45.136944],[25.821241,45.13697],[25.821226,45.136976],[25.821213,45.136983],[25.821169,45.137015],[25.821154,45.137028],[25.821072,45.137102],[25.821075,45.137111],[25.821121,45.137239],[25.821163,45.137336],[25.821174,45.137368],[25.821191,45.137427],[25.821211,45.137486],[25.821219,45.137503],[25.821261,45.137517],[25.821338,45.137534],[25.821416,45.137544],[25.821496,45.137547],[25.821575,45.137542],[25.821654,45.137531],[25.821729,45.137513],[25.821801,45.137489],[25.821868,45.137458],[25.821929,45.137421],[25.821983,45.13738],[25.82203,45.137334],[25.822067,45.137284],[25.822096,45.137231],[25.822115,45.137176],[25.822124,45.13712],[25.822123,45.137064],[25.822113,45.137008],[25.822092,45.136953]]],[[[25.826672,45.109592],[25.826592,45.109589],[25.826565,45.10959],[25.826569,45.109864],[25.826575,45.109864],[25.826603,45.109865],[25.826631,45.109867],[25.826659,45.10987],[25.826686,45.109874],[25.826715,45.109879],[25.826727,45.109882],[25.826802,45.109881],[25.826798,45.109612],[25.82675,45.109602],[25.826672,45.109592]]],[[[25.830235,45.111745],[25.830236,45.111802],[25.830247,45.111857],[25.830268,45.111912],[25.830298,45.111964],[25.830337,45.112014],[25.830385,45.112059],[25.83044,45.1121],[25.830502,45.112135],[25.830509,45.112139],[25.830509,45.112107],[25.830509,45.112052],[25.830509,45.112042],[25.830488,45.111983],[25.83048,45.111961],[25.830469,45.111943],[25.830446,45.111901],[25.830406,45.111849],[25.830349,45.111776],[25.830292,45.111703],[25.830256,45.111656],[25.830245,45.111689],[25.830235,45.111745]]],[[[25.828881,45.110889],[25.82886,45.110834],[25.828831,45.110783],[25.828789,45.110813],[25.828731,45.110844],[25.828668,45.110869],[25.8286,45.110888],[25.82853,45.110899],[25.828491,45.110902],[25.828386,45.110908],[25.828376,45.110908],[25.828259,45.110913],[25.828247,45.110914],[25.828224,45.110967],[25.828272,45.111229],[25.828335,45.111336],[25.828645,45.111334],[25.828698,45.111302],[25.828752,45.111261],[25.828798,45.111215],[25.828836,45.111165],[25.828865,45.111112],[25.828884,45.111057],[25.828893,45.111001],[25.828892,45.110945],[25.828881,45.110889]]],[[[25.827624,45.110954],[25.827624,45.111011],[25.827635,45.111066],[25.827656,45.111121],[25.827686,45.111173],[25.827725,45.111223],[25.827773,45.111268],[25.827828,45.111309],[25.827882,45.11134],[25.828198,45.111337],[25.828152,45.111258],[25.828149,45.111252],[25.828147,45.111247],[25.828096,45.110969],[25.828095,45.110963],[25.828096,45.110956],[25.828098,45.11095],[25.828116,45.110909],[25.827914,45.110897],[25.827887,45.110895],[25.827847,45.11089],[25.827646,45.11086],[25.827633,45.110898],[25.827624,45.110954]]],[[[25.827574,45.112042],[25.827499,45.11206],[25.827427,45.112085],[25.82736,45.112116],[25.827299,45.112152],[25.827245,45.112194],[25.827199,45.11224],[25.827161,45.11229],[25.827132,45.112342],[25.827113,45.112397],[25.827104,45.112453],[25.827105,45.11251],[25.827116,45.112566],[25.827136,45.112621],[25.827166,45.112673],[25.827206,45.112722],[25.827253,45.112767],[25.827308,45.112808],[25.827317,45.112813],[25.827314,45.112817],[25.827286,45.11287],[25.827267,45.112924],[25.827258,45.112981],[25.827258,45.113037],[25.827269,45.113093],[25.82729,45.113148],[25.82732,45.1132],[25.827359,45.113249],[25.827407,45.113295],[25.827462,45.113335],[25.827524,45.113371],[25.827592,45.113401],[25.827664,45.113424],[25.827741,45.113441],[25.827819,45.113451],[25.827899,45.113454],[25.827978,45.11345],[25.828057,45.113439],[25.828132,45.113421],[25.828204,45.113396],[25.828271,45.113365],[25.828332,45.113329],[25.828386,45.113287],[25.828432,45.113241],[25.828467,45.113196],[25.828499,45.113227],[25.828555,45.113268],[25.828617,45.113304],[25.828685,45.113333],[25.828757,45.113357],[25.828833,45.113374],[25.828912,45.113384],[25.828991,45.113387],[25.829071,45.113383],[25.829149,45.113372],[25.829225,45.113354],[25.829297,45.113329],[25.829364,45.113298],[25.829425,45.113262],[25.829479,45.11322],[25.829525,45.113174],[25.82956,45.113127],[25.828946,45.113132],[25.827675,45.113141],[25.827659,45.112031],[25.827653,45.112031],[25.827574,45.112042]]],[[[25.830246,45.112677],[25.83021,45.112685],[25.830213,45.112843],[25.830217,45.112836],[25.830258,45.11278],[25.8303,45.112719],[25.830339,45.112665],[25.830324,45.112666],[25.830246,45.112677]]],[[[25.829787,45.1132],[25.829808,45.113255],[25.829838,45.113307],[25.829877,45.113356],[25.829894,45.113372],[25.829919,45.113325],[25.829924,45.113316],[25.829931,45.113301],[25.829943,45.113282],[25.829959,45.113242],[25.829999,45.113157],[25.830017,45.113126],[25.830018,45.113124],[25.829776,45.113126],[25.829776,45.113144],[25.829787,45.1132]]],[[[25.829013,45.11411],[25.828982,45.114057],[25.828943,45.114008],[25.828896,45.113963],[25.82884,45.113922],[25.828778,45.113887],[25.828711,45.113857],[25.828638,45.113833],[25.828562,45.113816],[25.828483,45.113806],[25.828404,45.113803],[25.828324,45.113807],[25.828246,45.113819],[25.82817,45.113837],[25.828098,45.113861],[25.828031,45.113892],[25.82797,45.113928],[25.827916,45.11397],[25.82787,45.114016],[25.827832,45.114066],[25.827804,45.114119],[25.827785,45.114174],[25.827776,45.11423],[25.827776,45.114286],[25.827787,45.114342],[25.827808,45.114397],[25.827838,45.114449],[25.827877,45.114498],[25.827925,45.114544],[25.82798,45.114584],[25.828042,45.11462],[25.82811,45.11465],[25.828182,45.114673],[25.828259,45.11469],[25.828337,45.1147],[25.828417,45.114703],[25.828496,45.114699],[25.828575,45.114688],[25.82865,45.11467],[25.828722,45.114645],[25.828789,45.114615],[25.82885,45.114578],[25.828904,45.114536],[25.82895,45.11449],[25.828988,45.114441],[25.829017,45.114388],[25.829036,45.114333],[25.829045,45.114277],[25.829044,45.11422],[25.829033,45.114164],[25.829013,45.11411]]],[[[25.82915,45.114818],[25.829078,45.114795],[25.829002,45.114778],[25.828923,45.114768],[25.828843,45.114765],[25.828764,45.114769],[25.828685,45.11478],[25.82861,45.114798],[25.828538,45.114823],[25.828471,45.114853],[25.82841,45.11489],[25.828356,45.114931],[25.82831,45.114978],[25.828272,45.115027],[25.828243,45.11508],[25.828224,45.115135],[25.828215,45.115191],[25.828216,45.115248],[25.828227,45.115304],[25.828247,45.115358],[25.828278,45.11541],[25.828317,45.11546],[25.828364,45.115505],[25.82842,45.115546],[25.828482,45.115581],[25.828549,45.115611],[25.828622,45.115635],[25.828698,45.115652],[25.828777,45.115662],[25.828856,45.115665],[25.828936,45.115661],[25.829014,45.115649],[25.82909,45.115631],[25.829162,45.115607],[25.829229,45.115576],[25.82929,45.11554],[25.829344,45.115498],[25.82939,45.115452],[25.82941,45.115425],[25.829409,45.115346],[25.829234,45.115347],[25.829227,45.114862],[25.829225,45.114852],[25.829225,45.114852],[25.829218,45.114848],[25.82915,45.114818]]],[[[25.828961,45.126226],[25.82894,45.126171],[25.82891,45.126119],[25.828871,45.12607],[25.828823,45.126024],[25.828768,45.125983],[25.828706,45.125948],[25.828638,45.125918],[25.828565,45.125894],[25.828489,45.125878],[25.828411,45.125868],[25.828331,45.125865],[25.828251,45.125869],[25.828173,45.12588],[25.828097,45.125898],[25.828025,45.125923],[25.827959,45.125953],[25.827898,45.12599],[25.827844,45.126031],[25.827797,45.126077],[25.82776,45.126127],[25.827731,45.12618],[25.827712,45.126235],[25.827709,45.126254],[25.827665,45.12624],[25.827589,45.126223],[25.827511,45.126213],[25.827431,45.12621],[25.827351,45.126214],[25.827273,45.126225],[25.827197,45.126243],[25.827125,45.126268],[25.827058,45.126299],[25.826998,45.126335],[25.826943,45.126377],[25.826897,45.126423],[25.826859,45.126473],[25.826831,45.126525],[25.826812,45.12658],[25.826803,45.126636],[25.826803,45.126693],[25.826814,45.126749],[25.826835,45.126804],[25.826865,45.126856],[25.826904,45.126905],[25.826952,45.12695],[25.827007,45.126991],[25.827069,45.127027],[25.827137,45.127057],[25.82721,45.12708],[25.827286,45.127097],[25.827364,45.127107],[25.827444,45.12711],[25.827524,45.127106],[25.827602,45.127095],[25.827677,45.127077],[25.827749,45.127052],[25.827816,45.127021],[25.827877,45.126985],[25.827931,45.126943],[25.827978,45.126897],[25.828015,45.126847],[25.828044,45.126795],[25.828063,45.12674],[25.828066,45.126721],[25.82811,45.126735],[25.828186,45.126752],[25.828264,45.126762],[25.828344,45.126765],[25.828424,45.12676],[25.828502,45.126749],[25.828578,45.126731],[25.828649,45.126707],[25.828716,45.126676],[25.828777,45.126639],[25.828831,45.126598],[25.828878,45.126552],[25.828915,45.126502],[25.828944,45.126449],[25.828963,45.126394],[25.828972,45.126338],[25.828971,45.126282],[25.828961,45.126226]]],[[[25.829024,45.128889],[25.828994,45.128837],[25.828955,45.128787],[25.828907,45.128742],[25.828852,45.128701],[25.828791,45.128667],[25.828776,45.128674],[25.828657,45.128733],[25.828617,45.128752],[25.828454,45.128853],[25.82836,45.128909],[25.828352,45.128914],[25.828265,45.128965],[25.828149,45.129033],[25.828139,45.129039],[25.828014,45.129137],[25.828003,45.129145],[25.827906,45.129215],[25.827864,45.129246],[25.827889,45.129278],[25.827936,45.129323],[25.827991,45.129364],[25.828054,45.129399],[25.828121,45.129429],[25.828194,45.129453],[25.82827,45.129469],[25.828349,45.12948],[25.828428,45.129482],[25.828508,45.129478],[25.828586,45.129467],[25.828662,45.129449],[25.828734,45.129425],[25.828801,45.129394],[25.828862,45.129357],[25.828916,45.129316],[25.828962,45.12927],[25.829,45.12922],[25.829028,45.129167],[25.829047,45.129112],[25.829057,45.129056],[25.829056,45.129],[25.829045,45.128944],[25.829024,45.128889]]],[[[25.830606,45.130446],[25.830654,45.130491],[25.830709,45.130532],[25.830771,45.130568],[25.830839,45.130598],[25.830911,45.130621],[25.830987,45.130638],[25.831066,45.130648],[25.831146,45.130651],[25.831225,45.130647],[25.831304,45.130636],[25.831379,45.130618],[25.831451,45.130593],[25.831518,45.130562],[25.831579,45.130526],[25.831633,45.130484],[25.831679,45.130438],[25.831717,45.130388],[25.831746,45.130336],[25.831765,45.130281],[25.831774,45.130225],[25.831773,45.130168],[25.831762,45.130112],[25.831742,45.130058],[25.831712,45.130005],[25.831672,45.129956],[25.831625,45.129911],[25.83157,45.12987],[25.831507,45.129834],[25.83144,45.129805],[25.831367,45.129781],[25.831291,45.129764],[25.831212,45.129754],[25.831133,45.129751],[25.831053,45.129755],[25.830975,45.129766],[25.830899,45.129784],[25.830827,45.129809],[25.83076,45.12984],[25.830746,45.129848],[25.830763,45.129817],[25.830782,45.129763],[25.830791,45.129706],[25.83079,45.12965],[25.830779,45.129594],[25.830759,45.129539],[25.830728,45.129487],[25.830689,45.129438],[25.830642,45.129392],[25.830586,45.129352],[25.830524,45.129316],[25.830457,45.129286],[25.830384,45.129263],[25.830308,45.129246],[25.830229,45.129236],[25.83015,45.129233],[25.83007,45.129237],[25.829992,45.129248],[25.829916,45.129266],[25.829844,45.129291],[25.829777,45.129322],[25.829716,45.129358],[25.829662,45.1294],[25.829616,45.129446],[25.829578,45.129495],[25.82955,45.129548],[25.829531,45.129603],[25.829521,45.129659],[25.829522,45.129716],[25.829533,45.129772],[25.829554,45.129826],[25.829584,45.129879],[25.829623,45.129928],[25.829671,45.129973],[25.829726,45.130014],[25.829788,45.13005],[25.829856,45.130079],[25.829928,45.130103],[25.830004,45.13012],[25.830083,45.13013],[25.830163,45.130133],[25.830242,45.130129],[25.830321,45.130118],[25.830396,45.1301],[25.830468,45.130075],[25.830535,45.130044],[25.830549,45.130036],[25.830533,45.130066],[25.830514,45.130121],[25.830504,45.130177],[25.830505,45.130234],[25.830516,45.13029],[25.830537,45.130345],[25.830567,45.130397],[25.830606,45.130446]]],[[[25.834783,45.104241],[25.834753,45.104188],[25.834714,45.104139],[25.834666,45.104094],[25.834611,45.104053],[25.834549,45.104017],[25.834481,45.103988],[25.834409,45.103964],[25.834333,45.103947],[25.834254,45.103937],[25.834175,45.103934],[25.834095,45.103938],[25.834017,45.10395],[25.833941,45.103968],[25.833869,45.103992],[25.833802,45.104023],[25.833741,45.104059],[25.833687,45.104101],[25.833641,45.104147],[25.833603,45.104197],[25.833575,45.10425],[25.833556,45.104304],[25.833547,45.104361],[25.833547,45.104417],[25.833558,45.104473],[25.833579,45.104528],[25.833609,45.10458],[25.833648,45.104629],[25.833696,45.104675],[25.833751,45.104715],[25.833813,45.104751],[25.833881,45.104781],[25.833953,45.104804],[25.83403,45.104821],[25.834108,45.104831],[25.834188,45.104834],[25.834267,45.10483],[25.834346,45.104819],[25.834421,45.104801],[25.834493,45.104776],[25.83456,45.104745],[25.834621,45.104709],[25.834675,45.104667],[25.834721,45.104621],[25.834759,45.104572],[25.834787,45.104519],[25.834806,45.104464],[25.834816,45.104408],[25.834815,45.104351],[25.834804,45.104295],[25.834783,45.104241]]],[[[25.832729,45.112581],[25.832649,45.112585],[25.832571,45.112596],[25.832495,45.112614],[25.832424,45.112638],[25.832357,45.112669],[25.832296,45.112706],[25.832242,45.112747],[25.832195,45.112793],[25.832191,45.112799],[25.832397,45.112798],[25.832867,45.112794],[25.832864,45.112591],[25.832809,45.112584],[25.832729,45.112581]]],[[[25.83339,45.115776],[25.833323,45.115807],[25.833262,45.115843],[25.833208,45.115885],[25.833162,45.115931],[25.833124,45.11598],[25.833096,45.116033],[25.833077,45.116088],[25.833068,45.116144],[25.833068,45.116201],[25.833079,45.116257],[25.8331,45.116311],[25.83313,45.116364],[25.833169,45.116413],[25.833217,45.116458],[25.833272,45.116499],[25.833334,45.116535],[25.833402,45.116564],[25.833474,45.116588],[25.833551,45.116605],[25.833629,45.116615],[25.833709,45.116618],[25.833768,45.116615],[25.833799,45.116638],[25.833861,45.116673],[25.833929,45.116703],[25.834001,45.116727],[25.834077,45.116743],[25.834156,45.116753],[25.834236,45.116756],[25.834315,45.116752],[25.834393,45.116741],[25.834469,45.116723],[25.834541,45.116698],[25.834608,45.116668],[25.834669,45.116631],[25.834723,45.11659],[25.834769,45.116544],[25.834807,45.116494],[25.834835,45.116441],[25.834854,45.116386],[25.834864,45.11633],[25.834863,45.116274],[25.834852,45.116218],[25.834831,45.116163],[25.834801,45.116111],[25.834762,45.116061],[25.834714,45.116016],[25.834659,45.115975],[25.834597,45.11594],[25.834529,45.11591],[25.834457,45.115886],[25.834381,45.115869],[25.834302,45.115859],[25.834222,45.115856],[25.834164,45.11586],[25.834132,45.115837],[25.83407,45.115801],[25.834003,45.115771],[25.83393,45.115748],[25.833854,45.115731],[25.833775,45.115721],[25.833696,45.115718],[25.833616,45.115722],[25.833538,45.115733],[25.833462,45.115751],[25.83339,45.115776]]],[[[25.833919,45.121292],[25.833857,45.121257],[25.833789,45.121227],[25.833716,45.121203],[25.83364,45.121186],[25.833609,45.121182],[25.833611,45.121342],[25.833981,45.121339],[25.833974,45.121333],[25.833919,45.121292]]],[[[25.832288,45.125972],[25.83235,45.126007],[25.832418,45.126037],[25.832491,45.126061],[25.832507,45.126064],[25.832473,45.12608],[25.832412,45.126116],[25.832358,45.126158],[25.832312,45.126204],[25.832287,45.126237],[25.832323,45.126294],[25.832364,45.126357],[25.832405,45.126421],[25.832411,45.126432],[25.832453,45.126502],[25.832494,45.126573],[25.832511,45.126606],[25.832517,45.12662],[25.832546,45.126701],[25.832576,45.126782],[25.832587,45.126818],[25.83259,45.126833],[25.832593,45.126851],[25.832624,45.126861],[25.8327,45.126878],[25.832779,45.126888],[25.832859,45.126891],[25.832938,45.126887],[25.833017,45.126876],[25.83302,45.126875],[25.833032,45.126895],[25.833071,45.126944],[25.833119,45.12699],[25.833174,45.12703],[25.833236,45.127066],[25.833243,45.127069],[25.833224,45.127123],[25.833215,45.127179],[25.833216,45.127235],[25.833227,45.127291],[25.833247,45.127346],[25.833277,45.127398],[25.833317,45.127447],[25.833364,45.127493],[25.833419,45.127534],[25.833481,45.127569],[25.833549,45.127599],[25.833622,45.127622],[25.833698,45.127639],[25.833777,45.127649],[25.833856,45.127652],[25.833936,45.127648],[25.834014,45.127637],[25.83409,45.127619],[25.834162,45.127594],[25.834229,45.127564],[25.83429,45.127527],[25.834344,45.127486],[25.83439,45.127439],[25.834428,45.12739],[25.834456,45.127337],[25.834475,45.127282],[25.834485,45.127226],[25.834484,45.127169],[25.834473,45.127113],[25.834452,45.127059],[25.834422,45.127007],[25.834383,45.126957],[25.834335,45.126912],[25.83428,45.126871],[25.834218,45.126836],[25.834211,45.126833],[25.83423,45.126779],[25.834239,45.126723],[25.834238,45.126666],[25.834227,45.12661],[25.834207,45.126556],[25.834177,45.126503],[25.834137,45.126454],[25.83409,45.126409],[25.834035,45.126368],[25.833985,45.12634],[25.833341,45.126345],[25.833338,45.126162],[25.832577,45.126167],[25.832573,45.125892],[25.83232,45.125894],[25.832195,45.125895],[25.832233,45.125931],[25.832288,45.125972]]],[[[25.835734,45.124471],[25.835335,45.124474],[25.835329,45.124087],[25.835328,45.124086],[25.835252,45.124069],[25.835173,45.124059],[25.835094,45.124056],[25.835019,45.12406],[25.835009,45.124043],[25.83497,45.123994],[25.834922,45.123948],[25.834867,45.123908],[25.834805,45.123872],[25.834737,45.123842],[25.834665,45.123819],[25.834589,45.123802],[25.83451,45.123792],[25.83443,45.123789],[25.834351,45.123793],[25.834272,45.123804],[25.834197,45.123822],[25.834125,45.123847],[25.834058,45.123878],[25.833997,45.123914],[25.833943,45.123956],[25.833897,45.124002],[25.833859,45.124052],[25.83383,45.124104],[25.833811,45.124159],[25.833802,45.124215],[25.833803,45.124272],[25.833814,45.124328],[25.833825,45.124358],[25.835093,45.124349],[25.835095,45.124532],[25.835735,45.124527],[25.835734,45.124473],[25.835734,45.124471]]],[[[25.833825,45.123629],[25.833905,45.123625],[25.833983,45.123614],[25.834059,45.123596],[25.834131,45.123571],[25.834197,45.12354],[25.834258,45.123504],[25.834312,45.123462],[25.834359,45.123416],[25.834396,45.123367],[25.834425,45.123314],[25.834444,45.123259],[25.834453,45.123203],[25.834452,45.123146],[25.834442,45.12309],[25.834421,45.123036],[25.834394,45.122989],[25.834396,45.123136],[25.833504,45.123143],[25.833509,45.123501],[25.833687,45.123499],[25.833689,45.123619],[25.833745,45.123626],[25.833825,45.123629]]],[[[25.835519,45.130106],[25.835488,45.130054],[25.835449,45.130004],[25.835402,45.129959],[25.835346,45.129918],[25.835284,45.129883],[25.835216,45.129853],[25.835144,45.129829],[25.835068,45.129812],[25.834989,45.129802],[25.834909,45.1298],[25.83483,45.129804],[25.834752,45.129815],[25.834676,45.129833],[25.834604,45.129857],[25.834537,45.129888],[25.834476,45.129925],[25.834422,45.129966],[25.834376,45.130012],[25.834338,45.130062],[25.834309,45.130115],[25.83429,45.13017],[25.834281,45.130226],[25.834282,45.130282],[25.834293,45.130338],[25.834314,45.130393],[25.834344,45.130445],[25.834383,45.130495],[25.834431,45.13054],[25.834486,45.130581],[25.834548,45.130616],[25.834616,45.130646],[25.834688,45.13067],[25.834764,45.130686],[25.834843,45.130696],[25.834923,45.130699],[25.835002,45.130695],[25.835081,45.130684],[25.835156,45.130666],[25.835228,45.130642],[25.835295,45.130611],[25.835356,45.130574],[25.83541,45.130533],[25.835456,45.130487],[25.835494,45.130437],[25.835523,45.130384],[25.835542,45.130329],[25.835551,45.130273],[25.83555,45.130217],[25.835539,45.130161],[25.835519,45.130106]]],[[[25.832288,45.130012],[25.83221,45.130023],[25.832134,45.130041],[25.832063,45.130065],[25.831996,45.130096],[25.831935,45.130133],[25.831881,45.130174],[25.831834,45.13022],[25.831797,45.13027],[25.831768,45.130323],[25.831749,45.130378],[25.83174,45.130434],[25.831741,45.13049],[25.831751,45.130546],[25.831772,45.130601],[25.831802,45.130653],[25.831841,45.130702],[25.831889,45.130748],[25.831944,45.130789],[25.831978,45.130808],[25.831976,45.130785],[25.831976,45.130731],[25.831976,45.13068],[25.83198,45.130637],[25.831991,45.130576],[25.832005,45.130525],[25.832033,45.130455],[25.832057,45.130407],[25.832089,45.130356],[25.832119,45.130316],[25.832159,45.130268],[25.832164,45.130263],[25.832187,45.130239],[25.832207,45.13022],[25.832212,45.130216],[25.832249,45.130181],[25.832258,45.130173],[25.832315,45.130124],[25.832372,45.130074],[25.832378,45.130069],[25.832406,45.130048],[25.83242,45.130034],[25.832438,45.13001],[25.832368,45.130007],[25.832288,45.130012]]],[[[25.831891,45.130949],[25.831853,45.130999],[25.831824,45.131052],[25.831805,45.131106],[25.831796,45.131163],[25.831797,45.131219],[25.831808,45.131275],[25.831829,45.13133],[25.831859,45.131382],[25.831898,45.131431],[25.83192,45.131452],[25.832194,45.13145],[25.832179,45.131415],[25.832167,45.131384],[25.832147,45.131314],[25.832133,45.131269],[25.832124,45.131237],[25.832099,45.131178],[25.832068,45.131105],[25.832061,45.131083],[25.832037,45.131011],[25.832013,45.130938],[25.831989,45.130865],[25.831989,45.130863],[25.831937,45.130903],[25.831891,45.130949]]],[[[25.834104,45.131545],[25.834142,45.131495],[25.83417,45.131442],[25.834189,45.131388],[25.834198,45.131331],[25.834198,45.131275],[25.834187,45.131219],[25.834166,45.131164],[25.834136,45.131112],[25.834097,45.131063],[25.834049,45.131017],[25.833994,45.130977],[25.833932,45.130941],[25.833864,45.130911],[25.833792,45.130888],[25.833715,45.130871],[25.833637,45.130861],[25.833557,45.130858],[25.833477,45.130862],[25.833399,45.130873],[25.833324,45.130891],[25.833252,45.130916],[25.833185,45.130947],[25.833124,45.130983],[25.83309,45.131009],[25.833105,45.131046],[25.833115,45.131074],[25.833129,45.13112],[25.833143,45.131167],[25.833159,45.131222],[25.833189,45.131292],[25.833193,45.131303],[25.833215,45.131338],[25.833247,45.131388],[25.833284,45.131442],[25.834016,45.131437],[25.834019,45.131621],[25.834058,45.131591],[25.834104,45.131545]]],[[[25.835572,45.132209],[25.835516,45.132168],[25.835454,45.132132],[25.835387,45.132102],[25.835314,45.132079],[25.835238,45.132062],[25.835159,45.132052],[25.835079,45.132049],[25.835,45.132053],[25.834922,45.132064],[25.834846,45.132082],[25.834774,45.132107],[25.834707,45.132138],[25.834646,45.132174],[25.834592,45.132216],[25.834546,45.132262],[25.834508,45.132312],[25.834479,45.132364],[25.83446,45.132419],[25.834459,45.13243],[25.83446,45.132435],[25.834467,45.132471],[25.834471,45.132506],[25.834474,45.132542],[25.834474,45.132578],[25.834473,45.132614],[25.834473,45.132614],[25.834484,45.132642],[25.834514,45.132695],[25.834553,45.132744],[25.834566,45.132756],[25.835162,45.132752],[25.835155,45.132269],[25.835629,45.132266],[25.835619,45.132254],[25.835572,45.132209]]],[[[25.83798,45.108341],[25.83795,45.108289],[25.837911,45.10824],[25.837863,45.108195],[25.837808,45.108154],[25.837746,45.108118],[25.837678,45.108088],[25.837606,45.108065],[25.837529,45.108048],[25.837451,45.108038],[25.837371,45.108035],[25.837292,45.108039],[25.837213,45.10805],[25.837138,45.108068],[25.837066,45.108093],[25.836999,45.108124],[25.836938,45.10816],[25.836884,45.108202],[25.836838,45.108248],[25.8368,45.108298],[25.836771,45.10835],[25.836752,45.108405],[25.836743,45.108461],[25.836744,45.108518],[25.836755,45.108574],[25.836776,45.108628],[25.836806,45.108681],[25.836845,45.10873],[25.836881,45.108764],[25.837615,45.108759],[25.837617,45.108902],[25.837618,45.108902],[25.83769,45.108877],[25.837757,45.108846],[25.837818,45.10881],[25.837872,45.108768],[25.837918,45.108722],[25.837956,45.108672],[25.837984,45.10862],[25.838003,45.108565],[25.838012,45.108509],[25.838012,45.108452],[25.838001,45.108396],[25.83798,45.108341]]],[[[25.835669,45.115148],[25.835085,45.115152],[25.835116,45.11519],[25.835163,45.115236],[25.835219,45.115277],[25.835281,45.115312],[25.835348,45.115342],[25.835421,45.115365],[25.835497,45.115382],[25.835576,45.115392],[25.835655,45.115395],[25.835722,45.115392],[25.835709,45.114498],[25.83566,45.114496],[25.835669,45.115148]]],[[[25.83718,45.115564],[25.837118,45.115528],[25.83705,45.115499],[25.836977,45.115475],[25.836901,45.115458],[25.836822,45.115448],[25.836743,45.115445],[25.836663,45.115449],[25.836585,45.11546],[25.836509,45.115478],[25.836437,45.115503],[25.83637,45.115534],[25.83631,45.11557],[25.836255,45.115612],[25.836209,45.115658],[25.836172,45.115708],[25.836143,45.115761],[25.836124,45.115815],[25.836115,45.115872],[25.836116,45.115928],[25.836126,45.115984],[25.836147,45.116039],[25.836177,45.116091],[25.836216,45.11614],[25.836264,45.116186],[25.836319,45.116226],[25.836381,45.116262],[25.836449,45.116292],[25.836499,45.116308],[25.836489,45.115618],[25.837243,45.115613],[25.837235,45.115605],[25.83718,45.115564]]],[[[25.83716,45.126167],[25.837081,45.126164],[25.837001,45.126168],[25.836923,45.126179],[25.836847,45.126197],[25.836775,45.126222],[25.836708,45.126252],[25.836647,45.126289],[25.836593,45.126331],[25.836547,45.126377],[25.836509,45.126426],[25.836481,45.126479],[25.836462,45.126534],[25.836453,45.12659],[25.836453,45.126647],[25.836464,45.126703],[25.836485,45.126757],[25.836515,45.12681],[25.836554,45.126859],[25.836602,45.126904],[25.836657,45.126945],[25.836719,45.12698],[25.836787,45.12701],[25.83686,45.127034],[25.836936,45.127051],[25.837014,45.127061],[25.837094,45.127064],[25.837174,45.12706],[25.837219,45.127053],[25.83722,45.127085],[25.837231,45.127141],[25.837251,45.127195],[25.837281,45.127248],[25.837321,45.127297],[25.837368,45.127342],[25.837423,45.127383],[25.837485,45.127419],[25.837553,45.127448],[25.837626,45.127472],[25.837702,45.127489],[25.837781,45.127499],[25.83786,45.127502],[25.83794,45.127498],[25.838018,45.127486],[25.838094,45.127468],[25.838166,45.127444],[25.838233,45.127413],[25.838294,45.127377],[25.838348,45.127335],[25.838394,45.127289],[25.838432,45.127239],[25.83846,45.127186],[25.838479,45.127131],[25.838488,45.127075],[25.838488,45.127019],[25.838477,45.126963],[25.838456,45.126908],[25.838426,45.126856],[25.838387,45.126807],[25.838339,45.126761],[25.838284,45.126721],[25.838222,45.126685],[25.838154,45.126655],[25.838081,45.126632],[25.838005,45.126615],[25.837927,45.126605],[25.837847,45.126602],[25.837767,45.126606],[25.837722,45.126612],[25.837721,45.126581],[25.837711,45.126525],[25.83769,45.12647],[25.83766,45.126418],[25.837621,45.126369],[25.837573,45.126323],[25.837518,45.126282],[25.837456,45.126247],[25.837388,45.126217],[25.837315,45.126194],[25.837239,45.126177],[25.83716,45.126167]]],[[[25.835931,45.129222],[25.835901,45.12917],[25.835862,45.129121],[25.835814,45.129075],[25.835759,45.129035],[25.835697,45.128999],[25.835629,45.128969],[25.835557,45.128946],[25.83548,45.128929],[25.835402,45.128919],[25.835322,45.128916],[25.835243,45.12892],[25.835164,45.128931],[25.835089,45.128949],[25.835017,45.128974],[25.83495,45.129005],[25.834889,45.129041],[25.834835,45.129083],[25.834789,45.129129],[25.834751,45.129178],[25.834722,45.129231],[25.834703,45.129286],[25.834694,45.129342],[25.834695,45.129399],[25.834706,45.129455],[25.834726,45.129509],[25.834756,45.129562],[25.834796,45.129611],[25.834843,45.129656],[25.834898,45.129697],[25.83496,45.129733],[25.835028,45.129762],[25.835101,45.129786],[25.835177,45.129803],[25.835256,45.129813],[25.835335,45.129816],[25.835415,45.129812],[25.835493,45.1298],[25.835569,45.129782],[25.835641,45.129758],[25.835708,45.129727],[25.835769,45.129691],[25.835823,45.129649],[25.835869,45.129603],[25.835907,45.129553],[25.835935,45.1295],[25.835954,45.129445],[25.835964,45.129389],[25.835963,45.129333],[25.835952,45.129277],[25.835931,45.129222]]],[[[25.837245,45.136193],[25.837214,45.13614],[25.837175,45.136091],[25.837128,45.136046],[25.837072,45.136005],[25.83701,45.135969],[25.836942,45.13594],[25.83687,45.135916],[25.836794,45.135899],[25.836715,45.135889],[25.836635,45.135886],[25.836556,45.13589],[25.836477,45.135902],[25.836402,45.13592],[25.83633,45.135944],[25.836263,45.135975],[25.836202,45.136011],[25.836148,45.136053],[25.836102,45.136099],[25.836064,45.136149],[25.836035,45.136202],[25.836016,45.136257],[25.836007,45.136313],[25.836008,45.136369],[25.836019,45.136425],[25.836039,45.13648],[25.83607,45.136532],[25.836109,45.136581],[25.836156,45.136627],[25.836212,45.136667],[25.836274,45.136703],[25.836341,45.136733],[25.836414,45.136756],[25.83649,45.136773],[25.836569,45.136783],[25.836649,45.136786],[25.836728,45.136782],[25.836806,45.136771],[25.836882,45.136753],[25.836954,45.136728],[25.837021,45.136697],[25.837082,45.136661],[25.837136,45.136619],[25.837182,45.136573],[25.83722,45.136524],[25.837249,45.136471],[25.837268,45.136416],[25.837277,45.13636],[25.837276,45.136303],[25.837265,45.136247],[25.837245,45.136193]]],[[[25.838639,45.150183],[25.838608,45.150131],[25.838569,45.150082],[25.838522,45.150036],[25.838466,45.149996],[25.838404,45.14996],[25.838336,45.14993],[25.838264,45.149907],[25.838188,45.14989],[25.838109,45.14988],[25.838029,45.149877],[25.83795,45.149881],[25.837871,45.149892],[25.837796,45.14991],[25.837724,45.149935],[25.837657,45.149966],[25.837596,45.150002],[25.837542,45.150044],[25.837495,45.15009],[25.837458,45.15014],[25.837429,45.150192],[25.83741,45.150247],[25.837401,45.150303],[25.837402,45.15036],[25.837413,45.150416],[25.837433,45.15047],[25.837463,45.150523],[25.837503,45.150572],[25.83755,45.150617],[25.837605,45.150658],[25.837668,45.150694],[25.837735,45.150723],[25.837808,45.150747],[25.837884,45.150764],[25.837963,45.150774],[25.838043,45.150777],[25.838122,45.150773],[25.838201,45.150762],[25.838276,45.150744],[25.838348,45.150719],[25.838415,45.150688],[25.838476,45.150652],[25.83853,45.15061],[25.838576,45.150564],[25.838614,45.150514],[25.838643,45.150462],[25.838662,45.150407],[25.838671,45.15035],[25.83867,45.150294],[25.838659,45.150238],[25.838639,45.150183]]],[[[25.838677,45.106377],[25.838646,45.106324],[25.838607,45.106275],[25.83856,45.10623],[25.838504,45.106189],[25.838442,45.106153],[25.838375,45.106124],[25.838302,45.1061],[25.838226,45.106083],[25.838147,45.106073],[25.838068,45.10607],[25.837988,45.106074],[25.83791,45.106085],[25.837834,45.106104],[25.837762,45.106128],[25.837695,45.106159],[25.837635,45.106195],[25.83758,45.106237],[25.837534,45.106283],[25.837497,45.106333],[25.837468,45.106386],[25.837449,45.10644],[25.83744,45.106497],[25.837441,45.106553],[25.837451,45.106609],[25.837472,45.106664],[25.837502,45.106716],[25.837541,45.106765],[25.837589,45.106811],[25.837644,45.106851],[25.837706,45.106887],[25.837774,45.106917],[25.837847,45.10694],[25.837923,45.106957],[25.838001,45.106967],[25.838081,45.10697],[25.838161,45.106966],[25.838239,45.106955],[25.838314,45.106937],[25.838386,45.106912],[25.838453,45.106881],[25.838514,45.106845],[25.838568,45.106803],[25.838614,45.106757],[25.838652,45.106707],[25.838681,45.106655],[25.8387,45.1066],[25.838709,45.106544],[25.838708,45.106487],[25.838697,45.106431],[25.838677,45.106377]]],[[[25.815414,45.118847],[25.815417,45.118847],[25.815413,45.118621],[25.815411,45.118621],[25.815414,45.118847]]],[[[25.696079,45.09882],[25.696067,45.098817],[25.696027,45.098817],[25.696068,45.098824],[25.696079,45.09882]]],[[[25.708283,45.106473],[25.708264,45.10646],[25.708265,45.106473],[25.708283,45.106473]]],[[[25.828689,45.108779],[25.82869,45.108859],[25.828829,45.108858],[25.828818,45.10885],[25.828809,45.108845],[25.828749,45.108812],[25.828743,45.108809],[25.828689,45.108779]]],[[[25.837908,45.113454],[25.837767,45.113281],[25.837681,45.113209],[25.837687,45.113585],[25.83801,45.113582],[25.837908,45.113454]]],[[[25.736673,45.114472],[25.736481,45.114405],[25.736157,45.114289],[25.736159,45.114476],[25.736673,45.114472]]],[[[25.731707,45.116644],[25.731656,45.116687],[25.731644,45.116697],[25.731627,45.116712],[25.731591,45.116742],[25.731586,45.116747],[25.732074,45.116744],[25.732069,45.116356],[25.732055,45.116366],[25.732044,45.116374],[25.731982,45.11642],[25.731966,45.116432],[25.73192,45.116467],[25.73191,45.116474],[25.73185,45.116519],[25.731786,45.116576],[25.731743,45.116614],[25.73173,45.116625],[25.731725,45.11663],[25.731707,45.116644]]],[[[25.737103,45.116727],[25.737119,45.116708],[25.73732,45.116485],[25.737457,45.116302],[25.737514,45.116163],[25.737531,45.116128],[25.737537,45.116118],[25.736982,45.116122],[25.736984,45.11627],[25.736683,45.116272],[25.736692,45.116904],[25.736029,45.116908],[25.736653,45.117207],[25.736902,45.117329],[25.736906,45.117331],[25.736911,45.117335],[25.736949,45.117362],[25.736951,45.117364],[25.736958,45.11737],[25.736963,45.117377],[25.736963,45.117377],[25.737445,45.117374],[25.737462,45.117374],[25.737353,45.117315],[25.737338,45.117306],[25.737198,45.117224],[25.737144,45.117186],[25.7371,45.117146],[25.737065,45.117101],[25.737039,45.117053],[25.737023,45.117003],[25.737017,45.116951],[25.737021,45.1169],[25.737036,45.11685],[25.737057,45.11681],[25.737065,45.116788],[25.737076,45.116768],[25.737089,45.116747],[25.737103,45.116727]],[[25.736925,45.116616],[25.736953,45.116632],[25.73693,45.116624],[25.736925,45.116615],[25.736925,45.116616]]],[[[25.828868,45.120609],[25.828878,45.120623],[25.828889,45.120633],[25.828901,45.120641],[25.828952,45.120675],[25.828958,45.120679],[25.829024,45.120725],[25.829013,45.119973],[25.828993,45.119978],[25.828966,45.119984],[25.828938,45.119988],[25.82891,45.119992],[25.828882,45.119994],[25.828853,45.119995],[25.828849,45.120002],[25.82882,45.120042],[25.828745,45.12013],[25.828738,45.120138],[25.828725,45.120152],[25.828726,45.120206],[25.828726,45.120212],[25.828724,45.120219],[25.82872,45.120225],[25.828716,45.120231],[25.828601,45.120357],[25.828667,45.120416],[25.828673,45.120421],[25.828713,45.120458],[25.82872,45.120466],[25.828783,45.120528],[25.828844,45.120584],[25.828868,45.120609]]],[[[25.828289,45.12135],[25.828279,45.121351],[25.828218,45.121354],[25.828145,45.121351],[25.828074,45.12134],[25.828006,45.121323],[25.827942,45.121299],[25.827925,45.12129],[25.8279,45.1213],[25.827888,45.121304],[25.827857,45.121314],[25.827811,45.121326],[25.827622,45.12137],[25.827508,45.121402],[25.827384,45.121445],[25.827356,45.121454],[25.827327,45.121461],[25.827297,45.121468],[25.827267,45.121473],[25.827239,45.121477],[25.827211,45.12148],[25.827183,45.121482],[25.827155,45.121482],[25.827127,45.121482],[25.827024,45.121478],[25.826987,45.121507],[25.827722,45.121502],[25.828538,45.121496],[25.828522,45.121474],[25.828477,45.121418],[25.828424,45.121353],[25.828404,45.121328],[25.828376,45.121335],[25.828347,45.121341],[25.828318,45.121346],[25.828289,45.12135]]],[[[25.818983,45.139219],[25.819047,45.139218],[25.819047,45.139194],[25.818982,45.139166],[25.818983,45.139219]]],[[[25.836472,45.141429],[25.836472,45.141427],[25.836496,45.141174],[25.836369,45.140869],[25.836367,45.140864],[25.836366,45.140858],[25.836366,45.140852],[25.836371,45.140825],[25.836219,45.140856],[25.8359,45.141127],[25.835893,45.141133],[25.83589,45.141135],[25.835583,45.141297],[25.835577,45.1413],[25.83557,45.141302],[25.835562,45.141304],[25.835104,45.141393],[25.835095,45.141394],[25.835086,45.141394],[25.835077,45.141394],[25.83451,45.141322],[25.834339,45.14133],[25.834338,45.141347],[25.834365,45.141366],[25.8344,45.141392],[25.834427,45.141413],[25.83459,45.141412],[25.835861,45.141402],[25.835867,45.141763],[25.836055,45.141762],[25.836056,45.141876],[25.836103,45.141871],[25.836153,45.141867],[25.836203,45.141865],[25.836254,45.141864],[25.836305,45.141864],[25.836355,45.141866],[25.836405,45.141869],[25.836456,45.141873],[25.836467,45.141875],[25.836467,45.141799],[25.836467,45.141589],[25.836467,45.141588],[25.836472,45.141429]]],[[[25.829272,45.143101],[25.829274,45.143227],[25.829339,45.143226],[25.829338,45.143201],[25.829715,45.143198],[25.829714,45.143097],[25.829272,45.143101]]]],"type":"MultiPolygon"},"properties":{"fid":1.0,"CURRENT_ST":"Recomandare zona de siguranta - sonde abandonate","BUFF_DIST":50.0,"SHAPE_Leng":314.159265359,"SHAPE_Area":7853.98163397,"_s":{"f":"#ffb1f6","fo":0.0,"s":"#ffb1f6","so":1.0,"w":2.65,"r":5.0}}}]}