{"type":"FeatureCollection","features":[{"type":"Feature","geometry":{"coordinates":[[[[25.687841,45.116763],[25.687981,45.116718],[25.68802,45.116773],[25.688051,45.116806],[25.688062,45.116903],[25.688066,45.116995],[25.688162,45.117012],[25.688265,45.117027],[25.688327,45.117032],[25.688456,45.116953],[25.688461,45.11695],[25.68888,45.116592],[25.689093,45.116721],[25.689149,45.116735],[25.689122,45.117053],[25.689111,45.117183],[25.689144,45.117205],[25.689211,45.117299],[25.689227,45.117321],[25.689263,45.117458],[25.689259,45.117478],[25.689271,45.117504],[25.689327,45.117625],[25.689405,45.117618],[25.689431,45.117616],[25.689492,45.117614],[25.689626,45.117562],[25.689689,45.117551],[25.689713,45.117547],[25.689751,45.117549],[25.68996,45.117556],[25.690077,45.117547],[25.69006,45.117592],[25.690066,45.117609],[25.690072,45.117625],[25.690111,45.117627],[25.690146,45.117541],[25.690221,45.117271],[25.690301,45.117099],[25.690323,45.116947],[25.690296,45.116718],[25.690253,45.116613],[25.690189,45.116545],[25.690225,45.116563],[25.690262,45.116581],[25.690284,45.116584],[25.690347,45.116572],[25.690406,45.116534],[25.690528,45.116415],[25.690662,45.116296],[25.690666,45.116292],[25.690574,45.116277],[25.690459,45.116258],[25.690356,45.116218],[25.69035,45.116208],[25.690312,45.116141],[25.690244,45.116022],[25.690364,45.115847],[25.690651,45.115893],[25.690838,45.115561],[25.691255,45.115632],[25.691318,45.115606],[25.691431,45.115498],[25.691447,45.115409],[25.69145,45.115389],[25.691489,45.115162],[25.691659,45.115238],[25.691675,45.115243],[25.691944,45.115311],[25.692129,45.115407],[25.692155,45.115442],[25.692219,45.115529],[25.692232,45.115529],[25.692589,45.115532],[25.692694,45.115426],[25.692698,45.115226],[25.692686,45.114941],[25.692694,45.114828],[25.692775,45.114763],[25.692813,45.114742],[25.692768,45.114699],[25.692883,45.114509],[25.692999,45.114319],[25.693005,45.114312],[25.693026,45.114288],[25.692924,45.114228],[25.692907,45.114218],[25.692866,45.114188],[25.692778,45.114122],[25.692732,45.114092],[25.692708,45.114058],[25.692558,45.113989],[25.692463,45.113945],[25.692244,45.113848],[25.692043,45.113807],[25.691932,45.113768],[25.691681,45.113602],[25.691554,45.113494],[25.691344,45.113315],[25.691238,45.11338],[25.691221,45.113387],[25.69097,45.113502],[25.690672,45.113615],[25.69055,45.113667],[25.690419,45.113725],[25.690355,45.113754],[25.690281,45.113795],[25.690275,45.1138],[25.690257,45.113815],[25.690256,45.113815],[25.690232,45.113834],[25.690217,45.113861],[25.690207,45.113877],[25.690231,45.113894],[25.69037,45.114004],[25.690431,45.114045],[25.69044,45.11405],[25.690513,45.114098],[25.690578,45.11415],[25.690586,45.114157],[25.69063,45.114197],[25.690635,45.114203],[25.690681,45.114254],[25.6907,45.114289],[25.690704,45.114321],[25.690706,45.114335],[25.690705,45.114356],[25.690705,45.114378],[25.690694,45.11442],[25.690681,45.114457],[25.69067,45.11448],[25.690658,45.114507],[25.690619,45.114575],[25.690577,45.114628],[25.690552,45.114652],[25.69052,45.114682],[25.690501,45.114695],[25.690464,45.114719],[25.690418,45.114738],[25.690403,45.114744],[25.690378,45.114749],[25.69029,45.114765],[25.690228,45.114785],[25.6902,45.114794],[25.690157,45.114828],[25.690122,45.114872],[25.690037,45.114925],[25.689998,45.114935],[25.689947,45.114948],[25.689838,45.114973],[25.68981,45.114979],[25.689617,45.115004],[25.689564,45.115011],[25.689232,45.11505],[25.689041,45.115076],[25.689005,45.115081],[25.68865,45.115103],[25.688356,45.115101],[25.688305,45.1151],[25.688215,45.115098],[25.687972,45.115092],[25.687915,45.115079],[25.687864,45.115067],[25.68782,45.115054],[25.687841,45.116763]]],[[[25.69687,45.142275],[25.69689,45.142253],[25.696891,45.142251],[25.696891,45.142251],[25.697203,45.142326],[25.697375,45.142174],[25.697532,45.142044],[25.697562,45.142019],[25.697577,45.142007],[25.697807,45.141825],[25.698046,45.141648],[25.69856,45.141309],[25.69876,45.141188],[25.699145,45.14097],[25.699488,45.140795],[25.700358,45.140395],[25.701132,45.140071],[25.701459,45.139935],[25.70194,45.139737],[25.702262,45.139604],[25.702445,45.139528],[25.702083,45.139115],[25.702915,45.138772],[25.703226,45.138644],[25.703645,45.138471],[25.705125,45.137862],[25.710157,45.135857],[25.71021,45.135834],[25.710508,45.135706],[25.710644,45.13565],[25.711064,45.135475],[25.711217,45.135412],[25.711267,45.135449],[25.711355,45.135393],[25.711458,45.13547],[25.711538,45.13553],[25.711582,45.135563],[25.711652,45.135615],[25.711751,45.135571],[25.711833,45.135535],[25.711829,45.135532],[25.711824,45.135528],[25.711876,45.135499],[25.711854,45.135479],[25.711854,45.135457],[25.711879,45.135442],[25.711904,45.135427],[25.711966,45.135389],[25.712006,45.135364],[25.71205,45.1354],[25.712292,45.135254],[25.71225,45.13522],[25.712221,45.135197],[25.712314,45.135144],[25.712354,45.135121],[25.712331,45.135093],[25.712427,45.135039],[25.712602,45.13494],[25.712628,45.134926],[25.712715,45.134877],[25.712801,45.134828],[25.712809,45.134824],[25.712849,45.134803],[25.713057,45.134677],[25.713162,45.134613],[25.713169,45.134609],[25.713252,45.134661],[25.713586,45.134349],[25.713598,45.134337],[25.713599,45.134336],[25.713757,45.13445],[25.713948,45.134309],[25.71426,45.134067],[25.714127,45.133978],[25.714102,45.133958],[25.714102,45.133957],[25.714225,45.133899],[25.714235,45.133912],[25.714257,45.133933],[25.714375,45.133861],[25.71497,45.133468],[25.715227,45.133284],[25.715379,45.13316],[25.715505,45.133072],[25.715651,45.133012],[25.715886,45.132914],[25.715986,45.132846],[25.716018,45.132809],[25.716099,45.132717],[25.716231,45.132526],[25.716293,45.132417],[25.716321,45.132378],[25.716545,45.132066],[25.716678,45.131906],[25.716766,45.131797],[25.71692,45.131605],[25.71696,45.131556],[25.717073,45.131369],[25.717153,45.131237],[25.71708,45.131221],[25.717061,45.131215],[25.717061,45.131215],[25.717064,45.131207],[25.717061,45.131206],[25.71711,45.13112],[25.717242,45.130891],[25.717341,45.130774],[25.71743,45.130669],[25.717466,45.130626],[25.717562,45.130513],[25.717731,45.130212],[25.717783,45.130119],[25.717989,45.129771],[25.718025,45.129711],[25.718091,45.129598],[25.718146,45.129427],[25.718228,45.129171],[25.718253,45.129092],[25.718257,45.129072],[25.718281,45.128996],[25.718367,45.129005],[25.718379,45.128978],[25.718509,45.128684],[25.718578,45.128529],[25.718693,45.12843],[25.718707,45.128349],[25.718709,45.128335],[25.718713,45.128265],[25.71871,45.128212],[25.718707,45.128068],[25.718714,45.127355],[25.718655,45.127294],[25.718699,45.127157],[25.718789,45.126791],[25.718822,45.126515],[25.718824,45.126502],[25.718845,45.126436],[25.718946,45.126206],[25.719021,45.12608],[25.719062,45.126035],[25.719104,45.125985],[25.719286,45.125767],[25.719345,45.125516],[25.719387,45.125401],[25.7194,45.125365],[25.719607,45.125039],[25.71968,45.124967],[25.719782,45.124864],[25.719892,45.124728],[25.719912,45.124704],[25.720122,45.124505],[25.720387,45.12439],[25.720555,45.124313],[25.720565,45.124302],[25.720783,45.124066],[25.720915,45.123868],[25.720922,45.123862],[25.721157,45.123656],[25.721215,45.123596],[25.721322,45.123487],[25.721333,45.123472],[25.72153,45.12321],[25.721576,45.123143],[25.721655,45.123029],[25.721699,45.12294],[25.721886,45.12285],[25.722024,45.122718],[25.722168,45.122471],[25.722187,45.122399],[25.722237,45.122318],[25.722247,45.1223],[25.722413,45.122197],[25.722747,45.122052],[25.722836,45.121982],[25.723071,45.121832],[25.723134,45.121882],[25.723255,45.12182],[25.723453,45.121688],[25.723673,45.121535],[25.723892,45.121384],[25.724167,45.121172],[25.724174,45.121167],[25.724297,45.121072],[25.724417,45.120952],[25.724283,45.120819],[25.725037,45.120363],[25.72567,45.119909],[25.72613,45.119577],[25.726166,45.11955],[25.726221,45.119511],[25.72641,45.119372],[25.726599,45.119234],[25.726604,45.119231],[25.726627,45.119215],[25.726923,45.119016],[25.727113,45.118888],[25.727243,45.118801],[25.727888,45.118328],[25.727891,45.118327],[25.72847,45.117922],[25.728517,45.117894],[25.728781,45.11774],[25.728905,45.117643],[25.728953,45.11761],[25.729248,45.117408],[25.730116,45.116805],[25.730436,45.1165],[25.730621,45.116325],[25.730676,45.116279],[25.731398,45.115676],[25.731487,45.115622],[25.73165,45.115452],[25.731914,45.115168],[25.732156,45.114897],[25.731738,45.114645],[25.73109,45.114256],[25.730945,45.114161],[25.7308,45.114046],[25.730877,45.113988],[25.731447,45.113555],[25.73155,45.113472],[25.73179,45.113277],[25.731828,45.11324],[25.732163,45.112912],[25.732297,45.112972],[25.732641,45.113158],[25.732828,45.112967],[25.732494,45.112778],[25.732367,45.112714],[25.732775,45.112323],[25.733295,45.11159],[25.733909,45.110719],[25.734223,45.11027],[25.734465,45.109923],[25.734984,45.109166],[25.735006,45.109128],[25.735237,45.108768],[25.735475,45.108489],[25.735814,45.10809],[25.735831,45.10807],[25.735894,45.107998],[25.736117,45.10774],[25.736317,45.107556],[25.737561,45.106409],[25.738568,45.105466],[25.739376,45.104721],[25.739409,45.104685],[25.739411,45.104684],[25.739506,45.104598],[25.741035,45.103223],[25.743059,45.101372],[25.743732,45.100768],[25.744478,45.100098],[25.745221,45.099413],[25.745335,45.099308],[25.745696,45.098966],[25.745728,45.098936],[25.745842,45.098811],[25.74589,45.098752],[25.746001,45.098613],[25.746113,45.098459],[25.746224,45.098305],[25.746239,45.098287],[25.746342,45.098117],[25.746467,45.097911],[25.746671,45.097504],[25.746694,45.097458],[25.746799,45.097005],[25.746829,45.096748],[25.746838,45.096744],[25.746835,45.096725],[25.746838,45.096679],[25.746677,45.096681],[25.746489,45.096666],[25.746657,45.096581],[25.746727,45.096516],[25.746764,45.096465],[25.74678,45.096318],[25.746782,45.096304],[25.746782,45.096271],[25.746785,45.096031],[25.746785,45.095982],[25.746786,45.095933],[25.746782,45.095793],[25.746773,45.095504],[25.746772,45.095476],[25.74677,45.095399],[25.746767,45.095319],[25.746765,45.09523],[25.746763,45.095179],[25.74676,45.095088],[25.746759,45.095052],[25.746756,45.095008],[25.746754,45.094969],[25.746751,45.094921],[25.746729,45.094597],[25.746727,45.094571],[25.746728,45.094483],[25.746729,45.094351],[25.74673,45.094251],[25.746731,45.094134],[25.746731,45.094018],[25.746729,45.093994],[25.746724,45.093907],[25.746719,45.093819],[25.746716,45.093757],[25.746702,45.09352],[25.746701,45.093298],[25.746646,45.092135],[25.746644,45.092082],[25.746608,45.091643],[25.746593,45.091604],[25.746541,45.091553],[25.746621,45.091491],[25.746754,45.091388],[25.746757,45.091453],[25.746777,45.091868],[25.746789,45.092137],[25.746868,45.092136],[25.747175,45.092119],[25.747173,45.091964],[25.747173,45.091921],[25.747166,45.091862],[25.746966,45.091865],[25.746938,45.091865],[25.746934,45.091775],[25.746932,45.091711],[25.746945,45.091612],[25.746946,45.091573],[25.746951,45.091487],[25.746951,45.091483],[25.746958,45.09144],[25.746958,45.09144],[25.746965,45.091398],[25.746971,45.091356],[25.746989,45.091301],[25.746994,45.091284],[25.747001,45.091262],[25.747012,45.091229],[25.747046,45.091219],[25.747045,45.091152],[25.747034,45.091117],[25.747033,45.091055],[25.747031,45.090938],[25.747029,45.090851],[25.747028,45.090825],[25.746978,45.090812],[25.746979,45.09082],[25.746903,45.09082],[25.746903,45.09082],[25.74683,45.090821],[25.746764,45.090821],[25.746613,45.090822],[25.746613,45.090813],[25.746612,45.090785],[25.746464,45.090871],[25.746086,45.09109],[25.746066,45.091102],[25.746037,45.091119],[25.745967,45.091049],[25.745346,45.090419],[25.745121,45.090191],[25.745083,45.090156],[25.744768,45.089865],[25.744701,45.089796],[25.744683,45.089772],[25.744665,45.089748],[25.744684,45.089725],[25.744721,45.08968],[25.744794,45.089622],[25.744853,45.08952],[25.744886,45.089411],[25.744933,45.089187],[25.744959,45.088976],[25.744997,45.088666],[25.744997,45.088666],[25.745007,45.088614],[25.74502,45.088548],[25.74503,45.088496],[25.745067,45.088305],[25.745102,45.088121],[25.745115,45.088059],[25.745126,45.088005],[25.745138,45.087953],[25.745183,45.087757],[25.74524,45.087512],[25.745243,45.087399],[25.745241,45.087339],[25.745241,45.087339],[25.745243,45.087222],[25.745243,45.087148],[25.745244,45.087061],[25.745248,45.087022],[25.74526,45.086905],[25.745282,45.086843],[25.74531,45.086767],[25.745336,45.086591],[25.745406,45.086302],[25.745435,45.086185],[25.745468,45.086059],[25.745477,45.085975],[25.745507,45.085705],[25.745509,45.085691],[25.745801,45.085718],[25.746972,45.085825],[25.746973,45.085825],[25.747099,45.085837],[25.747637,45.085886],[25.748029,45.08592],[25.748321,45.085945],[25.74786,45.085569],[25.747788,45.085475],[25.747708,45.08537],[25.748002,45.085391],[25.748296,45.085412],[25.748738,45.085479],[25.748735,45.085559],[25.748722,45.085836],[25.749967,45.086118],[25.750093,45.086147],[25.750131,45.086071],[25.750175,45.085865],[25.750188,45.085804],[25.750195,45.085771],[25.749718,45.085306],[25.749711,45.085305],[25.748474,45.08527],[25.748355,45.085304],[25.748302,45.085309],[25.748295,45.085309],[25.748286,45.08531],[25.748162,45.085303],[25.747974,45.085295],[25.747865,45.085287],[25.74771,45.085275],[25.747564,45.085264],[25.747395,45.085251],[25.747247,45.08523],[25.747077,45.085207],[25.746914,45.0852],[25.746624,45.085162],[25.74607,45.085119],[25.745618,45.085077],[25.745612,45.085076],[25.745571,45.085072],[25.745413,45.085048],[25.745212,45.085037],[25.745099,45.08503],[25.74486,45.08503],[25.744399,45.085025],[25.744184,45.085023],[25.743881,45.08501],[25.743567,45.085004],[25.743389,45.085002],[25.743243,45.085001],[25.743179,45.084997],[25.743092,45.084992],[25.742882,45.084958],[25.742684,45.084911],[25.742646,45.084923],[25.742537,45.084957],[25.742529,45.084981],[25.742466,45.084976],[25.742101,45.084949],[25.742098,45.084953],[25.742091,45.08497],[25.742044,45.085031],[25.741979,45.085117],[25.741902,45.085218],[25.741856,45.085279],[25.741797,45.085356],[25.741761,45.085403],[25.741756,45.085409],[25.741741,45.085429],[25.741703,45.085476],[25.741687,45.085497],[25.741653,45.08554],[25.741624,45.085576],[25.741561,45.085656],[25.741548,45.085672],[25.741492,45.085744],[25.74134,45.085936],[25.741257,45.086041],[25.741212,45.086101],[25.741127,45.086219],[25.741084,45.086239],[25.74104,45.086259],[25.740946,45.086328],[25.740519,45.086716],[25.740153,45.087032],[25.739416,45.087498],[25.739253,45.087597],[25.739153,45.087654],[25.739211,45.087667],[25.739455,45.08772],[25.739468,45.087723],[25.739505,45.087784],[25.740084,45.087859],[25.740275,45.087883],[25.74027,45.0879],[25.740266,45.087916],[25.740264,45.08792],[25.738816,45.088135],[25.738739,45.088146],[25.738636,45.088162],[25.738647,45.088263],[25.738648,45.088284],[25.739091,45.088219],[25.739094,45.088227],[25.739111,45.088242],[25.739136,45.088254],[25.739165,45.088255],[25.739201,45.088256],[25.73927,45.088257],[25.739395,45.088244],[25.739405,45.088343],[25.739411,45.088359],[25.739639,45.088357],[25.739648,45.088375],[25.739632,45.088499],[25.73963,45.088514],[25.739639,45.088535],[25.739656,45.088539],[25.739758,45.088543],[25.740054,45.088555],[25.740049,45.088562],[25.740038,45.088598],[25.74003,45.088621],[25.740023,45.088679],[25.739722,45.088669],[25.739702,45.088679],[25.739699,45.088761],[25.739061,45.088766],[25.738935,45.088767],[25.73888,45.088762],[25.738846,45.08875],[25.73883,45.088739],[25.738765,45.088695],[25.738603,45.088649],[25.738361,45.088616],[25.738201,45.0886],[25.738197,45.088621],[25.738193,45.088646],[25.738019,45.088712],[25.737953,45.088714],[25.737887,45.088745],[25.737735,45.088788],[25.737711,45.088906],[25.737711,45.08895],[25.737713,45.089085],[25.737711,45.089251],[25.737713,45.089274],[25.737734,45.089738],[25.737735,45.089765],[25.737776,45.089851],[25.737794,45.0899],[25.737819,45.089929],[25.737875,45.089939],[25.737964,45.08994],[25.738031,45.089947],[25.73805,45.089948],[25.738133,45.089964],[25.738407,45.090069],[25.738461,45.090089],[25.738462,45.09009],[25.738462,45.090091],[25.738462,45.090097],[25.738467,45.090108],[25.738479,45.090122],[25.738532,45.090175],[25.738541,45.090184],[25.738565,45.090207],[25.738591,45.090225],[25.738614,45.090241],[25.738637,45.090257],[25.738664,45.090282],[25.738686,45.090304],[25.738709,45.090326],[25.738711,45.090329],[25.738712,45.090332],[25.738716,45.090367],[25.738709,45.090394],[25.738702,45.090407],[25.738686,45.090442],[25.738677,45.09046],[25.73867,45.090485],[25.738669,45.090494],[25.738668,45.090495],[25.738619,45.090511],[25.738551,45.090534],[25.738362,45.090665],[25.738232,45.090754],[25.738211,45.090769],[25.738081,45.090819],[25.737853,45.090854],[25.73786,45.091042],[25.737882,45.091086],[25.737894,45.091111],[25.737976,45.09115],[25.73807,45.09115],[25.738164,45.09111],[25.738198,45.091096],[25.738371,45.091024],[25.73865,45.090908],[25.73866,45.090935],[25.738681,45.090964],[25.738666,45.090995],[25.738638,45.091068],[25.738626,45.091104],[25.738582,45.091145],[25.738524,45.09115],[25.738504,45.091172],[25.738483,45.091193],[25.738494,45.091265],[25.738524,45.091353],[25.73858,45.091525],[25.738602,45.09162],[25.738617,45.091686],[25.738617,45.091687],[25.738579,45.091927],[25.738568,45.091993],[25.738553,45.09215],[25.738541,45.09228],[25.738536,45.092341],[25.738533,45.09238],[25.738685,45.092429],[25.738694,45.092432],[25.738743,45.09249],[25.738754,45.092507],[25.738699,45.092503],[25.738729,45.092525],[25.738695,45.092651],[25.738688,45.092674],[25.738638,45.092743],[25.738673,45.092751],[25.738689,45.092754],[25.738689,45.092755],[25.73868,45.092769],[25.738663,45.092797],[25.738618,45.092841],[25.738502,45.092924],[25.738398,45.093019],[25.738362,45.093051],[25.738339,45.093161],[25.738323,45.093264],[25.738135,45.09325],[25.738078,45.093248],[25.737908,45.09324],[25.737738,45.093233],[25.737729,45.093288],[25.73772,45.093343],[25.737798,45.093348],[25.737912,45.093442],[25.738081,45.09358],[25.738216,45.09369],[25.738253,45.09372],[25.738422,45.093711],[25.738762,45.093693],[25.738804,45.093691],[25.738826,45.09369],[25.738886,45.093687],[25.738921,45.093685],[25.738956,45.093683],[25.738808,45.093999],[25.738796,45.093977],[25.73876,45.093923],[25.738577,45.093981],[25.738302,45.093917],[25.738285,45.093943],[25.738176,45.093905],[25.738122,45.093919],[25.738109,45.093985],[25.7381,45.094045],[25.7381,45.094118],[25.738096,45.094159],[25.73807,45.094193],[25.738043,45.094226],[25.738036,45.09426],[25.738033,45.094287],[25.738143,45.094295],[25.738335,45.094356],[25.738456,45.094441],[25.738579,45.094625],[25.738701,45.094807],[25.738744,45.094868],[25.738844,45.094935],[25.738897,45.09497],[25.738923,45.094991],[25.738973,45.095021],[25.738946,45.095068],[25.738946,45.095068],[25.738903,45.095116],[25.738847,45.095182],[25.738841,45.095188],[25.738803,45.095219],[25.738765,45.095249],[25.73871,45.095295],[25.738671,45.09532],[25.73862,45.095353],[25.738612,45.095357],[25.738526,45.095393],[25.738517,45.095402],[25.738508,45.095412],[25.738489,45.095447],[25.738482,45.095464],[25.738475,45.095481],[25.738456,45.095517],[25.738449,45.095534],[25.738441,45.095551],[25.738406,45.095676],[25.738405,45.095678],[25.738398,45.095701],[25.738392,45.095725],[25.738388,45.095767],[25.738392,45.095773],[25.738418,45.095761],[25.738457,45.095752],[25.738512,45.095749],[25.738569,45.09575],[25.738623,45.095768],[25.738825,45.095836],[25.739064,45.095925],[25.739146,45.095964],[25.739169,45.095975],[25.73918,45.095986],[25.739147,45.096035],[25.738873,45.096229],[25.738729,45.09634],[25.738687,45.096399],[25.738671,45.096438],[25.738673,45.096459],[25.738694,45.096616],[25.738722,45.096729],[25.738791,45.096749],[25.738779,45.096753],[25.738757,45.096761],[25.738748,45.096764],[25.73871,45.096778],[25.738694,45.096784],[25.738675,45.096792],[25.738633,45.096807],[25.738628,45.096807],[25.738575,45.096809],[25.738549,45.09681],[25.738538,45.09681],[25.738527,45.096811],[25.738508,45.096811],[25.738499,45.096812],[25.73849,45.096811],[25.738448,45.096806],[25.738411,45.096808],[25.738393,45.096808],[25.738389,45.096809],[25.738354,45.096811],[25.738331,45.096818],[25.738458,45.096858],[25.738462,45.09686],[25.73847,45.096861],[25.738513,45.096869],[25.738565,45.096878],[25.738602,45.096885],[25.738655,45.096895],[25.738699,45.096902],[25.738708,45.096904],[25.738753,45.096912],[25.738752,45.096914],[25.738749,45.096921],[25.738624,45.09723],[25.73862,45.09724],[25.738334,45.097169],[25.738263,45.097328],[25.73819,45.097494],[25.738087,45.097727],[25.73799,45.097817],[25.737841,45.097955],[25.737758,45.098032],[25.73765,45.098133],[25.737646,45.098137],[25.737656,45.098143],[25.737616,45.098182],[25.737575,45.098221],[25.737535,45.098197],[25.737492,45.098301],[25.737461,45.098371],[25.737423,45.098401],[25.737327,45.09848],[25.737299,45.098462],[25.737104,45.09864],[25.736884,45.098844],[25.736844,45.098964],[25.736817,45.098963],[25.736744,45.09896],[25.736742,45.09896],[25.736669,45.099064],[25.736737,45.09907],[25.736808,45.099076],[25.736751,45.099248],[25.736496,45.099247],[25.736081,45.099247],[25.73589,45.099298],[25.73563,45.099355],[25.735687,45.099621],[25.735692,45.099664],[25.73583,45.099654],[25.735806,45.099796],[25.735812,45.099829],[25.735808,45.099863],[25.735802,45.099921],[25.73576,45.10033],[25.735809,45.100469],[25.735818,45.100482],[25.735924,45.100639],[25.73599,45.100735],[25.736036,45.100802],[25.736081,45.100869],[25.736105,45.100903],[25.736132,45.100943],[25.736211,45.100926],[25.736439,45.100895],[25.736516,45.100884],[25.736708,45.100853],[25.736916,45.100819],[25.736925,45.100853],[25.736933,45.100884],[25.736968,45.101024],[25.736728,45.10106],[25.736744,45.101252],[25.736746,45.10128],[25.736355,45.101315],[25.736343,45.101316],[25.736294,45.101321],[25.73607,45.101342],[25.735998,45.101346],[25.735999,45.101358],[25.735997,45.101383],[25.735994,45.101559],[25.735992,45.10166],[25.735989,45.101813],[25.736353,45.101834],[25.736352,45.10207],[25.735977,45.102074],[25.735715,45.102077],[25.735693,45.102077],[25.735663,45.102077],[25.73564,45.102077],[25.735605,45.102079],[25.735511,45.102084],[25.735475,45.102082],[25.735504,45.102193],[25.735507,45.102367],[25.735509,45.10246],[25.735487,45.102516],[25.735431,45.102655],[25.735422,45.102677],[25.735424,45.10269],[25.735456,45.102687],[25.73572,45.102666],[25.736075,45.10263],[25.73627,45.10261],[25.736302,45.102606],[25.73635,45.102601],[25.736398,45.102596],[25.736416,45.102594],[25.736456,45.102606],[25.736495,45.102617],[25.736567,45.102633],[25.736611,45.102647],[25.737189,45.102585],[25.737692,45.102532],[25.737748,45.102516],[25.737758,45.102513],[25.737891,45.102601],[25.737878,45.102642],[25.73773,45.102842],[25.738069,45.103],[25.738344,45.102703],[25.738346,45.102704],[25.738422,45.102747],[25.738778,45.102993],[25.739048,45.103175],[25.739389,45.102981],[25.739402,45.102974],[25.7394,45.103061],[25.739399,45.103087],[25.739329,45.103197],[25.739274,45.103282],[25.739171,45.103468],[25.738988,45.103771],[25.738836,45.104001],[25.738796,45.104061],[25.738706,45.104142],[25.738623,45.104218],[25.738605,45.104234],[25.738571,45.104265],[25.738425,45.104365],[25.73825,45.104484],[25.738249,45.104485],[25.738002,45.104653],[25.737868,45.104745],[25.737866,45.104746],[25.737812,45.104782],[25.737732,45.104837],[25.737602,45.104928],[25.737476,45.105015],[25.737472,45.105018],[25.737441,45.105042],[25.737358,45.105106],[25.737301,45.105149],[25.73728,45.105166],[25.737277,45.105168],[25.737263,45.105177],[25.737239,45.105192],[25.737107,45.105276],[25.736861,45.105415],[25.736861,45.105415],[25.736861,45.105415],[25.736558,45.105575],[25.736463,45.105617],[25.736437,45.105629],[25.736389,45.10565],[25.736347,45.105664],[25.736329,45.105668],[25.736265,45.105691],[25.736152,45.105718],[25.736093,45.105772],[25.736079,45.105807],[25.736026,45.105859],[25.736007,45.105875],[25.735977,45.105899],[25.735987,45.105937],[25.736005,45.105946],[25.736059,45.105972],[25.735789,45.106198],[25.735273,45.106629],[25.73544,45.106628],[25.735333,45.106698],[25.735455,45.106796],[25.735477,45.106813],[25.735534,45.106859],[25.735312,45.107047],[25.735386,45.107088],[25.735461,45.107129],[25.735334,45.107233],[25.73526,45.107181],[25.735197,45.107139],[25.735165,45.107117],[25.735043,45.10722],[25.734862,45.10712],[25.734801,45.107086],[25.734598,45.107283],[25.734589,45.107309],[25.734589,45.10733],[25.734622,45.107359],[25.734721,45.107441],[25.73476,45.107461],[25.734843,45.107504],[25.734984,45.107578],[25.735026,45.1076],[25.735048,45.107611],[25.735058,45.107616],[25.735006,45.107659],[25.734988,45.107674],[25.735007,45.107685],[25.734892,45.107784],[25.734884,45.107791],[25.73483,45.107758],[25.734783,45.107794],[25.734757,45.107775],[25.734537,45.107974],[25.734546,45.10798],[25.734487,45.108026],[25.734399,45.108095],[25.734266,45.108198],[25.734265,45.108199],[25.734276,45.108207],[25.734256,45.108222],[25.734231,45.108241],[25.73419,45.108271],[25.734197,45.108277],[25.734123,45.10837],[25.734044,45.108472],[25.734029,45.10849],[25.733995,45.108533],[25.734053,45.108794],[25.734059,45.108826],[25.733984,45.108874],[25.733966,45.108899],[25.733912,45.108899],[25.733261,45.108901],[25.733207,45.108901],[25.733125,45.108896],[25.732613,45.108862],[25.732579,45.108885],[25.732566,45.108919],[25.732555,45.108986],[25.732558,45.10908],[25.732566,45.109123],[25.732539,45.109157],[25.732532,45.109188],[25.732513,45.109261],[25.732712,45.109355],[25.733,45.109489],[25.732984,45.109536],[25.732967,45.109583],[25.732901,45.109773],[25.733055,45.109836],[25.732862,45.109882],[25.732799,45.109902],[25.732785,45.109906],[25.732771,45.109911],[25.732748,45.10997],[25.732752,45.109997],[25.732778,45.110023],[25.732803,45.11005],[25.732842,45.110089],[25.732853,45.110099],[25.732806,45.110155],[25.732725,45.110254],[25.732686,45.110302],[25.732672,45.110319],[25.732668,45.110322],[25.732564,45.110285],[25.732546,45.110279],[25.732472,45.110249],[25.732307,45.110191],[25.732298,45.110187],[25.732183,45.110143],[25.732099,45.1102],[25.732089,45.110207],[25.73199,45.110288],[25.732134,45.110346],[25.732208,45.110388],[25.732294,45.110438],[25.732333,45.110457],[25.732371,45.110477],[25.732381,45.110481],[25.732485,45.110508],[25.732189,45.111071],[25.732147,45.111208],[25.732247,45.11122],[25.732234,45.111294],[25.732213,45.111425],[25.732208,45.11146],[25.732159,45.111614],[25.732091,45.11161],[25.73208,45.111633],[25.732055,45.111685],[25.73204,45.111714],[25.732019,45.111737],[25.731995,45.111761],[25.731957,45.1118],[25.731746,45.112015],[25.731668,45.112095],[25.731511,45.112011],[25.731372,45.111938],[25.73123,45.112071],[25.730371,45.111676],[25.730268,45.11178],[25.730266,45.11178],[25.730023,45.111677],[25.729713,45.112087],[25.729725,45.112091],[25.730004,45.112189],[25.730035,45.112165],[25.730149,45.1122],[25.73032,45.112253],[25.730609,45.112341],[25.730748,45.112384],[25.730817,45.112414],[25.730917,45.112456],[25.731004,45.112508],[25.731143,45.11259],[25.731176,45.112608],[25.731242,45.112643],[25.731366,45.11271],[25.731367,45.112711],[25.731401,45.11275],[25.731472,45.112834],[25.731485,45.112848],[25.731636,45.113016],[25.731711,45.113098],[25.731714,45.113102],[25.731731,45.113121],[25.731737,45.113125],[25.731741,45.113147],[25.731741,45.113149],[25.731706,45.113147],[25.731663,45.11316],[25.731629,45.113201],[25.731616,45.113211],[25.731369,45.113418],[25.730625,45.113949],[25.729907,45.114462],[25.729698,45.11436],[25.729546,45.114285],[25.728935,45.113874],[25.728862,45.113939],[25.728654,45.114127],[25.72864,45.11414],[25.728335,45.113976],[25.7283,45.113956],[25.728235,45.114104],[25.728172,45.114248],[25.728158,45.11428],[25.727706,45.114341],[25.727648,45.114336],[25.727487,45.114473],[25.727873,45.114753],[25.727891,45.114766],[25.727689,45.114997],[25.727841,45.11508],[25.727574,45.115275],[25.727403,45.1154],[25.72732,45.11546],[25.727222,45.115392],[25.726905,45.115623],[25.726996,45.11569],[25.726963,45.115713],[25.726755,45.115606],[25.726723,45.115589],[25.726281,45.115556],[25.726243,45.115556],[25.726119,45.115558],[25.7261,45.115558],[25.72585,45.115635],[25.725746,45.115657],[25.725455,45.11572],[25.725444,45.115742],[25.725515,45.115809],[25.725947,45.116003],[25.726155,45.116082],[25.726329,45.116148],[25.726237,45.116211],[25.726164,45.116177],[25.726072,45.116259],[25.726127,45.116287],[25.726101,45.116305],[25.725846,45.116479],[25.725798,45.116512],[25.725768,45.116533],[25.725661,45.116606],[25.725601,45.11661],[25.725587,45.116621],[25.72551,45.11658],[25.725357,45.116511],[25.725287,45.116482],[25.725099,45.116428],[25.724725,45.116182],[25.724712,45.116172],[25.724632,45.116107],[25.724621,45.116115],[25.724599,45.116129],[25.724273,45.115868],[25.724213,45.115805],[25.72414,45.115729],[25.724091,45.115689],[25.72394,45.115567],[25.723915,45.115548],[25.72387,45.115515],[25.723761,45.115434],[25.723748,45.115431],[25.723743,45.11543],[25.723607,45.115383],[25.723444,45.115326],[25.723292,45.115272],[25.723106,45.115205],[25.723083,45.115196],[25.723061,45.115181],[25.72265,45.115518],[25.722551,45.115599],[25.722533,45.115614],[25.722616,45.115681],[25.722643,45.115694],[25.72282,45.115783],[25.723066,45.115939],[25.723376,45.116273],[25.722716,45.11624],[25.722411,45.116325],[25.722361,45.116337],[25.72218,45.116359],[25.722137,45.116364],[25.721792,45.116133],[25.721775,45.116146],[25.721334,45.116486],[25.721537,45.116632],[25.721715,45.11676],[25.722078,45.117023],[25.721781,45.117224],[25.721831,45.117277],[25.721944,45.117401],[25.721987,45.117598],[25.721971,45.117617],[25.721916,45.117594],[25.721861,45.117572],[25.721689,45.117504],[25.721547,45.117455],[25.721451,45.117524],[25.721248,45.117672],[25.721176,45.117643],[25.720862,45.117517],[25.72042,45.117554],[25.719585,45.116811],[25.71945,45.116691],[25.718835,45.117082],[25.718825,45.117084],[25.718824,45.117084],[25.718814,45.117086],[25.718757,45.117095],[25.718826,45.11724],[25.718751,45.117278],[25.718594,45.117357],[25.718316,45.117486],[25.71827,45.117522],[25.718248,45.117571],[25.717866,45.117763],[25.717754,45.117838],[25.717622,45.117926],[25.717308,45.118135],[25.717212,45.118211],[25.717066,45.118327],[25.717066,45.118328],[25.716935,45.11831],[25.716887,45.118302],[25.716884,45.118338],[25.716883,45.118366],[25.71688,45.118557],[25.716861,45.118592],[25.716809,45.118747],[25.716785,45.11889],[25.716773,45.118955],[25.716757,45.119053],[25.716775,45.119167],[25.716793,45.119225],[25.716806,45.11927],[25.716879,45.119507],[25.716921,45.119588],[25.716955,45.119652],[25.716945,45.11969],[25.716898,45.119717],[25.716802,45.11976],[25.716648,45.119851],[25.716613,45.119883],[25.716603,45.119891],[25.716603,45.119898],[25.716599,45.119912],[25.716486,45.120021],[25.716355,45.120148],[25.71615,45.120347],[25.716106,45.120389],[25.71608,45.120429],[25.716008,45.120388],[25.715978,45.12037],[25.715904,45.120328],[25.715843,45.120293],[25.71573,45.1202],[25.71562,45.120124],[25.715556,45.120091],[25.715473,45.120061],[25.715405,45.120024],[25.715301,45.119938],[25.715301,45.119929],[25.7153,45.119931],[25.715285,45.119872],[25.715275,45.119823],[25.715254,45.119728],[25.715067,45.119406],[25.715054,45.119384],[25.715008,45.119333],[25.714899,45.119212],[25.714857,45.119168],[25.71462,45.118917],[25.714579,45.118943],[25.714392,45.119061],[25.714322,45.119104],[25.714302,45.119081],[25.714268,45.119043],[25.714249,45.118916],[25.714238,45.118847],[25.714171,45.118787],[25.714112,45.118763],[25.714017,45.118743],[25.713917,45.118775],[25.713645,45.119015],[25.713621,45.119021],[25.7136,45.119017],[25.713614,45.118971],[25.713611,45.118957],[25.713626,45.118923],[25.713642,45.11889],[25.713827,45.118666],[25.713847,45.118621],[25.713853,45.118608],[25.713851,45.118596],[25.713837,45.11852],[25.713829,45.118465],[25.713824,45.118433],[25.713819,45.118419],[25.71377,45.118302],[25.713742,45.118245],[25.713687,45.118132],[25.713682,45.118122],[25.713668,45.118064],[25.713663,45.118043],[25.713658,45.11802],[25.713677,45.117968],[25.713692,45.117943],[25.713727,45.11792],[25.713785,45.117905],[25.713838,45.117882],[25.713867,45.117859],[25.713873,45.117833],[25.713875,45.117823],[25.713813,45.117759],[25.713756,45.117732],[25.713739,45.117724],[25.713687,45.11773],[25.713663,45.117733],[25.713615,45.117749],[25.713519,45.117828],[25.713489,45.117852],[25.713447,45.117865],[25.713418,45.117854],[25.713374,45.117905],[25.713262,45.118038],[25.713138,45.117995],[25.713078,45.117873],[25.712943,45.117787],[25.712748,45.117705],[25.71254,45.117976],[25.712385,45.118258],[25.712355,45.118304],[25.712331,45.118265],[25.712216,45.118101],[25.712151,45.118009],[25.712141,45.118],[25.712201,45.117928],[25.71227,45.117845],[25.71224,45.117829],[25.712204,45.117822],[25.712209,45.117817],[25.712408,45.117615],[25.71189,45.117243],[25.711896,45.117203],[25.711911,45.11711],[25.711939,45.116925],[25.711956,45.116821],[25.712076,45.116338],[25.712098,45.11629],[25.712148,45.116298],[25.712222,45.11632],[25.712239,45.116325],[25.712389,45.116398],[25.712484,45.116463],[25.7126,45.116543],[25.712604,45.116545],[25.712666,45.116573],[25.712705,45.116591],[25.71277,45.116588],[25.712813,45.116586],[25.712831,45.116585],[25.712846,45.116569],[25.71285,45.116567],[25.712884,45.116543],[25.712919,45.116524],[25.71292,45.116523],[25.712942,45.116495],[25.712946,45.11649],[25.712956,45.11647],[25.712972,45.116435],[25.712948,45.116383],[25.712946,45.116379],[25.712914,45.11634],[25.712883,45.116314],[25.712852,45.116287],[25.71273,45.116185],[25.712617,45.116091],[25.7126,45.116078],[25.712483,45.115985],[25.712459,45.115954],[25.712437,45.115927],[25.712428,45.115909],[25.712408,45.115874],[25.712405,45.115849],[25.7124,45.115808],[25.712404,45.115739],[25.712409,45.11573],[25.712446,45.115654],[25.712459,45.115638],[25.712502,45.115582],[25.712463,45.115522],[25.712436,45.115537],[25.712423,45.115536],[25.712216,45.115523],[25.712151,45.115261],[25.712133,45.115186],[25.712123,45.115121],[25.712029,45.114973],[25.711955,45.114902],[25.711937,45.114896],[25.711909,45.114896],[25.711882,45.114896],[25.711818,45.114916],[25.711727,45.114955],[25.711573,45.11504],[25.711518,45.115082],[25.711428,45.115151],[25.711417,45.115162],[25.711338,45.115236],[25.711274,45.115282],[25.711261,45.115289],[25.711156,45.115347],[25.711048,45.115379],[25.711019,45.115387],[25.710988,45.115387],[25.710974,45.115387],[25.7109,45.115368],[25.710863,45.115349],[25.710863,45.115317],[25.710844,45.115291],[25.710844,45.115265],[25.710807,45.115246],[25.710782,45.115246],[25.710725,45.115246],[25.710723,45.115246],[25.71067,45.11524],[25.710551,45.115209],[25.710514,45.11517],[25.710376,45.115106],[25.71033,45.115074],[25.710273,45.115012],[25.710321,45.114691],[25.709863,45.114695],[25.709494,45.114698],[25.709448,45.114703],[25.709004,45.114748],[25.708952,45.114748],[25.708575,45.114703],[25.708079,45.114589],[25.70771,45.115268],[25.707561,45.115543],[25.707424,45.115507],[25.70718,45.115788],[25.707585,45.116042],[25.707948,45.11627],[25.708046,45.116331],[25.70862,45.116504],[25.708764,45.116547],[25.708894,45.116661],[25.708996,45.116796],[25.709098,45.116931],[25.709425,45.117205],[25.709487,45.117285],[25.709507,45.11731],[25.709509,45.117464],[25.709511,45.117679],[25.709512,45.117695],[25.709503,45.117767],[25.709505,45.117901],[25.709508,45.11794],[25.709527,45.118038],[25.709529,45.118045],[25.709558,45.11814],[25.70956,45.118145],[25.709574,45.118176],[25.709582,45.118193],[25.709599,45.118231],[25.709801,45.118672],[25.70972,45.118696],[25.709679,45.118708],[25.709673,45.11871],[25.709696,45.118721],[25.709715,45.118731],[25.709785,45.118765],[25.709796,45.118771],[25.709855,45.118811],[25.709886,45.118831],[25.709901,45.118842],[25.709943,45.118871],[25.710078,45.118952],[25.710108,45.11897],[25.710203,45.119028],[25.710304,45.119089],[25.710423,45.119165],[25.710446,45.119179],[25.710504,45.119215],[25.710539,45.119237],[25.710563,45.119251],[25.710533,45.119263],[25.710457,45.119294],[25.710323,45.119334],[25.710288,45.119355],[25.710153,45.119434],[25.70986,45.119608],[25.709976,45.119699],[25.709979,45.119702],[25.710281,45.11994],[25.710284,45.119942],[25.710285,45.119942],[25.710352,45.119989],[25.710395,45.120018],[25.710858,45.120324],[25.710943,45.120371],[25.710969,45.120386],[25.7113,45.120156],[25.711305,45.120149],[25.711549,45.11999],[25.711545,45.119987],[25.711492,45.119944],[25.71157,45.119893],[25.71162,45.119935],[25.711657,45.119966],[25.711764,45.120064],[25.711822,45.120122],[25.711838,45.120139],[25.711833,45.120144],[25.71186,45.120175],[25.711882,45.120204],[25.711978,45.120367],[25.711998,45.1204],[25.712046,45.12046],[25.712085,45.120495],[25.712144,45.120558],[25.712202,45.120638],[25.712271,45.120739],[25.712284,45.120756],[25.71233,45.120813],[25.712365,45.120857],[25.712477,45.120947],[25.712495,45.120964],[25.712563,45.121028],[25.712841,45.121382],[25.712894,45.121449],[25.712923,45.121476],[25.712933,45.121486],[25.712942,45.121494],[25.713048,45.121589],[25.713169,45.121655],[25.713181,45.121653],[25.713319,45.121714],[25.713423,45.121759],[25.713442,45.121771],[25.713494,45.121803],[25.713442,45.121851],[25.713244,45.122028],[25.713075,45.122181],[25.713032,45.122328],[25.713148,45.122625],[25.712886,45.122467],[25.712877,45.122466],[25.71255,45.122449],[25.71247,45.122445],[25.712457,45.122534],[25.712455,45.122538],[25.712362,45.122741],[25.712304,45.122867],[25.712268,45.122946],[25.712277,45.123011],[25.711774,45.122623],[25.711558,45.122456],[25.711457,45.122379],[25.711227,45.122],[25.711189,45.121937],[25.711172,45.121923],[25.711108,45.121872],[25.711071,45.121843],[25.710869,45.121816],[25.710867,45.121815],[25.710759,45.121776],[25.71064,45.121711],[25.710502,45.121495],[25.710304,45.121217],[25.710198,45.121097],[25.710148,45.121072],[25.710084,45.121053],[25.710016,45.121039],[25.709981,45.121032],[25.709563,45.120949],[25.709425,45.120922],[25.709244,45.120887],[25.709189,45.120877],[25.709089,45.120849],[25.709022,45.120833],[25.708638,45.120741],[25.70826,45.12057],[25.708246,45.120622],[25.708227,45.120698],[25.708053,45.120594],[25.708012,45.12057],[25.708006,45.120565],[25.707981,45.120543],[25.707918,45.12049],[25.707671,45.120281],[25.70746,45.120104],[25.707421,45.120127],[25.707397,45.120107],[25.707351,45.120077],[25.707298,45.120042],[25.707105,45.119867],[25.707025,45.119811],[25.706953,45.119761],[25.706991,45.119725],[25.706555,45.119401],[25.70649,45.119353],[25.706393,45.119282],[25.706184,45.119126],[25.706156,45.11915],[25.706108,45.119112],[25.705947,45.119],[25.70568,45.118819],[25.705638,45.11879],[25.70562,45.11878],[25.705256,45.118564],[25.705255,45.118566],[25.704777,45.119106],[25.704759,45.119132],[25.704716,45.119198],[25.704609,45.119362],[25.704763,45.119501],[25.704917,45.11964],[25.704814,45.119646],[25.704711,45.119651],[25.704554,45.119628],[25.704541,45.119625],[25.704489,45.11961],[25.704437,45.119586],[25.704396,45.119514],[25.704382,45.119531],[25.704367,45.119548],[25.704351,45.119565],[25.704287,45.119631],[25.704281,45.119637],[25.704275,45.119644],[25.704009,45.119949],[25.703949,45.120017],[25.703923,45.120047],[25.703923,45.120047],[25.704104,45.120206],[25.704243,45.120327],[25.704508,45.12056],[25.704428,45.120614],[25.704547,45.120666],[25.704716,45.120739],[25.704884,45.120812],[25.704963,45.120889],[25.704909,45.120912],[25.705128,45.121095],[25.70519,45.121146],[25.705216,45.121136],[25.705349,45.12132],[25.705351,45.121329],[25.705563,45.121685],[25.705628,45.121781],[25.705673,45.121843],[25.705968,45.122282],[25.706069,45.122242],[25.706105,45.122227],[25.706167,45.122202],[25.706227,45.122178],[25.706278,45.122158],[25.706328,45.122145],[25.706341,45.122146],[25.706333,45.122177],[25.706376,45.122181],[25.706538,45.122222],[25.706642,45.122259],[25.706674,45.12227],[25.706707,45.122399],[25.706717,45.122601],[25.706673,45.122724],[25.706693,45.122793],[25.70668,45.12295],[25.706755,45.12299],[25.706786,45.123008],[25.706797,45.123017],[25.706817,45.123001],[25.706913,45.122925],[25.706975,45.122918],[25.707018,45.122958],[25.707213,45.123138],[25.707421,45.123346],[25.707588,45.123513],[25.707675,45.123575],[25.707678,45.123577],[25.707635,45.123609],[25.7076,45.123633],[25.707566,45.123656],[25.707529,45.123681],[25.707529,45.123681],[25.707473,45.123718],[25.707449,45.123735],[25.70761,45.12383],[25.707805,45.12396],[25.707918,45.124035],[25.707956,45.124058],[25.708114,45.124241],[25.708114,45.124242],[25.708264,45.124377],[25.708268,45.124381],[25.708341,45.124459],[25.708357,45.124476],[25.708366,45.124486],[25.708377,45.124501],[25.708383,45.124512],[25.708633,45.124906],[25.708636,45.124911],[25.708712,45.124897],[25.708721,45.124922],[25.708826,45.125587],[25.708905,45.125843],[25.708917,45.12588],[25.708908,45.125888],[25.708867,45.125912],[25.708655,45.126039],[25.708618,45.126056],[25.708551,45.126088],[25.708545,45.126091],[25.70852,45.126103],[25.708365,45.126178],[25.70834,45.126187],[25.708306,45.126199],[25.708288,45.126205],[25.70827,45.126211],[25.708266,45.126213],[25.708213,45.126231],[25.708157,45.126249],[25.707948,45.126316],[25.707882,45.126338],[25.707876,45.12634],[25.707795,45.126351],[25.707738,45.12636],[25.707587,45.126381],[25.707475,45.126379],[25.707459,45.126379],[25.707372,45.126377],[25.707365,45.126377],[25.707331,45.126376],[25.707315,45.126375],[25.707304,45.126375],[25.707298,45.126375],[25.707274,45.126374],[25.707112,45.126346],[25.707077,45.126341],[25.70695,45.126319],[25.706864,45.126305],[25.706823,45.126298],[25.706771,45.126288],[25.706765,45.126287],[25.706612,45.126258],[25.706549,45.126236],[25.706508,45.126219],[25.706421,45.126181],[25.706395,45.126211],[25.70639,45.126214],[25.706263,45.126308],[25.705778,45.126666],[25.705766,45.126665],[25.705426,45.126646],[25.705427,45.126647],[25.705364,45.126682],[25.705113,45.126819],[25.705074,45.126841],[25.705051,45.126852],[25.704964,45.126895],[25.704889,45.126933],[25.704862,45.126941],[25.70482,45.126954],[25.704818,45.126979],[25.704725,45.12704],[25.704627,45.127106],[25.704576,45.127151],[25.704562,45.127164],[25.704485,45.127232],[25.704627,45.127552],[25.704664,45.127833],[25.704658,45.127888],[25.704549,45.127898],[25.704465,45.127914],[25.704376,45.127947],[25.704196,45.128014],[25.703883,45.128118],[25.703657,45.12818],[25.703559,45.128207],[25.703505,45.128225],[25.703416,45.128255],[25.703355,45.128279],[25.703296,45.128309],[25.703192,45.128362],[25.70302,45.128411],[25.702814,45.128417],[25.70264,45.128411],[25.702552,45.128398],[25.702474,45.128386],[25.702389,45.128379],[25.702323,45.128369],[25.702256,45.12836],[25.702081,45.128346],[25.702054,45.128346],[25.701952,45.128348],[25.701877,45.128359],[25.701675,45.12839],[25.701561,45.12842],[25.701449,45.128449],[25.701416,45.128458],[25.701312,45.128466],[25.701183,45.12847],[25.701125,45.128469],[25.701039,45.128466],[25.701022,45.128464],[25.700832,45.128432],[25.700787,45.128424],[25.700732,45.128415],[25.700728,45.128414],[25.70068,45.128406],[25.700632,45.128398],[25.700495,45.128373],[25.700317,45.12834],[25.69996,45.128244],[25.699703,45.128168],[25.699636,45.128148],[25.699583,45.128132],[25.699302,45.128119],[25.699215,45.12811],[25.699223,45.128125],[25.699221,45.128147],[25.699289,45.128574],[25.699308,45.12869],[25.699405,45.128737],[25.699657,45.128859],[25.699995,45.128994],[25.699903,45.129171],[25.699873,45.129228],[25.699801,45.129218],[25.699648,45.129202],[25.699599,45.129197],[25.699544,45.129191],[25.69947,45.129184],[25.699303,45.129137],[25.699202,45.129503],[25.699172,45.129611],[25.699552,45.12966],[25.699804,45.129691],[25.699955,45.129709],[25.700225,45.129742],[25.700285,45.129752],[25.700425,45.129776],[25.700653,45.129809],[25.700944,45.129852],[25.701203,45.129897],[25.70157,45.12996],[25.701802,45.130005],[25.701783,45.130181],[25.701831,45.130206],[25.701859,45.130221],[25.70203,45.130308],[25.702208,45.130356],[25.702252,45.130399],[25.702278,45.130408],[25.702278,45.130412],[25.702274,45.130414],[25.702222,45.13044],[25.702157,45.130485],[25.702081,45.130546],[25.702044,45.130576],[25.70203,45.130588],[25.70197,45.130639],[25.701948,45.130658],[25.701917,45.130684],[25.701824,45.130763],[25.701747,45.130829],[25.701731,45.130843],[25.701715,45.130856],[25.701666,45.130824],[25.701597,45.130801],[25.701473,45.130793],[25.701426,45.130792],[25.701379,45.130792],[25.701324,45.130778],[25.701316,45.130774],[25.701297,45.130763],[25.70122,45.13072],[25.701162,45.130687],[25.701151,45.130674],[25.701114,45.130631],[25.701059,45.130709],[25.701012,45.130698],[25.70055,45.130585],[25.700329,45.130531],[25.700145,45.130718],[25.700136,45.130714],[25.700101,45.130698],[25.699898,45.130609],[25.699773,45.130554],[25.699724,45.130532],[25.699694,45.130555],[25.699686,45.130561],[25.699638,45.130598],[25.699621,45.130612],[25.69972,45.130652],[25.699769,45.130672],[25.699813,45.130688],[25.699816,45.13071],[25.699819,45.130728],[25.699819,45.130753],[25.699819,45.130762],[25.699819,45.130762],[25.699823,45.130774],[25.699832,45.130797],[25.69984,45.130818],[25.699841,45.130821],[25.699852,45.130835],[25.699882,45.130872],[25.699864,45.130915],[25.699808,45.130988],[25.699745,45.131029],[25.699738,45.13103],[25.699723,45.131029],[25.699697,45.131044],[25.699609,45.131132],[25.699593,45.131149],[25.699573,45.131169],[25.69945,45.131293],[25.699355,45.13139],[25.699303,45.131442],[25.699248,45.131498],[25.699218,45.131527],[25.699218,45.131537],[25.699216,45.131582],[25.699214,45.131628],[25.699212,45.131664],[25.699111,45.131681],[25.699067,45.131682],[25.698959,45.131683],[25.698891,45.13168],[25.698844,45.131678],[25.698823,45.131677],[25.698692,45.131651],[25.698603,45.131624],[25.698544,45.131605],[25.698372,45.131547],[25.698312,45.131526],[25.698201,45.131488],[25.69809,45.131449],[25.698033,45.13143],[25.69802,45.131425],[25.697986,45.131411],[25.697979,45.131419],[25.697955,45.131454],[25.697825,45.131718],[25.697786,45.131762],[25.697637,45.131933],[25.697635,45.131985],[25.697631,45.13205],[25.697649,45.132178],[25.697651,45.132192],[25.697674,45.132354],[25.697641,45.13238],[25.697365,45.132597],[25.697336,45.132583],[25.697305,45.132568],[25.697138,45.132487],[25.697077,45.132457],[25.697046,45.132442],[25.696907,45.132331],[25.696845,45.132282],[25.696799,45.132245],[25.696753,45.132208],[25.696727,45.132178],[25.69651,45.131938],[25.696475,45.131902],[25.696426,45.13184],[25.696451,45.131829],[25.696477,45.131818],[25.69647,45.131745],[25.696486,45.131736],[25.696502,45.131728],[25.696526,45.131716],[25.696588,45.1317],[25.696635,45.131691],[25.696698,45.131661],[25.696733,45.131642],[25.69676,45.13157],[25.696806,45.131448],[25.696852,45.131325],[25.696852,45.131325],[25.696866,45.131286],[25.696902,45.131191],[25.696753,45.131179],[25.696604,45.131178],[25.696488,45.131177],[25.696474,45.131215],[25.696471,45.131239],[25.696465,45.131272],[25.696442,45.131399],[25.696405,45.131583],[25.696391,45.131639],[25.696279,45.131662],[25.69624,45.131667],[25.696078,45.1317],[25.695888,45.131719],[25.695805,45.13169],[25.695719,45.131674],[25.69562,45.131649],[25.695541,45.131633],[25.695432,45.131592],[25.695374,45.131592],[25.695325,45.131592],[25.695302,45.131588],[25.69524,45.13158],[25.695221,45.131578],[25.6952,45.131575],[25.695118,45.131564],[25.695013,45.131544],[25.694869,45.131505],[25.69471,45.131456],[25.694638,45.131434],[25.694508,45.131398],[25.694424,45.131377],[25.694424,45.131377],[25.694313,45.131373],[25.69429,45.131373],[25.694164,45.131372],[25.694127,45.13137],[25.694053,45.131366],[25.694055,45.131386],[25.694055,45.131401],[25.69414,45.131481],[25.694504,45.131822],[25.694934,45.13222],[25.69533,45.132588],[25.695346,45.13261],[25.695365,45.13258],[25.695386,45.132561],[25.695395,45.132547],[25.695417,45.132511],[25.695779,45.131931],[25.695882,45.131958],[25.695927,45.131971],[25.696175,45.13204],[25.696157,45.132077],[25.696039,45.132311],[25.696028,45.132333],[25.695999,45.132389],[25.696184,45.132437],[25.696226,45.132447],[25.696264,45.132467],[25.696239,45.132634],[25.69606,45.132624],[25.696037,45.132637],[25.696015,45.132651],[25.695904,45.132762],[25.695685,45.13298],[25.695668,45.132993],[25.695647,45.13302],[25.695719,45.133118],[25.696052,45.133625],[25.696035,45.133656],[25.696028,45.133679],[25.695991,45.133807],[25.696003,45.133934],[25.696021,45.134012],[25.696038,45.134091],[25.696046,45.134107],[25.696097,45.134209],[25.696109,45.134233],[25.69614,45.134251],[25.696155,45.134316],[25.696167,45.134369],[25.696182,45.134434],[25.696231,45.134478],[25.696237,45.134486],[25.696445,45.134772],[25.696529,45.134748],[25.696623,45.134764],[25.696628,45.134765],[25.696642,45.13479],[25.696933,45.135202],[25.696984,45.135286],[25.697022,45.135389],[25.69706,45.135492],[25.697097,45.135759],[25.697106,45.13582],[25.697054,45.135849],[25.696864,45.135954],[25.69686,45.13597],[25.696845,45.136028],[25.696807,45.136179],[25.69677,45.136224],[25.696764,45.136231],[25.696718,45.13624],[25.696646,45.136255],[25.696598,45.136259],[25.696409,45.136275],[25.696342,45.136276],[25.696339,45.136276],[25.696304,45.136276],[25.696235,45.136295],[25.696204,45.136348],[25.696205,45.13645],[25.696196,45.136492],[25.696282,45.13668],[25.696282,45.1367],[25.696283,45.136743],[25.696275,45.136755],[25.69624,45.13675],[25.696231,45.136749],[25.69613,45.136922],[25.696085,45.137],[25.695993,45.137086],[25.696257,45.137975],[25.696257,45.137976],[25.696278,45.138014],[25.696202,45.138054],[25.696086,45.138224],[25.696031,45.138217],[25.695966,45.13821],[25.695755,45.138185],[25.695669,45.13817],[25.695396,45.138024],[25.695336,45.137967],[25.695318,45.137939],[25.695279,45.13788],[25.695085,45.137794],[25.694939,45.137785],[25.69455,45.137761],[25.694506,45.13776],[25.694506,45.137778],[25.694504,45.13781],[25.694496,45.137856],[25.694492,45.137878],[25.694488,45.137902],[25.694487,45.137913],[25.694477,45.137983],[25.694457,45.138082],[25.694444,45.138118],[25.694418,45.138145],[25.694326,45.138237],[25.694319,45.138255],[25.694294,45.13832],[25.694288,45.138333],[25.694287,45.138337],[25.694254,45.138372],[25.694253,45.138372],[25.694147,45.138414],[25.694101,45.138433],[25.694025,45.138463],[25.694006,45.13847],[25.693993,45.13848],[25.693947,45.138512],[25.693875,45.138544],[25.693804,45.138575],[25.693778,45.13859],[25.693753,45.138605],[25.693734,45.138616],[25.693657,45.138661],[25.693581,45.138659],[25.693568,45.138662],[25.693582,45.138682],[25.693612,45.138727],[25.693706,45.138872],[25.693732,45.138912],[25.693734,45.138916],[25.693745,45.138933],[25.693754,45.138947],[25.693783,45.138992],[25.693789,45.139095],[25.693793,45.139164],[25.693794,45.139192],[25.693797,45.139245],[25.69388,45.139313],[25.693936,45.139359],[25.693966,45.139383],[25.693969,45.139387],[25.694068,45.139486],[25.694046,45.139642],[25.693998,45.139824],[25.693977,45.139902],[25.693976,45.139904],[25.693911,45.140001],[25.69378,45.140142],[25.693755,45.140168],[25.693747,45.140203],[25.693735,45.140253],[25.693718,45.140326],[25.693716,45.140336],[25.693715,45.140347],[25.693714,45.140359],[25.693712,45.140383],[25.693699,45.140574],[25.693788,45.140765],[25.693798,45.140787],[25.69382,45.141007],[25.693821,45.14101],[25.693835,45.141057],[25.693855,45.141125],[25.693851,45.141146],[25.693835,45.141215],[25.693834,45.141223],[25.693805,45.141263],[25.693742,45.141352],[25.693735,45.141399],[25.69372,45.141503],[25.693716,45.141535],[25.69378,45.141696],[25.693852,45.141825],[25.693839,45.14184],[25.693831,45.14185],[25.693821,45.141862],[25.693867,45.141905],[25.693966,45.141945],[25.694009,45.142029],[25.694146,45.142125],[25.694237,45.142116],[25.694303,45.142109],[25.694313,45.142108],[25.694348,45.14212],[25.694396,45.142137],[25.694457,45.142147],[25.694539,45.142124],[25.694602,45.142118],[25.694645,45.142139],[25.69467,45.142159],[25.69467,45.142159],[25.694674,45.142162],[25.694743,45.142162],[25.69482,45.142145],[25.694825,45.142144],[25.694859,45.142139],[25.694908,45.14213],[25.694922,45.142129],[25.695028,45.14212],[25.695139,45.142103],[25.695174,45.142109],[25.695193,45.142112],[25.695251,45.142122],[25.695263,45.142124],[25.695093,45.142277],[25.695101,45.142309],[25.695115,45.142312],[25.695288,45.142348],[25.695394,45.142368],[25.695513,45.14239],[25.695534,45.142393],[25.695628,45.142411],[25.695631,45.142408],[25.695632,45.142407],[25.695644,45.142396],[25.695682,45.142358],[25.695946,45.142413],[25.695988,45.142423],[25.696332,45.142508],[25.696518,45.142553],[25.696623,45.142576],[25.696656,45.142535],[25.696733,45.142442],[25.69687,45.142275]]],[[[25.746799,45.086444],[25.746787,45.086534],[25.746785,45.086617],[25.747095,45.086641],[25.747097,45.086625],[25.74711,45.086539],[25.747109,45.086535],[25.74712,45.08647],[25.746929,45.086455],[25.746799,45.086444]]],[[[25.746381,45.087145],[25.746369,45.087234],[25.746366,45.087257],[25.746361,45.08729],[25.746361,45.08731],[25.746678,45.087335],[25.74668,45.087318],[25.746693,45.087232],[25.746693,45.087228],[25.746702,45.087169],[25.746381,45.087145]]],[[[25.748875,45.090289],[25.748966,45.090125],[25.749,45.090064],[25.749037,45.090017],[25.749134,45.089896],[25.749085,45.089884],[25.748296,45.089735],[25.748127,45.089704],[25.748093,45.089792],[25.748061,45.089874],[25.748026,45.089965],[25.748024,45.08997],[25.748017,45.09004],[25.748009,45.090137],[25.748001,45.090221],[25.747998,45.090249],[25.748213,45.090274],[25.748466,45.090303],[25.748774,45.090332],[25.748776,45.090332],[25.748807,45.090334],[25.748848,45.090337],[25.748875,45.090289]]],[[[25.752111,45.092],[25.751669,45.092005],[25.751672,45.092139],[25.75168,45.092445],[25.751854,45.092403],[25.752117,45.092299],[25.752111,45.092]]],[[[25.717267,45.113565],[25.717207,45.113517],[25.71712,45.113498],[25.717014,45.113517],[25.716915,45.113562],[25.716862,45.113628],[25.716807,45.113572],[25.715763,45.114105],[25.716314,45.114662],[25.716554,45.114544],[25.717108,45.114311],[25.71738,45.114161],[25.717165,45.11394],[25.7172,45.113789],[25.717233,45.113717],[25.717263,45.113656],[25.717267,45.113565]]],[[[25.695318,45.130671],[25.69532,45.130664],[25.695429,45.130595],[25.695463,45.130574],[25.695498,45.130552],[25.695512,45.130539],[25.695555,45.130495],[25.695586,45.130464],[25.695594,45.130456],[25.69562,45.13043],[25.69564,45.130429],[25.695712,45.130433],[25.695792,45.130274],[25.695744,45.130264],[25.695671,45.130249],[25.69557,45.130208],[25.695469,45.130128],[25.69546,45.130109],[25.695397,45.129986],[25.695373,45.129939],[25.695345,45.129885],[25.695385,45.129806],[25.69542,45.129806],[25.695518,45.129693],[25.695434,45.129682],[25.695475,45.129577],[25.694894,45.129463],[25.694528,45.130042],[25.694272,45.129978],[25.694029,45.130285],[25.694169,45.130356],[25.694053,45.130467],[25.694442,45.130738],[25.694517,45.130688],[25.694622,45.130696],[25.694747,45.130888],[25.694786,45.130899],[25.694931,45.130939],[25.695316,45.131044],[25.695379,45.13088],[25.695216,45.130845],[25.695272,45.130756],[25.695309,45.130698],[25.695318,45.130671]]]],"type":"MultiPolygon"},"properties":{"fid":70.0,"INSPIRE_ID":"RO.298.131274.2","LABEL":"POIANA CAMPINA","NATIONAL_C":"131274","BEGIN_LIFE":"16.06.2026","END_LIFESP":null,"ESTIMATED_":null,"LEVEL_ID":1.0,"LEVEL_NAME":1.0,"ORIGINAL_M":0.0,"VALID_FROM":"16.06.2026","VALID_TO":null,"STATUS":1.0,"APPLICATIO":0.0,"CADOPTYPE_":0.0,"CADASTRAL_":0.0,"OBJECTID":4830113.0,"CREATED_DT":"15.06.2026","LAST_UPDAT":null,"WORKSPACE_":298,"GEOGRAPHIC":"POIANA CAMPINA","NAME":"POIANA CAMPINA","AREA_VALUE":4738258.55381885,"ADMIN_UNIT":131274.0,"GEOMETRY.A":0.0,"GEOMETRY.L":0.0,"UAT_NAME":"Poiana Câmpina","UAT_SIRUTA":"131274.0","_s":{"f":"#d5d5d5","fo":0.3,"s":"#d5d5d5","so":1.0,"w":0.98,"r":5.0}}},{"type":"Feature","geometry":{"coordinates":[[[[25.758007,45.067192],[25.758006,45.067194],[25.757957,45.067349],[25.757908,45.067505],[25.75788,45.067593],[25.757847,45.067698],[25.757797,45.067874],[25.757787,45.0679],[25.757717,45.068107],[25.757699,45.068159],[25.757656,45.068293],[25.75762,45.068405],[25.75758,45.068528],[25.757571,45.068554],[25.75757,45.068557],[25.75755,45.068615],[25.757535,45.068657],[25.757465,45.06885],[25.757428,45.068995],[25.757377,45.069191],[25.757377,45.069191],[25.757344,45.069318],[25.75732,45.069405],[25.757295,45.069492],[25.757281,45.069528],[25.757246,45.069616],[25.757215,45.069674],[25.757195,45.069706],[25.757042,45.069975],[25.756979,45.070084],[25.756939,45.070156],[25.756939,45.070156],[25.756898,45.070227],[25.75684,45.07033],[25.756778,45.07044],[25.756677,45.070608],[25.756585,45.070772],[25.756422,45.071075],[25.756348,45.071213],[25.756304,45.071294],[25.756303,45.071297],[25.756289,45.071322],[25.756264,45.071368],[25.756208,45.071473],[25.756192,45.071502],[25.75612,45.071628],[25.756065,45.071724],[25.756057,45.071737],[25.755965,45.071896],[25.755838,45.072158],[25.755755,45.072365],[25.755725,45.072438],[25.755686,45.072535],[25.75563,45.072642],[25.75563,45.072643],[25.755624,45.072654],[25.755582,45.072735],[25.755573,45.072751],[25.755509,45.072858],[25.755479,45.072909],[25.755453,45.072944],[25.755375,45.07305],[25.755306,45.073147],[25.755275,45.07319],[25.755273,45.073193],[25.755226,45.073257],[25.755172,45.07333],[25.755101,45.07343],[25.755029,45.073538],[25.754993,45.073592],[25.754912,45.073692],[25.754911,45.073692],[25.754907,45.073698],[25.754811,45.073814],[25.754783,45.073847],[25.754751,45.073888],[25.754726,45.073919],[25.754663,45.073977],[25.754663,45.073977],[25.754648,45.073991],[25.754548,45.074083],[25.75445,45.074171],[25.754394,45.074222],[25.754393,45.074223],[25.754202,45.074397],[25.754084,45.074504],[25.754043,45.074541],[25.754043,45.074541],[25.754025,45.074558],[25.753936,45.074638],[25.753859,45.074709],[25.753834,45.074731],[25.753728,45.074827],[25.753696,45.074856],[25.753582,45.074959],[25.753578,45.074963],[25.753422,45.075105],[25.753348,45.075171],[25.753262,45.075248],[25.753228,45.075279],[25.753179,45.075323],[25.752866,45.0756],[25.752745,45.075709],[25.752636,45.075805],[25.752475,45.075955],[25.752418,45.076009],[25.752238,45.076176],[25.752183,45.076227],[25.752182,45.076228],[25.752139,45.076269],[25.752048,45.076353],[25.751968,45.076428],[25.751908,45.076481],[25.751744,45.076629],[25.751618,45.076757],[25.751608,45.076766],[25.751333,45.077016],[25.751284,45.07706],[25.751195,45.077141],[25.751097,45.077231],[25.751007,45.077313],[25.750918,45.077392],[25.750818,45.077481],[25.750784,45.077513],[25.750723,45.077569],[25.750655,45.077631],[25.750594,45.077688],[25.750548,45.077731],[25.750479,45.077795],[25.750405,45.077862],[25.750399,45.077867],[25.750169,45.077772],[25.750082,45.077736],[25.750079,45.077734],[25.749093,45.077324],[25.749092,45.077325],[25.749091,45.077325],[25.749062,45.077351],[25.749057,45.077355],[25.749058,45.077355],[25.749011,45.077398],[25.748737,45.077647],[25.748729,45.077654],[25.749339,45.077905],[25.749339,45.077905],[25.750082,45.07821],[25.750083,45.07821],[25.750922,45.078555],[25.75106,45.078633],[25.751495,45.078249],[25.752137,45.078718],[25.752261,45.078687],[25.752354,45.078615],[25.752442,45.078529],[25.752571,45.078455],[25.752768,45.078412],[25.752904,45.078309],[25.753115,45.078174],[25.753169,45.078156],[25.753172,45.078155],[25.753434,45.078068],[25.753649,45.078141],[25.753719,45.07818],[25.753857,45.07818],[25.754028,45.078117],[25.754169,45.078059],[25.754279,45.078055],[25.754341,45.078036],[25.754396,45.077995],[25.755032,45.077817],[25.755283,45.077746],[25.755635,45.077686],[25.75583,45.077679],[25.75592,45.077637],[25.756091,45.077586],[25.756446,45.077419],[25.756477,45.077391],[25.75643,45.077365],[25.756055,45.077157],[25.758972,45.075075],[25.759047,45.075095],[25.759069,45.075072],[25.759189,45.074941],[25.759275,45.074846],[25.759299,45.07482],[25.759401,45.074703],[25.759536,45.074548],[25.759597,45.074478],[25.759663,45.07439],[25.759771,45.074248],[25.759842,45.074153],[25.759919,45.074043],[25.760028,45.073887],[25.760152,45.07371],[25.760215,45.073582],[25.760339,45.073333],[25.760534,45.073019],[25.76059,45.072929],[25.76072,45.072775],[25.760823,45.072534],[25.760837,45.072493],[25.760889,45.072334],[25.760971,45.072085],[25.760989,45.072033],[25.761052,45.071856],[25.761101,45.071719],[25.761158,45.071577],[25.761203,45.071463],[25.76122,45.07142],[25.761297,45.071224],[25.761346,45.0711],[25.761372,45.071034],[25.761374,45.071029],[25.761432,45.070877],[25.761489,45.070726],[25.761515,45.070657],[25.761546,45.07055],[25.761589,45.070401],[25.761622,45.070285],[25.761645,45.070218],[25.76168,45.07011],[25.762029,45.069025],[25.762092,45.068843],[25.762103,45.068809],[25.762136,45.068701],[25.762184,45.068547],[25.762222,45.068424],[25.76225,45.068334],[25.762277,45.068252],[25.762305,45.068174],[25.762338,45.06808],[25.762384,45.067952],[25.762434,45.067818],[25.762484,45.067682],[25.762511,45.067611],[25.762542,45.067528],[25.762584,45.067395],[25.762621,45.067277],[25.762654,45.067172],[25.762658,45.067161],[25.758007,45.067192]]],[[[25.727525,45.067392],[25.727388,45.067473],[25.726686,45.068092],[25.726575,45.068571],[25.726519,45.068702],[25.726456,45.068876],[25.726424,45.069049],[25.726398,45.069182],[25.726363,45.069263],[25.726324,45.06936],[25.726264,45.069479],[25.726235,45.069544],[25.726169,45.069691],[25.726145,45.069795],[25.72613,45.069946],[25.726078,45.070125],[25.726375,45.070311],[25.72668,45.07048],[25.726966,45.070625],[25.727297,45.070842],[25.727514,45.07099],[25.727852,45.070782],[25.727879,45.07029],[25.727923,45.070145],[25.728157,45.069371],[25.728425,45.068908],[25.729047,45.069205],[25.729326,45.069095],[25.729353,45.06905],[25.729344,45.069039],[25.729374,45.068955],[25.729434,45.068934],[25.729499,45.069044],[25.729538,45.069118],[25.729574,45.069218],[25.730054,45.06896],[25.730013,45.068892],[25.729834,45.068739],[25.729768,45.068683],[25.729922,45.068613],[25.729916,45.06861],[25.729947,45.068543],[25.729939,45.068495],[25.729852,45.06841],[25.729824,45.068381],[25.730002,45.068323],[25.730157,45.068427],[25.730401,45.068342],[25.730403,45.068202],[25.7304,45.068068],[25.730566,45.06804],[25.730656,45.06804],[25.73079,45.068017],[25.730799,45.068015],[25.730811,45.068011],[25.731704,45.067743],[25.731723,45.067745],[25.731815,45.067754],[25.731918,45.067704],[25.732258,45.067826],[25.732309,45.067828],[25.732881,45.067578],[25.732972,45.067903],[25.73303,45.068102],[25.733695,45.067895],[25.733925,45.068],[25.734681,45.0676],[25.73464,45.067563],[25.734361,45.067348],[25.727525,45.067392]]],[[[25.764542,45.069897],[25.763834,45.069991],[25.763811,45.070038],[25.764732,45.070514],[25.765036,45.070197],[25.764534,45.069942],[25.764542,45.069897]]],[[[25.751045,45.078798],[25.75097,45.078868],[25.751073,45.078924],[25.751148,45.078855],[25.751045,45.078798]]]],"type":"MultiPolygon"},"properties":{"fid":59.0,"INSPIRE_ID":"RO.298.134050.2","LABEL":"MAGURENI","NATIONAL_C":"134050","BEGIN_LIFE":"16.06.2026","END_LIFESP":null,"ESTIMATED_":null,"LEVEL_ID":1.0,"LEVEL_NAME":1.0,"ORIGINAL_M":0.0,"VALID_FROM":"16.06.2026","VALID_TO":null,"STATUS":1.0,"APPLICATIO":0.0,"CADOPTYPE_":0.0,"CADASTRAL_":0.0,"OBJECTID":4810977.0,"CREATED_DT":"15.06.2026","LAST_UPDAT":null,"WORKSPACE_":298,"GEOGRAPHIC":"MAGURENI","NAME":"MAGURENI","AREA_VALUE":4457401.5076813,"ADMIN_UNIT":134050.0,"GEOMETRY.A":0.0,"GEOMETRY.L":0.0,"UAT_NAME":"Magureni","UAT_SIRUTA":"134050.0","_s":{"f":"#d5d5d5","fo":0.3,"s":"#d5d5d5","so":1.0,"w":0.98,"r":5.0}}},{"type":"Feature","geometry":{"coordinates":[[[[25.79769,45.06692],[25.793696,45.072597],[25.790683,45.071658],[25.790126,45.073379],[25.788836,45.075504],[25.78901,45.075574],[25.788262,45.076437],[25.788084,45.076934],[25.788141,45.077119],[25.788369,45.077193],[25.78791,45.078108],[25.787643,45.078399],[25.787991,45.078529],[25.786655,45.081548],[25.786562,45.081635],[25.786447,45.081636],[25.786207,45.082031],[25.786432,45.082116],[25.786057,45.08265],[25.786229,45.08289],[25.786116,45.083148],[25.786209,45.083322],[25.785937,45.083591],[25.785683,45.0834],[25.785353,45.083396],[25.785191,45.083283],[25.784563,45.083084],[25.784337,45.083476],[25.783936,45.083345],[25.782505,45.082794],[25.782779,45.08245],[25.78218,45.08221],[25.78191,45.082579],[25.77719,45.080876],[25.766486,45.093223],[25.766208,45.093142],[25.765901,45.093496],[25.75974,45.092444],[25.759221,45.093009],[25.758268,45.094041],[25.756017,45.093409],[25.755312,45.09344],[25.755371,45.093764],[25.755118,45.093843],[25.755041,45.093968],[25.754596,45.093981],[25.753879,45.093499],[25.753261,45.093963],[25.752862,45.094559],[25.752735,45.095892],[25.752414,45.096592],[25.752425,45.09696],[25.752161,45.097478],[25.752146,45.097691],[25.752048,45.097994],[25.752092,45.098143],[25.751936,45.098666],[25.75233,45.09881],[25.752506,45.098606],[25.752843,45.098494],[25.753082,45.098502],[25.753388,45.097936],[25.753751,45.097483],[25.754499,45.097488],[25.754938,45.097334],[25.755718,45.09728],[25.755354,45.098802],[25.755559,45.098951],[25.755467,45.099762],[25.755046,45.100789],[25.7553,45.100847],[25.754802,45.102278],[25.754444,45.102851],[25.754324,45.102966],[25.754333,45.103047],[25.754449,45.103125],[25.754289,45.103309],[25.754501,45.103373],[25.753759,45.103652],[25.753817,45.103752],[25.753047,45.103976],[25.754121,45.105216],[25.754218,45.105414],[25.755904,45.106864],[25.755896,45.107194],[25.756332,45.107522],[25.756566,45.107907],[25.757369,45.108429],[25.757548,45.108813],[25.758011,45.109067],[25.758313,45.109059],[25.758627,45.109315],[25.759367,45.110642],[25.759821,45.110604],[25.760732,45.110836],[25.761124,45.110863],[25.761136,45.111081],[25.761854,45.111199],[25.762124,45.111563],[25.762279,45.112154],[25.762087,45.112482],[25.762791,45.112715],[25.763206,45.112131],[25.763293,45.112066],[25.763595,45.112385],[25.764382,45.112139],[25.76425,45.111892],[25.764065,45.111511],[25.764989,45.110864],[25.764869,45.110764],[25.764406,45.110611],[25.764318,45.110406],[25.764307,45.109918],[25.763975,45.109458],[25.763998,45.109049],[25.763934,45.108689],[25.763224,45.108628],[25.762791,45.108508],[25.76249,45.108443],[25.762495,45.107996],[25.762348,45.107824],[25.762158,45.107755],[25.761279,45.106911],[25.76191,45.106425],[25.762348,45.106502],[25.76304,45.106662],[25.763558,45.106525],[25.764222,45.106638],[25.764392,45.106637],[25.76459,45.106547],[25.764935,45.106566],[25.765606,45.106663],[25.76627,45.10658],[25.766884,45.106454],[25.767629,45.106522],[25.767688,45.106303],[25.76837,45.106366],[25.770304,45.106265],[25.770825,45.106106],[25.771029,45.105997],[25.770772,45.105734],[25.771218,45.105395],[25.77169,45.105297],[25.772044,45.105321],[25.772727,45.105123],[25.773112,45.10494],[25.773171,45.104827],[25.774509,45.104356],[25.775356,45.10407],[25.775893,45.103691],[25.776516,45.102829],[25.776402,45.102814],[25.776336,45.10167],[25.776582,45.101756],[25.776609,45.101499],[25.776687,45.100779],[25.776825,45.100664],[25.777042,45.100319],[25.777493,45.099895],[25.777499,45.099889],[25.778179,45.100136],[25.778144,45.100243],[25.779917,45.100944],[25.779862,45.101096],[25.781253,45.101639],[25.781966,45.10078],[25.780384,45.100093],[25.78105,45.099082],[25.78502,45.101073],[25.785556,45.101208],[25.785737,45.101385],[25.786614,45.101878],[25.78837,45.10061],[25.788688,45.100474],[25.789208,45.100107],[25.789779,45.099539],[25.789712,45.099495],[25.789837,45.099343],[25.78996,45.099],[25.790105,45.09882],[25.790138,45.098635],[25.790244,45.098262],[25.790021,45.097757],[25.790013,45.097182],[25.790176,45.097163],[25.790195,45.09695],[25.790311,45.096804],[25.790983,45.097075],[25.792051,45.096392],[25.793328,45.095099],[25.792758,45.094814],[25.791513,45.094363],[25.792651,45.093042],[25.791799,45.092509],[25.792399,45.091807],[25.792389,45.091828],[25.79237,45.091859],[25.792034,45.092398],[25.79224,45.092508],[25.792273,45.092458],[25.792318,45.092386],[25.792337,45.092357],[25.792362,45.092318],[25.792377,45.092296],[25.792429,45.092213],[25.792466,45.092155],[25.7925,45.092099],[25.792556,45.092006],[25.792632,45.091883],[25.792656,45.091844],[25.793014,45.09194],[25.79308,45.091824],[25.795687,45.092831],[25.796703,45.094109],[25.798392,45.092381],[25.798724,45.092052],[25.799032,45.091704],[25.799293,45.091457],[25.79971,45.09104],[25.796498,45.090314],[25.796838,45.089818],[25.794779,45.089075],[25.79421,45.088478],[25.794688,45.087867],[25.795029,45.088043],[25.796443,45.088503],[25.796579,45.088317],[25.800655,45.089965],[25.801168,45.089458],[25.801391,45.0892],[25.801513,45.089096],[25.802055,45.088489],[25.798075,45.086845],[25.799385,45.085281],[25.799651,45.084465],[25.79986,45.083992],[25.800906,45.084241],[25.801623,45.083508],[25.802137,45.083809],[25.803581,45.084267],[25.804358,45.083713],[25.805878,45.084563],[25.807191,45.083214],[25.807115,45.082681],[25.80724,45.082454],[25.806263,45.082049],[25.80594,45.081952],[25.80578,45.082138],[25.805588,45.082326],[25.804573,45.081961],[25.804453,45.08221],[25.801657,45.08207],[25.799658,45.080973],[25.798636,45.079944],[25.799734,45.078763],[25.800028,45.078447],[25.800123,45.078345],[25.80028,45.078176],[25.800435,45.078009],[25.800512,45.077926],[25.801201,45.077185],[25.800549,45.076968],[25.802036,45.073636],[25.805877,45.068929],[25.801102,45.066896],[25.79769,45.06692]],[[25.781441,45.092136],[25.78123,45.092419],[25.781221,45.092381],[25.781441,45.092136]]],[[[25.800307,45.07819],[25.800179,45.07833],[25.800152,45.078361],[25.800219,45.078397],[25.800246,45.07841],[25.80046,45.078515],[25.800651,45.078618],[25.800819,45.078709],[25.800985,45.078825],[25.801251,45.079009],[25.801515,45.079186],[25.801595,45.079092],[25.801658,45.079016],[25.801394,45.07884],[25.801069,45.078629],[25.800749,45.078422],[25.800742,45.078418],[25.800477,45.078283],[25.800486,45.078274],[25.800423,45.078245],[25.800346,45.078208],[25.800307,45.07819]]],[[[25.803394,45.078344],[25.802414,45.079571],[25.802342,45.079693],[25.802993,45.079444],[25.803392,45.079263],[25.803569,45.079163],[25.803786,45.078995],[25.803882,45.07897],[25.803922,45.07896],[25.803975,45.078871],[25.803814,45.07846],[25.803745,45.078446],[25.803672,45.078432],[25.803394,45.078344]]],[[[25.771055,45.07853],[25.769477,45.079477],[25.768189,45.080496],[25.768388,45.081075],[25.769332,45.080706],[25.770564,45.079972],[25.771442,45.079279],[25.771619,45.07898],[25.771559,45.078756],[25.771205,45.078649],[25.771055,45.07853]]],[[[25.781557,45.080992],[25.781378,45.08121],[25.783013,45.081807],[25.783201,45.08159],[25.781557,45.080992]]],[[[25.753586,45.102896],[25.752484,45.102906],[25.752489,45.103309],[25.752699,45.10331],[25.75361,45.103318],[25.753586,45.102896]]],[[[25.779827,45.102304],[25.779406,45.102878],[25.779581,45.102939],[25.779231,45.103377],[25.778368,45.104671],[25.778661,45.104789],[25.780034,45.10551],[25.781783,45.103282],[25.780847,45.102894],[25.780991,45.102729],[25.779827,45.102304]]],[[[25.784577,45.101759],[25.784452,45.101882],[25.784378,45.101956],[25.78451,45.102034],[25.784144,45.102404],[25.784143,45.102404],[25.783412,45.103141],[25.781846,45.104719],[25.784875,45.106226],[25.785138,45.106092],[25.786079,45.105278],[25.786382,45.105058],[25.786604,45.104764],[25.786969,45.104417],[25.786936,45.10434],[25.786526,45.104189],[25.785975,45.103941],[25.785741,45.103941],[25.785985,45.103583],[25.786024,45.103549],[25.786195,45.103329],[25.786198,45.103324],[25.786218,45.103305],[25.786362,45.103169],[25.78635,45.103148],[25.786442,45.103044],[25.786452,45.102985],[25.786468,45.102962],[25.78665,45.102782],[25.78552,45.102224],[25.78517,45.102052],[25.784577,45.101759]]],[[[25.776955,45.1057],[25.775915,45.105968],[25.776128,45.106385],[25.777122,45.106107],[25.776955,45.1057]]]],"type":"MultiPolygon"},"properties":{"fid":12.0,"INSPIRE_ID":"RO.298.132315.2","LABEL":"BANESTI","NATIONAL_C":"132315","BEGIN_LIFE":"16.06.2026","END_LIFESP":null,"ESTIMATED_":null,"LEVEL_ID":1.0,"LEVEL_NAME":1.0,"ORIGINAL_M":0.0,"VALID_FROM":"16.06.2026","VALID_TO":null,"STATUS":1.0,"APPLICATIO":0.0,"CADOPTYPE_":0.0,"CADASTRAL_":0.0,"OBJECTID":4830241.0,"CREATED_DT":"15.06.2026","LAST_UPDAT":null,"WORKSPACE_":298,"GEOGRAPHIC":"BANESTI","NAME":"BANESTI","AREA_VALUE":8627874.28763767,"ADMIN_UNIT":132315.0,"GEOMETRY.A":0.0,"GEOMETRY.L":0.0,"UAT_NAME":"Banesti","UAT_SIRUTA":"132315.0","_s":{"f":"#d5d5d5","fo":0.3,"s":"#d5d5d5","so":1.0,"w":0.98,"r":5.0}}},{"type":"Feature","geometry":{"coordinates":[[[[25.829025,45.066695],[25.829001,45.066743],[25.82878,45.067187],[25.828877,45.067216],[25.828859,45.067247],[25.828841,45.067279],[25.828604,45.067693],[25.828545,45.067796],[25.82739,45.069808],[25.827685,45.069886],[25.827987,45.069966],[25.828602,45.070129],[25.828702,45.070156],[25.828871,45.069865],[25.828886,45.069839],[25.8289,45.069814],[25.829082,45.069863],[25.829367,45.069952],[25.829518,45.069999],[25.829607,45.06996],[25.829774,45.070012],[25.829865,45.070047],[25.830254,45.070197],[25.830267,45.070181],[25.83028,45.070165],[25.830495,45.069895],[25.830531,45.06985],[25.829995,45.069668],[25.829955,45.069658],[25.829223,45.069408],[25.829146,45.069382],[25.829211,45.069262],[25.82932,45.069063],[25.829326,45.06905],[25.829329,45.069045],[25.829336,45.06903],[25.829369,45.068972],[25.829577,45.069052],[25.829629,45.069072],[25.830073,45.069204],[25.830158,45.069217],[25.830227,45.069194],[25.830455,45.069011],[25.830801,45.068713],[25.831216,45.068382],[25.831329,45.068292],[25.831429,45.068198],[25.831482,45.06816],[25.831521,45.068132],[25.831624,45.068191],[25.831711,45.068252],[25.831797,45.068307],[25.831862,45.068348],[25.831934,45.068394],[25.831977,45.06842],[25.832207,45.06856],[25.83245,45.068707],[25.832476,45.068723],[25.83248,45.068717],[25.832569,45.068588],[25.832751,45.068254],[25.832938,45.06792],[25.833047,45.067724],[25.833266,45.067334],[25.833516,45.066874],[25.83356,45.066793],[25.833571,45.066773],[25.833627,45.066661],[25.829025,45.066695]]],[[[25.822612,45.079414],[25.822174,45.080046],[25.822286,45.080086],[25.822764,45.080259],[25.822818,45.080279],[25.822834,45.080263],[25.823261,45.079641],[25.823147,45.079594],[25.822612,45.079414]]],[[[25.82105,45.081289],[25.821008,45.081529],[25.821001,45.081567],[25.820972,45.08173],[25.821108,45.08174],[25.821107,45.081749],[25.821177,45.081758],[25.821131,45.082111],[25.82113,45.082118],[25.82101,45.08304],[25.82101,45.083041],[25.820978,45.083289],[25.820978,45.083289],[25.820972,45.083338],[25.821198,45.08327],[25.821464,45.083224],[25.821466,45.083223],[25.8218,45.083166],[25.821832,45.082922],[25.821833,45.082917],[25.821882,45.082541],[25.821957,45.081959],[25.821966,45.081852],[25.821971,45.081837],[25.821971,45.081836],[25.821977,45.081817],[25.821961,45.081816],[25.82202,45.081435],[25.821338,45.081371],[25.821312,45.081304],[25.82105,45.081289]]]],"type":"MultiPolygon"},"properties":{"fid":9.0,"INSPIRE_ID":"RO.298.130981.1","LABEL":"ORAS BAICOI","NATIONAL_C":"130981","BEGIN_LIFE":"16.06.2026","END_LIFESP":null,"ESTIMATED_":null,"LEVEL_ID":1.0,"LEVEL_NAME":1.0,"ORIGINAL_M":0.0,"VALID_FROM":"16.06.2026","VALID_TO":null,"STATUS":1.0,"APPLICATIO":0.0,"CADOPTYPE_":0.0,"CADASTRAL_":0.0,"OBJECTID":4786801.0,"CREATED_DT":"15.06.2026","LAST_UPDAT":null,"WORKSPACE_":298,"GEOGRAPHIC":"ORAS BAICOI","NAME":"ORAS BAICOI","AREA_VALUE":25834603.9297929,"ADMIN_UNIT":130981.0,"GEOMETRY.A":0.0,"GEOMETRY.L":0.0,"UAT_NAME":"Baicoi","UAT_SIRUTA":"130981.0","_s":{"f":"#d5d5d5","fo":0.3,"s":"#d5d5d5","so":1.0,"w":0.98,"r":5.0}}},{"type":"Feature","geometry":{"coordinates":[[[[25.839181,45.11804],[25.83912,45.11805],[25.839183,45.118197],[25.839181,45.11804]]],[[[25.838784,45.091133],[25.838273,45.090513],[25.838775,45.090524],[25.838748,45.088683],[25.838558,45.088657],[25.837973,45.088363],[25.837719,45.088209],[25.837088,45.088056],[25.836574,45.087918],[25.836075,45.087748],[25.835679,45.087663],[25.835337,45.087634],[25.835045,45.087699],[25.834923,45.087809],[25.83491,45.08796],[25.834902,45.088101],[25.835033,45.08823],[25.835159,45.088396],[25.835119,45.088529],[25.835053,45.088609],[25.834468,45.08881],[25.834028,45.088914],[25.833869,45.088887],[25.833617,45.088842],[25.833367,45.088727],[25.833245,45.088727],[25.83319,45.088784],[25.833114,45.089133],[25.832994,45.089228],[25.832971,45.089361],[25.833035,45.089539],[25.833539,45.08974],[25.834031,45.090017],[25.834076,45.090165],[25.834091,45.090329],[25.833978,45.090516],[25.833707,45.090647],[25.833689,45.090657],[25.833372,45.090716],[25.832935,45.090774],[25.832597,45.09078],[25.831666,45.090581],[25.831075,45.090462],[25.830466,45.090395],[25.829889,45.09033],[25.829349,45.090131],[25.828921,45.090013],[25.828049,45.09004],[25.827757,45.089911],[25.827425,45.089824],[25.827591,45.089648],[25.827648,45.089544],[25.827712,45.089145],[25.827923,45.088911],[25.828056,45.088596],[25.828146,45.088353],[25.828219,45.087929],[25.828291,45.087752],[25.829074,45.08773],[25.829887,45.087827],[25.82995,45.087424],[25.830361,45.087398],[25.830376,45.087546],[25.830823,45.087554],[25.830904,45.087927],[25.831189,45.087897],[25.831133,45.086654],[25.830522,45.086668],[25.830555,45.086],[25.830133,45.085992],[25.830139,45.086294],[25.829604,45.086344],[25.829066,45.086394],[25.828817,45.086427],[25.828277,45.086432],[25.827744,45.086482],[25.827896,45.086823],[25.826722,45.087003],[25.825847,45.086953],[25.825988,45.086448],[25.825758,45.086414],[25.825604,45.086925],[25.824579,45.086898],[25.823495,45.08679],[25.823332,45.087298],[25.822758,45.087246],[25.82247,45.087154],[25.822172,45.086852],[25.822183,45.086022],[25.823573,45.082669],[25.823344,45.082634],[25.823085,45.082281],[25.823066,45.08167],[25.823109,45.081066],[25.823037,45.080359],[25.823004,45.080212],[25.82252,45.080591],[25.822216,45.080957],[25.822155,45.081086],[25.822036,45.081849],[25.821993,45.082196],[25.821947,45.08265],[25.821881,45.083162],[25.821798,45.083175],[25.821518,45.083219],[25.821182,45.083282],[25.820956,45.083344],[25.820277,45.083561],[25.819822,45.083696],[25.819706,45.083482],[25.819568,45.083213],[25.819529,45.083154],[25.819288,45.083201],[25.818491,45.083354],[25.818276,45.083406],[25.817885,45.083494],[25.817627,45.08331],[25.817121,45.082923],[25.817144,45.083045],[25.816693,45.083401],[25.816635,45.083465],[25.816629,45.083606],[25.816895,45.083909],[25.816833,45.083908],[25.816422,45.083872],[25.815825,45.083837],[25.815645,45.083823],[25.816094,45.084895],[25.816583,45.085651],[25.817849,45.085928],[25.818662,45.086328],[25.820222,45.087086],[25.821068,45.08797],[25.821452,45.089334],[25.821434,45.089767],[25.821291,45.089819],[25.821275,45.089989],[25.821258,45.090342],[25.821491,45.090404],[25.821473,45.090771],[25.821203,45.091619],[25.82049,45.091593],[25.820454,45.091698],[25.8204,45.091877],[25.820277,45.092155],[25.820308,45.092374],[25.820671,45.092336],[25.820869,45.092356],[25.821097,45.092512],[25.820141,45.093304],[25.819277,45.093623],[25.8183,45.093879],[25.817636,45.093716],[25.817424,45.093462],[25.816878,45.093767],[25.816378,45.093967],[25.81621,45.093865],[25.816015,45.093884],[25.814935,45.094511],[25.815235,45.094677],[25.815389,45.094729],[25.815535,45.094771],[25.815134,45.095087],[25.814807,45.09527],[25.814678,45.095343],[25.81435,45.095427],[25.814154,45.095558],[25.814049,45.095659],[25.813731,45.095722],[25.813495,45.095883],[25.813827,45.096009],[25.813479,45.096198],[25.812946,45.096488],[25.813859,45.097094],[25.81382,45.097118],[25.813746,45.097174],[25.813704,45.097245],[25.813681,45.097296],[25.813668,45.097342],[25.813644,45.097412],[25.81364,45.097452],[25.813623,45.097554],[25.813581,45.097654],[25.813524,45.097734],[25.8134,45.097864],[25.813268,45.097969],[25.813166,45.098032],[25.813049,45.0981],[25.812797,45.09822],[25.812593,45.098306],[25.812447,45.098368],[25.812634,45.098575],[25.812893,45.098684],[25.813085,45.098767],[25.813507,45.098955],[25.813628,45.099007],[25.813638,45.099008],[25.814136,45.098721],[25.814347,45.098662],[25.814639,45.098441],[25.814939,45.098163],[25.814784,45.097967],[25.815919,45.097337],[25.815509,45.09684],[25.815882,45.096731],[25.81633,45.097172],[25.816832,45.09696],[25.817602,45.096422],[25.817465,45.096302],[25.817918,45.096061],[25.818211,45.096256],[25.820008,45.095434],[25.820263,45.095596],[25.821197,45.09536],[25.821425,45.095383],[25.82166,45.095946],[25.822293,45.095734],[25.822295,45.096288],[25.822422,45.097021],[25.82273,45.097011],[25.823144,45.097994],[25.822721,45.098096],[25.822741,45.098305],[25.822992,45.098291],[25.822933,45.098408],[25.823298,45.098433],[25.823479,45.09881],[25.823254,45.098973],[25.824178,45.0994],[25.823997,45.099933],[25.823787,45.100383],[25.823465,45.100764],[25.822706,45.101051],[25.822115,45.101628],[25.821839,45.101451],[25.8214,45.101722],[25.822592,45.102512],[25.823321,45.102166],[25.82419,45.101978],[25.825484,45.102119],[25.826003,45.103313],[25.826184,45.103615],[25.82604,45.104369],[25.825944,45.105125],[25.826856,45.105168],[25.827318,45.105156],[25.828501,45.104507],[25.828596,45.104361],[25.828614,45.103842],[25.827553,45.102389],[25.827187,45.101716],[25.827732,45.101586],[25.827612,45.101393],[25.827088,45.101467],[25.826677,45.100441],[25.826579,45.100191],[25.826974,45.100146],[25.826788,45.099333],[25.826507,45.099309],[25.826298,45.098775],[25.826662,45.098713],[25.826057,45.097096],[25.826249,45.094535],[25.826031,45.094507],[25.826066,45.0938],[25.825955,45.093529],[25.826911,45.093509],[25.827321,45.093216],[25.828425,45.093062],[25.828509,45.093244],[25.828654,45.093494],[25.828798,45.093708],[25.829706,45.093688],[25.830006,45.093617],[25.830321,45.09354],[25.830415,45.093721],[25.83129,45.093494],[25.831432,45.093686],[25.831753,45.093753],[25.832231,45.093624],[25.831726,45.092126],[25.833252,45.091974],[25.833279,45.092546],[25.833998,45.092473],[25.833971,45.092289],[25.833809,45.09216],[25.834319,45.091962],[25.83487,45.091748],[25.83584,45.091201],[25.835958,45.091573],[25.836637,45.091516],[25.8374,45.090727],[25.837696,45.090695],[25.837806,45.090829],[25.837987,45.091353],[25.838085,45.09197],[25.83879,45.091558],[25.838784,45.091133]]],[[[25.818644,45.106022],[25.81849,45.106198],[25.818273,45.106442],[25.81817,45.106654],[25.818662,45.106959],[25.818759,45.107235],[25.818675,45.107606],[25.818658,45.107706],[25.819375,45.1077],[25.8197,45.107707],[25.819967,45.107655],[25.820027,45.106943],[25.819984,45.106821],[25.819813,45.106568],[25.81979,45.106497],[25.818694,45.106046],[25.818644,45.106022]]],[[[25.831102,45.10966],[25.830252,45.109672],[25.830141,45.109241],[25.82945,45.109246],[25.829679,45.109941],[25.830014,45.11107],[25.830521,45.111613],[25.831585,45.111415],[25.831102,45.10966]]],[[[25.836696,45.11095],[25.836599,45.111178],[25.836468,45.111368],[25.836415,45.111505],[25.836457,45.111554],[25.836735,45.111682],[25.836939,45.111801],[25.837152,45.111878],[25.837373,45.111918],[25.837668,45.111962],[25.837482,45.111821],[25.837485,45.111696],[25.837486,45.111672],[25.837156,45.111545],[25.837123,45.111165],[25.836696,45.11095]]]],"type":"MultiPolygon"},"properties":{"fid":81.0,"INSPIRE_ID":"RO.298.135164.2","LABEL":"SCORTENI","NATIONAL_C":"135164","BEGIN_LIFE":"16.06.2026","END_LIFESP":null,"ESTIMATED_":null,"LEVEL_ID":1.0,"LEVEL_NAME":1.0,"ORIGINAL_M":0.0,"VALID_FROM":"16.06.2026","VALID_TO":null,"STATUS":1.0,"APPLICATIO":0.0,"CADOPTYPE_":0.0,"CADASTRAL_":0.0,"OBJECTID":4831345.0,"CREATED_DT":"15.06.2026","LAST_UPDAT":null,"WORKSPACE_":298,"GEOGRAPHIC":"SCORTENI","NAME":"SCORTENI","AREA_VALUE":5474180.05785886,"ADMIN_UNIT":135164.0,"GEOMETRY.A":0.0,"GEOMETRY.L":0.0,"UAT_NAME":"Scorteni","UAT_SIRUTA":"135164.0","_s":{"f":"#d5d5d5","fo":0.3,"s":"#d5d5d5","so":1.0,"w":0.98,"r":5.0}}},{"type":"Feature","geometry":{"coordinates":[[[[25.750036,45.163231],[25.750564,45.163127],[25.750661,45.163127],[25.750431,45.162388],[25.751709,45.162176],[25.751708,45.16212],[25.751687,45.161494],[25.751599,45.161486],[25.751393,45.16031],[25.751519,45.160221],[25.751377,45.159993],[25.751748,45.159797],[25.752294,45.159697],[25.752836,45.159422],[25.753049,45.159355],[25.75321,45.159223],[25.753268,45.15915],[25.753276,45.159089],[25.753232,45.159038],[25.75316,45.158964],[25.753134,45.158806],[25.753111,45.158685],[25.753166,45.158503],[25.753184,45.158268],[25.753219,45.158156],[25.753153,45.158026],[25.753079,45.157845],[25.752852,45.157706],[25.752875,45.157555],[25.752927,45.157475],[25.753016,45.157583],[25.753088,45.157658],[25.753223,45.157634],[25.753396,45.157546],[25.75368,45.156939],[25.753889,45.15651],[25.753936,45.156363],[25.753842,45.156243],[25.753784,45.15615],[25.753797,45.156049],[25.753865,45.155837],[25.753976,45.155619],[25.754044,45.155437],[25.754064,45.155301],[25.754003,45.155014],[25.754002,45.154919],[25.75403,45.154873],[25.754456,45.154734],[25.754604,45.154653],[25.754733,45.154498],[25.754859,45.154335],[25.75495,45.154042],[25.755047,45.153989],[25.755219,45.153925],[25.755804,45.153634],[25.755886,45.153539],[25.756126,45.15314],[25.756162,45.153036],[25.756176,45.152963],[25.756151,45.152836],[25.755816,45.152374],[25.755805,45.152312],[25.755838,45.152281],[25.755877,45.152276],[25.755946,45.152298],[25.756211,45.152452],[25.756309,45.152496],[25.756688,45.152585],[25.756893,45.152617],[25.757109,45.152636],[25.757263,45.152627],[25.757385,45.152595],[25.757731,45.152422],[25.757943,45.152376],[25.758073,45.152401],[25.75815,45.152445],[25.758323,45.152597],[25.758474,45.152667],[25.75831,45.152985],[25.756714,45.153791],[25.756777,45.15391],[25.757245,45.154178],[25.757343,45.154372],[25.757421,45.154669],[25.757598,45.15482],[25.758246,45.154804],[25.759342,45.154566],[25.761193,45.154863],[25.761401,45.154802],[25.761637,45.154704],[25.762053,45.154342],[25.762405,45.154092],[25.762492,45.154009],[25.76275,45.153572],[25.762792,45.153469],[25.762872,45.153193],[25.762919,45.152961],[25.762897,45.152729],[25.762853,45.152686],[25.761618,45.15244],[25.761475,45.152447],[25.760622,45.152625],[25.760466,45.151973],[25.760465,45.151735],[25.760757,45.151646],[25.76074,45.151341],[25.762197,45.151168],[25.762462,45.151041],[25.762356,45.150629],[25.762367,45.150372],[25.762465,45.150361],[25.7629,45.150235],[25.763085,45.150221],[25.763272,45.150153],[25.763364,45.150087],[25.763443,45.150102],[25.763651,45.150072],[25.763653,45.150018],[25.763658,45.149943],[25.763651,45.149721],[25.763647,45.149552],[25.76366,45.149356],[25.763639,45.149302],[25.763623,45.149261],[25.763512,45.149129],[25.763464,45.149087],[25.763416,45.149029],[25.763412,45.148973],[25.763427,45.148874],[25.763424,45.148796],[25.763412,45.148729],[25.763226,45.14878],[25.763154,45.148622],[25.762983,45.148699],[25.762767,45.148842],[25.76265,45.148833],[25.762651,45.148752],[25.762677,45.148692],[25.762767,45.148617],[25.762946,45.148516],[25.762802,45.1484],[25.76275,45.148334],[25.762704,45.148262],[25.762644,45.14812],[25.762632,45.148],[25.762641,45.147896],[25.762673,45.147772],[25.762603,45.147735],[25.762535,45.147725],[25.762282,45.147759],[25.762246,45.147569],[25.762338,45.147501],[25.762337,45.147428],[25.762238,45.147206],[25.762196,45.147129],[25.762149,45.147061],[25.762111,45.146969],[25.762082,45.146851],[25.762084,45.146807],[25.762125,45.146728],[25.762188,45.146652],[25.762413,45.146642],[25.762385,45.146484],[25.762368,45.1462],[25.762331,45.14604],[25.762354,45.145849],[25.762405,45.145621],[25.76247,45.145305],[25.762591,45.14511],[25.762466,45.144884],[25.762589,45.144864],[25.762674,45.144806],[25.762861,45.144687],[25.762985,45.144674],[25.762915,45.144266],[25.762851,45.143996],[25.762949,45.143888],[25.763102,45.143885],[25.76334,45.143618],[25.763526,45.143485],[25.763732,45.143417],[25.763711,45.143292],[25.763738,45.143146],[25.763916,45.142928],[25.764119,45.142839],[25.764309,45.142795],[25.764512,45.142784],[25.764624,45.14277],[25.764521,45.142626],[25.764432,45.142514],[25.764042,45.142186],[25.763712,45.142001],[25.763563,45.141967],[25.763432,45.141831],[25.76339,45.141682],[25.763422,45.141466],[25.762847,45.141426],[25.762642,45.141237],[25.762494,45.141055],[25.762404,45.140867],[25.762361,45.140821],[25.762178,45.140485],[25.762338,45.140371],[25.762353,45.140127],[25.762652,45.140104],[25.762746,45.140139],[25.762924,45.140176],[25.763097,45.140215],[25.76323,45.140284],[25.763504,45.140638],[25.763563,45.140935],[25.763648,45.140974],[25.763971,45.141308],[25.764077,45.141389],[25.764212,45.141489],[25.764536,45.141649],[25.765073,45.141761],[25.765317,45.141844],[25.765519,45.142013],[25.765763,45.142211],[25.766119,45.142665],[25.766304,45.142633],[25.76664,45.142499],[25.766804,45.142796],[25.767045,45.143704],[25.767133,45.144452],[25.766904,45.145582],[25.766923,45.14572],[25.767833,45.145769],[25.767823,45.145612],[25.768145,45.144874],[25.76815,45.144838],[25.768171,45.144664],[25.768206,45.144668],[25.768269,45.144354],[25.768297,45.144113],[25.768299,45.143869],[25.768273,45.143765],[25.768252,45.14359],[25.768221,45.143462],[25.768193,45.143354],[25.768185,45.143333],[25.768162,45.143268],[25.768151,45.143237],[25.768116,45.143109],[25.768091,45.143055],[25.768081,45.142998],[25.768008,45.142653],[25.768067,45.142391],[25.76809,45.14239],[25.768227,45.141784],[25.768269,45.141624],[25.768296,45.14152],[25.768263,45.141484],[25.768012,45.141283],[25.767878,45.141061],[25.767912,45.140694],[25.767985,45.140466],[25.767881,45.140001],[25.767301,45.13933],[25.766954,45.139213],[25.766704,45.138152],[25.766701,45.137899],[25.766607,45.137526],[25.766444,45.137288],[25.765939,45.136597],[25.765729,45.136235],[25.765694,45.13621],[25.765582,45.136061],[25.765412,45.135781],[25.764949,45.135156],[25.764918,45.135058],[25.764978,45.13499],[25.76503,45.134939],[25.764982,45.134437],[25.765025,45.134287],[25.76512,45.134181],[25.765197,45.134166],[25.765076,45.133888],[25.76502,45.133892],[25.76484,45.133993],[25.764741,45.134191],[25.764442,45.134402],[25.764227,45.134557],[25.76412,45.134743],[25.763965,45.135209],[25.76397,45.135387],[25.764064,45.135453],[25.764035,45.135821],[25.763916,45.136027],[25.764054,45.136375],[25.76411,45.136573],[25.764233,45.13683],[25.7642,45.136947],[25.762792,45.13765],[25.76254,45.137413],[25.762098,45.137635],[25.761963,45.13748],[25.761855,45.13728],[25.761668,45.136997],[25.761601,45.136844],[25.761667,45.136669],[25.761689,45.136508],[25.761535,45.13616],[25.761515,45.136012],[25.761537,45.135738],[25.761603,45.135568],[25.761596,45.13534],[25.761542,45.13519],[25.761568,45.134939],[25.761594,45.134764],[25.761704,45.134453],[25.762122,45.133955],[25.76222,45.133805],[25.762685,45.133533],[25.762693,45.133473],[25.762683,45.133414],[25.762774,45.133309],[25.762634,45.132966],[25.762621,45.132827],[25.762467,45.132747],[25.762254,45.132755],[25.762053,45.132805],[25.761935,45.132852],[25.761809,45.132871],[25.761164,45.132482],[25.761225,45.132294],[25.761188,45.132064],[25.761129,45.131986],[25.7611,45.131903],[25.761288,45.131726],[25.761324,45.131661],[25.761279,45.131462],[25.76153,45.131375],[25.761287,45.130942],[25.761468,45.130863],[25.764006,45.12959],[25.763389,45.128971],[25.762695,45.128224],[25.76218,45.127668],[25.761958,45.127443],[25.761723,45.1272],[25.761337,45.126773],[25.761286,45.126713],[25.760453,45.125631],[25.760262,45.125402],[25.757069,45.121566],[25.756468,45.120845],[25.755717,45.118673],[25.755196,45.119012],[25.753884,45.11937],[25.753668,45.119376],[25.753077,45.11959],[25.75283,45.119611],[25.752857,45.119562],[25.752975,45.119566],[25.753207,45.119519],[25.75328,45.119409],[25.753295,45.11928],[25.753451,45.119055],[25.753427,45.118952],[25.753483,45.118883],[25.753701,45.118759],[25.753806,45.118689],[25.75391,45.118619],[25.754229,45.118509],[25.75432,45.11846],[25.75436,45.118371],[25.754409,45.118286],[25.754457,45.118201],[25.754476,45.117979],[25.754397,45.117875],[25.75439,45.117724],[25.75441,45.117658],[25.754454,45.117596],[25.754584,45.117474],[25.754833,45.117374],[25.754956,45.11728],[25.754958,45.117142],[25.754889,45.1169],[25.754946,45.116693],[25.755013,45.116536],[25.755914,45.116162],[25.755983,45.116202],[25.756155,45.116097],[25.756279,45.115966],[25.75639,45.115798],[25.75653,45.115571],[25.756561,45.115286],[25.756581,45.115068],[25.756599,45.114875],[25.756613,45.114338],[25.756613,45.114105],[25.756587,45.11395],[25.756603,45.113885],[25.756597,45.113836],[25.756639,45.113602],[25.756609,45.113398],[25.756543,45.113184],[25.756589,45.113138],[25.756667,45.113092],[25.756696,45.113003],[25.756708,45.112973],[25.756983,45.112948],[25.757137,45.112871],[25.75742,45.112175],[25.757519,45.112061],[25.757499,45.111856],[25.757352,45.111405],[25.757207,45.111169],[25.756741,45.110707],[25.756661,45.110625],[25.756556,45.110433],[25.756316,45.110078],[25.756274,45.109789],[25.756051,45.10956],[25.756092,45.109527],[25.755867,45.109262],[25.755217,45.109439],[25.754926,45.109133],[25.754549,45.108706],[25.753927,45.107847],[25.75375,45.107601],[25.75291,45.10644],[25.752357,45.105847],[25.752284,45.105768],[25.752055,45.10452],[25.750867,45.104796],[25.74944,45.105283],[25.749368,45.105143],[25.748794,45.105314],[25.748173,45.105465],[25.74689,45.105837],[25.74601,45.106118],[25.745574,45.106257],[25.74518,45.106348],[25.744594,45.10652],[25.744015,45.106749],[25.743372,45.107037],[25.742421,45.107581],[25.74204,45.107827],[25.741881,45.107911],[25.740897,45.108515],[25.740279,45.108917],[25.739181,45.109628],[25.738347,45.110206],[25.737657,45.110735],[25.737182,45.111173],[25.736551,45.11182],[25.735839,45.112616],[25.735125,45.113386],[25.734459,45.114131],[25.733688,45.114886],[25.73332,45.115201],[25.732681,45.115698],[25.731994,45.116243],[25.731211,45.116852],[25.730715,45.117235],[25.729738,45.117988],[25.729159,45.118526],[25.728729,45.118952],[25.728242,45.119433],[25.727331,45.120321],[25.727092,45.120523],[25.726141,45.121199],[25.725779,45.121439],[25.725307,45.121753],[25.724936,45.12202],[25.724219,45.122545],[25.723991,45.122748],[25.723749,45.122961],[25.723572,45.123118],[25.723409,45.12326],[25.7229,45.12387],[25.722765,45.124042],[25.722216,45.124738],[25.720915,45.126378],[25.719872,45.128349],[25.719893,45.128677],[25.719644,45.129711],[25.719481,45.130258],[25.719732,45.130293],[25.721525,45.13098],[25.721703,45.131039],[25.721718,45.131324],[25.721589,45.131486],[25.721349,45.131797],[25.721009,45.131854],[25.720604,45.132414],[25.720166,45.133018],[25.720111,45.133191],[25.720236,45.133632],[25.719842,45.134156],[25.719456,45.134215],[25.719244,45.134249],[25.719113,45.134347],[25.719099,45.134432],[25.718954,45.13451],[25.718917,45.134534],[25.718856,45.134648],[25.718891,45.134832],[25.718906,45.13492],[25.718563,45.135347],[25.718724,45.135548],[25.7188,45.135664],[25.718804,45.135748],[25.71879,45.135788],[25.718668,45.135931],[25.71848,45.136121],[25.718306,45.136203],[25.718218,45.136269],[25.718206,45.136316],[25.717676,45.136711],[25.717218,45.137148],[25.717235,45.13726],[25.717175,45.137383],[25.71712,45.137434],[25.717064,45.137459],[25.716932,45.13745],[25.716871,45.137453],[25.716657,45.13754],[25.716496,45.137643],[25.71629,45.137754],[25.716153,45.137806],[25.715813,45.137934],[25.715706,45.137974],[25.71563,45.138025],[25.715146,45.137972],[25.714789,45.138109],[25.714549,45.138126],[25.714402,45.138142],[25.714294,45.138189],[25.714158,45.138243],[25.714061,45.138319],[25.713844,45.138602],[25.713194,45.138573],[25.71293,45.138452],[25.712698,45.138586],[25.7124,45.139307],[25.712336,45.1398],[25.712458,45.140117],[25.712614,45.140445],[25.712806,45.140728],[25.712858,45.140847],[25.712871,45.140934],[25.712919,45.141067],[25.713005,45.141195],[25.713152,45.141274],[25.71324,45.14135],[25.713294,45.141459],[25.713441,45.141521],[25.713465,45.141675],[25.713564,45.141794],[25.713835,45.142074],[25.714024,45.142218],[25.714175,45.142434],[25.714293,45.142659],[25.714413,45.142858],[25.714566,45.142888],[25.714924,45.142857],[25.715114,45.1429],[25.715476,45.142942],[25.715861,45.143027],[25.71603,45.143078],[25.716434,45.14319],[25.71746,45.143536],[25.717825,45.143762],[25.718517,45.1445],[25.718658,45.144685],[25.718797,45.144836],[25.718994,45.144977],[25.7192,45.145019],[25.719646,45.14516],[25.719715,45.145186],[25.719842,45.145256],[25.719923,45.145334],[25.719995,45.145399],[25.720102,45.145481],[25.720186,45.145513],[25.720364,45.145602],[25.720566,45.145678],[25.720826,45.145712],[25.721109,45.145811],[25.721597,45.145833],[25.721782,45.145895],[25.722049,45.14597],[25.722247,45.145924],[25.722481,45.145927],[25.722821,45.145962],[25.723027,45.145943],[25.723272,45.145942],[25.723497,45.145995],[25.72363,45.146024],[25.723786,45.146058],[25.724063,45.146054],[25.724583,45.146038],[25.724644,45.146087],[25.724775,45.146101],[25.724803,45.146098],[25.725077,45.146138],[25.72517,45.146146],[25.725331,45.146195],[25.725391,45.146256],[25.725563,45.146298],[25.725708,45.146352],[25.72583,45.146348],[25.725953,45.146385],[25.726174,45.146438],[25.726334,45.146474],[25.726409,45.146543],[25.726439,45.146595],[25.726401,45.146717],[25.726311,45.14682],[25.726143,45.146949],[25.726114,45.146999],[25.726073,45.147071],[25.726109,45.147195],[25.726315,45.147335],[25.726411,45.147443],[25.726639,45.147578],[25.72666,45.147591],[25.726912,45.147832],[25.727382,45.148267],[25.727651,45.148437],[25.727651,45.148437],[25.727792,45.148527],[25.727872,45.148577],[25.727919,45.148607],[25.727919,45.148607],[25.728329,45.148837],[25.728615,45.148997],[25.728862,45.149084],[25.728967,45.149121],[25.729075,45.149138],[25.73154,45.149252],[25.732675,45.149979],[25.734566,45.150549],[25.737721,45.151738],[25.742425,45.15177],[25.742921,45.151767],[25.742992,45.151596],[25.743034,45.151595],[25.743194,45.151645],[25.743445,45.151706],[25.743967,45.151863],[25.744078,45.15191],[25.744151,45.151958],[25.744209,45.152013],[25.744211,45.152194],[25.744197,45.152501],[25.744238,45.152566],[25.744425,45.152769],[25.744453,45.15281],[25.744525,45.152945],[25.744585,45.152997],[25.744678,45.153018],[25.744796,45.153066],[25.744841,45.153127],[25.744887,45.153159],[25.744922,45.153205],[25.744886,45.15332],[25.744877,45.153411],[25.744883,45.153485],[25.744845,45.15365],[25.745041,45.153692],[25.745118,45.15372],[25.745208,45.153637],[25.745288,45.15355],[25.745499,45.153266],[25.745532,45.1532],[25.745587,45.153053],[25.745599,45.153044],[25.745765,45.153059],[25.745853,45.153062],[25.746004,45.153064],[25.746241,45.153063],[25.746332,45.15309],[25.746561,45.153159],[25.746657,45.153178],[25.746738,45.153203],[25.746854,45.15324],[25.747037,45.153274],[25.748063,45.153425],[25.748436,45.153474],[25.748763,45.153529],[25.74887,45.153555],[25.748926,45.153583],[25.748978,45.153644],[25.749015,45.153755],[25.74904,45.153822],[25.749078,45.153882],[25.749117,45.153926],[25.749217,45.154011],[25.749319,45.154087],[25.749454,45.154187],[25.749571,45.154263],[25.749627,45.154298],[25.749651,45.154316],[25.749509,45.154513],[25.749726,45.154714],[25.749838,45.154797],[25.749724,45.154956],[25.749433,45.154847],[25.748559,45.154796],[25.748371,45.154795],[25.747933,45.154837],[25.747822,45.154848],[25.747308,45.15499],[25.746702,45.155209],[25.746417,45.155313],[25.746301,45.155399],[25.746168,45.155486],[25.746132,45.155598],[25.746155,45.155827],[25.746169,45.155918],[25.746094,45.155988],[25.746406,45.156134],[25.746448,45.156113],[25.74675,45.156365],[25.747651,45.157011],[25.747695,45.157248],[25.747349,45.157464],[25.746871,45.15769],[25.746688,45.157852],[25.746669,45.158053],[25.746719,45.15814],[25.747024,45.15827],[25.747118,45.158435],[25.747232,45.158858],[25.747267,45.158983],[25.747414,45.159531],[25.747634,45.159969],[25.747718,45.160098],[25.747767,45.160357],[25.747856,45.16047],[25.747951,45.160644],[25.748113,45.160882],[25.748251,45.161146],[25.748839,45.161403],[25.748892,45.161887],[25.748961,45.162071],[25.749126,45.162556],[25.749367,45.16265],[25.749652,45.163154],[25.749759,45.163216],[25.750036,45.163231]]],[[[25.750255,45.102074],[25.750023,45.101884],[25.749571,45.102073],[25.749145,45.102353],[25.748416,45.102636],[25.7479,45.102972],[25.747482,45.103189],[25.746048,45.104344],[25.745767,45.104476],[25.745611,45.104799],[25.745354,45.105049],[25.744884,45.105629],[25.744567,45.105862],[25.74308,45.106548],[25.742593,45.106733],[25.742194,45.106793],[25.74203,45.106876],[25.741828,45.10708],[25.741593,45.107128],[25.741197,45.107324],[25.74107,45.107388],[25.741526,45.107776],[25.741759,45.10772],[25.742299,45.107398],[25.742737,45.107166],[25.744399,45.106424],[25.745108,45.106171],[25.745461,45.106063],[25.746623,45.105709],[25.747497,45.105412],[25.749402,45.104798],[25.751951,45.10409],[25.751874,45.103724],[25.751797,45.103477],[25.751552,45.103179],[25.75113,45.102766],[25.750686,45.102451],[25.750532,45.102254],[25.750255,45.102074]]],[[[25.728094,45.119356],[25.727988,45.119127],[25.727523,45.119411],[25.727218,45.119628],[25.727008,45.119807],[25.726814,45.119974],[25.726703,45.120086],[25.726596,45.120175],[25.726107,45.120606],[25.726,45.120685],[25.72567,45.12089],[25.725564,45.120956],[25.725301,45.121119],[25.724976,45.121331],[25.725287,45.121578],[25.726273,45.12091],[25.727026,45.120356],[25.72753,45.119868],[25.728094,45.119356]]],[[[25.767946,45.161939],[25.768661,45.161369],[25.768992,45.161106],[25.769662,45.159622],[25.769725,45.159347],[25.769319,45.158102],[25.76914,45.157803],[25.768832,45.157416],[25.768111,45.157101],[25.767931,45.157046],[25.767289,45.156092],[25.767158,45.155833],[25.766873,45.15486],[25.766819,45.154646],[25.766685,45.153983],[25.765753,45.15414],[25.765914,45.154417],[25.766037,45.154423],[25.766034,45.154563],[25.76596,45.154591],[25.765967,45.154698],[25.765747,45.154739],[25.765415,45.154579],[25.765295,45.154551],[25.764942,45.154938],[25.76483,45.155018],[25.764433,45.155192],[25.764078,45.155229],[25.763982,45.155278],[25.763824,45.155667],[25.763856,45.155694],[25.764128,45.155718],[25.763856,45.155921],[25.763658,45.156467],[25.763556,45.156689],[25.763436,45.15678],[25.763082,45.156874],[25.763081,45.157021],[25.763293,45.157654],[25.764456,45.158758],[25.764752,45.159219],[25.764601,45.15931],[25.76455,45.160231],[25.764411,45.160424],[25.764429,45.16059],[25.764424,45.160744],[25.764427,45.160992],[25.764442,45.161063],[25.764437,45.161227],[25.764488,45.161467],[25.764755,45.161466],[25.764736,45.161673],[25.76451,45.161668],[25.764515,45.161799],[25.764481,45.162119],[25.76441,45.162726],[25.764699,45.162955],[25.764689,45.163318],[25.765042,45.163506],[25.76605,45.162998],[25.767225,45.162405],[25.767946,45.161939]]],[[[25.758871,45.171218],[25.75934,45.170287],[25.759363,45.170103],[25.759751,45.169989],[25.759776,45.169893],[25.759771,45.169792],[25.759355,45.168869],[25.758945,45.169009],[25.758893,45.169598],[25.758596,45.169953],[25.758161,45.170903],[25.757853,45.17089],[25.757327,45.171589],[25.757205,45.171699],[25.756929,45.172122],[25.756528,45.172182],[25.756204,45.172303],[25.756552,45.172955],[25.756904,45.173211],[25.757413,45.17329],[25.757439,45.173335],[25.757363,45.173555],[25.7574,45.17383],[25.757365,45.1741],[25.757305,45.174361],[25.757095,45.174726],[25.7569,45.174986],[25.756749,45.175143],[25.756893,45.175185],[25.757404,45.174587],[25.757759,45.174134],[25.757969,45.173852],[25.758133,45.173595],[25.758241,45.173282],[25.758386,45.172863],[25.758409,45.172786],[25.758871,45.171218]]]],"type":"MultiPolygon"},"properties":{"fid":26.0,"INSPIRE_ID":"RO.298.131256.1","LABEL":"MUNICIPIUL CAMPINA","NATIONAL_C":"131256","BEGIN_LIFE":"16.06.2026","END_LIFESP":null,"ESTIMATED_":null,"LEVEL_ID":1.0,"LEVEL_NAME":1.0,"ORIGINAL_M":0.0,"VALID_FROM":"16.06.2026","VALID_TO":null,"STATUS":1.0,"APPLICATIO":0.0,"CADOPTYPE_":0.0,"CADASTRAL_":0.0,"OBJECTID":4786817.0,"CREATED_DT":"15.06.2026","LAST_UPDAT":null,"WORKSPACE_":298,"GEOGRAPHIC":"MUNICIPIUL CAMPINA","NAME":"MUNICIPIUL CAMPINA","AREA_VALUE":15158054.9574972,"ADMIN_UNIT":131256.0,"GEOMETRY.A":0.0,"GEOMETRY.L":0.0,"UAT_NAME":"Câmpina","UAT_SIRUTA":"131256.0","_s":{"f":"#d5d5d5","fo":0.3,"s":"#d5d5d5","so":1.0,"w":0.98,"r":5.0}}},{"type":"Feature","geometry":{"coordinates":[[[[25.688522,45.172906],[25.688662,45.172898],[25.688962,45.172879],[25.689007,45.172878],[25.68913,45.172876],[25.689216,45.172874],[25.689487,45.172905],[25.689566,45.172905],[25.68986,45.172935],[25.689954,45.172947],[25.690108,45.172961],[25.690171,45.172958],[25.690229,45.172951],[25.690321,45.172939],[25.690464,45.172961],[25.690581,45.172994],[25.690598,45.172858],[25.691785,45.173251],[25.692875,45.173491],[25.692873,45.173534],[25.693807,45.173756],[25.694221,45.173811],[25.694842,45.174119],[25.694948,45.174167],[25.694939,45.174253],[25.695029,45.173963],[25.695069,45.173862],[25.695084,45.173823],[25.695099,45.173677],[25.695121,45.173647],[25.695166,45.173583],[25.695264,45.173606],[25.695607,45.173669],[25.695968,45.173736],[25.696629,45.173874],[25.696972,45.173872],[25.69699,45.173872],[25.697016,45.173849],[25.697042,45.173825],[25.697077,45.173743],[25.69704,45.173703],[25.697003,45.173664],[25.696945,45.173619],[25.696886,45.173594],[25.696853,45.173556],[25.696832,45.173465],[25.696798,45.173404],[25.696713,45.173351],[25.696561,45.173289],[25.696513,45.173259],[25.696473,45.173224],[25.696381,45.173105],[25.696359,45.173047],[25.696354,45.172988],[25.696393,45.172922],[25.696435,45.172876],[25.696487,45.172842],[25.696558,45.172803],[25.696649,45.172769],[25.696776,45.172721],[25.696814,45.172703],[25.696849,45.172689],[25.696872,45.17268],[25.696894,45.172671],[25.696979,45.172641],[25.697219,45.172978],[25.697402,45.172937],[25.697601,45.172873],[25.697716,45.172806],[25.697971,45.172646],[25.697938,45.172535],[25.698049,45.172507],[25.69825,45.172462],[25.698318,45.172563],[25.698347,45.172626],[25.698563,45.172594],[25.698716,45.172572],[25.698791,45.172561],[25.69906,45.172484],[25.699136,45.172467],[25.699204,45.17245],[25.699714,45.172237],[25.700095,45.172144],[25.700126,45.172149],[25.700137,45.172151],[25.700455,45.172252],[25.70046,45.172254],[25.701048,45.172287],[25.700999,45.172193],[25.700866,45.171939],[25.700918,45.171891],[25.700906,45.171862],[25.700919,45.171837],[25.700598,45.171618],[25.70029,45.171451],[25.700353,45.171414],[25.700451,45.171357],[25.70057,45.171286],[25.700644,45.171239],[25.700704,45.171201],[25.700766,45.171163],[25.700819,45.17112],[25.700883,45.171151],[25.700915,45.171156],[25.70098,45.171155],[25.701096,45.17113],[25.701199,45.171086],[25.701261,45.171075],[25.701342,45.171065],[25.701379,45.171076],[25.701419,45.171093],[25.701433,45.171129],[25.701382,45.171179],[25.701325,45.17123],[25.701264,45.171335],[25.701237,45.171419],[25.701238,45.171474],[25.70127,45.171515],[25.701318,45.171536],[25.701369,45.171546],[25.701416,45.171546],[25.701463,45.171526],[25.701483,45.171518],[25.701561,45.171487],[25.70168,45.171428],[25.701726,45.171415],[25.701775,45.171415],[25.701849,45.171437],[25.70192,45.171444],[25.702062,45.171419],[25.702152,45.17139],[25.702249,45.17138],[25.702346,45.171417],[25.702535,45.171518],[25.702682,45.171572],[25.702796,45.171596],[25.702859,45.171652],[25.70303,45.171785],[25.70318,45.171992],[25.703267,45.172096],[25.703328,45.172136],[25.703387,45.172128],[25.703419,45.172124],[25.703565,45.172104],[25.703726,45.172069],[25.703846,45.17208],[25.70409,45.172139],[25.70421,45.172136],[25.704374,45.172099],[25.704458,45.172098],[25.704576,45.17212],[25.704676,45.172158],[25.704759,45.172192],[25.70482,45.172202],[25.704918,45.172181],[25.70494,45.172147],[25.704939,45.172098],[25.70491,45.172042],[25.704888,45.171984],[25.704857,45.171899],[25.704856,45.171881],[25.704854,45.171862],[25.704878,45.171817],[25.704948,45.171787],[25.705158,45.171759],[25.705199,45.171749],[25.705275,45.171732],[25.705352,45.171714],[25.705371,45.171712],[25.70539,45.17171],[25.705391,45.171711],[25.705781,45.172665],[25.705981,45.173154],[25.706152,45.173571],[25.705646,45.174012],[25.705469,45.17412],[25.705292,45.174191],[25.704933,45.174283],[25.70453,45.174369],[25.70428,45.174437],[25.704221,45.174466],[25.704158,45.174525],[25.704069,45.174609],[25.703943,45.174677],[25.70388,45.174736],[25.703793,45.174809],[25.703678,45.174956],[25.703377,45.175223],[25.70312,45.175437],[25.702876,45.175712],[25.702858,45.175858],[25.702826,45.17593],[25.702737,45.176041],[25.702673,45.176203],[25.702679,45.176401],[25.70272,45.17668],[25.702844,45.176835],[25.703259,45.17709],[25.703444,45.17729],[25.703214,45.177104],[25.703183,45.177142],[25.702993,45.177064],[25.702767,45.176975],[25.702589,45.176913],[25.702447,45.17687],[25.702291,45.176825],[25.702032,45.176761],[25.70199,45.176846],[25.702246,45.176909],[25.702398,45.176953],[25.702536,45.176994],[25.702708,45.177055],[25.703148,45.177231],[25.703333,45.177309],[25.703477,45.177376],[25.703484,45.177462],[25.703497,45.177628],[25.703573,45.177625],[25.703553,45.177377],[25.703536,45.177291],[25.703317,45.177054],[25.702904,45.1768],[25.702794,45.176663],[25.702755,45.176399],[25.702749,45.17621],[25.702808,45.176062],[25.702897,45.175952],[25.702933,45.175868],[25.702951,45.17573],[25.703181,45.175469],[25.703436,45.175257],[25.703737,45.17499],[25.70413,45.174642],[25.704281,45.174506],[25.704338,45.174477],[25.704422,45.17445],[25.704521,45.174425],[25.704634,45.174398],[25.70468,45.17439],[25.704717,45.174384],[25.704752,45.174378],[25.705,45.174318],[25.705324,45.174241],[25.705513,45.174165],[25.705665,45.174072],[25.70569,45.174056],[25.705726,45.174042],[25.707218,45.174238],[25.707509,45.174269],[25.709771,45.174513],[25.711073,45.17347],[25.712455,45.17238],[25.712937,45.171996],[25.713873,45.171259],[25.714025,45.168446],[25.713818,45.167905],[25.714239,45.167151],[25.71435,45.167146],[25.714529,45.167095],[25.714876,45.166944],[25.714975,45.166888],[25.71525,45.166777],[25.716092,45.166509],[25.716415,45.166479],[25.716514,45.166391],[25.716645,45.166276],[25.716762,45.166079],[25.71684,45.165946],[25.716894,45.165853],[25.716972,45.165718],[25.717028,45.165622],[25.717397,45.165058],[25.718032,45.164089],[25.718132,45.163948],[25.718407,45.163509],[25.71855,45.163176],[25.718692,45.162718],[25.718733,45.162248],[25.718778,45.162092],[25.718962,45.161658],[25.71907,45.161413],[25.719092,45.16133],[25.719362,45.160808],[25.719456,45.160625],[25.719529,45.160465],[25.719617,45.160356],[25.719641,45.160313],[25.719908,45.159926],[25.720036,45.15974],[25.720211,45.159384],[25.720391,45.159017],[25.720542,45.158629],[25.720711,45.158342],[25.720954,45.158089],[25.721175,45.157938],[25.721518,45.157633],[25.721772,45.157301],[25.721841,45.157265],[25.721913,45.156196],[25.721967,45.156141],[25.722066,45.156088],[25.722653,45.155781],[25.72281,45.155699],[25.723162,45.155459],[25.723488,45.155139],[25.724827,45.153219],[25.725423,45.152319],[25.72548,45.152207],[25.724723,45.151657],[25.723643,45.150674],[25.725421,45.149182],[25.725684,45.148962],[25.726371,45.149502],[25.727144,45.149798],[25.727774,45.149295],[25.728233,45.149123],[25.728329,45.148837],[25.727919,45.148607],[25.727919,45.148607],[25.727872,45.148577],[25.727792,45.148527],[25.727651,45.148437],[25.727651,45.148437],[25.727526,45.148588],[25.727274,45.148389],[25.726879,45.147979],[25.726824,45.148006],[25.726514,45.147718],[25.726429,45.14764],[25.726178,45.147517],[25.726045,45.147423],[25.725999,45.147242],[25.725625,45.146823],[25.725298,45.146616],[25.724731,45.146809],[25.724026,45.146824],[25.723905,45.146746],[25.72383,45.146539],[25.722647,45.146432],[25.722329,45.146425],[25.722261,45.146411],[25.722036,45.146427],[25.721255,45.1466],[25.720703,45.146536],[25.720145,45.146119],[25.719947,45.146159],[25.719921,45.146149],[25.719908,45.146132],[25.719884,45.146033],[25.719797,45.145856],[25.719729,45.145736],[25.719186,45.145545],[25.719082,45.145471],[25.718994,45.145586],[25.718872,45.14558],[25.718762,45.145446],[25.718678,45.145183],[25.718663,45.145138],[25.718416,45.144945],[25.71833,45.144878],[25.718161,45.144748],[25.717994,45.144621],[25.717801,45.144469],[25.717671,45.144314],[25.717626,45.144261],[25.71763,45.144229],[25.717633,45.144196],[25.717634,45.144185],[25.717637,45.144162],[25.717641,45.14409],[25.717573,45.144004],[25.717493,45.143955],[25.717311,45.143875],[25.717031,45.143754],[25.717013,45.143653],[25.716966,45.143607],[25.716908,45.143577],[25.71676,45.143541],[25.716618,45.143509],[25.716449,45.143509],[25.716369,45.143521],[25.71631,45.143557],[25.716172,45.143615],[25.716048,45.143659],[25.715881,45.143672],[25.715836,45.143659],[25.715778,45.143681],[25.715565,45.14376],[25.715512,45.143782],[25.715415,45.143794],[25.715135,45.14382],[25.715025,45.143822],[25.714966,45.143824],[25.714826,45.143827],[25.714656,45.143814],[25.714528,45.143781],[25.714304,45.143691],[25.71417,45.143601],[25.714129,45.143537],[25.714101,45.143494],[25.714055,45.143397],[25.713866,45.143212],[25.713927,45.143156],[25.713856,45.14309],[25.713616,45.142867],[25.713483,45.142687],[25.713436,45.142627],[25.713389,45.142569],[25.713372,45.14255],[25.713249,45.142419],[25.713231,45.14238],[25.713168,45.142244],[25.713158,45.142224],[25.713118,45.142115],[25.713102,45.142047],[25.713081,45.141912],[25.713083,45.141799],[25.713081,45.141663],[25.713061,45.141527],[25.713045,45.141508],[25.713026,45.14149],[25.713003,45.141475],[25.712877,45.141402],[25.712853,45.141389],[25.712761,45.141326],[25.712669,45.141267],[25.712635,45.141244],[25.71262,45.141214],[25.712574,45.141123],[25.712538,45.141055],[25.71242,45.140885],[25.712341,45.14072],[25.712339,45.140575],[25.712378,45.140533],[25.71239,45.14052],[25.712381,45.14032],[25.712339,45.140143],[25.71227,45.13994],[25.712188,45.139825],[25.712187,45.139824],[25.712146,45.139781],[25.712117,45.139751],[25.712086,45.139709],[25.712082,45.139674],[25.712059,45.139613],[25.711993,45.139534],[25.711969,45.139415],[25.711961,45.139386],[25.71195,45.139347],[25.711827,45.139191],[25.71193,45.139131],[25.711916,45.138962],[25.71192,45.138872],[25.711915,45.138785],[25.711901,45.138708],[25.7119,45.138525],[25.711902,45.138441],[25.711899,45.138404],[25.711902,45.138154],[25.711894,45.137931],[25.711972,45.137764],[25.712058,45.137615],[25.71205,45.137374],[25.712049,45.137347],[25.712072,45.137223],[25.71217,45.137046],[25.712196,45.136922],[25.7122,45.136742],[25.712201,45.136649],[25.712254,45.136216],[25.711929,45.136626],[25.711805,45.136736],[25.711696,45.136792],[25.711429,45.136921],[25.711343,45.136965],[25.711303,45.137096],[25.711236,45.137204],[25.711057,45.137415],[25.710929,45.137544],[25.710641,45.137688],[25.710539,45.13769],[25.710466,45.137749],[25.710367,45.137835],[25.71027,45.137892],[25.709749,45.138141],[25.709454,45.138274],[25.709243,45.138102],[25.708914,45.137989],[25.708314,45.138049],[25.706889,45.138332],[25.704644,45.139221],[25.704308,45.139388],[25.703669,45.139683],[25.703089,45.139947],[25.701228,45.14068],[25.700593,45.140938],[25.699971,45.141216],[25.699608,45.141437],[25.6993,45.141744],[25.69912,45.142025],[25.699038,45.142067],[25.699014,45.142079],[25.698803,45.142406],[25.698707,45.142704],[25.698588,45.14294],[25.698541,45.143033],[25.698498,45.143015],[25.698454,45.143114],[25.698446,45.14315],[25.698426,45.143217],[25.69836,45.143358],[25.698321,45.143446],[25.698132,45.143933],[25.698104,45.144],[25.698082,45.144083],[25.698028,45.14408],[25.697957,45.144152],[25.697768,45.144603],[25.697643,45.144917],[25.697581,45.145037],[25.697585,45.145073],[25.697387,45.145171],[25.697289,45.145396],[25.6973,45.145514],[25.697294,45.145605],[25.697174,45.145811],[25.697091,45.145954],[25.697018,45.146145],[25.697013,45.146226],[25.696995,45.146284],[25.696935,45.146353],[25.696756,45.146451],[25.696595,45.146528],[25.696535,45.146598],[25.69649,45.146936],[25.696366,45.147099],[25.696337,45.147176],[25.696279,45.14728],[25.696149,45.147365],[25.696011,45.147532],[25.695815,45.147728],[25.69579,45.147743],[25.69569,45.147834],[25.695617,45.147844],[25.695546,45.147852],[25.695261,45.148169],[25.695149,45.148294],[25.694942,45.148526],[25.6943,45.149077],[25.693919,45.14955],[25.693803,45.149822],[25.693696,45.150108],[25.693578,45.150381],[25.693576,45.150449],[25.693621,45.150629],[25.693628,45.150814],[25.693606,45.151012],[25.693636,45.151113],[25.693644,45.151292],[25.693627,45.151446],[25.693628,45.151557],[25.693604,45.151721],[25.693602,45.151804],[25.693601,45.15192],[25.693557,45.152123],[25.693544,45.152232],[25.693547,45.152296],[25.693577,45.152342],[25.693588,45.152356],[25.693582,45.152379],[25.693565,45.1524],[25.693553,45.15241],[25.693543,45.152427],[25.693531,45.152498],[25.693529,45.152625],[25.693475,45.152672],[25.69346,45.152703],[25.693461,45.152722],[25.69348,45.152738],[25.693527,45.152769],[25.693628,45.152793],[25.693693,45.152819],[25.693824,45.152901],[25.693894,45.153038],[25.693915,45.153129],[25.693926,45.153241],[25.693913,45.153306],[25.693872,45.153392],[25.693895,45.153496],[25.693821,45.153594],[25.693733,45.153669],[25.693616,45.153744],[25.693573,45.153817],[25.693493,45.153917],[25.693466,45.153967],[25.693484,45.154029],[25.693611,45.154129],[25.693716,45.154197],[25.693776,45.154301],[25.693834,45.154396],[25.693886,45.154491],[25.693918,45.154671],[25.693936,45.154724],[25.693945,45.154786],[25.69396,45.154887],[25.693954,45.154959],[25.693935,45.155006],[25.693947,45.155024],[25.694028,45.155077],[25.694132,45.155162],[25.694195,45.155249],[25.694214,45.155317],[25.694163,45.155488],[25.694032,45.155577],[25.693966,45.15586],[25.693925,45.156084],[25.693867,45.156204],[25.693685,45.156424],[25.693503,45.156681],[25.693387,45.156804],[25.693307,45.156901],[25.693256,45.157074],[25.69322,45.157316],[25.693143,45.157536],[25.692961,45.157726],[25.692955,45.158078],[25.693025,45.158856],[25.692892,45.159565],[25.692815,45.159823],[25.692736,45.160086],[25.692763,45.160195],[25.692734,45.160391],[25.692667,45.160557],[25.692608,45.160696],[25.69254,45.160902],[25.692469,45.161061],[25.692417,45.161194],[25.692314,45.161306],[25.692139,45.161439],[25.692108,45.161505],[25.691872,45.161993],[25.691517,45.162673],[25.69111,45.163304],[25.690813,45.163817],[25.690695,45.164021],[25.690648,45.164143],[25.691187,45.164246],[25.691104,45.164446],[25.690833,45.164891],[25.690665,45.165169],[25.690331,45.165712],[25.690165,45.165981],[25.689983,45.166278],[25.689784,45.166614],[25.689552,45.167062],[25.689482,45.167197],[25.689375,45.167405],[25.689263,45.167621],[25.68899,45.168303],[25.688926,45.168484],[25.688799,45.168861],[25.688738,45.169045],[25.688669,45.169315],[25.688611,45.16954],[25.688488,45.170108],[25.688522,45.172906]]],[[[25.688668,45.184953],[25.688755,45.184929],[25.688891,45.18488],[25.690262,45.184748],[25.691763,45.184736],[25.692507,45.184834],[25.6936,45.18485],[25.694174,45.184566],[25.694621,45.184574],[25.695091,45.184732],[25.695696,45.185333],[25.697003,45.185717],[25.697224,45.185401],[25.697284,45.18524],[25.697303,45.18514],[25.697391,45.184976],[25.697422,45.184847],[25.697406,45.184785],[25.697278,45.184635],[25.697009,45.184401],[25.696938,45.184333],[25.696812,45.184185],[25.696739,45.183995],[25.696723,45.18384],[25.696714,45.183805],[25.697108,45.183714],[25.696923,45.183467],[25.696792,45.182964],[25.696771,45.1829],[25.696763,45.182901],[25.6967,45.1829],[25.69665,45.18291],[25.696501,45.182949],[25.696439,45.182965],[25.696355,45.182974],[25.696205,45.18299],[25.696148,45.182987],[25.695978,45.182975],[25.695813,45.182952],[25.695314,45.182922],[25.694847,45.182695],[25.694532,45.182386],[25.694066,45.181974],[25.693863,45.181482],[25.693685,45.181301],[25.693565,45.181314],[25.693238,45.181525],[25.692606,45.181744],[25.69149,45.181977],[25.690779,45.182159],[25.690536,45.182176],[25.690526,45.182108],[25.690557,45.182055],[25.690621,45.181967],[25.690671,45.181897],[25.690743,45.18183],[25.69067,45.181781],[25.69062,45.181781],[25.69044,45.181783],[25.689687,45.181624],[25.688752,45.181193],[25.688622,45.181162],[25.688668,45.184953]]]],"type":"MultiPolygon"},"properties":{"fid":36.0,"INSPIRE_ID":"RO.298.132805.2","LABEL":"CORNU","NATIONAL_C":"132805","BEGIN_LIFE":"16.06.2026","END_LIFESP":null,"ESTIMATED_":null,"LEVEL_ID":1.0,"LEVEL_NAME":1.0,"ORIGINAL_M":0.0,"VALID_FROM":"16.06.2026","VALID_TO":null,"STATUS":1.0,"APPLICATIO":0.0,"CADOPTYPE_":0.0,"CADASTRAL_":0.0,"OBJECTID":4810945.0,"CREATED_DT":"15.06.2026","LAST_UPDAT":null,"WORKSPACE_":298,"GEOGRAPHIC":"CORNU","NAME":"CORNU","AREA_VALUE":8387630.10332374,"ADMIN_UNIT":132805.0,"GEOMETRY.A":0.0,"GEOMETRY.L":0.0,"UAT_NAME":"Cornu","UAT_SIRUTA":"132805.0","_s":{"f":"#d5d5d5","fo":0.3,"s":"#d5d5d5","so":1.0,"w":0.98,"r":5.0}}},{"type":"Feature","geometry":{"coordinates":[[[[25.688367,45.160201],[25.688882,45.1603],[25.689009,45.160327],[25.689089,45.160227],[25.68928,45.160271],[25.689363,45.160121],[25.689417,45.159859],[25.68958,45.159635],[25.689674,45.159148],[25.68984,45.158978],[25.690075,45.158217],[25.690155,45.157957],[25.690223,45.157796],[25.69027,45.157687],[25.690341,45.157528],[25.690402,45.157363],[25.690428,45.157185],[25.690501,45.157101],[25.690097,45.156862],[25.689812,45.156673],[25.689869,45.1566],[25.689885,45.156563],[25.689947,45.156359],[25.68994,45.156214],[25.689973,45.156042],[25.690236,45.156046],[25.690242,45.155862],[25.690663,45.155852],[25.690749,45.155634],[25.690815,45.155399],[25.690975,45.155026],[25.690978,45.154862],[25.690073,45.154874],[25.689994,45.154728],[25.690536,45.154391],[25.69053,45.15404],[25.691039,45.153903],[25.691042,45.152975],[25.691079,45.152627],[25.691129,45.151927],[25.691159,45.151502],[25.691153,45.151215],[25.691073,45.151204],[25.691398,45.150235],[25.691487,45.150226],[25.691541,45.150212],[25.691577,45.150102],[25.691683,45.149878],[25.69266,45.149611],[25.692785,45.149407],[25.693367,45.148369],[25.693812,45.148189],[25.694307,45.148021],[25.694512,45.147654],[25.694655,45.146788],[25.694848,45.146551],[25.695253,45.145753],[25.695622,45.145169],[25.695974,45.144632],[25.696705,45.143662],[25.697277,45.142725],[25.696746,45.142603],[25.696746,45.142603],[25.696623,45.142576],[25.696518,45.142553],[25.696332,45.142508],[25.695682,45.142358],[25.695644,45.142396],[25.695632,45.142407],[25.695631,45.142408],[25.695628,45.142411],[25.695534,45.142393],[25.695513,45.14239],[25.695394,45.142368],[25.695288,45.142348],[25.695115,45.142312],[25.695101,45.142309],[25.695093,45.142277],[25.695251,45.142122],[25.695193,45.142112],[25.695174,45.142109],[25.695139,45.142103],[25.695028,45.14212],[25.694922,45.142129],[25.694908,45.14213],[25.694743,45.142162],[25.694674,45.142162],[25.69467,45.142159],[25.69467,45.142159],[25.694602,45.142118],[25.694493,45.14214],[25.694457,45.142147],[25.694396,45.142137],[25.694348,45.14212],[25.694303,45.142109],[25.694237,45.142116],[25.694146,45.142125],[25.694009,45.142029],[25.693966,45.141945],[25.693867,45.141905],[25.693821,45.141862],[25.693831,45.14185],[25.693839,45.14184],[25.693852,45.141825],[25.69378,45.141696],[25.693716,45.141535],[25.69372,45.141503],[25.693735,45.141399],[25.693742,45.141352],[25.693805,45.141263],[25.693834,45.141223],[25.693835,45.141215],[25.693851,45.141146],[25.693855,45.141125],[25.693835,45.141057],[25.693821,45.14101],[25.69382,45.141007],[25.693788,45.140765],[25.693699,45.140574],[25.693712,45.140383],[25.693714,45.140359],[25.693715,45.140347],[25.693716,45.140336],[25.693718,45.140326],[25.693735,45.140253],[25.693747,45.140203],[25.693755,45.140168],[25.693737,45.140103],[25.69211,45.140791],[25.691825,45.140529],[25.691133,45.141007],[25.690142,45.140674],[25.689814,45.140915],[25.68847,45.140517],[25.688132,45.140816],[25.688367,45.160201]]]],"type":"MultiPolygon"},"properties":{"fid":21.0,"INSPIRE_ID":"RO.298.131103.1","LABEL":"ORAS BREAZA","NATIONAL_C":"131103","BEGIN_LIFE":"16.06.2026","END_LIFESP":null,"ESTIMATED_":null,"LEVEL_ID":1.0,"LEVEL_NAME":1.0,"ORIGINAL_M":0.0,"VALID_FROM":"16.06.2026","VALID_TO":null,"STATUS":1.0,"APPLICATIO":0.0,"CADOPTYPE_":0.0,"CADASTRAL_":0.0,"OBJECTID":4787377.0,"CREATED_DT":"15.06.2026","LAST_UPDAT":null,"WORKSPACE_":298,"GEOGRAPHIC":"ORAS BREAZA","NAME":"ORAS BREAZA","AREA_VALUE":22150748.3741527,"ADMIN_UNIT":131103.0,"GEOMETRY.A":0.0,"GEOMETRY.L":0.0,"UAT_NAME":"Breaza","UAT_SIRUTA":"131103.0","_s":{"f":"#d5d5d5","fo":0.3,"s":"#d5d5d5","so":1.0,"w":0.98,"r":5.0}}},{"type":"Feature","geometry":{"coordinates":[[[[25.748892,45.191366],[25.749146,45.191184],[25.748885,45.191003],[25.748479,45.191292],[25.748371,45.191369],[25.748892,45.191366]]],[[[25.753787,45.191333],[25.753624,45.191278],[25.753437,45.191264],[25.753446,45.19121],[25.753468,45.191152],[25.753503,45.19106],[25.753439,45.191056],[25.75301,45.191008],[25.752846,45.191009],[25.752368,45.191021],[25.752357,45.191302],[25.752356,45.191315],[25.752517,45.191342],[25.753787,45.191333]]],[[[25.773064,45.191204],[25.773035,45.191168],[25.772599,45.191057],[25.772538,45.191042],[25.772461,45.190744],[25.772422,45.190542],[25.772426,45.190442],[25.77243,45.190328],[25.772453,45.190164],[25.772631,45.189941],[25.7729,45.189604],[25.77295,45.189541],[25.772993,45.189561],[25.773698,45.189888],[25.773919,45.189664],[25.774334,45.189217],[25.774346,45.189191],[25.774404,45.189065],[25.774455,45.188955],[25.774537,45.188777],[25.774668,45.188491],[25.774706,45.188295],[25.774722,45.188134],[25.774951,45.187848],[25.775123,45.187503],[25.775118,45.187134],[25.775736,45.186802],[25.776779,45.186713],[25.776735,45.18653],[25.776559,45.186237],[25.776105,45.185886],[25.775213,45.185779],[25.775116,45.185699],[25.775047,45.185654],[25.774794,45.185523],[25.774584,45.185257],[25.77451,45.185131],[25.774499,45.184953],[25.774615,45.184674],[25.774689,45.18429],[25.774798,45.184037],[25.775193,45.183542],[25.775536,45.183258],[25.77565,45.182384],[25.775732,45.182244],[25.776253,45.181874],[25.77653,45.181391],[25.77661,45.181246],[25.77663,45.181234],[25.776897,45.181079],[25.776942,45.181052],[25.776957,45.181043],[25.776981,45.180988],[25.777004,45.180933],[25.777057,45.18087],[25.777336,45.180872],[25.777622,45.180803],[25.77793,45.180673],[25.778213,45.180393],[25.778411,45.179952],[25.778527,45.179808],[25.778693,45.17964],[25.77863,45.179423],[25.778468,45.179383],[25.778335,45.17935],[25.778,45.179217],[25.778053,45.179143],[25.778081,45.179084],[25.7781,45.179003],[25.778118,45.178929],[25.778019,45.178737],[25.777848,45.178394],[25.77778,45.178246],[25.777727,45.178076],[25.777681,45.177877],[25.777662,45.177758],[25.777646,45.177651],[25.777581,45.177423],[25.77754,45.17733],[25.777485,45.177269],[25.777508,45.177211],[25.777714,45.176679],[25.777752,45.176582],[25.777786,45.176506],[25.777805,45.176443],[25.777814,45.176379],[25.777885,45.176149],[25.779076,45.176275],[25.77908,45.176278],[25.779618,45.175492],[25.779663,45.175309],[25.779709,45.17512],[25.77976,45.175009],[25.779811,45.174897],[25.779882,45.174744],[25.779941,45.174598],[25.779997,45.174459],[25.7789,45.174272],[25.778854,45.174121],[25.778897,45.173821],[25.778917,45.173679],[25.778935,45.173402],[25.779081,45.173383],[25.779162,45.173355],[25.779273,45.173277],[25.779303,45.173232],[25.78053,45.171935],[25.780555,45.171888],[25.781103,45.170864],[25.780068,45.170406],[25.780081,45.17036],[25.780205,45.169897],[25.780214,45.169332],[25.780213,45.169293],[25.779905,45.169289],[25.779911,45.169256],[25.780147,45.167947],[25.780164,45.16786],[25.780178,45.167781],[25.780241,45.167516],[25.780299,45.167274],[25.779948,45.167191],[25.779378,45.167057],[25.779305,45.16704],[25.779322,45.167001],[25.779324,45.166881],[25.779327,45.166632],[25.779344,45.166609],[25.779375,45.166566],[25.779392,45.166193],[25.779394,45.166152],[25.77942,45.165972],[25.779499,45.16584],[25.779629,45.165642],[25.779666,45.165549],[25.77969,45.165448],[25.779691,45.165434],[25.779711,45.165241],[25.779732,45.16509],[25.779755,45.165015],[25.779666,45.164873],[25.779693,45.164529],[25.779541,45.164265],[25.779527,45.16424],[25.779407,45.163576],[25.779384,45.163231],[25.779128,45.16323],[25.779126,45.163093],[25.778743,45.163098],[25.778648,45.163099],[25.77863,45.16297],[25.778622,45.162913],[25.778614,45.162856],[25.778618,45.162574],[25.778618,45.162547],[25.778618,45.162543],[25.77874,45.162517],[25.778756,45.162375],[25.778782,45.162177],[25.778806,45.162001],[25.778825,45.161863],[25.778813,45.161768],[25.778669,45.161722],[25.778427,45.161648],[25.778428,45.161167],[25.778437,45.161131],[25.777499,45.161078],[25.777337,45.161085],[25.777138,45.161093],[25.77707,45.161102],[25.776961,45.161112],[25.77696,45.160987],[25.776959,45.160839],[25.7769,45.160651],[25.776692,45.160427],[25.77665,45.160447],[25.776456,45.16024],[25.776364,45.160135],[25.776205,45.159954],[25.776014,45.159736],[25.775855,45.159519],[25.775736,45.159357],[25.775723,45.159321],[25.775574,45.15891],[25.775549,45.158777],[25.775521,45.158623],[25.775496,45.158492],[25.775486,45.158436],[25.775459,45.158289],[25.775506,45.158061],[25.775539,45.157903],[25.775541,45.157894],[25.775804,45.157571],[25.775837,45.157531],[25.776075,45.157212],[25.776558,45.157344],[25.776795,45.157411],[25.776814,45.157362],[25.776814,45.157353],[25.776785,45.15701],[25.776736,45.156902],[25.776969,45.156835],[25.777242,45.156743],[25.777152,45.156582],[25.777008,45.156383],[25.777003,45.15636],[25.777,45.156338],[25.776953,45.156338],[25.776876,45.15633],[25.776428,45.156235],[25.776351,45.156235],[25.77626,45.156305],[25.776212,45.156405],[25.776191,45.156414],[25.776179,45.156418],[25.776153,45.156414],[25.775913,45.156286],[25.775866,45.155974],[25.775856,45.155656],[25.775848,45.15542],[25.775177,45.15545],[25.774953,45.155461],[25.774729,45.155471],[25.774727,45.15546],[25.774694,45.155325],[25.774671,45.155228],[25.774642,45.155107],[25.774628,45.15502],[25.774627,45.155016],[25.774612,45.154919],[25.774587,45.154767],[25.774742,45.154589],[25.774794,45.154529],[25.774857,45.154438],[25.774866,45.15431],[25.77488,45.154111],[25.77489,45.153981],[25.774904,45.153764],[25.774918,45.153546],[25.775001,45.153224],[25.773895,45.152402],[25.773826,45.151895],[25.773709,45.150805],[25.773592,45.150234],[25.773279,45.149888],[25.773218,45.149822],[25.773139,45.149815],[25.772974,45.149773],[25.772876,45.149769],[25.772749,45.149764],[25.772614,45.14979],[25.77245,45.149872],[25.772347,45.149983],[25.772304,45.150121],[25.772312,45.150161],[25.772342,45.150322],[25.772414,45.150563],[25.772359,45.150569],[25.772296,45.150826],[25.772386,45.15126],[25.772425,45.151665],[25.772366,45.152178],[25.77236,45.15244],[25.772395,45.152812],[25.772399,45.152857],[25.772217,45.153286],[25.772123,45.153445],[25.771994,45.153664],[25.771888,45.153816],[25.771783,45.153968],[25.771755,45.154193],[25.771695,45.154251],[25.771605,45.15443],[25.771594,45.154627],[25.771607,45.154896],[25.771611,45.154973],[25.771615,45.155051],[25.771623,45.155221],[25.771601,45.155373],[25.771816,45.155555],[25.771948,45.155825],[25.771958,45.156063],[25.771958,45.156066],[25.771958,45.156067],[25.771961,45.15613],[25.771974,45.156528],[25.77204,45.156819],[25.772188,45.156966],[25.772275,45.157092],[25.772399,45.157271],[25.772428,45.157314],[25.772523,45.157451],[25.772562,45.157507],[25.772584,45.157633],[25.772626,45.157869],[25.772655,45.158038],[25.772675,45.158294],[25.773005,45.158286],[25.773138,45.158466],[25.773131,45.158536],[25.773375,45.15854],[25.773384,45.15861],[25.773533,45.158606],[25.773533,45.158615],[25.773532,45.158714],[25.773529,45.158915],[25.77334,45.158919],[25.773304,45.15904],[25.773009,45.159023],[25.772771,45.159009],[25.772724,45.159105],[25.772655,45.159248],[25.772562,45.159436],[25.772504,45.159556],[25.772428,45.159711],[25.772376,45.159817],[25.772306,45.160124],[25.772283,45.160197],[25.772252,45.160298],[25.7722,45.160467],[25.772155,45.160643],[25.772064,45.160849],[25.77191,45.160839],[25.771825,45.161038],[25.771769,45.161169],[25.771759,45.161317],[25.771738,45.161506],[25.771772,45.161698],[25.771863,45.161718],[25.772013,45.162067],[25.772176,45.162456],[25.772084,45.16274],[25.771693,45.163167],[25.771535,45.16334],[25.771126,45.163874],[25.771075,45.164096],[25.770713,45.164793],[25.770301,45.165161],[25.769256,45.165587],[25.768595,45.165974],[25.768163,45.166363],[25.768032,45.166481],[25.767998,45.16651],[25.767964,45.16654],[25.767766,45.166712],[25.767734,45.166679],[25.767322,45.166823],[25.767012,45.166852],[25.766963,45.166847],[25.765643,45.167918],[25.765643,45.167949],[25.765588,45.167993],[25.765301,45.168222],[25.765236,45.168286],[25.76522,45.168302],[25.765164,45.168356],[25.765147,45.168367],[25.76513,45.168379],[25.765111,45.168391],[25.765074,45.168416],[25.764914,45.16847],[25.764861,45.168488],[25.764548,45.16855],[25.764324,45.168662],[25.764169,45.168801],[25.764113,45.168939],[25.764121,45.168966],[25.764124,45.168979],[25.764142,45.169048],[25.764173,45.16912],[25.764178,45.169162],[25.764174,45.169167],[25.764168,45.169176],[25.764151,45.169202],[25.764146,45.169206],[25.764102,45.169245],[25.76398,45.169318],[25.763976,45.16932],[25.763941,45.169335],[25.763817,45.169356],[25.76356,45.169436],[25.763525,45.169457],[25.763507,45.169469],[25.763368,45.169434],[25.762675,45.169262],[25.762462,45.169636],[25.762418,45.169713],[25.762386,45.169779],[25.762307,45.169943],[25.762231,45.170104],[25.762159,45.170278],[25.762318,45.170625],[25.762269,45.170787],[25.762255,45.170832],[25.762295,45.170946],[25.762486,45.171031],[25.762664,45.17113],[25.762684,45.171177],[25.76269,45.171502],[25.762639,45.171651],[25.762615,45.171689],[25.762332,45.172126],[25.762308,45.172159],[25.762294,45.17228],[25.762448,45.172391],[25.762358,45.172735],[25.762251,45.17303],[25.762044,45.173388],[25.762001,45.173623],[25.76195,45.173773],[25.761938,45.173867],[25.761927,45.173907],[25.761899,45.174018],[25.761874,45.174175],[25.761705,45.174415],[25.76152,45.174677],[25.761636,45.174862],[25.761658,45.174956],[25.761533,45.175219],[25.761438,45.175375],[25.761412,45.175405],[25.761282,45.175553],[25.761149,45.175644],[25.760569,45.175916],[25.760438,45.17615],[25.7603,45.176503],[25.76024,45.17666],[25.760193,45.176783],[25.760119,45.176974],[25.760062,45.177122],[25.760021,45.177246],[25.75977,45.177993],[25.759704,45.178192],[25.759644,45.178378],[25.75957,45.178582],[25.759469,45.178735],[25.759385,45.178868],[25.759333,45.178985],[25.759276,45.179174],[25.759276,45.179196],[25.759276,45.179221],[25.759274,45.179458],[25.759238,45.179607],[25.759215,45.179701],[25.759201,45.179756],[25.759155,45.179869],[25.75899,45.180077],[25.758824,45.180275],[25.758765,45.180408],[25.758737,45.180472],[25.758734,45.18049],[25.758726,45.180539],[25.758717,45.180588],[25.758684,45.180782],[25.75868,45.180807],[25.758609,45.181004],[25.75853,45.181091],[25.758135,45.181409],[25.757796,45.181551],[25.75749,45.181678],[25.757223,45.18179],[25.757217,45.181834],[25.757233,45.181845],[25.757265,45.181869],[25.75729,45.181877],[25.757393,45.181911],[25.757412,45.181918],[25.757436,45.181925],[25.757482,45.181941],[25.757484,45.181944],[25.757487,45.18195],[25.757504,45.181978],[25.757512,45.181993],[25.757479,45.182142],[25.757427,45.182495],[25.757438,45.182536],[25.757446,45.182564],[25.757458,45.182583],[25.757475,45.182611],[25.7575,45.182631],[25.757533,45.182658],[25.757558,45.182678],[25.757606,45.182713],[25.757664,45.182757],[25.757675,45.182769],[25.75776,45.182869],[25.757777,45.182962],[25.75778,45.182973],[25.757765,45.183102],[25.757752,45.183133],[25.757738,45.183166],[25.757691,45.183256],[25.75769,45.183266],[25.75768,45.183342],[25.757678,45.183408],[25.757676,45.183483],[25.757686,45.183552],[25.757751,45.183723],[25.757746,45.183747],[25.757742,45.183763],[25.757722,45.183793],[25.757413,45.184073],[25.757392,45.184106],[25.757394,45.184125],[25.757349,45.184132],[25.757155,45.184164],[25.756769,45.184294],[25.756545,45.184419],[25.756513,45.184512],[25.756503,45.184658],[25.756595,45.184746],[25.756751,45.184813],[25.756789,45.184855],[25.75685,45.185063],[25.756805,45.185149],[25.756659,45.185226],[25.756481,45.185391],[25.756434,45.185434],[25.756373,45.185585],[25.756376,45.185783],[25.756389,45.185899],[25.756474,45.185944],[25.756591,45.185958],[25.756755,45.185994],[25.756835,45.186016],[25.756917,45.186344],[25.75704,45.186596],[25.757145,45.18696],[25.757132,45.186968],[25.757079,45.186999],[25.757042,45.187035],[25.757022,45.187062],[25.757012,45.18713],[25.75703,45.187253],[25.757029,45.187313],[25.757012,45.187359],[25.756942,45.187496],[25.756923,45.187541],[25.756819,45.187794],[25.756812,45.187846],[25.756819,45.187949],[25.756736,45.188263],[25.756648,45.188652],[25.756546,45.189041],[25.756534,45.189069],[25.756412,45.189185],[25.756383,45.189212],[25.756311,45.18928],[25.756303,45.189287],[25.756285,45.189305],[25.75621,45.189344],[25.75605,45.189399],[25.755977,45.189423],[25.755924,45.189437],[25.755518,45.189626],[25.755357,45.18973],[25.755295,45.189784],[25.755261,45.189838],[25.755243,45.189886],[25.755238,45.189929],[25.755217,45.190169],[25.75521,45.190225],[25.755191,45.190367],[25.75517,45.190451],[25.755147,45.190534],[25.755118,45.190608],[25.755105,45.1907],[25.755098,45.190779],[25.755106,45.190915],[25.755122,45.191006],[25.755139,45.19108],[25.755151,45.19111],[25.755183,45.191165],[25.755275,45.191288],[25.755296,45.191323],[25.773064,45.191204]]],[[[25.77331,45.147624],[25.773231,45.147632],[25.773099,45.147663],[25.773035,45.147678],[25.772992,45.147755],[25.77287,45.147967],[25.772618,45.148522],[25.773606,45.148897],[25.7739,45.149015],[25.773939,45.149031],[25.774349,45.148778],[25.774582,45.148674],[25.774666,45.14864],[25.774918,45.148521],[25.775236,45.148384],[25.775047,45.14821],[25.774776,45.147985],[25.774703,45.147925],[25.774518,45.147802],[25.774438,45.147782],[25.774208,45.147734],[25.774066,45.147716],[25.773606,45.147652],[25.773361,45.147633],[25.77331,45.147624]]],[[[25.770749,45.149261],[25.770873,45.149102],[25.770926,45.149076],[25.771157,45.148922],[25.771314,45.148683],[25.771381,45.148519],[25.771403,45.148464],[25.771661,45.147829],[25.771727,45.147652],[25.771768,45.147631],[25.771778,45.147634],[25.771863,45.147418],[25.771853,45.14741],[25.771838,45.147398],[25.771795,45.147339],[25.771749,45.1473],[25.771674,45.147279],[25.771524,45.147202],[25.771055,45.147079],[25.770249,45.146867],[25.769953,45.146802],[25.769894,45.146878],[25.76984,45.146949],[25.769731,45.147103],[25.769658,45.147284],[25.769583,45.147422],[25.769495,45.147512],[25.769424,45.147578],[25.769354,45.147659],[25.769317,45.147701],[25.769235,45.147817],[25.769194,45.147873],[25.769181,45.147903],[25.768938,45.147869],[25.768294,45.147782],[25.767592,45.149479],[25.767542,45.14947],[25.767271,45.149423],[25.767169,45.150012],[25.767384,45.150386],[25.76746,45.150917],[25.76739,45.151073],[25.767382,45.151158],[25.767491,45.151761],[25.767564,45.152238],[25.767576,45.152371],[25.767636,45.153045],[25.767694,45.153763],[25.767722,45.154413],[25.767746,45.154944],[25.768861,45.154942],[25.768908,45.154786],[25.768934,45.15467],[25.769286,45.153763],[25.769383,45.153308],[25.76938,45.152525],[25.769406,45.152414],[25.769438,45.151664],[25.76948,45.150903],[25.76952,45.150613],[25.76972,45.150305],[25.769854,45.150156],[25.770049,45.150071],[25.77021,45.150028],[25.770309,45.149921],[25.770572,45.149467],[25.770749,45.149261]]]],"type":"MultiPolygon"},"properties":{"fid":22.0,"INSPIRE_ID":"RO.298.132404.2","LABEL":"BREBU","NATIONAL_C":"132404","BEGIN_LIFE":"16.06.2026","END_LIFESP":null,"ESTIMATED_":null,"LEVEL_ID":1.0,"LEVEL_NAME":1.0,"ORIGINAL_M":0.0,"VALID_FROM":"16.06.2026","VALID_TO":null,"STATUS":1.0,"APPLICATIO":0.0,"CADOPTYPE_":0.0,"CADASTRAL_":0.0,"OBJECTID":4830273.0,"CREATED_DT":"15.06.2026","LAST_UPDAT":null,"WORKSPACE_":298,"GEOGRAPHIC":"BREBU","NAME":"BREBU","AREA_VALUE":12253015.3393499,"ADMIN_UNIT":132404.0,"GEOMETRY.A":0.0,"GEOMETRY.L":0.0,"UAT_NAME":"Brebu","UAT_SIRUTA":"132404.0","_s":{"f":"#d5d5d5","fo":0.3,"s":"#d5d5d5","so":1.0,"w":0.98,"r":5.0}}},{"type":"Feature","geometry":{"coordinates":[[[[25.687703,45.105319],[25.687785,45.105314],[25.688182,45.105292],[25.688848,45.105256],[25.688944,45.105251],[25.689353,45.105228],[25.690032,45.105191],[25.690116,45.105187],[25.69029,45.105177],[25.69046,45.105168],[25.690866,45.105146],[25.690985,45.105139],[25.691128,45.105159],[25.691244,45.105176],[25.691324,45.105178],[25.691531,45.105185],[25.691792,45.105193],[25.692033,45.1052],[25.692212,45.105206],[25.692466,45.105222],[25.692769,45.105242],[25.692991,45.105292],[25.693127,45.105319],[25.693224,45.105338],[25.693269,45.10531],[25.693374,45.105283],[25.693513,45.105247],[25.693566,45.10524],[25.693661,45.105228],[25.693751,45.105238],[25.693908,45.105256],[25.694026,45.105249],[25.694635,45.105215],[25.69479,45.105229],[25.694979,45.105183],[25.695056,45.105164],[25.695095,45.105247],[25.695326,45.105732],[25.695676,45.105562],[25.69606,45.105597],[25.696616,45.105648],[25.696614,45.105627],[25.696602,45.105511],[25.696598,45.105473],[25.696586,45.105362],[25.696653,45.105321],[25.696701,45.105291],[25.696836,45.105209],[25.696926,45.105154],[25.696967,45.105129],[25.696908,45.105091],[25.696745,45.104987],[25.696648,45.104786],[25.696558,45.1046],[25.696516,45.104514],[25.696404,45.104282],[25.696334,45.104304],[25.696314,45.104266],[25.696246,45.104215],[25.696174,45.104162],[25.696136,45.104138],[25.696134,45.104113],[25.696139,45.104069],[25.696166,45.104012],[25.696224,45.10393],[25.696239,45.103896],[25.69626,45.103334],[25.696253,45.103226],[25.696224,45.10314],[25.696166,45.10308],[25.696127,45.103041],[25.69608,45.102994],[25.695989,45.102899],[25.695891,45.102828],[25.695796,45.102758],[25.695767,45.102741],[25.695733,45.102706],[25.695695,45.102645],[25.695667,45.102618],[25.695624,45.102594],[25.695549,45.10252],[25.695504,45.102494],[25.695482,45.102453],[25.695392,45.102394],[25.695272,45.102324],[25.69525,45.102289],[25.695227,45.102224],[25.695234,45.102163],[25.695243,45.102134],[25.695249,45.102113],[25.695267,45.10209],[25.694907,45.102005],[25.694529,45.101906],[25.694413,45.10189],[25.694241,45.101871],[25.694129,45.101866],[25.69381,45.101899],[25.693563,45.101935],[25.693396,45.10196],[25.693291,45.101962],[25.693208,45.10196],[25.69309,45.101969],[25.692952,45.101988],[25.692855,45.102007],[25.692703,45.102002],[25.69226,45.101985],[25.692128,45.101996],[25.691687,45.102058],[25.691582,45.102061],[25.691452,45.102073],[25.691323,45.102058],[25.690995,45.102021],[25.690782,45.101981],[25.690588,45.101967],[25.690344,45.101894],[25.690304,45.101869],[25.69014,45.10203],[25.69008,45.102101],[25.690036,45.102148],[25.689956,45.102237],[25.689823,45.102296],[25.689402,45.102428],[25.689169,45.102485],[25.689095,45.102498],[25.688637,45.102578],[25.688411,45.102607],[25.688004,45.102643],[25.687871,45.10266],[25.687671,45.102695],[25.687703,45.105319]]],[[[25.687723,45.106977],[25.688048,45.106971],[25.688098,45.106794],[25.688048,45.106736],[25.687994,45.106715],[25.687909,45.106683],[25.687745,45.10662],[25.687718,45.106601],[25.687723,45.106977]]],[[[25.68778,45.11171],[25.68793,45.111722],[25.688031,45.111723],[25.688117,45.111711],[25.688442,45.111665],[25.68845,45.111693],[25.68845,45.111706],[25.688438,45.111723],[25.688383,45.111779],[25.688334,45.111842],[25.68826,45.1119],[25.688231,45.111951],[25.688236,45.111986],[25.68849,45.112185],[25.688744,45.11236],[25.688775,45.112381],[25.688857,45.112463],[25.688929,45.1125],[25.689022,45.112526],[25.689338,45.112749],[25.689455,45.112804],[25.689628,45.112856],[25.689685,45.112855],[25.689754,45.112817],[25.689773,45.112782],[25.689776,45.11272],[25.689751,45.112598],[25.690019,45.112802],[25.690339,45.113064],[25.690397,45.113101],[25.690436,45.113055],[25.69056,45.112933],[25.690713,45.112825],[25.690812,45.112789],[25.690918,45.112737],[25.690956,45.11273],[25.691012,45.112729],[25.691041,45.112733],[25.691072,45.112725],[25.691116,45.1127],[25.69027,45.112155],[25.690238,45.112138],[25.690224,45.112105],[25.690228,45.112082],[25.69026,45.112056],[25.690291,45.112048],[25.690365,45.112044],[25.690467,45.112032],[25.690577,45.111989],[25.690637,45.111947],[25.690651,45.111925],[25.69065,45.111894],[25.690628,45.111864],[25.690592,45.111833],[25.690539,45.111802],[25.690456,45.111746],[25.69041,45.111708],[25.690352,45.111625],[25.690286,45.11155],[25.690228,45.111503],[25.690189,45.111469],[25.690172,45.111453],[25.690165,45.111434],[25.690165,45.111412],[25.690164,45.111405],[25.690144,45.111392],[25.690116,45.111377],[25.690088,45.111359],[25.690081,45.111339],[25.690084,45.111315],[25.690113,45.11128],[25.690084,45.111247],[25.690071,45.111219],[25.690056,45.111187],[25.690051,45.111125],[25.690057,45.111081],[25.69007,45.111057],[25.690135,45.110997],[25.690143,45.11097],[25.690136,45.110927],[25.690055,45.110785],[25.690024,45.110757],[25.689999,45.110759],[25.689959,45.110768],[25.689938,45.110757],[25.689898,45.110723],[25.689878,45.110719],[25.688567,45.110094],[25.688226,45.110243],[25.688,45.110384],[25.687832,45.110535],[25.687766,45.110547],[25.68778,45.11171]]],[[[25.699099,45.098563],[25.698614,45.098629],[25.698479,45.098641],[25.698341,45.098645],[25.698248,45.098645],[25.698156,45.098644],[25.698123,45.098646],[25.698036,45.09867],[25.697915,45.098701],[25.697855,45.098852],[25.697847,45.098884],[25.69783,45.098958],[25.697806,45.099065],[25.697775,45.099156],[25.697737,45.099148],[25.697703,45.099259],[25.69776,45.099282],[25.697975,45.099418],[25.698014,45.099437],[25.698051,45.099449],[25.698133,45.099454],[25.698222,45.099484],[25.69825,45.099506],[25.698434,45.099624],[25.698526,45.099664],[25.698543,45.099639],[25.698493,45.099607],[25.69867,45.099474],[25.698733,45.099417],[25.698733,45.099405],[25.69865,45.099358],[25.699099,45.098563]]],[[[25.698284,45.100045],[25.698092,45.099941],[25.698005,45.100032],[25.697913,45.100127],[25.697886,45.100139],[25.697827,45.100133],[25.697859,45.100156],[25.697973,45.100251],[25.698091,45.100384],[25.698186,45.100468],[25.698206,45.100455],[25.698245,45.100423],[25.698263,45.100397],[25.698278,45.100352],[25.6983,45.100239],[25.698284,45.100045]]],[[[25.691026,45.100974],[25.691139,45.100989],[25.691187,45.100992],[25.691243,45.100995],[25.691353,45.100895],[25.691462,45.100808],[25.691568,45.100747],[25.691814,45.100625],[25.692349,45.100348],[25.692892,45.100078],[25.692924,45.100065],[25.693057,45.099995],[25.693099,45.099965],[25.693199,45.099911],[25.693591,45.099715],[25.693746,45.09959],[25.693865,45.09948],[25.693985,45.099333],[25.694033,45.099233],[25.694066,45.099118],[25.694088,45.099073],[25.694117,45.099031],[25.694154,45.099009],[25.694198,45.098989],[25.694218,45.098972],[25.694225,45.09895],[25.694248,45.098858],[25.694255,45.098841],[25.694292,45.09868],[25.694328,45.098597],[25.694389,45.098487],[25.694418,45.098508],[25.694452,45.098563],[25.694488,45.09858],[25.694544,45.098545],[25.694629,45.09849],[25.69484,45.098326],[25.694909,45.098285],[25.695055,45.098131],[25.695229,45.097948],[25.695465,45.09769],[25.695913,45.09722],[25.695957,45.097179],[25.695969,45.09717],[25.695982,45.09716],[25.696031,45.097117],[25.69617,45.096973],[25.696244,45.096875],[25.696324,45.096767],[25.696422,45.096613],[25.696497,45.096507],[25.69657,45.096409],[25.696598,45.096361],[25.696613,45.096323],[25.696678,45.096215],[25.696786,45.096038],[25.696802,45.09602],[25.696778,45.095977],[25.696773,45.095933],[25.696774,45.095923],[25.696679,45.095895],[25.696633,45.095886],[25.69657,45.095878],[25.696465,45.095877],[25.69634,45.095913],[25.696203,45.095983],[25.695941,45.096097],[25.695082,45.096469],[25.694669,45.096649],[25.694544,45.096713],[25.694456,45.096728],[25.694377,45.096753],[25.694264,45.096779],[25.694215,45.096803],[25.694156,45.096847],[25.694085,45.09691],[25.693961,45.097085],[25.693889,45.097101],[25.693788,45.097128],[25.693623,45.097194],[25.693483,45.097226],[25.693451,45.097193],[25.693273,45.097121],[25.693031,45.096997],[25.692892,45.09693],[25.6927,45.096848],[25.692593,45.0968],[25.692502,45.096771],[25.692279,45.09671],[25.692104,45.09665],[25.692102,45.096702],[25.692102,45.096723],[25.692089,45.096813],[25.692085,45.09686],[25.692086,45.096907],[25.692092,45.096938],[25.692135,45.097045],[25.692143,45.097077],[25.692144,45.097117],[25.692133,45.097147],[25.692104,45.09719],[25.69203,45.097257],[25.692,45.097283],[25.691968,45.097333],[25.691954,45.097368],[25.691927,45.097454],[25.691918,45.097487],[25.691907,45.097551],[25.6919,45.09759],[25.691874,45.097634],[25.691854,45.09765],[25.691834,45.097663],[25.69179,45.097679],[25.691702,45.097698],[25.691589,45.097716],[25.69148,45.097718],[25.691297,45.097715],[25.691175,45.097718],[25.691055,45.097729],[25.690946,45.097741],[25.690888,45.097754],[25.690807,45.097791],[25.690736,45.09784],[25.690605,45.097901],[25.690494,45.097938],[25.690232,45.098013],[25.690161,45.098042],[25.689929,45.097999],[25.689857,45.097977],[25.689301,45.097926],[25.689131,45.097921],[25.68888,45.097922],[25.688779,45.097906],[25.688656,45.097847],[25.6886,45.097801],[25.688642,45.097924],[25.688645,45.097952],[25.688646,45.097988],[25.688669,45.098066],[25.688761,45.098233],[25.688899,45.09848],[25.688919,45.098509],[25.688921,45.098562],[25.688938,45.098596],[25.688999,45.098655],[25.68907,45.098762],[25.689177,45.098931],[25.689314,45.099098],[25.68946,45.099257],[25.689556,45.099398],[25.689633,45.099525],[25.689714,45.099629],[25.689782,45.099726],[25.689855,45.099859],[25.689924,45.100015],[25.690063,45.100296],[25.690144,45.100417],[25.690351,45.100718],[25.690362,45.100788],[25.690366,45.100809],[25.690384,45.100866],[25.690404,45.100904],[25.69042,45.100916],[25.690475,45.100924],[25.690552,45.100939],[25.690606,45.100962],[25.690645,45.100992],[25.69068,45.101013],[25.690738,45.101027],[25.690839,45.101016],[25.691026,45.100974]]],[[[25.690517,45.130097],[25.690244,45.130379],[25.69039,45.130449],[25.690576,45.130539],[25.690848,45.130257],[25.690517,45.130097]]]],"type":"MultiPolygon"},"properties":{"fid":74.0,"INSPIRE_ID":"RO.298.134853.2","LABEL":"PROVITA DE JOS","NATIONAL_C":"134853","BEGIN_LIFE":"16.06.2026","END_LIFESP":null,"ESTIMATED_":null,"LEVEL_ID":1.0,"LEVEL_NAME":1.0,"ORIGINAL_M":0.0,"VALID_FROM":"16.06.2026","VALID_TO":null,"STATUS":1.0,"APPLICATIO":0.0,"CADOPTYPE_":0.0,"CADASTRAL_":0.0,"OBJECTID":4831281.0,"CREATED_DT":"15.06.2026","LAST_UPDAT":null,"WORKSPACE_":298,"GEOGRAPHIC":"PROVITA DE JOS","NAME":"PROVITA DE JOS","AREA_VALUE":4680877.0979074,"ADMIN_UNIT":134853.0,"GEOMETRY.A":0.0,"GEOMETRY.L":0.0,"UAT_NAME":"Provita de Jos","UAT_SIRUTA":"134853.0","_s":{"f":"#d5d5d5","fo":0.3,"s":"#d5d5d5","so":1.0,"w":0.98,"r":5.0}}},{"type":"Feature","geometry":{"coordinates":[[[[25.736668,45.191446],[25.736545,45.191166],[25.737658,45.190745],[25.738557,45.190766],[25.738932,45.190381],[25.739234,45.189908],[25.739801,45.190287],[25.740101,45.18982],[25.740713,45.189792],[25.741129,45.18941],[25.74219,45.189847],[25.743255,45.190052],[25.744499,45.190143],[25.747037,45.189779],[25.747856,45.19049],[25.748587,45.189881],[25.748844,45.189647],[25.749364,45.189443],[25.749699,45.189292],[25.750023,45.189113],[25.750174,45.189005],[25.750236,45.188933],[25.750392,45.18871],[25.750562,45.188289],[25.750821,45.187523],[25.750849,45.187421],[25.750996,45.187089],[25.751057,45.186929],[25.751192,45.186618],[25.751154,45.185686],[25.750919,45.184986],[25.751812,45.184443],[25.751702,45.183929],[25.751768,45.183216],[25.751902,45.182025],[25.752222,45.181957],[25.752383,45.181927],[25.752558,45.181712],[25.752596,45.181678],[25.752717,45.181571],[25.752879,45.181454],[25.753042,45.181337],[25.753089,45.181304],[25.753144,45.181265],[25.753312,45.181146],[25.753562,45.180977],[25.753688,45.180852],[25.753831,45.180711],[25.753865,45.180659],[25.753999,45.180453],[25.754125,45.18025],[25.754219,45.180099],[25.754251,45.180047],[25.754655,45.178941],[25.754856,45.17756],[25.754857,45.17755],[25.755064,45.17683],[25.755463,45.176531],[25.755484,45.176509],[25.755215,45.176501],[25.754374,45.176548],[25.753905,45.176805],[25.753626,45.177144],[25.753386,45.177465],[25.753091,45.177585],[25.752693,45.17767],[25.752196,45.177582],[25.751507,45.177618],[25.751147,45.177616],[25.751019,45.177544],[25.750465,45.177609],[25.750037,45.177791],[25.749203,45.178088],[25.748693,45.178176],[25.748198,45.17822],[25.748168,45.178241],[25.748109,45.178273],[25.748023,45.17831],[25.747932,45.178351],[25.747777,45.178404],[25.747681,45.178433],[25.747579,45.178461],[25.747433,45.178502],[25.747353,45.178527],[25.747271,45.178542],[25.747204,45.17855],[25.747126,45.178554],[25.747046,45.178545],[25.746933,45.178523],[25.746806,45.178482],[25.746725,45.178461],[25.746659,45.178451],[25.746602,45.178451],[25.746517,45.178462],[25.746419,45.178483],[25.746277,45.178508],[25.746162,45.178527],[25.746059,45.178531],[25.745985,45.178507],[25.745911,45.178477],[25.745852,45.178452],[25.745764,45.178411],[25.744916,45.178234],[25.744896,45.178233],[25.744531,45.178399],[25.744381,45.178619],[25.744361,45.178659],[25.744353,45.178675],[25.744319,45.178845],[25.744322,45.178875],[25.744331,45.178938],[25.744345,45.179021],[25.744353,45.179094],[25.744372,45.179151],[25.74438,45.17919],[25.744387,45.179241],[25.744393,45.179282],[25.744406,45.179356],[25.744095,45.179444],[25.743182,45.179511],[25.742535,45.179448],[25.742217,45.179313],[25.742203,45.17931],[25.742131,45.179288],[25.742032,45.17925],[25.741975,45.179227],[25.741927,45.179207],[25.741871,45.179177],[25.741806,45.179133],[25.741767,45.179102],[25.741739,45.179077],[25.741702,45.17904],[25.741672,45.179008],[25.74148,45.178882],[25.741081,45.178637],[25.74105,45.178638],[25.740991,45.178633],[25.740947,45.178612],[25.740908,45.178587],[25.740819,45.178556],[25.740762,45.178535],[25.740644,45.178491],[25.740572,45.178465],[25.740518,45.178446],[25.740494,45.178436],[25.740467,45.178429],[25.74042,45.178417],[25.740374,45.178407],[25.740343,45.178405],[25.740302,45.178401],[25.740247,45.178402],[25.740162,45.178402],[25.74012,45.178402],[25.740067,45.1784],[25.739991,45.178397],[25.739898,45.17839],[25.739844,45.178382],[25.739812,45.178378],[25.739758,45.178374],[25.739714,45.178372],[25.739309,45.178453],[25.739309,45.178463],[25.739399,45.178911],[25.739405,45.179362],[25.740099,45.179769],[25.740289,45.180032],[25.740154,45.180139],[25.740486,45.180802],[25.740009,45.18113],[25.739991,45.181239],[25.739956,45.181558],[25.739943,45.181683],[25.739933,45.181912],[25.739755,45.181898],[25.739429,45.18165],[25.739082,45.181314],[25.738873,45.18131],[25.738138,45.181853],[25.738101,45.182317],[25.738025,45.182513],[25.737474,45.183163],[25.73734,45.183258],[25.735243,45.183108],[25.735219,45.183112],[25.735604,45.183438],[25.735817,45.183832],[25.7357,45.184178],[25.735993,45.184137],[25.736274,45.184337],[25.735739,45.184526],[25.735377,45.184668],[25.735334,45.184853],[25.736562,45.185609],[25.736403,45.185637],[25.735976,45.1856],[25.735477,45.185893],[25.735307,45.186056],[25.735174,45.186326],[25.734846,45.186491],[25.734,45.186547],[25.734059,45.187126],[25.734022,45.187316],[25.734058,45.187724],[25.734317,45.187788],[25.734317,45.187795],[25.734385,45.187902],[25.733721,45.187824],[25.733029,45.187763],[25.732898,45.18804],[25.73239,45.188007],[25.732149,45.187992],[25.732074,45.188574],[25.731478,45.188531],[25.731128,45.188682],[25.731051,45.188886],[25.731225,45.188991],[25.731706,45.189382],[25.732042,45.189654],[25.732312,45.189801],[25.73233,45.190654],[25.732564,45.190775],[25.732719,45.191471],[25.736668,45.191446]]],[[[25.752781,45.185627],[25.752472,45.185644],[25.752103,45.185752],[25.751875,45.185881],[25.751517,45.18625],[25.751447,45.186316],[25.751319,45.186641],[25.751003,45.187492],[25.750967,45.187588],[25.750952,45.18763],[25.75083,45.187972],[25.750765,45.188131],[25.750692,45.188305],[25.750671,45.188382],[25.750669,45.188388],[25.750646,45.18847],[25.750579,45.188647],[25.750573,45.188662],[25.750558,45.188684],[25.750453,45.188835],[25.750432,45.188928],[25.750566,45.188887],[25.750687,45.188826],[25.750955,45.188518],[25.751236,45.188027],[25.751436,45.187584],[25.751859,45.186562],[25.752101,45.186235],[25.752337,45.186],[25.752781,45.185627]]]],"type":"MultiPolygon"},"properties":{"fid":87.0,"INSPIRE_ID":"RO.298.135547.2","LABEL":"SOTRILE","NATIONAL_C":"135547","BEGIN_LIFE":"16.06.2026","END_LIFESP":null,"ESTIMATED_":null,"LEVEL_ID":1.0,"LEVEL_NAME":1.0,"ORIGINAL_M":0.0,"VALID_FROM":"16.06.2026","VALID_TO":null,"STATUS":1.0,"APPLICATIO":0.0,"CADOPTYPE_":0.0,"CADASTRAL_":0.0,"OBJECTID":4831841.0,"CREATED_DT":"15.06.2026","LAST_UPDAT":null,"WORKSPACE_":298,"GEOGRAPHIC":"SOTRILE","NAME":"SOTRILE","AREA_VALUE":9897044.33259372,"ADMIN_UNIT":135547.0,"GEOMETRY.A":0.0,"GEOMETRY.L":0.0,"UAT_NAME":"Sotrile","UAT_SIRUTA":"135547.0","_s":{"f":"#d5d5d5","fo":0.3,"s":"#d5d5d5","so":1.0,"w":0.98,"r":5.0}}},{"type":"Feature","geometry":{"coordinates":[[[[25.839651,45.149872],[25.839125,45.149803],[25.839103,45.149499],[25.839184,45.149391],[25.838589,45.149092],[25.838491,45.148961],[25.837903,45.149209],[25.837752,45.149389],[25.837985,45.149576],[25.837513,45.14999],[25.837828,45.150176],[25.837667,45.150304],[25.837476,45.150341],[25.83682,45.150616],[25.83647,45.150594],[25.836042,45.150477],[25.835701,45.150211],[25.835493,45.150318],[25.835326,45.150567],[25.834804,45.150407],[25.834916,45.1499],[25.834209,45.150335],[25.834071,45.150483],[25.83364,45.150354],[25.833189,45.15037],[25.832778,45.150123],[25.832283,45.15009],[25.831963,45.149839],[25.830866,45.149521],[25.829886,45.149294],[25.829527,45.149249],[25.829078,45.149421],[25.827847,45.149249],[25.82768,45.150101],[25.828363,45.15012],[25.828451,45.150853],[25.828462,45.151016],[25.82927,45.150908],[25.830107,45.150932],[25.830185,45.150503],[25.830699,45.150739],[25.831135,45.150858],[25.831721,45.150769],[25.831605,45.151],[25.831663,45.15144],[25.831824,45.151952],[25.832496,45.152414],[25.83384,45.152468],[25.833985,45.152503],[25.834187,45.152417],[25.835235,45.152471],[25.836219,45.152426],[25.836751,45.152353],[25.837789,45.152463],[25.838343,45.152429],[25.838748,45.152287],[25.839078,45.15195],[25.839599,45.151967],[25.839682,45.151966],[25.839651,45.149872]]],[[[25.839432,45.135007],[25.839236,45.13512],[25.836175,45.136899],[25.837331,45.137796],[25.836831,45.138566],[25.836201,45.138673],[25.83631,45.139119],[25.834297,45.139647],[25.833911,45.140073],[25.832614,45.139497],[25.832886,45.139065],[25.832602,45.13888],[25.831856,45.1392],[25.831316,45.139005],[25.83123,45.137846],[25.831574,45.137604],[25.832222,45.137392],[25.832664,45.137263],[25.832904,45.136717],[25.832908,45.136361],[25.833262,45.13622],[25.833651,45.135988],[25.833809,45.135745],[25.833983,45.13535],[25.834461,45.135308],[25.834402,45.135098],[25.834476,45.13491],[25.834775,45.13441],[25.835125,45.133845],[25.834078,45.133509],[25.833247,45.13319],[25.833414,45.134667],[25.832455,45.135106],[25.832448,45.135251],[25.831919,45.135334],[25.831951,45.135648],[25.831255,45.136005],[25.831036,45.136242],[25.831126,45.136472],[25.830012,45.137042],[25.829884,45.137355],[25.829544,45.137376],[25.830091,45.138682],[25.830262,45.139272],[25.829742,45.139638],[25.82916,45.139956],[25.828615,45.140292],[25.828054,45.140553],[25.827719,45.140658],[25.827366,45.140834],[25.827101,45.141252],[25.826283,45.141262],[25.826014,45.141348],[25.82574,45.141593],[25.825476,45.14139],[25.825297,45.141397],[25.825198,45.141551],[25.825315,45.141867],[25.825088,45.141829],[25.82476,45.141559],[25.824549,45.141452],[25.824284,45.141522],[25.824265,45.141259],[25.825078,45.140831],[25.825445,45.140404],[25.825682,45.139898],[25.825782,45.139353],[25.825717,45.138986],[25.825765,45.138768],[25.825944,45.138382],[25.826163,45.13767],[25.824921,45.137588],[25.825026,45.138671],[25.823942,45.138733],[25.824029,45.139246],[25.823028,45.139403],[25.823153,45.139753],[25.823429,45.139986],[25.824256,45.140309],[25.82407,45.140443],[25.823306,45.141004],[25.82301,45.141477],[25.822912,45.141728],[25.822738,45.142098],[25.822447,45.142143],[25.821998,45.142086],[25.821643,45.142025],[25.82123,45.142635],[25.821736,45.142836],[25.822086,45.142894],[25.82255,45.142873],[25.823212,45.142762],[25.824322,45.142857],[25.824831,45.143086],[25.824351,45.143445],[25.824084,45.143863],[25.824149,45.144237],[25.824319,45.144193],[25.824636,45.144257],[25.824756,45.144323],[25.824995,45.144324],[25.825293,45.144325],[25.825536,45.144616],[25.825685,45.144887],[25.825957,45.145081],[25.826252,45.14516],[25.826683,45.145157],[25.827715,45.145197],[25.828176,45.145239],[25.828285,45.145471],[25.828847,45.14548],[25.829314,45.145367],[25.829512,45.145441],[25.829634,45.145633],[25.829725,45.145765],[25.831913,45.145471],[25.832538,45.145534],[25.83309,45.145556],[25.833096,45.145695],[25.833807,45.145736],[25.833836,45.145959],[25.834363,45.145838],[25.834716,45.146037],[25.835137,45.146266],[25.835227,45.146012],[25.835783,45.146167],[25.836255,45.146251],[25.836656,45.146204],[25.836878,45.146238],[25.836983,45.146449],[25.83697,45.146739],[25.837141,45.146761],[25.837423,45.146796],[25.837484,45.146855],[25.837627,45.146728],[25.837648,45.146444],[25.837593,45.146136],[25.83759,45.145961],[25.837769,45.145966],[25.838075,45.146126],[25.838202,45.146089],[25.838198,45.145843],[25.838767,45.145825],[25.839016,45.145896],[25.839597,45.146175],[25.839432,45.135007]]],[[[25.83937,45.130864],[25.838699,45.12985],[25.837145,45.129287],[25.837034,45.129794],[25.836857,45.130709],[25.835771,45.131059],[25.834167,45.13017],[25.833878,45.130328],[25.833525,45.13015],[25.833357,45.130266],[25.833048,45.130123],[25.832905,45.130621],[25.832972,45.131098],[25.832991,45.131402],[25.834139,45.132268],[25.834993,45.132807],[25.835212,45.133224],[25.835243,45.133717],[25.835471,45.134422],[25.835696,45.134613],[25.835969,45.134636],[25.836892,45.134786],[25.837959,45.134689],[25.838643,45.134811],[25.839428,45.134777],[25.83937,45.130864]]],[[[25.839327,45.127942],[25.839176,45.127736],[25.83888,45.127474],[25.838396,45.127545],[25.838503,45.127894],[25.838449,45.128284],[25.838777,45.128526],[25.8389,45.128751],[25.838903,45.128944],[25.838787,45.129186],[25.83869,45.129545],[25.839056,45.129681],[25.839354,45.129729],[25.839327,45.127942]]],[[[25.807283,45.155059],[25.807438,45.154988],[25.807493,45.154908],[25.807521,45.15471],[25.807582,45.15462],[25.807907,45.154399],[25.808017,45.154115],[25.808139,45.153986],[25.808023,45.153492],[25.80783,45.15296],[25.807802,45.15292],[25.807102,45.153091],[25.806805,45.153079],[25.806819,45.152848],[25.806513,45.152821],[25.805641,45.152523],[25.804516,45.152095],[25.804191,45.150045],[25.805898,45.149689],[25.80585,45.149046],[25.805853,45.148854],[25.806354,45.148645],[25.806459,45.148526],[25.806442,45.148459],[25.806256,45.148249],[25.806121,45.148181],[25.80618,45.148038],[25.806148,45.147848],[25.806026,45.147716],[25.805812,45.147576],[25.805642,45.147474],[25.805539,45.147588],[25.805184,45.147597],[25.805163,45.147316],[25.805034,45.147254],[25.804954,45.147213],[25.804906,45.146862],[25.804432,45.146657],[25.804446,45.14655],[25.804522,45.146202],[25.80443,45.146088],[25.803956,45.14596],[25.803892,45.145862],[25.80425,45.145496],[25.8038,45.145287],[25.80337,45.145388],[25.803166,45.145226],[25.8031,45.145174],[25.802664,45.144876],[25.802972,45.144663],[25.803158,45.144583],[25.803374,45.144487],[25.803074,45.14437],[25.802703,45.144251],[25.802602,45.144213],[25.802496,45.144172],[25.802428,45.144141],[25.80237,45.144117],[25.802398,45.144071],[25.802353,45.144039],[25.802293,45.143958],[25.802267,45.143865],[25.802218,45.143829],[25.802182,45.143803],[25.802181,45.143799],[25.802047,45.14386],[25.801983,45.143926],[25.801872,45.143977],[25.801832,45.143989],[25.801741,45.143983],[25.801607,45.143954],[25.801503,45.143927],[25.801414,45.143904],[25.801366,45.143892],[25.801159,45.143846],[25.801273,45.143744],[25.801333,45.143695],[25.801611,45.143454],[25.801527,45.143447],[25.801456,45.143437],[25.801353,45.143404],[25.801338,45.143383],[25.801315,45.143355],[25.801116,45.1433],[25.797581,45.141828],[25.79756,45.141651],[25.797617,45.141413],[25.797588,45.141355],[25.797543,45.141275],[25.797197,45.141426],[25.797077,45.14142],[25.797101,45.141307],[25.797292,45.141264],[25.797247,45.141021],[25.797177,45.140952],[25.797014,45.141026],[25.796893,45.141183],[25.796616,45.141218],[25.79673,45.141089],[25.796761,45.140943],[25.796715,45.140898],[25.79652,45.140946],[25.796332,45.141077],[25.796093,45.141126],[25.796034,45.141141],[25.79586,45.141011],[25.795811,45.140983],[25.795831,45.140791],[25.795715,45.140731],[25.795691,45.140634],[25.795534,45.140553],[25.795467,45.140639],[25.795323,45.140551],[25.794584,45.140095],[25.794853,45.139876],[25.796227,45.138929],[25.796333,45.138889],[25.796564,45.138689],[25.797002,45.138486],[25.797428,45.137921],[25.797805,45.137712],[25.797956,45.137377],[25.798171,45.137085],[25.800899,45.137797],[25.801683,45.137985],[25.8029,45.138189],[25.806133,45.138346],[25.806297,45.138283],[25.806533,45.137904],[25.806727,45.137766],[25.806827,45.137636],[25.807457,45.137641],[25.808118,45.137591],[25.807987,45.138423],[25.80835,45.138425],[25.808982,45.138434],[25.809448,45.13861],[25.80973,45.138433],[25.810015,45.138215],[25.810349,45.137996],[25.810473,45.138056],[25.81085,45.138123],[25.811661,45.138673],[25.81189,45.138961],[25.812095,45.139072],[25.811814,45.139143],[25.810943,45.13908],[25.810577,45.139127],[25.810247,45.13918],[25.810113,45.139332],[25.809813,45.139628],[25.809361,45.13998],[25.80994,45.140047],[25.810155,45.140126],[25.81069,45.140187],[25.810966,45.140242],[25.81163,45.140319],[25.812214,45.140401],[25.812524,45.140475],[25.812746,45.140484],[25.813554,45.140379],[25.814039,45.140423],[25.814434,45.140413],[25.814822,45.140371],[25.815379,45.140464],[25.815672,45.140455],[25.815757,45.140478],[25.815834,45.140498],[25.815943,45.140532],[25.816045,45.14057],[25.816086,45.140587],[25.816268,45.140709],[25.816605,45.140938],[25.816834,45.141139],[25.817157,45.141398],[25.817156,45.141399],[25.817333,45.14149],[25.817412,45.141518],[25.817576,45.14158],[25.817681,45.141612],[25.817794,45.14169],[25.818044,45.141786],[25.820568,45.143324],[25.820895,45.143416],[25.821169,45.142457],[25.820914,45.142418],[25.820843,45.142382],[25.820529,45.142096],[25.820151,45.141901],[25.81995,45.141678],[25.819788,45.141448],[25.819563,45.1412],[25.819246,45.140949],[25.818704,45.140622],[25.819765,45.140794],[25.819761,45.140314],[25.818301,45.139691],[25.816852,45.139251],[25.816585,45.139111],[25.816469,45.139083],[25.81636,45.13904],[25.816198,45.139],[25.816058,45.138974],[25.815815,45.138916],[25.815629,45.138875],[25.814679,45.138698],[25.812909,45.138448],[25.8127,45.138288],[25.812086,45.137765],[25.811663,45.137489],[25.81193,45.137218],[25.812147,45.136988],[25.812283,45.136668],[25.812604,45.136145],[25.812169,45.135763],[25.811913,45.135843],[25.811421,45.136131],[25.810966,45.136151],[25.81032,45.136124],[25.810339,45.135974],[25.810438,45.135518],[25.810661,45.135275],[25.810979,45.13526],[25.811389,45.135179],[25.811493,45.135041],[25.811223,45.134875],[25.811496,45.134634],[25.811983,45.134432],[25.812399,45.134363],[25.812225,45.134173],[25.81212,45.133826],[25.812275,45.133504],[25.812031,45.133156],[25.811644,45.133106],[25.811572,45.1331],[25.811053,45.133102],[25.810933,45.132991],[25.810792,45.132918],[25.810535,45.132752],[25.810245,45.13263],[25.809071,45.133014],[25.80967,45.133617],[25.809893,45.134231],[25.810025,45.134613],[25.810017,45.135044],[25.809691,45.135681],[25.808805,45.136182],[25.808525,45.136089],[25.808189,45.13626],[25.807291,45.135533],[25.806892,45.136309],[25.806546,45.136331],[25.806123,45.136552],[25.80575,45.136234],[25.804481,45.136017],[25.804889,45.136674],[25.802919,45.136186],[25.802468,45.136112],[25.800865,45.135933],[25.800775,45.135801],[25.800761,45.135541],[25.800747,45.135026],[25.800531,45.134906],[25.800123,45.134859],[25.799791,45.134877],[25.799209,45.134941],[25.798991,45.134963],[25.798911,45.13498],[25.798827,45.134994],[25.798738,45.134998],[25.798683,45.134994],[25.79862,45.13498],[25.798584,45.13497],[25.798577,45.134966],[25.798581,45.134947],[25.798588,45.134912],[25.798603,45.13484],[25.798611,45.134762],[25.798621,45.134663],[25.798619,45.134526],[25.798621,45.13441],[25.798502,45.133936],[25.79798,45.134108],[25.797685,45.133789],[25.797536,45.13376],[25.796786,45.133997],[25.796762,45.134004],[25.796296,45.134212],[25.795041,45.134819],[25.794235,45.13408],[25.793067,45.134378],[25.793027,45.134265],[25.793007,45.134218],[25.792973,45.134136],[25.79293,45.134048],[25.792927,45.134036],[25.792915,45.134003],[25.792909,45.133978],[25.792887,45.133916],[25.792879,45.133889],[25.792264,45.133094],[25.792459,45.132924],[25.792699,45.132781],[25.792778,45.132507],[25.792765,45.132306],[25.792725,45.132046],[25.793068,45.131814],[25.793151,45.131749],[25.792956,45.131533],[25.792646,45.131025],[25.78901,45.132462],[25.787617,45.131563],[25.787661,45.131013],[25.78759,45.130546],[25.787492,45.130325],[25.787464,45.130281],[25.787425,45.130197],[25.787389,45.130125],[25.787504,45.130029],[25.788152,45.129463],[25.788173,45.129436],[25.788208,45.129408],[25.788285,45.129359],[25.788851,45.12972],[25.788886,45.129736],[25.789122,45.129896],[25.789248,45.129993],[25.789612,45.13024],[25.789794,45.130341],[25.791076,45.129825],[25.79173,45.12961],[25.791995,45.129447],[25.792207,45.129239],[25.792227,45.129206],[25.792258,45.12912],[25.792274,45.129044],[25.792301,45.128953],[25.792302,45.128909],[25.792318,45.128805],[25.79232,45.128767],[25.792323,45.128728],[25.792331,45.128689],[25.792351,45.128613],[25.792371,45.128538],[25.792379,45.128435],[25.792182,45.128149],[25.792103,45.128068],[25.792089,45.128048],[25.791822,45.127684],[25.791906,45.127677],[25.792133,45.127769],[25.792916,45.127297],[25.792962,45.127296],[25.793077,45.127271],[25.793106,45.127274],[25.793137,45.127264],[25.793134,45.12736],[25.793138,45.127404],[25.79312,45.127478],[25.793406,45.127472],[25.793637,45.127536],[25.79387,45.127581],[25.793882,45.127582],[25.793952,45.127588],[25.794793,45.127947],[25.795263,45.128255],[25.795573,45.128488],[25.796262,45.128632],[25.796732,45.128944],[25.797001,45.129057],[25.79729,45.129251],[25.797754,45.12971],[25.797749,45.129997],[25.798346,45.129959],[25.798219,45.129276],[25.798194,45.129083],[25.798265,45.128997],[25.798293,45.128853],[25.7979,45.128614],[25.79785,45.128559],[25.798075,45.128566],[25.798323,45.128524],[25.798607,45.128419],[25.798338,45.128353],[25.79807,45.12785],[25.797983,45.127567],[25.797822,45.127395],[25.797533,45.127142],[25.797072,45.126854],[25.797057,45.126521],[25.796882,45.126482],[25.796566,45.126482],[25.796329,45.126573],[25.79613,45.126806],[25.795534,45.12668],[25.795376,45.126468],[25.795075,45.126486],[25.794972,45.126534],[25.794883,45.126566],[25.794709,45.126623],[25.794635,45.12665],[25.794587,45.126667],[25.794361,45.126685],[25.794319,45.126633],[25.794221,45.126623],[25.794073,45.126598],[25.793325,45.126475],[25.79256,45.126147],[25.791483,45.125809],[25.791456,45.125808],[25.791293,45.125775],[25.791079,45.125736],[25.79108,45.125577],[25.791077,45.125374],[25.791089,45.125334],[25.791083,45.125269],[25.791194,45.124725],[25.79122,45.124539],[25.79127,45.123958],[25.790815,45.123162],[25.790712,45.122966],[25.791147,45.122719],[25.791191,45.122738],[25.791754,45.122944],[25.792106,45.122986],[25.792299,45.122902],[25.792506,45.122667],[25.792567,45.122147],[25.793561,45.122427],[25.793939,45.122539],[25.794551,45.122601],[25.794655,45.122239],[25.79459,45.121607],[25.794377,45.121376],[25.795008,45.120961],[25.794865,45.120879],[25.795373,45.120427],[25.794269,45.120223],[25.792759,45.11998],[25.792253,45.119779],[25.792026,45.119696],[25.791912,45.119638],[25.791662,45.119408],[25.79159,45.11935],[25.791122,45.119158],[25.791167,45.119029],[25.791173,45.118977],[25.791248,45.118899],[25.791846,45.118455],[25.791868,45.118428],[25.791901,45.118396],[25.791968,45.118291],[25.792051,45.118167],[25.792203,45.117958],[25.792238,45.11792],[25.792302,45.117792],[25.792677,45.117701],[25.793039,45.117606],[25.793313,45.117454],[25.793375,45.117252],[25.79341,45.117074],[25.79343,45.116984],[25.793458,45.116954],[25.793663,45.116718],[25.793893,45.116627],[25.793939,45.116686],[25.793977,45.116731],[25.794038,45.116777],[25.794101,45.116832],[25.794116,45.116855],[25.794321,45.116972],[25.79477,45.116824],[25.794986,45.117062],[25.794917,45.117213],[25.794879,45.117418],[25.794881,45.1176],[25.79502,45.117827],[25.79531,45.118083],[25.795468,45.11816],[25.795801,45.118296],[25.796114,45.118341],[25.796138,45.117924],[25.796146,45.117621],[25.79628,45.117204],[25.796567,45.117278],[25.797106,45.116672],[25.796926,45.115079],[25.796655,45.114535],[25.796609,45.114385],[25.79661,45.11437],[25.794899,45.114524],[25.794686,45.114292],[25.794644,45.114222],[25.794603,45.114113],[25.794581,45.114068],[25.795131,45.113078],[25.79528,45.112712],[25.795359,45.112468],[25.797122,45.113046],[25.797197,45.113051],[25.798849,45.113336],[25.798954,45.113001],[25.798661,45.112861],[25.79907,45.112527],[25.798644,45.112058],[25.798145,45.1118],[25.797711,45.11195],[25.797611,45.111882],[25.797507,45.111823],[25.797392,45.111781],[25.797202,45.111717],[25.797039,45.111667],[25.79673,45.111518],[25.796625,45.11147],[25.796566,45.111441],[25.796528,45.111426],[25.795947,45.111229],[25.796342,45.110966],[25.796641,45.11073],[25.796837,45.110624],[25.796912,45.110591],[25.797042,45.110549],[25.797135,45.110414],[25.797189,45.110346],[25.797651,45.109831],[25.797767,45.109509],[25.797793,45.109429],[25.797808,45.109385],[25.798135,45.10866],[25.798386,45.108312],[25.799934,45.107195],[25.800652,45.10669],[25.800803,45.106571],[25.800924,45.106536],[25.801047,45.106514],[25.801181,45.106527],[25.801215,45.106533],[25.801247,45.106542],[25.801281,45.106602],[25.801577,45.106592],[25.801521,45.106271],[25.801948,45.106034],[25.802044,45.105794],[25.801999,45.105586],[25.802099,45.105025],[25.80214,45.104872],[25.802119,45.10444],[25.802773,45.104043],[25.802978,45.104151],[25.803216,45.104279],[25.803351,45.104344],[25.803727,45.104557],[25.803748,45.10453],[25.803797,45.10447],[25.803855,45.104407],[25.804473,45.104377],[25.804735,45.104307],[25.805073,45.104277],[25.80524,45.104346],[25.805475,45.104408],[25.805654,45.104412],[25.805597,45.104187],[25.805601,45.103955],[25.805659,45.103911],[25.806211,45.103571],[25.806146,45.103525],[25.806115,45.103501],[25.806042,45.103446],[25.805914,45.103346],[25.805813,45.103239],[25.806051,45.103033],[25.806389,45.102907],[25.806603,45.102846],[25.807862,45.102348],[25.808514,45.102157],[25.808715,45.10164],[25.808921,45.10098],[25.810934,45.100694],[25.811235,45.100422],[25.811592,45.100087],[25.811611,45.100054],[25.811863,45.099784],[25.812868,45.098708],[25.812466,45.098529],[25.812279,45.098322],[25.812292,45.098316],[25.812426,45.098259],[25.812775,45.097952],[25.812832,45.097912],[25.813013,45.097803],[25.813077,45.097767],[25.813109,45.097703],[25.813221,45.097418],[25.812613,45.097166],[25.811928,45.096944],[25.811936,45.097236],[25.81183,45.097545],[25.811845,45.097631],[25.81186,45.097785],[25.811684,45.097898],[25.811571,45.097962],[25.811031,45.098307],[25.81066,45.098167],[25.809023,45.098955],[25.808137,45.099357],[25.807828,45.099494],[25.807705,45.099954],[25.80736,45.100179],[25.807164,45.100489],[25.80698,45.100608],[25.806549,45.100675],[25.806109,45.100786],[25.805905,45.10085],[25.805364,45.101009],[25.80532,45.101036],[25.805276,45.101058],[25.805243,45.101071],[25.805163,45.1011],[25.805091,45.10116],[25.804703,45.100908],[25.803214,45.101524],[25.803051,45.101669],[25.802965,45.101777],[25.802857,45.101827],[25.80263,45.101851],[25.802382,45.101923],[25.801561,45.102287],[25.800644,45.102947],[25.800415,45.103288],[25.799806,45.104762],[25.799035,45.105341],[25.79867,45.105655],[25.798081,45.10631],[25.797741,45.106497],[25.797511,45.106626],[25.797136,45.106705],[25.796414,45.106983],[25.796223,45.107134],[25.796142,45.10733],[25.795862,45.109032],[25.795108,45.109827],[25.795073,45.109916],[25.794439,45.109637],[25.79415,45.110049],[25.794412,45.11012],[25.7939,45.110766],[25.793606,45.111424],[25.793431,45.112107],[25.792942,45.112715],[25.792546,45.112968],[25.791963,45.113962],[25.791728,45.114471],[25.791738,45.114819],[25.791877,45.11527],[25.791546,45.1154],[25.791301,45.11561],[25.791492,45.116069],[25.791541,45.116147],[25.791276,45.11656],[25.790733,45.116483],[25.789833,45.116393],[25.789251,45.116602],[25.78856,45.117216],[25.788701,45.117564],[25.789707,45.11794],[25.789301,45.118283],[25.789118,45.118533],[25.788518,45.119166],[25.787824,45.120154],[25.787541,45.120578],[25.787763,45.12132],[25.787655,45.121331],[25.78721,45.121431],[25.78698,45.121432],[25.786931,45.121439],[25.786821,45.121456],[25.786635,45.121447],[25.786621,45.121443],[25.786447,45.121396],[25.786372,45.121367],[25.786242,45.121318],[25.786003,45.121277],[25.785222,45.121218],[25.784756,45.121175],[25.784348,45.121164],[25.78385,45.121352],[25.7842,45.121613],[25.784563,45.121754],[25.784926,45.122061],[25.785111,45.12218],[25.785178,45.122224],[25.785278,45.122458],[25.785283,45.122472],[25.78523,45.122826],[25.785024,45.123014],[25.784732,45.12329],[25.784822,45.123368],[25.784427,45.124014],[25.783989,45.123943],[25.78384,45.123974],[25.783654,45.123977],[25.783539,45.124037],[25.783508,45.124412],[25.783375,45.124397],[25.783253,45.124389],[25.783142,45.124387],[25.783051,45.124383],[25.782922,45.124396],[25.781952,45.12443],[25.781775,45.124483],[25.781762,45.124033],[25.781782,45.123874],[25.781483,45.123844],[25.781078,45.123837],[25.780882,45.124009],[25.780627,45.1245],[25.781093,45.124621],[25.781198,45.12464],[25.781165,45.124737],[25.781133,45.124755],[25.781108,45.124783],[25.78107,45.124836],[25.781052,45.124859],[25.780974,45.124964],[25.780928,45.125042],[25.780784,45.125112],[25.780778,45.125422],[25.780937,45.125724],[25.781285,45.12614],[25.781421,45.126216],[25.781678,45.126279],[25.782168,45.126338],[25.782637,45.126476],[25.7826,45.126513],[25.782528,45.126543],[25.782486,45.126566],[25.782442,45.126594],[25.782342,45.126617],[25.78219,45.126643],[25.782148,45.126652],[25.782124,45.126662],[25.782058,45.126665],[25.78194,45.126664],[25.781829,45.126683],[25.781478,45.126782],[25.780915,45.126902],[25.781067,45.127481],[25.781132,45.127531],[25.781248,45.127568],[25.781285,45.127584],[25.781298,45.127588],[25.781361,45.127607],[25.781405,45.127615],[25.781454,45.127621],[25.781496,45.127614],[25.78154,45.127597],[25.781622,45.127562],[25.78164,45.127554],[25.78191,45.127509],[25.781943,45.127543],[25.7821,45.127495],[25.782423,45.127518],[25.782779,45.127574],[25.782816,45.127594],[25.782879,45.127652],[25.783001,45.127676],[25.783212,45.127775],[25.78324,45.127813],[25.783503,45.128116],[25.78349,45.128357],[25.783453,45.128666],[25.78371,45.128808],[25.784469,45.129464],[25.784487,45.129496],[25.784592,45.129601],[25.784664,45.12967],[25.784715,45.129742],[25.784977,45.129985],[25.785133,45.13013],[25.785681,45.130653],[25.78568,45.131163],[25.78526,45.131499],[25.785196,45.131498],[25.784206,45.131482],[25.784201,45.132196],[25.783065,45.132352],[25.782503,45.132661],[25.782892,45.133444],[25.78293,45.134047],[25.78294,45.134228],[25.782705,45.134525],[25.782419,45.134818],[25.782074,45.135197],[25.781381,45.135637],[25.780688,45.136127],[25.780354,45.136077],[25.779981,45.136021],[25.779701,45.135751],[25.779058,45.135376],[25.777894,45.13441],[25.777733,45.13431],[25.777676,45.134277],[25.777814,45.13405],[25.778011,45.133895],[25.778174,45.133748],[25.77836,45.133565],[25.778352,45.133472],[25.778293,45.133067],[25.778259,45.132975],[25.778299,45.132881],[25.778329,45.132809],[25.778351,45.132747],[25.778381,45.132633],[25.778269,45.132506],[25.777925,45.132108],[25.777565,45.131956],[25.777306,45.131919],[25.777315,45.13191],[25.777338,45.131871],[25.777342,45.131858],[25.777363,45.131783],[25.777375,45.131731],[25.7774,45.131662],[25.777425,45.131582],[25.777444,45.131498],[25.777323,45.131155],[25.777326,45.131113],[25.777329,45.131107],[25.777338,45.131077],[25.777349,45.130999],[25.777145,45.131015],[25.777091,45.131022],[25.777091,45.131007],[25.777087,45.1309],[25.77709,45.130894],[25.7771,45.130836],[25.777126,45.130725],[25.777167,45.130535],[25.777361,45.130183],[25.7774,45.130114],[25.777229,45.129718],[25.77721,45.129683],[25.776839,45.129428],[25.776326,45.129191],[25.77611,45.129086],[25.776045,45.129063],[25.77607,45.128965],[25.77609,45.128902],[25.77612,45.128842],[25.776146,45.12879],[25.774955,45.128161],[25.774836,45.128129],[25.774782,45.128086],[25.774634,45.128018],[25.774434,45.12782],[25.773574,45.126888],[25.773565,45.126869],[25.773058,45.126524],[25.772851,45.126154],[25.772737,45.126184],[25.772463,45.126239],[25.772417,45.126221],[25.772371,45.12622],[25.772012,45.126359],[25.772705,45.127332],[25.773126,45.12773],[25.77327,45.127921],[25.773082,45.128085],[25.77344,45.128402],[25.773753,45.128362],[25.774584,45.129472],[25.775605,45.13078],[25.776188,45.131974],[25.776826,45.133444],[25.776742,45.133706],[25.776827,45.134019],[25.776713,45.13407],[25.776736,45.134271],[25.77524,45.135305],[25.774792,45.135382],[25.774516,45.135406],[25.774378,45.13543],[25.774061,45.135457],[25.773826,45.135483],[25.773451,45.135566],[25.773439,45.13558],[25.7731,45.135627],[25.772997,45.135636],[25.772551,45.135703],[25.772323,45.135622],[25.772034,45.13545],[25.771957,45.135401],[25.771904,45.135366],[25.771865,45.135337],[25.771782,45.135272],[25.771706,45.1352],[25.771613,45.135113],[25.771562,45.135072],[25.771502,45.135045],[25.771432,45.135021],[25.771295,45.13498],[25.771144,45.134937],[25.770943,45.134876],[25.7709,45.134858],[25.770859,45.134838],[25.77059,45.134645],[25.770457,45.134537],[25.77028,45.134401],[25.770233,45.134362],[25.770142,45.134298],[25.770102,45.134273],[25.769457,45.13322],[25.769177,45.133295],[25.768997,45.133348],[25.768909,45.133208],[25.768873,45.133119],[25.7689,45.133064],[25.769121,45.133035],[25.768822,45.131909],[25.76857,45.130646],[25.768242,45.129726],[25.768112,45.129223],[25.766961,45.128263],[25.766569,45.127601],[25.766123,45.127069],[25.765702,45.126369],[25.764979,45.126822],[25.764934,45.127837],[25.76497,45.128095],[25.765015,45.128194],[25.765382,45.128489],[25.765821,45.129254],[25.76611,45.129563],[25.766579,45.130314],[25.767416,45.131694],[25.767763,45.134566],[25.767976,45.135253],[25.768065,45.135607],[25.76809,45.135994],[25.76823,45.136457],[25.768335,45.136636],[25.768385,45.13675],[25.768558,45.136922],[25.768995,45.137305],[25.769194,45.137625],[25.769321,45.137973],[25.769313,45.13812],[25.769104,45.138605],[25.768979,45.139031],[25.768871,45.139477],[25.768851,45.13965],[25.768832,45.141195],[25.769072,45.141934],[25.76946,45.14265],[25.769929,45.143182],[25.770529,45.144724],[25.770213,45.145967],[25.770202,45.14632],[25.770941,45.146696],[25.771047,45.146711],[25.771128,45.146732],[25.771237,45.146771],[25.771449,45.146918],[25.771483,45.146939],[25.771589,45.14701],[25.771676,45.147063],[25.771715,45.147096],[25.772803,45.147306],[25.773753,45.147506],[25.773614,45.147072],[25.773489,45.146268],[25.773509,45.146194],[25.774079,45.146007],[25.774853,45.14582],[25.775509,45.145573],[25.775946,45.145371],[25.775947,45.145321],[25.775926,45.145252],[25.77591,45.145196],[25.775908,45.145137],[25.775906,45.145101],[25.775899,45.145068],[25.775912,45.144998],[25.776337,45.144387],[25.776587,45.143992],[25.776984,45.143478],[25.777384,45.143237],[25.777691,45.143158],[25.777842,45.143133],[25.778402,45.143127],[25.778986,45.143313],[25.778969,45.143348],[25.778948,45.143442],[25.778708,45.143996],[25.778709,45.144262],[25.778979,45.144565],[25.779357,45.144885],[25.779656,45.145009],[25.779861,45.145032],[25.780021,45.145093],[25.78109,45.144692],[25.781135,45.144656],[25.781227,45.144582],[25.781293,45.144536],[25.781332,45.144511],[25.781348,45.144504],[25.78143,45.144461],[25.781636,45.144356],[25.78207,45.144453],[25.782251,45.144495],[25.783705,45.145012],[25.784176,45.146217],[25.784408,45.14651],[25.785229,45.146441],[25.785578,45.146288],[25.785716,45.146208],[25.785751,45.146093],[25.785898,45.144814],[25.786741,45.145002],[25.787494,45.145202],[25.787776,45.145111],[25.788265,45.144989],[25.78831,45.144861],[25.788179,45.144669],[25.787855,45.144257],[25.787532,45.144061],[25.787357,45.144109],[25.787034,45.144041],[25.786833,45.14403],[25.786854,45.144],[25.786953,45.143823],[25.787559,45.14273],[25.787584,45.142669],[25.787592,45.142652],[25.787606,45.142627],[25.787633,45.142581],[25.787658,45.142546],[25.787675,45.142516],[25.787715,45.142492],[25.787998,45.141856],[25.788192,45.141951],[25.788353,45.14202],[25.788515,45.142052],[25.788952,45.142258],[25.789102,45.142416],[25.789326,45.143035],[25.790352,45.142639],[25.790706,45.142629],[25.790884,45.142618],[25.790957,45.142602],[25.791884,45.142388],[25.791901,45.142376],[25.792191,45.142184],[25.792227,45.142198],[25.792254,45.142207],[25.792334,45.142233],[25.792373,45.142277],[25.792458,45.142365],[25.792537,45.142455],[25.792602,45.142508],[25.792655,45.14255],[25.792778,45.142627],[25.793575,45.14319],[25.793576,45.143217],[25.793481,45.143386],[25.793459,45.143424],[25.793454,45.143433],[25.793339,45.143461],[25.793156,45.143493],[25.793109,45.143502],[25.793034,45.143517],[25.792817,45.143515],[25.792881,45.143872],[25.793035,45.144696],[25.793507,45.145197],[25.793831,45.145508],[25.793954,45.14561],[25.794363,45.145654],[25.795887,45.145585],[25.796012,45.145611],[25.796127,45.145627],[25.796171,45.145548],[25.796196,45.145484],[25.796203,45.145465],[25.796378,45.145005],[25.796408,45.144584],[25.796819,45.144738],[25.796975,45.144497],[25.797151,45.144511],[25.79753,45.144454],[25.797888,45.144517],[25.797909,45.144511],[25.798095,45.144493],[25.798585,45.144648],[25.799093,45.144887],[25.79937,45.145192],[25.799709,45.145512],[25.799616,45.145711],[25.7994,45.145951],[25.798833,45.146302],[25.798514,45.1465],[25.798804,45.146938],[25.799027,45.14705],[25.799223,45.147105],[25.799579,45.14708],[25.79953,45.147399],[25.799557,45.147616],[25.800058,45.147372],[25.800403,45.147136],[25.800661,45.147052],[25.800797,45.14713],[25.800973,45.147317],[25.801125,45.147517],[25.800839,45.147895],[25.800541,45.148197],[25.800521,45.148388],[25.800721,45.148652],[25.800661,45.148776],[25.800865,45.149064],[25.802142,45.148515],[25.802367,45.148536],[25.802494,45.148758],[25.802547,45.148961],[25.8028,45.148959],[25.803011,45.148925],[25.803231,45.148803],[25.803454,45.148694],[25.803537,45.148334],[25.803493,45.147829],[25.803485,45.147808],[25.803564,45.147745],[25.803684,45.147663],[25.803723,45.147639],[25.803771,45.147608],[25.803822,45.147571],[25.80386,45.147545],[25.803989,45.14747],[25.804061,45.147429],[25.804141,45.147383],[25.804138,45.147488],[25.804119,45.147576],[25.80412,45.147667],[25.804139,45.147722],[25.804176,45.147809],[25.804206,45.147881],[25.804226,45.147983],[25.804226,45.147998],[25.804263,45.148071],[25.80432,45.148193],[25.804353,45.148309],[25.80436,45.148379],[25.804386,45.148514],[25.804414,45.148609],[25.804441,45.148694],[25.804466,45.148775],[25.804454,45.148775],[25.804414,45.148781],[25.804348,45.148807],[25.804223,45.148869],[25.804057,45.148954],[25.803675,45.149144],[25.803418,45.149295],[25.803314,45.149725],[25.803326,45.149771],[25.803368,45.149925],[25.803377,45.150048],[25.803366,45.150133],[25.803318,45.150246],[25.803199,45.150405],[25.802587,45.150618],[25.802396,45.150673],[25.802345,45.150664],[25.80222,45.150738],[25.801968,45.150865],[25.801804,45.150984],[25.801628,45.151102],[25.801477,45.151247],[25.80129,45.151402],[25.801358,45.151462],[25.801702,45.151732],[25.801857,45.15182],[25.801984,45.151919],[25.802163,45.151963],[25.802018,45.152329],[25.801908,45.152466],[25.801893,45.152488],[25.801875,45.152515],[25.801861,45.152535],[25.801738,45.152681],[25.80258,45.152917],[25.802661,45.153151],[25.80301,45.153307],[25.803336,45.15341],[25.803584,45.153391],[25.803826,45.153426],[25.803976,45.153497],[25.804328,45.153464],[25.804439,45.153544],[25.804649,45.153508],[25.804826,45.153539],[25.804845,45.153544],[25.804932,45.153602],[25.805013,45.153717],[25.805012,45.153728],[25.805058,45.153743],[25.805141,45.153763],[25.805206,45.153784],[25.805305,45.15382],[25.805383,45.153854],[25.805528,45.153913],[25.805637,45.153972],[25.805692,45.154007],[25.805747,45.15405],[25.805777,45.154074],[25.805843,45.154149],[25.805861,45.154187],[25.805876,45.154226],[25.805889,45.154276],[25.805897,45.154311],[25.805899,45.154336],[25.805892,45.154415],[25.805879,45.1545],[25.805861,45.154546],[25.805853,45.154698],[25.805905,45.154766],[25.805916,45.154822],[25.805939,45.154844],[25.806013,45.154902],[25.80603,45.154933],[25.806043,45.154989],[25.806035,45.155042],[25.806033,45.155082],[25.806028,45.155112],[25.806036,45.15517],[25.806041,45.15517],[25.806045,45.155184],[25.806053,45.155219],[25.806102,45.155275],[25.806179,45.155366],[25.806234,45.155455],[25.806235,45.155457],[25.806278,45.155598],[25.806279,45.155621],[25.806404,45.155611],[25.806591,45.155581],[25.806714,45.155395],[25.806857,45.155357],[25.807024,45.155233],[25.807283,45.155059]]],[[[25.827228,45.123278],[25.827337,45.123311],[25.827498,45.123509],[25.827685,45.12352],[25.827863,45.123389],[25.827724,45.12313],[25.827565,45.123011],[25.827017,45.122872],[25.826918,45.122647],[25.826795,45.12238],[25.826806,45.121996],[25.826772,45.121524],[25.826558,45.121461],[25.82601,45.121722],[25.825559,45.122007],[25.825807,45.12212],[25.826171,45.122556],[25.826315,45.122767],[25.826478,45.123018],[25.826307,45.123185],[25.826099,45.123225],[25.826092,45.123308],[25.826082,45.123496],[25.826157,45.123672],[25.826371,45.123746],[25.826703,45.123665],[25.826833,45.123511],[25.827228,45.123278]]],[[[25.767936,45.127206],[25.767852,45.127218],[25.767795,45.127281],[25.767769,45.127347],[25.767838,45.127444],[25.767993,45.127455],[25.768086,45.127413],[25.768136,45.12735],[25.768128,45.127265],[25.768098,45.127225],[25.767936,45.127206]]],[[[25.832831,45.128063],[25.832906,45.127936],[25.832978,45.127633],[25.833117,45.127216],[25.833063,45.127029],[25.832794,45.126693],[25.832851,45.126527],[25.832925,45.126327],[25.832872,45.126204],[25.832651,45.125991],[25.83241,45.125788],[25.831974,45.125124],[25.831873,45.125016],[25.831794,45.124868],[25.831583,45.124722],[25.831339,45.124669],[25.831142,45.124769],[25.830923,45.124404],[25.830643,45.124267],[25.830515,45.12395],[25.828372,45.124298],[25.828408,45.1247],[25.828384,45.125394],[25.828461,45.126001],[25.828422,45.127721],[25.828468,45.128518],[25.829043,45.128212],[25.829207,45.128923],[25.829444,45.129392],[25.829207,45.129828],[25.829215,45.130063],[25.829336,45.130144],[25.829804,45.130089],[25.831016,45.129637],[25.83288,45.129107],[25.832985,45.128708],[25.832989,45.128382],[25.832831,45.128063]]],[[[25.820961,45.13873],[25.821766,45.138724],[25.821679,45.138181],[25.821598,45.13799],[25.821511,45.137966],[25.82139,45.137969],[25.820655,45.137926],[25.8205,45.137605],[25.819258,45.137439],[25.819346,45.137255],[25.81925,45.136889],[25.818868,45.136878],[25.819006,45.136634],[25.819029,45.136386],[25.818905,45.1363],[25.818786,45.136263],[25.818711,45.136459],[25.818418,45.136412],[25.818149,45.135994],[25.818226,45.135838],[25.817881,45.135782],[25.817459,45.135715],[25.81739,45.13621],[25.817097,45.136074],[25.816814,45.136488],[25.8171,45.136877],[25.817214,45.137169],[25.817883,45.136945],[25.818147,45.137291],[25.818094,45.137543],[25.818379,45.138108],[25.818629,45.138391],[25.819171,45.13865],[25.819693,45.138922],[25.819998,45.139013],[25.820987,45.139006],[25.820961,45.13873]]],[[[25.834977,45.148149],[25.835002,45.148402],[25.835217,45.148416],[25.83518,45.148173],[25.834977,45.148149]]],[[[25.81638,45.156909],[25.815924,45.157123],[25.815117,45.157775],[25.815469,45.157933],[25.816128,45.157401],[25.816631,45.157631],[25.81617,45.158024],[25.81645,45.158155],[25.817432,45.157488],[25.81638,45.156909]]],[[[25.8222,45.157861],[25.822373,45.157535],[25.82245,45.157243],[25.822088,45.157236],[25.822279,45.157091],[25.821816,45.156958],[25.821375,45.157313],[25.821141,45.157231],[25.820513,45.157898],[25.819561,45.157784],[25.819251,45.158179],[25.820086,45.158535],[25.820401,45.158147],[25.820514,45.157945],[25.820756,45.157959],[25.821101,45.158024],[25.821921,45.158407],[25.822298,45.158537],[25.822437,45.158791],[25.822445,45.158794],[25.822709,45.158692],[25.823027,45.158588],[25.823023,45.158415],[25.822608,45.15794],[25.8222,45.157861]]],[[[25.820627,45.169378],[25.821483,45.16954],[25.821638,45.169545],[25.821958,45.169389],[25.822189,45.169382],[25.82264,45.169503],[25.822722,45.169777],[25.822976,45.169853],[25.823398,45.169819],[25.824005,45.169655],[25.824365,45.16975],[25.824659,45.169775],[25.824957,45.169947],[25.825416,45.170028],[25.825844,45.170082],[25.826175,45.169976],[25.827035,45.169672],[25.82634,45.169272],[25.826274,45.16871],[25.826045,45.168583],[25.825408,45.168507],[25.825265,45.16841],[25.825241,45.168378],[25.82507,45.168187],[25.824537,45.165727],[25.825248,45.165185],[25.825619,45.164937],[25.8258,45.16461],[25.826019,45.16445],[25.826467,45.164344],[25.826972,45.164251],[25.827482,45.16424],[25.828397,45.163985],[25.828725,45.16394],[25.829192,45.16395],[25.82999,45.164091],[25.830482,45.164048],[25.831088,45.163837],[25.831633,45.163436],[25.831858,45.163282],[25.832654,45.163208],[25.83276,45.162973],[25.833076,45.16272],[25.833837,45.162462],[25.834144,45.162208],[25.834567,45.161852],[25.834816,45.161744],[25.835062,45.161423],[25.834992,45.161066],[25.834859,45.160811],[25.834642,45.160624],[25.834882,45.160446],[25.834876,45.16],[25.83482,45.159555],[25.834587,45.159195],[25.834555,45.158994],[25.83445,45.158377],[25.83426,45.158227],[25.833753,45.158059],[25.833354,45.157805],[25.833051,45.157468],[25.832862,45.157293],[25.832763,45.156615],[25.832654,45.156389],[25.832103,45.156411],[25.832074,45.156863],[25.831803,45.157465],[25.831549,45.157947],[25.831658,45.15831],[25.832448,45.158502],[25.833037,45.158753],[25.833532,45.158915],[25.83378,45.159041],[25.833889,45.159336],[25.834139,45.160053],[25.829377,45.16001],[25.827168,45.160294],[25.825581,45.160504],[25.824435,45.160292],[25.824207,45.160665],[25.823269,45.160256],[25.823028,45.160597],[25.822183,45.160264],[25.822505,45.159734],[25.821362,45.159921],[25.821823,45.160441],[25.821864,45.160562],[25.821752,45.160912],[25.821774,45.161048],[25.821912,45.161212],[25.821823,45.161343],[25.819904,45.161391],[25.819853,45.161607],[25.81945,45.161455],[25.819014,45.161363],[25.818313,45.161209],[25.816397,45.161321],[25.814785,45.161739],[25.81403,45.161492],[25.813446,45.161355],[25.813249,45.161396],[25.812943,45.160614],[25.812463,45.16061],[25.812493,45.160464],[25.81054,45.160432],[25.810117,45.160587],[25.809958,45.160531],[25.809878,45.160457],[25.809259,45.160281],[25.80918,45.160108],[25.809128,45.15989],[25.809173,45.159599],[25.809105,45.159479],[25.808442,45.159017],[25.808016,45.158867],[25.807733,45.158477],[25.807967,45.158196],[25.807923,45.158126],[25.807516,45.157712],[25.807823,45.157559],[25.807684,45.157343],[25.807623,45.157192],[25.807855,45.157044],[25.807991,45.156948],[25.808045,45.156804],[25.807972,45.156671],[25.807725,45.156586],[25.807567,45.156409],[25.807291,45.156208],[25.806882,45.156382],[25.806638,45.156171],[25.806374,45.155936],[25.806361,45.155654],[25.806361,45.155654],[25.806325,45.155663],[25.806263,45.155622],[25.806086,45.155702],[25.805847,45.15574],[25.805331,45.155877],[25.805036,45.155983],[25.804771,45.156058],[25.804512,45.156148],[25.804333,45.156328],[25.804308,45.156466],[25.804183,45.156682],[25.804064,45.156861],[25.803857,45.157168],[25.805102,45.157162],[25.806216,45.158877],[25.807268,45.15997],[25.806543,45.160459],[25.805575,45.161859],[25.805237,45.162763],[25.80615,45.163078],[25.805906,45.163254],[25.805343,45.163744],[25.805086,45.164264],[25.804798,45.164935],[25.804498,45.165499],[25.80381,45.165274],[25.803411,45.165626],[25.803122,45.165793],[25.803135,45.165958],[25.80256,45.166006],[25.802163,45.165824],[25.801688,45.165489],[25.80132,45.165448],[25.800592,45.165314],[25.800097,45.165583],[25.80004,45.165726],[25.800052,45.165734],[25.800108,45.165714],[25.80012,45.165708],[25.800208,45.165732],[25.800415,45.165806],[25.800458,45.165822],[25.800623,45.165861],[25.800893,45.165927],[25.80096,45.165953],[25.80108,45.166002],[25.801297,45.16609],[25.801754,45.166285],[25.801981,45.166383],[25.80216,45.166474],[25.802289,45.166544],[25.80248,45.166644],[25.802558,45.166688],[25.802861,45.166807],[25.803072,45.166891],[25.803171,45.166928],[25.803393,45.167037],[25.803555,45.167116],[25.803862,45.167265],[25.804164,45.167429],[25.804222,45.167455],[25.80425,45.167479],[25.804299,45.167505],[25.804349,45.167527],[25.804508,45.167595],[25.804643,45.167654],[25.804758,45.167701],[25.804933,45.167771],[25.805103,45.167833],[25.805218,45.167874],[25.805414,45.167937],[25.805453,45.167949],[25.805884,45.167995],[25.80601,45.168002],[25.806125,45.167982],[25.806296,45.167955],[25.806353,45.167946],[25.806453,45.167933],[25.806502,45.167933],[25.80654,45.167939],[25.806581,45.167949],[25.806628,45.167965],[25.806687,45.167989],[25.806747,45.16801],[25.806819,45.168033],[25.806871,45.168049],[25.806943,45.168069],[25.807006,45.168098],[25.807081,45.168142],[25.807142,45.168186],[25.807209,45.168235],[25.807343,45.168326],[25.807446,45.168394],[25.807551,45.168474],[25.807624,45.168525],[25.807761,45.168624],[25.80788,45.168701],[25.807954,45.168749],[25.808581,45.168728],[25.808465,45.168305],[25.808837,45.168278],[25.809063,45.168207],[25.809274,45.168032],[25.809423,45.168017],[25.809841,45.168183],[25.810124,45.168293],[25.810592,45.168285],[25.811059,45.168323],[25.811387,45.168288],[25.811694,45.168532],[25.811826,45.168521],[25.812115,45.168018],[25.812455,45.167945],[25.812821,45.168098],[25.813052,45.168151],[25.813206,45.16809],[25.813315,45.168021],[25.813566,45.168038],[25.813752,45.168256],[25.813929,45.168364],[25.814147,45.168432],[25.814269,45.16813],[25.814419,45.168182],[25.814868,45.168325],[25.814726,45.168891],[25.814393,45.169188],[25.814319,45.169449],[25.814215,45.170144],[25.815816,45.170306],[25.816039,45.170025],[25.816486,45.169984],[25.819483,45.169905],[25.820102,45.169671],[25.820627,45.169378]]]],"type":"MultiPolygon"},"properties":{"fid":95.0,"INSPIRE_ID":"RO.298.135789.2","LABEL":"TELEGA","NATIONAL_C":"135789","BEGIN_LIFE":"16.06.2026","END_LIFESP":null,"ESTIMATED_":null,"LEVEL_ID":1.0,"LEVEL_NAME":1.0,"ORIGINAL_M":0.0,"VALID_FROM":"16.06.2026","VALID_TO":null,"STATUS":1.0,"APPLICATIO":0.0,"CADOPTYPE_":0.0,"CADASTRAL_":0.0,"OBJECTID":4817185.0,"CREATED_DT":"15.06.2026","LAST_UPDAT":null,"WORKSPACE_":298,"GEOGRAPHIC":"TELEGA","NAME":"TELEGA","AREA_VALUE":10501814.5835587,"ADMIN_UNIT":135789.0,"GEOMETRY.A":0.0,"GEOMETRY.L":0.0,"UAT_NAME":"Telega","UAT_SIRUTA":"135789.0","_s":{"f":"#d5d5d5","fo":0.3,"s":"#d5d5d5","so":1.0,"w":0.98,"r":5.0}}}]}