{"type":"FeatureCollection","features":[{"type":"Feature","geometry":{"coordinates":[[[[25.687601,45.096928,0.0],[25.687607,45.096946,0.0],[25.687616,45.096972,0.0],[25.687643,45.097036,0.0],[25.687669,45.097099,0.0],[25.687696,45.097164,0.0],[25.687707,45.097186,0.0],[25.687737,45.097244,0.0],[25.687767,45.097302,0.0],[25.687795,45.097355,0.0],[25.687818,45.097403,0.0],[25.687844,45.097457,0.0],[25.687852,45.097474,0.0],[25.687894,45.09755,0.0],[25.687937,45.097628,0.0],[25.687974,45.097692,0.0],[25.688009,45.097754,0.0],[25.688044,45.097814,0.0],[25.688072,45.097866,0.0],[25.688102,45.097921,0.0],[25.688116,45.097943,0.0],[25.688136,45.097971,0.0],[25.688198,45.098047,0.0],[25.688214,45.098065,0.0],[25.688232,45.098082,0.0],[25.688251,45.098099,0.0],[25.688271,45.098115,0.0],[25.688293,45.09813,0.0],[25.688355,45.098171,0.0],[25.688379,45.098186,0.0],[25.688405,45.0982,0.0],[25.688431,45.098212,0.0],[25.688459,45.098224,0.0],[25.688487,45.098234,0.0],[25.688568,45.09826,0.0],[25.688639,45.098279,0.0],[25.68865,45.098281,0.0],[25.688758,45.098301,0.0],[25.688818,45.098309,0.0],[25.688834,45.098311,0.0],[25.688923,45.098317,0.0],[25.689012,45.098324,0.0],[25.689036,45.098325,0.0],[25.68913,45.098329,0.0],[25.689223,45.098332,0.0],[25.689298,45.098335,0.0],[25.689366,45.098341,0.0],[25.689452,45.098349,0.0],[25.689523,45.098353,0.0],[25.689538,45.098355,0.0],[25.689563,45.098357,0.0],[25.689646,45.098364,0.0],[25.689731,45.098369,0.0],[25.689799,45.098373,0.0],[25.689868,45.09838,0.0],[25.689954,45.09839,0.0],[25.690041,45.098399,0.0],[25.690067,45.098401,0.0],[25.690094,45.098403,0.0],[25.690121,45.098403,0.0],[25.690148,45.098403,0.0],[25.690269,45.098398,0.0],[25.690316,45.098394,0.0],[25.690351,45.098389,0.0],[25.690417,45.098379,0.0],[25.690453,45.098372,0.0],[25.690477,45.098367,0.0],[25.69055,45.098348,0.0],[25.690578,45.09834,0.0],[25.690693,45.098306,0.0],[25.690708,45.098301,0.0],[25.690736,45.098291,0.0],[25.690822,45.098258,0.0],[25.690904,45.098227,0.0],[25.690979,45.098199,0.0],[25.691058,45.09817,0.0],[25.691112,45.09815,0.0],[25.691175,45.098133,0.0],[25.6912,45.098126,0.0],[25.69123,45.098123,0.0],[25.691298,45.098119,0.0],[25.691357,45.098119,0.0],[25.691446,45.09812,0.0],[25.691536,45.098122,0.0],[25.69155,45.098122,0.0],[25.691624,45.098117,0.0],[25.691722,45.098106,0.0],[25.691817,45.098095,0.0],[25.691883,45.098084,0.0],[25.691927,45.098074,0.0],[25.691986,45.098056,0.0],[25.692011,45.098049,0.0],[25.692034,45.09804,0.0],[25.692058,45.098031,0.0],[25.69208,45.098021,0.0],[25.692102,45.09801,0.0],[25.692157,45.097981,0.0],[25.692177,45.097969,0.0],[25.692196,45.097957,0.0],[25.692215,45.097944,0.0],[25.692233,45.097931,0.0],[25.692249,45.097916,0.0],[25.69228,45.097889,0.0],[25.692311,45.097858,0.0],[25.692323,45.097844,0.0],[25.692336,45.097827,0.0],[25.692341,45.098269,0.0],[25.692656,45.098267,0.0],[25.692673,45.09967,0.0],[25.693185,45.099667,0.0],[25.693196,45.100553,0.0],[25.694467,45.100545,0.0],[25.695623,45.100538,0.0],[25.695631,45.101187,0.0],[25.696901,45.101179,0.0],[25.697108,45.101178,0.0],[25.697123,45.101264,0.0],[25.697125,45.101275,0.0],[25.697129,45.101289,0.0],[25.697168,45.101431,0.0],[25.697176,45.101455,0.0],[25.697216,45.101563,0.0],[25.69726,45.10168,0.0],[25.697269,45.10172,0.0],[25.697264,45.10178,0.0],[25.697211,45.101886,0.0],[25.697128,45.102006,0.0],[25.697124,45.102013,0.0],[25.697033,45.102151,0.0],[25.697007,45.102202,0.0],[25.697003,45.102213,0.0],[25.696974,45.102296,0.0],[25.696963,45.102335,0.0],[25.696962,45.102343,0.0],[25.696949,45.102423,0.0],[25.696948,45.102432,0.0],[25.696934,45.102545,0.0],[25.696933,45.102579,0.0],[25.696934,45.102598,0.0],[25.696944,45.10272,0.0],[25.696949,45.102752,0.0],[25.696958,45.102784,0.0],[25.696991,45.102877,0.0],[25.696998,45.102895,0.0],[25.697024,45.102943,0.0],[25.697059,45.102988,0.0],[25.697103,45.103029,0.0],[25.697155,45.103065,0.0],[25.697213,45.103095,0.0],[25.697277,45.103119,0.0],[25.697293,45.103124,0.0],[25.697379,45.103149,0.0],[25.697418,45.103159,0.0],[25.69751,45.103179,0.0],[25.697522,45.103182,0.0],[25.697578,45.103191,0.0],[25.697641,45.103198,0.0],[25.697657,45.1032,0.0],[25.697719,45.103203,0.0],[25.697932,45.103204,0.0],[25.698028,45.103214,0.0],[25.69815,45.10324,0.0],[25.698159,45.103242,0.0],[25.698218,45.103251,0.0],[25.698309,45.103262,0.0],[25.698317,45.103263,0.0],[25.69836,45.103267,0.0],[25.698597,45.103289,0.0],[25.698667,45.103292,0.0],[25.698688,45.103291,0.0],[25.698916,45.103283,0.0],[25.698945,45.103281,0.0],[25.698975,45.103278,0.0],[25.699004,45.103274,0.0],[25.699033,45.103269,0.0],[25.699061,45.103262,0.0],[25.699088,45.103255,0.0],[25.699115,45.103246,0.0],[25.699142,45.103236,0.0],[25.699285,45.103178,0.0],[25.699308,45.103168,0.0],[25.699331,45.103157,0.0],[25.699353,45.103145,0.0],[25.699374,45.103133,0.0],[25.699394,45.103119,0.0],[25.699529,45.103023,0.0],[25.699557,45.103001,0.0],[25.699659,45.102914,0.0],[25.699698,45.102876,0.0],[25.699713,45.102858,0.0],[25.69982,45.102722,0.0],[25.699839,45.102694,0.0],[25.699844,45.102686,0.0],[25.699906,45.102584,0.0],[25.699965,45.102598,0.0],[25.699985,45.102602,0.0],[25.700089,45.10262,0.0],[25.70014,45.102627,0.0],[25.700174,45.102629,0.0],[25.70039,45.102639,0.0],[25.700579,45.10267,0.0],[25.700726,45.102781,0.0],[25.700746,45.102796,0.0],[25.700768,45.10281,0.0],[25.700791,45.102823,0.0],[25.700816,45.102835,0.0],[25.700841,45.102846,0.0],[25.700867,45.102856,0.0],[25.700893,45.102865,0.0],[25.700921,45.102873,0.0],[25.70094,45.102878,0.0],[25.700979,45.102898,0.0],[25.701043,45.102922,0.0],[25.701111,45.10294,0.0],[25.701182,45.10295,0.0],[25.701246,45.102953,0.0],[25.701424,45.102954,0.0],[25.701433,45.102954,0.0],[25.701441,45.102954,0.0],[25.701637,45.102959,0.0],[25.701651,45.102962,0.0],[25.701744,45.103076,0.0],[25.701758,45.103092,0.0],[25.701773,45.103108,0.0],[25.70179,45.103123,0.0],[25.701807,45.103137,0.0],[25.701826,45.103151,0.0],[25.701845,45.103164,0.0],[25.701825,45.103178,0.0],[25.701806,45.103193,0.0],[25.701788,45.103209,0.0],[25.701772,45.103226,0.0],[25.701757,45.103243,0.0],[25.701743,45.103261,0.0],[25.701731,45.10328,0.0],[25.701721,45.103298,0.0],[25.701682,45.103375,0.0],[25.701671,45.1034,0.0],[25.701656,45.10345,0.0],[25.701651,45.103501,0.0],[25.701657,45.103552,0.0],[25.701663,45.103574,0.0],[25.701681,45.103634,0.0],[25.701691,45.103662,0.0],[25.701717,45.10371,0.0],[25.701753,45.103755,0.0],[25.701797,45.103796,0.0],[25.701848,45.103832,0.0],[25.701881,45.10385,0.0],[25.701991,45.103906,0.0],[25.702015,45.103917,0.0],[25.70204,45.103928,0.0],[25.702065,45.103937,0.0],[25.702092,45.103946,0.0],[25.702119,45.103953,0.0],[25.702248,45.103986,0.0],[25.702244,45.104007,0.0],[25.702239,45.104049,0.0],[25.702239,45.104074,0.0],[25.702233,45.104088,0.0],[25.702227,45.104108,0.0],[25.702222,45.104129,0.0],[25.702218,45.104149,0.0],[25.702216,45.10417,0.0],[25.702216,45.10419,0.0],[25.702218,45.104211,0.0],[25.702221,45.104232,0.0],[25.702265,45.104449,0.0],[25.702281,45.1045,0.0],[25.702363,45.104692,0.0],[25.702384,45.104733,0.0],[25.702461,45.104857,0.0],[25.702474,45.104876,0.0],[25.702489,45.104895,0.0],[25.702505,45.104913,0.0],[25.702523,45.104931,0.0],[25.702619,45.105019,0.0],[25.702735,45.105156,0.0],[25.702747,45.105173,0.0],[25.702753,45.10518,0.0],[25.702762,45.105193,0.0],[25.702793,45.105242,0.0],[25.702835,45.105304,0.0],[25.702869,45.105346,0.0],[25.702913,45.105387,0.0],[25.702964,45.105423,0.0],[25.703023,45.105454,0.0],[25.703045,45.105463,0.0],[25.703132,45.105498,0.0],[25.703155,45.105506,0.0],[25.70318,45.105514,0.0],[25.703205,45.105521,0.0],[25.70323,45.105527,0.0],[25.703256,45.105532,0.0],[25.703282,45.105535,0.0],[25.703294,45.105538,0.0],[25.70336,45.105555,0.0],[25.703431,45.105565,0.0],[25.703504,45.105568,0.0],[25.703576,45.105564,0.0],[25.703647,45.105553,0.0],[25.703714,45.105535,0.0],[25.703724,45.105531,0.0],[25.703849,45.105487,0.0],[25.703875,45.105478,0.0],[25.703901,45.105467,0.0],[25.703925,45.105455,0.0],[25.703948,45.105442,0.0],[25.70397,45.105428,0.0],[25.703991,45.105414,0.0],[25.704011,45.105398,0.0],[25.70403,45.105382,0.0],[25.704129,45.105288,0.0],[25.704137,45.105284,0.0],[25.704152,45.105279,0.0],[25.70417,45.105271,0.0],[25.704228,45.10524,0.0],[25.704279,45.105203,0.0],[25.704322,45.105162,0.0],[25.704356,45.105116,0.0],[25.704381,45.105068,0.0],[25.704393,45.105029,0.0],[25.704415,45.104931,0.0],[25.704435,45.104904,0.0],[25.704446,45.104889,0.0],[25.704452,45.10488,0.0],[25.704493,45.104824,0.0],[25.704525,45.104779,0.0],[25.70453,45.104774,0.0],[25.704598,45.104765,0.0],[25.704611,45.104763,0.0],[25.704723,45.104778,0.0],[25.704828,45.104793,0.0],[25.70487,45.104799,0.0],[25.704925,45.104817,0.0],[25.705038,45.104855,0.0],[25.705089,45.104872,0.0],[25.705128,45.104895,0.0],[25.705218,45.104951,0.0],[25.705309,45.105006,0.0],[25.705399,45.105061,0.0],[25.705491,45.105116,0.0],[25.705511,45.105128,0.0],[25.705583,45.105167,0.0],[25.705655,45.105207,0.0],[25.705727,45.105246,0.0],[25.705752,45.105258,0.0],[25.705777,45.10527,0.0],[25.705804,45.10528,0.0],[25.705831,45.10529,0.0],[25.705859,45.105298,0.0],[25.705888,45.105305,0.0],[25.705984,45.105326,0.0],[25.706081,45.105347,0.0],[25.706111,45.105352,0.0],[25.706142,45.105357,0.0],[25.706172,45.10536,0.0],[25.706204,45.105362,0.0],[25.706323,45.105366,0.0],[25.706442,45.105371,0.0],[25.706562,45.105375,0.0],[25.706681,45.105379,0.0],[25.706803,45.105384,0.0],[25.706824,45.105402,0.0],[25.706858,45.105434,0.0],[25.706899,45.105489,0.0],[25.707018,45.105645,0.0],[25.707065,45.105707,0.0],[25.707095,45.105759,0.0],[25.707134,45.105827,0.0],[25.707175,45.105896,0.0],[25.707175,45.105956,0.0],[25.707175,45.106023,0.0],[25.707176,45.106036,0.0],[25.70718,45.106111,0.0],[25.707183,45.106164,0.0],[25.707166,45.106208,0.0],[25.707153,45.106254,0.0],[25.707149,45.106305,0.0],[25.707155,45.106356,0.0],[25.707171,45.106406,0.0],[25.707188,45.10644,0.0],[25.707201,45.106462,0.0],[25.707202,45.10648,0.0],[25.707202,45.106558,0.0],[25.707202,45.106645,0.0],[25.707208,45.106697,0.0],[25.707224,45.106747,0.0],[25.70725,45.106795,0.0],[25.707286,45.10684,0.0],[25.707319,45.106872,0.0],[25.707383,45.106927,0.0],[25.707447,45.106982,0.0],[25.707511,45.107037,0.0],[25.707575,45.107092,0.0],[25.707586,45.107101,0.0],[25.707638,45.107137,0.0],[25.707696,45.107167,0.0],[25.70776,45.107191,0.0],[25.707828,45.107209,0.0],[25.707889,45.107218,0.0],[25.70798,45.107228,0.0],[25.708071,45.107238,0.0],[25.7081,45.107241,0.0],[25.708129,45.107242,0.0],[25.708159,45.107243,0.0],[25.708188,45.107241,0.0],[25.708217,45.107239,0.0],[25.708325,45.107229,0.0],[25.708433,45.107218,0.0],[25.708542,45.107208,0.0],[25.70865,45.107198,0.0],[25.708758,45.107187,0.0],[25.708788,45.107184,0.0],[25.708818,45.107179,0.0],[25.708848,45.107172,0.0],[25.708877,45.107165,0.0],[25.708905,45.107156,0.0],[25.708933,45.107146,0.0],[25.709352,45.106984,0.0],[25.709439,45.10695,0.0],[25.709505,45.106929,0.0],[25.709549,45.106994,0.0],[25.7096,45.10707,0.0],[25.709652,45.107146,0.0],[25.709703,45.107222,0.0],[25.709755,45.107298,0.0],[25.709784,45.107342,0.0],[25.709799,45.107382,0.0],[25.709825,45.107457,0.0],[25.709852,45.107531,0.0],[25.709879,45.107606,0.0],[25.709887,45.107626,0.0],[25.709896,45.107645,0.0],[25.709907,45.107664,0.0],[25.709919,45.107682,0.0],[25.709971,45.107753,0.0],[25.710022,45.107823,0.0],[25.710073,45.107894,0.0],[25.710124,45.107964,0.0],[25.710151,45.107997,0.0],[25.710172,45.108018,0.0],[25.710241,45.108082,0.0],[25.71031,45.108147,0.0],[25.710379,45.108211,0.0],[25.710402,45.108231,0.0],[25.710454,45.108267,0.0],[25.710513,45.108297,0.0],[25.710577,45.108321,0.0],[25.710638,45.108338,0.0],[25.71073,45.108357,0.0],[25.710825,45.108377,0.0],[25.710896,45.108388,0.0],[25.71101,45.1084,0.0],[25.711124,45.108411,0.0],[25.711237,45.108422,0.0],[25.711351,45.108434,0.0],[25.711465,45.108445,0.0],[25.711578,45.108457,0.0],[25.711615,45.10846,0.0],[25.711674,45.108518,0.0],[25.711741,45.108584,0.0],[25.711799,45.108641,0.0],[25.711856,45.108706,0.0],[25.711922,45.108779,0.0],[25.711926,45.108784,0.0],[25.711988,45.108853,0.0],[25.712053,45.108926,0.0],[25.712108,45.108987,0.0],[25.712101,45.10902,0.0],[25.71209,45.109074,0.0],[25.712069,45.109145,0.0],[25.712044,45.109228,0.0],[25.71202,45.109311,0.0],[25.711995,45.109395,0.0],[25.71197,45.109478,0.0],[25.711945,45.109561,0.0],[25.711926,45.109625,0.0],[25.711905,45.10967,0.0],[25.71186,45.109765,0.0],[25.711834,45.109798,0.0],[25.711783,45.109862,0.0],[25.711754,45.109898,0.0],[25.711708,45.109938,0.0],[25.711633,45.110002,0.0],[25.711558,45.110066,0.0],[25.711484,45.110131,0.0],[25.711473,45.11014,0.0],[25.711405,45.110203,0.0],[25.711201,45.110392,0.0],[25.711132,45.110455,0.0],[25.711063,45.110519,0.0],[25.710995,45.110583,0.0],[25.710927,45.110647,0.0],[25.710858,45.11071,0.0],[25.71079,45.110774,0.0],[25.710722,45.110838,0.0],[25.710704,45.110855,0.0],[25.710687,45.110874,0.0],[25.710673,45.110893,0.0],[25.71066,45.110913,0.0],[25.710648,45.110933,0.0],[25.710639,45.110954,0.0],[25.710631,45.110975,0.0],[25.710625,45.110996,0.0],[25.710608,45.111067,0.0],[25.710591,45.111137,0.0],[25.710575,45.111208,0.0],[25.710558,45.111278,0.0],[25.710554,45.111299,0.0],[25.710552,45.111319,0.0],[25.710551,45.111339,0.0],[25.710552,45.11136,0.0],[25.710555,45.11138,0.0],[25.710559,45.1114,0.0],[25.710565,45.11142,0.0],[25.710572,45.11144,0.0],[25.710637,45.111596,0.0],[25.71067,45.111674,0.0],[25.710702,45.111752,0.0],[25.710736,45.111831,0.0],[25.710747,45.111856,0.0],[25.71079,45.111935,0.0],[25.710832,45.112013,0.0],[25.710874,45.112092,0.0],[25.710917,45.112171,0.0],[25.710959,45.11225,0.0],[25.710988,45.112305,0.0],[25.711008,45.112367,0.0],[25.711036,45.112454,0.0],[25.71105,45.112498,0.0],[25.711049,45.112531,0.0],[25.711046,45.112608,0.0],[25.711044,45.112685,0.0],[25.711041,45.112763,0.0],[25.711038,45.11284,0.0],[25.711035,45.112917,0.0],[25.711035,45.112932,0.0],[25.711038,45.113009,0.0],[25.71104,45.113083,0.0],[25.711046,45.113129,0.0],[25.711061,45.113178,0.0],[25.711097,45.113262,0.0],[25.711132,45.113346,0.0],[25.711159,45.113394,0.0],[25.711194,45.113439,0.0],[25.711238,45.11348,0.0],[25.71129,45.113516,0.0],[25.711348,45.113546,0.0],[25.711412,45.113571,0.0],[25.71148,45.113588,0.0],[25.711551,45.113599,0.0],[25.71159,45.113601,0.0],[25.7116,45.113604,0.0],[25.711697,45.113637,0.0],[25.711794,45.113669,0.0],[25.711891,45.113702,0.0],[25.711976,45.113731,0.0],[25.712055,45.113761,0.0],[25.712146,45.113796,0.0],[25.712237,45.113831,0.0],[25.712325,45.113865,0.0],[25.712422,45.113904,0.0],[25.712523,45.113944,0.0],[25.712624,45.113984,0.0],[25.712725,45.114025,0.0],[25.712826,45.114065,0.0],[25.712927,45.114105,0.0],[25.713005,45.114137,0.0],[25.713033,45.114148,0.0],[25.713061,45.114185,0.0],[25.71311,45.114249,0.0],[25.713138,45.114286,0.0],[25.71309,45.114348,0.0],[25.71305,45.114399,0.0],[25.712996,45.11445,0.0],[25.712922,45.114521,0.0],[25.712847,45.114593,0.0],[25.712825,45.114615,0.0],[25.71279,45.114661,0.0],[25.712766,45.114709,0.0],[25.712751,45.114759,0.0],[25.712746,45.114811,0.0],[25.712752,45.114862,0.0],[25.712768,45.114912,0.0],[25.712794,45.11496,0.0],[25.71283,45.115005,0.0],[25.712874,45.115045,0.0],[25.71292,45.115078,0.0],[25.712978,45.115114,0.0],[25.713039,45.115155,0.0],[25.713107,45.115199,0.0],[25.713129,45.115213,0.0],[25.713153,45.115226,0.0],[25.713178,45.115239,0.0],[25.713203,45.11525,0.0],[25.71323,45.115259,0.0],[25.713257,45.115268,0.0],[25.713285,45.115276,0.0],[25.713314,45.115282,0.0],[25.71342,45.115304,0.0],[25.713525,45.115325,0.0],[25.713631,45.115347,0.0],[25.713658,45.115352,0.0],[25.713679,45.115362,0.0],[25.713768,45.115405,0.0],[25.713856,45.115447,0.0],[25.713944,45.11549,0.0],[25.713959,45.115496,0.0],[25.713975,45.115503,0.0],[25.714076,45.115545,0.0],[25.714177,45.115586,0.0],[25.714279,45.115628,0.0],[25.714326,45.115645,0.0],[25.714395,45.115663,0.0],[25.714466,45.115673,0.0],[25.714538,45.115676,0.0],[25.714598,45.115674,0.0],[25.714716,45.115663,0.0],[25.714834,45.115652,0.0],[25.714952,45.115642,0.0],[25.71498,45.115639,0.0],[25.715008,45.115634,0.0],[25.715036,45.115629,0.0],[25.715063,45.115622,0.0],[25.715089,45.115615,0.0],[25.715115,45.115606,0.0],[25.71521,45.115573,0.0],[25.715304,45.11554,0.0],[25.715398,45.115506,0.0],[25.715492,45.115473,0.0],[25.715545,45.115451,0.0],[25.715644,45.115404,0.0],[25.715742,45.115358,0.0],[25.71584,45.115312,0.0],[25.715938,45.115266,0.0],[25.716036,45.11522,0.0],[25.716134,45.115173,0.0],[25.71633,45.115081,0.0],[25.716411,45.115043,0.0],[25.716489,45.115013,0.0],[25.716585,45.114975,0.0],[25.716681,45.114937,0.0],[25.716777,45.1149,0.0],[25.716811,45.114885,0.0],[25.716915,45.114836,0.0],[25.717121,45.114739,0.0],[25.717303,45.114653,0.0],[25.717394,45.11461,0.0],[25.717446,45.114581,0.0],[25.717457,45.114574,0.0],[25.717636,45.114455,0.0],[25.717726,45.114396,0.0],[25.717815,45.114337,0.0],[25.717905,45.114277,0.0],[25.717945,45.114248,0.0],[25.717962,45.114233,0.0],[25.718038,45.114162,0.0],[25.718114,45.114092,0.0],[25.71819,45.114021,0.0],[25.718251,45.113964,0.0],[25.718316,45.113914,0.0],[25.718398,45.113852,0.0],[25.718479,45.11379,0.0],[25.718528,45.113752,0.0],[25.718568,45.113731,0.0],[25.718646,45.11369,0.0],[25.718723,45.113649,0.0],[25.718738,45.113641,0.0],[25.71876,45.113636,0.0],[25.718857,45.113612,0.0],[25.718926,45.113595,0.0],[25.719011,45.113582,0.0],[25.719124,45.113564,0.0],[25.719236,45.113546,0.0],[25.719349,45.113528,0.0],[25.719462,45.11351,0.0],[25.719578,45.113492,0.0],[25.719671,45.113476,0.0],[25.719853,45.113445,0.0],[25.719879,45.11344,0.0],[25.719905,45.113435,0.0],[25.71993,45.113428,0.0],[25.719955,45.11342,0.0],[25.719979,45.113411,0.0],[25.72009,45.113368,0.0],[25.720201,45.113325,0.0],[25.720275,45.113297,0.0],[25.720297,45.113295,0.0],[25.720305,45.113293,0.0],[25.72035,45.113339,0.0],[25.720414,45.113402,0.0],[25.720601,45.113586,0.0],[25.720663,45.113648,0.0],[25.720695,45.113676,0.0],[25.720727,45.1137,0.0],[25.720816,45.113759,0.0],[25.720904,45.113818,0.0],[25.720974,45.113864,0.0],[25.721023,45.113904,0.0],[25.721155,45.114012,0.0],[25.721222,45.114067,0.0],[25.721277,45.114106,0.0],[25.721368,45.11416,0.0],[25.721458,45.114213,0.0],[25.721547,45.114266,0.0],[25.721571,45.11428,0.0],[25.721584,45.114292,0.0],[25.721605,45.11431,0.0],[25.721636,45.114333,0.0],[25.721722,45.11439,0.0],[25.721807,45.114448,0.0],[25.721893,45.114505,0.0],[25.72197,45.114557,0.0],[25.722048,45.114614,0.0],[25.722134,45.114677,0.0],[25.72222,45.11474,0.0],[25.722306,45.114802,0.0],[25.722327,45.114817,0.0],[25.722349,45.11483,0.0],[25.722372,45.114843,0.0],[25.722396,45.114855,0.0],[25.722421,45.114865,0.0],[25.722522,45.114906,0.0],[25.722622,45.114946,0.0],[25.722723,45.114986,0.0],[25.722822,45.115026,0.0],[25.722904,45.115059,0.0],[25.722994,45.115096,0.0],[25.723028,45.11511,0.0],[25.723036,45.115114,0.0],[25.723079,45.115131,0.0],[25.723089,45.115136,0.0],[25.723165,45.115167,0.0],[25.723182,45.115175,0.0],[25.72321,45.115186,0.0],[25.723236,45.115197,0.0],[25.723287,45.115221,0.0],[25.723393,45.115267,0.0],[25.7235,45.115313,0.0],[25.723606,45.115358,0.0],[25.723713,45.115404,0.0],[25.723801,45.115441,0.0],[25.723809,45.115445,0.0],[25.723865,45.11548,0.0],[25.723952,45.115533,0.0],[25.723993,45.115559,0.0],[25.723998,45.115563,0.0],[25.724008,45.115572,0.0],[25.724035,45.115597,0.0],[25.724077,45.115644,0.0],[25.724083,45.115651,0.0],[25.724112,45.115683,0.0],[25.724144,45.11573,0.0],[25.724189,45.115798,0.0],[25.724233,45.115866,0.0],[25.724278,45.115935,0.0],[25.724294,45.115957,0.0],[25.724353,45.116033,0.0],[25.72441,45.116107,0.0],[25.72444,45.116142,0.0],[25.724469,45.116172,0.0],[25.724504,45.116205,0.0],[25.724579,45.116267,0.0],[25.724654,45.11633,0.0],[25.724729,45.116392,0.0],[25.724749,45.116407,0.0],[25.72477,45.116422,0.0],[25.724792,45.116436,0.0],[25.724848,45.116468,0.0],[25.724906,45.116502,0.0],[25.724954,45.116529,0.0],[25.725,45.116553,0.0],[25.725017,45.11656,0.0],[25.725023,45.116563,0.0],[25.725083,45.116589,0.0],[25.725143,45.116615,0.0],[25.725179,45.116626,0.0],[25.725203,45.116636,0.0],[25.725212,45.116638,0.0],[25.725237,45.116646,0.0],[25.725262,45.116652,0.0],[25.725305,45.116662,0.0],[25.725349,45.116671,0.0],[25.725363,45.116673,0.0],[25.725432,45.116689,0.0],[25.725517,45.116707,0.0],[25.725547,45.116713,0.0],[25.725577,45.116717,0.0],[25.725607,45.11672,0.0],[25.725637,45.116722,0.0],[25.725668,45.116723,0.0],[25.725785,45.116722,0.0],[25.725797,45.116722,0.0],[25.725861,45.11672,0.0],[25.725923,45.116719,0.0],[25.725934,45.116719,0.0],[25.725942,45.116719,0.0],[25.726005,45.116715,0.0],[25.726017,45.116713,0.0],[25.726033,45.116711,0.0],[25.726082,45.116703,0.0],[25.726092,45.116701,0.0],[25.726109,45.116698,0.0],[25.726119,45.116696,0.0],[25.726221,45.11668,0.0],[25.726323,45.116664,0.0],[25.726425,45.116647,0.0],[25.726446,45.116643,0.0],[25.726486,45.116663,0.0],[25.726581,45.116708,0.0],[25.726596,45.116715,0.0],[25.726631,45.116731,0.0],[25.726649,45.116749,0.0],[25.726674,45.11677,0.0],[25.726725,45.116806,0.0],[25.726768,45.116831,0.0],[25.726837,45.116874,0.0],[25.726853,45.116884,0.0],[25.7269,45.11691,0.0],[25.726963,45.116956,0.0],[25.727016,45.116995,0.0],[25.727038,45.117016,0.0],[25.72708,45.117057,0.0],[25.72711,45.117085,0.0],[25.727162,45.117121,0.0],[25.727221,45.117151,0.0],[25.727285,45.117175,0.0],[25.727353,45.117193,0.0],[25.727424,45.117203,0.0],[25.727496,45.117206,0.0],[25.727569,45.117202,0.0],[25.727639,45.117191,0.0],[25.727707,45.117172,0.0],[25.72777,45.117147,0.0],[25.727827,45.117117,0.0],[25.727864,45.117094,0.0],[25.727916,45.117057,0.0],[25.72793,45.117045,0.0],[25.728003,45.116978,0.0],[25.72806,45.116926,0.0],[25.728117,45.116885,0.0],[25.728191,45.11683,0.0],[25.728266,45.116775,0.0],[25.728281,45.116763,0.0],[25.728362,45.116698,0.0],[25.728438,45.116637,0.0],[25.728512,45.116581,0.0],[25.728591,45.116521,0.0],[25.72867,45.116461,0.0],[25.728746,45.116403,0.0],[25.728817,45.116351,0.0],[25.728966,45.116241,0.0],[25.729041,45.116186,0.0],[25.729116,45.116131,0.0],[25.729195,45.116073,0.0],[25.729272,45.116015,0.0],[25.72935,45.115957,0.0],[25.729367,45.115944,0.0],[25.729397,45.115963,0.0],[25.729477,45.116015,0.0],[25.729489,45.116023,0.0],[25.729559,45.116069,0.0],[25.729629,45.116114,0.0],[25.729679,45.116147,0.0],[25.729705,45.116168,0.0],[25.72975,45.116204,0.0],[25.729812,45.116253,0.0],[25.729873,45.116302,0.0],[25.729917,45.116332,0.0],[25.730002,45.116385,0.0],[25.730087,45.116438,0.0],[25.730093,45.116442,0.0],[25.730105,45.116449,0.0],[25.730164,45.116482,0.0],[25.730222,45.116515,0.0],[25.730237,45.116523,0.0],[25.730296,45.116554,0.0],[25.73033,45.11657,0.0],[25.730362,45.11659,0.0],[25.730447,45.116644,0.0],[25.730533,45.116697,0.0],[25.730618,45.116751,0.0],[25.730703,45.116804,0.0],[25.730775,45.116846,0.0],[25.730791,45.116856,0.0],[25.730796,45.116862,0.0],[25.73084,45.116882,0.0],[25.730856,45.116891,0.0],[25.73092,45.116915,0.0],[25.730988,45.116932,0.0],[25.731059,45.116943,0.0],[25.731132,45.116946,0.0],[25.731204,45.116942,0.0],[25.731248,45.116937,0.0],[25.731277,45.11693,0.0],[25.731303,45.116923,0.0],[25.731324,45.118549,0.0],[25.732531,45.118541,0.0],[25.732533,45.118752,0.0],[25.733804,45.118744,0.0],[25.735075,45.118736,0.0],[25.735052,45.116936,0.0],[25.734619,45.116939,0.0],[25.734618,45.116917,0.0],[25.735421,45.116912,0.0],[25.735805,45.11691,0.0],[25.735806,45.11691,0.0],[25.735813,45.116916,0.0],[25.73582,45.116919,0.0],[25.735883,45.116947,0.0],[25.736581,45.117282,0.0],[25.73678,45.117379,0.0],[25.736174,45.117383,0.0],[25.736197,45.119182,0.0],[25.737468,45.119174,0.0],[25.738739,45.119166,0.0],[25.738716,45.117366,0.0],[25.738618,45.117367,0.0],[25.738629,45.11733,0.0],[25.738633,45.117278,0.0],[25.738627,45.117227,0.0],[25.738611,45.117177,0.0],[25.738585,45.117129,0.0],[25.73855,45.117084,0.0],[25.738506,45.117043,0.0],[25.738454,45.117007,0.0],[25.738435,45.116997,0.0],[25.738188,45.116859,0.0],[25.738209,45.116835,0.0],[25.738379,45.116607,0.0],[25.738394,45.116585,0.0],[25.738418,45.11654,0.0],[25.738483,45.116383,0.0],[25.738514,45.116328,0.0],[25.738574,45.116226,0.0],[25.738593,45.116186,0.0],[25.738606,45.116147,0.0],[25.738614,45.116111,0.0],[25.739502,45.116106,0.0],[25.739482,45.114575,0.0],[25.739514,45.11454,0.0],[25.739596,45.114451,0.0],[25.739676,45.114365,0.0],[25.739683,45.114358,0.0],[25.73969,45.114349,0.0],[25.739789,45.114231,0.0],[25.739795,45.114224,0.0],[25.739847,45.114157,0.0],[25.739868,45.114128,0.0],[25.739892,45.11408,0.0],[25.739907,45.11403,0.0],[25.739912,45.113978,0.0],[25.739906,45.113927,0.0],[25.739903,45.113918,0.0],[25.739902,45.113865,0.0],[25.739896,45.113815,0.0],[25.739882,45.113755,0.0],[25.739855,45.113644,0.0],[25.739841,45.113601,0.0],[25.739831,45.11358,0.0],[25.73975,45.113426,0.0],[25.73974,45.113409,0.0],[25.739728,45.113391,0.0],[25.739716,45.113375,0.0],[25.739702,45.113358,0.0],[25.739687,45.113342,0.0],[25.739659,45.113315,0.0],[25.739639,45.113296,0.0],[25.739506,45.113183,0.0],[25.739441,45.113119,0.0],[25.739421,45.113101,0.0],[25.739388,45.113072,0.0],[25.73937,45.113057,0.0],[25.73935,45.113043,0.0],[25.739329,45.113029,0.0],[25.739307,45.113016,0.0],[25.739284,45.113005,0.0],[25.739209,45.112968,0.0],[25.739192,45.112961,0.0],[25.739177,45.112954,0.0],[25.739168,45.112951,0.0],[25.73914,45.112871,0.0],[25.73908,45.112671,0.0],[25.73912,45.112567,0.0],[25.739141,45.11253,0.0],[25.739242,45.112352,0.0],[25.739307,45.112334,0.0],[25.739371,45.112309,0.0],[25.739428,45.112278,0.0],[25.739479,45.112241,0.0],[25.739522,45.1122,0.0],[25.739556,45.112155,0.0],[25.739581,45.112106,0.0],[25.739596,45.112056,0.0],[25.7396,45.112019,0.0],[25.739605,45.111914,0.0],[25.739752,45.111789,0.0],[25.739794,45.111749,0.0],[25.739828,45.111704,0.0],[25.739853,45.111655,0.0],[25.739867,45.111605,0.0],[25.739872,45.111554,0.0],[25.739866,45.111503,0.0],[25.73985,45.111453,0.0],[25.739824,45.111405,0.0],[25.739789,45.11136,0.0],[25.739745,45.111319,0.0],[25.739693,45.111283,0.0],[25.739682,45.111277,0.0],[25.740121,45.111274,0.0],[25.740114,45.110754,0.0],[25.740118,45.11075,0.0],[25.740147,45.110787,0.0],[25.740191,45.110828,0.0],[25.740243,45.110864,0.0],[25.740302,45.110894,0.0],[25.740366,45.110918,0.0],[25.740434,45.110936,0.0],[25.740505,45.110946,0.0],[25.740577,45.110949,0.0],[25.74065,45.110945,0.0],[25.74072,45.110934,0.0],[25.740788,45.110915,0.0],[25.740838,45.110896,0.0],[25.740854,45.110889,0.0],[25.740881,45.110877,0.0],[25.740906,45.110864,0.0],[25.74093,45.110849,0.0],[25.740953,45.110833,0.0],[25.740974,45.110817,0.0],[25.741235,45.110603,0.0],[25.741267,45.110573,0.0],[25.741327,45.110511,0.0],[25.741446,45.110428,0.0],[25.741525,45.110373,0.0],[25.741557,45.110349,0.0],[25.7416,45.110308,0.0],[25.741634,45.110262,0.0],[25.741659,45.110214,0.0],[25.741674,45.110164,0.0],[25.741678,45.110113,0.0],[25.741672,45.110061,0.0],[25.741656,45.110011,0.0],[25.74163,45.109963,0.0],[25.741608,45.109933,0.0],[25.741614,45.109897,0.0],[25.741614,45.10989,0.0],[25.741614,45.109874,0.0],[25.741608,45.109823,0.0],[25.741592,45.109772,0.0],[25.741566,45.109725,0.0],[25.741531,45.10968,0.0],[25.741487,45.109639,0.0],[25.741435,45.109603,0.0],[25.741377,45.109572,0.0],[25.741313,45.109548,0.0],[25.741245,45.109531,0.0],[25.741174,45.10952,0.0],[25.741101,45.109517,0.0],[25.741087,45.109518,0.0],[25.741068,45.109502,0.0],[25.741064,45.109494,0.0],[25.741056,45.109482,0.0],[25.741052,45.109476,0.0],[25.741039,45.10946,0.0],[25.741026,45.109444,0.0],[25.741011,45.109429,0.0],[25.741004,45.109422,0.0],[25.740987,45.109407,0.0],[25.74097,45.109392,0.0],[25.74095,45.109378,0.0],[25.740943,45.109374,0.0],[25.740884,45.10933,0.0],[25.740863,45.109313,0.0],[25.74084,45.109295,0.0],[25.740824,45.109282,0.0],[25.740811,45.109272,0.0],[25.740779,45.109246,0.0],[25.740773,45.109241,0.0],[25.740765,45.109235,0.0],[25.74075,45.109224,0.0],[25.740703,45.109188,0.0],[25.740656,45.109154,0.0],[25.740576,45.109095,0.0],[25.740559,45.109082,0.0],[25.740554,45.109078,0.0],[25.740495,45.109035,0.0],[25.740471,45.109017,0.0],[25.740466,45.109013,0.0],[25.740417,45.108977,0.0],[25.740388,45.108956,0.0],[25.740361,45.108938,0.0],[25.740353,45.108932,0.0],[25.740342,45.108923,0.0],[25.740335,45.108917,0.0],[25.740328,45.10891,0.0],[25.740299,45.108887,0.0],[25.741548,45.108879,0.0],[25.741537,45.108051,0.0],[25.741586,45.10802,0.0],[25.741604,45.108007,0.0],[25.741676,45.107955,0.0],[25.741748,45.107903,0.0],[25.741758,45.107896,0.0],[25.741845,45.107829,0.0],[25.741938,45.107758,0.0],[25.742026,45.107694,0.0],[25.742112,45.107629,0.0],[25.742125,45.107619,0.0],[25.742277,45.107496,0.0],[25.742282,45.107492,0.0],[25.742291,45.107485,0.0],[25.742376,45.10741,0.0],[25.742383,45.107403,0.0],[25.742439,45.107351,0.0],[25.742529,45.107268,0.0],[25.74259,45.107215,0.0],[25.7426,45.107205,0.0],[25.742663,45.107145,0.0],[25.742735,45.107085,0.0],[25.742811,45.107023,0.0],[25.742852,45.106992,0.0],[25.742863,45.106985,0.0],[25.742959,45.106945,0.0],[25.743047,45.106908,0.0],[25.743108,45.10689,0.0],[25.74313,45.106883,0.0],[25.743149,45.106877,0.0],[25.743294,45.106824,0.0],[25.743338,45.106805,0.0],[25.743355,45.106797,0.0],[25.743426,45.106761,0.0],[25.74346,45.106742,0.0],[25.743564,45.106679,0.0],[25.743573,45.106674,0.0],[25.743687,45.106601,0.0],[25.743779,45.106545,0.0],[25.743882,45.106487,0.0],[25.744003,45.106418,0.0],[25.74409,45.106369,0.0],[25.744188,45.106321,0.0],[25.744291,45.106271,0.0],[25.744301,45.106266,0.0],[25.74439,45.106221,0.0],[25.744422,45.106203,0.0],[25.744489,45.106163,0.0],[25.744582,45.10611,0.0],[25.744596,45.106116,0.0],[25.744627,45.106126,0.0],[25.744695,45.106144,0.0],[25.744766,45.106154,0.0],[25.744838,45.106158,0.0],[25.744861,45.106157,0.0],[25.744874,45.106165,0.0],[25.744981,45.106228,0.0],[25.745075,45.106285,0.0],[25.745083,45.10629,0.0],[25.745091,45.106295,0.0],[25.74515,45.106326,0.0],[25.745214,45.10635,0.0],[25.745282,45.106367,0.0],[25.745353,45.106378,0.0],[25.745425,45.106381,0.0],[25.745497,45.106377,0.0],[25.745568,45.106365,0.0],[25.745636,45.106347,0.0],[25.745688,45.106327,0.0],[25.745703,45.10632,0.0],[25.745714,45.106315,0.0],[25.745773,45.106284,0.0],[25.745991,45.106146,0.0],[25.74604,45.106111,0.0],[25.746157,45.106014,0.0],[25.746167,45.106005,0.0],[25.7463,45.105888,0.0],[25.746304,45.105884,0.0],[25.746404,45.105793,0.0],[25.746533,45.10569,0.0],[25.74654,45.105684,0.0],[25.746546,45.10568,0.0],[25.746633,45.105605,0.0],[25.746791,45.10558,0.0],[25.746984,45.105586,0.0],[25.747128,45.105593,0.0],[25.747174,45.105596,0.0],[25.747205,45.105597,0.0],[25.747236,45.105596,0.0],[25.747267,45.105594,0.0],[25.747297,45.105591,0.0],[25.747311,45.10559,0.0],[25.747339,45.105586,0.0],[25.747367,45.10558,0.0],[25.747394,45.105574,0.0],[25.747421,45.105567,0.0],[25.747447,45.105558,0.0],[25.747472,45.105549,0.0],[25.747497,45.105539,0.0],[25.74752,45.105527,0.0],[25.747543,45.105515,0.0],[25.747564,45.105503,0.0],[25.747581,45.105493,0.0],[25.747593,45.105485,0.0],[25.747644,45.105454,0.0],[25.747702,45.105472,0.0],[25.747761,45.105496,0.0],[25.747778,45.105505,0.0],[25.747842,45.105529,0.0],[25.74791,45.105546,0.0],[25.747981,45.105557,0.0],[25.748053,45.10556,0.0],[25.748086,45.105559,0.0],[25.748107,45.105558,0.0],[25.748147,45.105555,0.0],[25.748217,45.105543,0.0],[25.748285,45.105525,0.0],[25.748349,45.1055,0.0],[25.748369,45.10549,0.0],[25.748495,45.105425,0.0],[25.748579,45.105382,0.0],[25.748659,45.105345,0.0],[25.748728,45.105316,0.0],[25.748806,45.105291,0.0],[25.748936,45.10525,0.0],[25.748944,45.105247,0.0],[25.748964,45.10524,0.0],[25.749056,45.105206,0.0],[25.74916,45.105172,0.0],[25.749266,45.105141,0.0],[25.749376,45.105107,0.0],[25.749488,45.105072,0.0],[25.749502,45.105068,0.0],[25.749579,45.105041,0.0],[25.749694,45.105009,0.0],[25.749715,45.105003,0.0],[25.749811,45.104972,0.0],[25.749959,45.104926,0.0],[25.750091,45.104883,0.0],[25.750098,45.104881,0.0],[25.750128,45.10487,0.0],[25.75024,45.104827,0.0],[25.750332,45.104798,0.0],[25.750344,45.104794,0.0],[25.750368,45.104786,0.0],[25.75051,45.104732,0.0],[25.750633,45.104687,0.0],[25.750641,45.104685,0.0],[25.750799,45.104624,0.0],[25.750927,45.104576,0.0],[25.751053,45.104533,0.0],[25.751062,45.10453,0.0],[25.751204,45.104479,0.0],[25.751211,45.104476,0.0],[25.751354,45.104423,0.0],[25.751361,45.104421,0.0],[25.751508,45.104364,0.0],[25.751671,45.104303,0.0],[25.751792,45.10426,0.0],[25.751844,45.104239,0.0],[25.751875,45.104223,0.0],[25.751902,45.104208,0.0],[25.751928,45.104193,0.0],[25.751979,45.104157,0.0],[25.752022,45.104115,0.0],[25.752056,45.10407,0.0],[25.752081,45.10402,0.0],[25.752102,45.104013,0.0],[25.752137,45.104002,0.0],[25.752144,45.104,0.0],[25.753119,45.10372,0.0],[25.753146,45.103713,0.0],[25.753172,45.103704,0.0],[25.753198,45.103695,0.0],[25.753223,45.103684,0.0],[25.753247,45.103673,0.0],[25.75327,45.103661,0.0],[25.753293,45.103647,0.0],[25.753314,45.103633,0.0],[25.753334,45.103618,0.0],[25.753353,45.103602,0.0],[25.75337,45.103586,0.0],[25.753386,45.103569,0.0],[25.75342,45.103524,0.0],[25.753445,45.103475,0.0],[25.75346,45.103425,0.0],[25.753464,45.103374,0.0],[25.753458,45.103323,0.0],[25.753452,45.103299,0.0],[25.753446,45.103282,0.0],[25.753427,45.103231,0.0],[25.753423,45.103215,0.0],[25.75341,45.103178,0.0],[25.753402,45.103159,0.0],[25.753393,45.10314,0.0],[25.753383,45.103122,0.0],[25.753371,45.103104,0.0],[25.753358,45.103086,0.0],[25.753344,45.103069,0.0],[25.753195,45.102905,0.0],[25.753153,45.102844,0.0],[25.753118,45.102772,0.0],[25.753082,45.102696,0.0],[25.753051,45.102608,0.0],[25.753033,45.102549,0.0],[25.753074,45.102509,0.0],[25.753105,45.102508,0.0],[25.753115,45.102508,0.0],[25.753152,45.102505,0.0],[25.753223,45.102493,0.0],[25.75329,45.102475,0.0],[25.753354,45.10245,0.0],[25.753411,45.102419,0.0],[25.753462,45.102382,0.0],[25.753505,45.10234,0.0],[25.753539,45.102295,0.0],[25.753551,45.102275,0.0],[25.753557,45.102263,0.0],[25.753567,45.102243,0.0],[25.753575,45.102223,0.0],[25.753581,45.102202,0.0],[25.753586,45.102181,0.0],[25.753589,45.10216,0.0],[25.75359,45.102139,0.0],[25.753589,45.102118,0.0],[25.753582,45.102011,0.0],[25.75358,45.101932,0.0],[25.75358,45.101846,0.0],[25.753589,45.101774,0.0],[25.753614,45.101713,0.0],[25.753646,45.101643,0.0],[25.753696,45.101528,0.0],[25.753699,45.10152,0.0],[25.753705,45.101503,0.0],[25.753745,45.101383,0.0],[25.753753,45.101352,0.0],[25.753776,45.101239,0.0],[25.753779,45.101222,0.0],[25.753789,45.101138,0.0],[25.75381,45.101085,0.0],[25.753859,45.101009,0.0],[25.753926,45.100909,0.0],[25.753933,45.100899,0.0],[25.75396,45.100856,0.0],[25.753983,45.10081,0.0],[25.753987,45.100799,0.0],[25.754008,45.100739,0.0],[25.754026,45.10069,0.0],[25.754031,45.100673,0.0],[25.754054,45.100592,0.0],[25.754079,45.100499,0.0],[25.754113,45.100391,0.0],[25.75415,45.100272,0.0],[25.754179,45.100179,0.0],[25.754182,45.100171,0.0],[25.754213,45.100059,0.0],[25.754216,45.100046,0.0],[25.754245,45.099917,0.0],[25.754247,45.099908,0.0],[25.754249,45.09989,0.0],[25.754258,45.099822,0.0],[25.754274,45.099738,0.0],[25.754295,45.09963,0.0],[25.754314,45.099537,0.0],[25.754338,45.099438,0.0],[25.754363,45.099344,0.0],[25.754394,45.099233,0.0],[25.754423,45.099136,0.0],[25.754425,45.099131,0.0],[25.754444,45.099061,0.0],[25.754447,45.099051,0.0],[25.754478,45.098919,0.0],[25.75448,45.098908,0.0],[25.754483,45.098881,0.0],[25.754488,45.098823,0.0],[25.754598,45.098821,0.0],[25.754658,45.098817,0.0],[25.754672,45.098815,0.0],[25.754716,45.098809,0.0],[25.754746,45.098805,0.0],[25.754775,45.098799,0.0],[25.754805,45.098792,0.0],[25.754833,45.098784,0.0],[25.754861,45.098774,0.0],[25.754888,45.098763,0.0],[25.754913,45.098752,0.0],[25.754938,45.098739,0.0],[25.754962,45.098725,0.0],[25.755023,45.098686,0.0],[25.75506,45.098668,0.0],[25.755085,45.098655,0.0],[25.755108,45.098641,0.0],[25.755131,45.098627,0.0],[25.755151,45.098611,0.0],[25.755171,45.098594,0.0],[25.755189,45.098577,0.0],[25.755199,45.098566,0.0],[25.755211,45.098554,0.0],[25.755245,45.098508,0.0],[25.75527,45.09846,0.0],[25.755285,45.09841,0.0],[25.755288,45.098387,0.0],[25.755289,45.098378,0.0],[25.75529,45.098357,0.0],[25.75529,45.098335,0.0],[25.755287,45.098314,0.0],[25.755283,45.098293,0.0],[25.755277,45.098272,0.0],[25.75527,45.098251,0.0],[25.755231,45.098156,0.0],[25.755225,45.098141,0.0],[25.755231,45.098098,0.0],[25.75525,45.098014,0.0],[25.755269,45.097954,0.0],[25.755304,45.097877,0.0],[25.755311,45.097863,0.0],[25.755321,45.097837,0.0],[25.755391,45.097819,0.0],[25.755543,45.097784,0.0],[25.755563,45.097779,0.0],[25.755685,45.097746,0.0],[25.755783,45.097721,0.0],[25.75579,45.097719,0.0],[25.755898,45.09769,0.0],[25.755906,45.097688,0.0],[25.755977,45.097668,0.0],[25.755995,45.097663,0.0],[25.756017,45.097656,0.0],[25.75608,45.097631,0.0],[25.756138,45.0976,0.0],[25.756188,45.097563,0.0],[25.756231,45.097522,0.0],[25.756247,45.097503,0.0],[25.756254,45.097494,0.0],[25.756273,45.097467,0.0],[25.756289,45.097438,0.0],[25.756312,45.097391,0.0],[25.756316,45.097381,0.0],[25.756361,45.097278,0.0],[25.756397,45.097204,0.0],[25.756439,45.097113,0.0],[25.756476,45.097029,0.0],[25.756518,45.096942,0.0],[25.756523,45.096931,0.0],[25.756579,45.096802,0.0],[25.756674,45.09657,0.0],[25.756708,45.096488,0.0],[25.756765,45.096362,0.0],[25.756771,45.096349,0.0],[25.756816,45.096232,0.0],[25.756957,45.095873,0.0],[25.757032,45.095681,0.0],[25.757103,45.095515,0.0],[25.757106,45.095507,0.0],[25.757145,45.095405,0.0],[25.757228,45.095188,0.0],[25.757275,45.095081,0.0],[25.757279,45.095073,0.0],[25.757281,45.095068,0.0],[25.757311,45.094986,0.0],[25.75743,45.09501,0.0],[25.757572,45.095039,0.0],[25.757596,45.095044,0.0],[25.757704,45.095062,0.0],[25.757851,45.095089,0.0],[25.757895,45.095095,0.0],[25.758014,45.095109,0.0],[25.758031,45.095111,0.0],[25.758087,45.095114,0.0],[25.758114,45.095115,0.0],[25.75813,45.095115,0.0],[25.758202,45.095111,0.0],[25.758273,45.095099,0.0],[25.758341,45.095081,0.0],[25.758404,45.095056,0.0],[25.758462,45.095025,0.0],[25.758482,45.095011,0.0],[25.758493,45.095004,0.0],[25.758513,45.094989,0.0],[25.758532,45.094973,0.0],[25.758549,45.094957,0.0],[25.758565,45.09494,0.0],[25.75858,45.094922,0.0],[25.758593,45.094904,0.0],[25.758605,45.094885,0.0],[25.758616,45.094866,0.0],[25.758624,45.094847,0.0],[25.75864,45.094808,0.0],[25.758681,45.094717,0.0],[25.758721,45.094636,0.0],[25.758724,45.09463,0.0],[25.758759,45.094554,0.0],[25.758813,45.094436,0.0],[25.758855,45.094348,0.0],[25.758895,45.094268,0.0],[25.75893,45.094205,0.0],[25.759122,45.093912,0.0],[25.759223,45.093772,0.0],[25.759312,45.093661,0.0],[25.759404,45.093546,0.0],[25.759487,45.09345,0.0],[25.759554,45.093378,0.0],[25.759635,45.09329,0.0],[25.759711,45.093212,0.0],[25.759775,45.09315,0.0],[25.75986,45.093065,0.0],[25.759919,45.093008,0.0],[25.759937,45.09299,0.0],[25.760013,45.092906,0.0],[25.760019,45.0929,0.0],[25.760106,45.092799,0.0],[25.76019,45.092699,0.0],[25.760286,45.092589,0.0],[25.76037,45.092495,0.0],[25.760429,45.092426,0.0],[25.760535,45.092305,0.0],[25.760544,45.092294,0.0],[25.760658,45.092152,0.0],[25.760665,45.092143,0.0],[25.760749,45.09203,0.0],[25.760841,45.091903,0.0],[25.760928,45.091791,0.0],[25.761027,45.091667,0.0],[25.761066,45.091619,0.0],[25.761072,45.091611,0.0],[25.761149,45.091511,0.0],[25.761223,45.091417,0.0],[25.761228,45.091409,0.0],[25.761312,45.091294,0.0],[25.761388,45.091198,0.0],[25.761416,45.091165,0.0],[25.761506,45.091055,0.0],[25.761561,45.090988,0.0],[25.76164,45.090896,0.0],[25.761645,45.09089,0.0],[25.761673,45.090856,0.0],[25.761721,45.090798,0.0],[25.761827,45.090678,0.0],[25.761925,45.090566,0.0],[25.762028,45.090446,0.0],[25.762092,45.090374,0.0],[25.76212,45.090344,0.0],[25.762126,45.090338,0.0],[25.762217,45.090239,0.0],[25.762286,45.090167,0.0],[25.762292,45.090161,0.0],[25.762376,45.090068,0.0],[25.762459,45.089976,0.0],[25.762465,45.08997,0.0],[25.762544,45.089877,0.0],[25.762548,45.089872,0.0],[25.762585,45.089827,0.0],[25.762673,45.089725,0.0],[25.762778,45.089609,0.0],[25.762783,45.089603,0.0],[25.762872,45.0895,0.0],[25.762962,45.089398,0.0],[25.763061,45.089284,0.0],[25.763182,45.08915,0.0],[25.763188,45.089144,0.0],[25.7633,45.089013,0.0],[25.763395,45.088899,0.0],[25.763501,45.088777,0.0],[25.763551,45.088721,0.0],[25.763649,45.088613,0.0],[25.763769,45.08848,0.0],[25.763862,45.088377,0.0],[25.763884,45.08835,0.0],[25.763957,45.088249,0.0],[25.763971,45.088229,0.0],[25.764009,45.088167,0.0],[25.764045,45.08812,0.0],[25.764113,45.088044,0.0],[25.76421,45.087932,0.0],[25.764214,45.087927,0.0],[25.764292,45.087834,0.0],[25.764304,45.087819,0.0],[25.764399,45.087692,0.0],[25.764433,45.087645,0.0],[25.764499,45.087562,0.0],[25.764576,45.087472,0.0],[25.764587,45.087457,0.0],[25.764692,45.087321,0.0],[25.76477,45.087224,0.0],[25.764847,45.087129,0.0],[25.764852,45.087123,0.0],[25.76491,45.087048,0.0],[25.764914,45.087042,0.0],[25.764946,45.086999,0.0],[25.765001,45.086932,0.0],[25.765089,45.086824,0.0],[25.765095,45.086815,0.0],[25.765169,45.086717,0.0],[25.765228,45.086646,0.0],[25.76524,45.08663,0.0],[25.765317,45.086525,0.0],[25.76538,45.086443,0.0],[25.765448,45.086365,0.0],[25.765471,45.086343,0.0],[25.765483,45.08633,0.0],[25.765583,45.086223,0.0],[25.765589,45.086216,0.0],[25.765671,45.086123,0.0],[25.765763,45.08602,0.0],[25.765775,45.086007,0.0],[25.765838,45.085928,0.0],[25.765948,45.085804,0.0],[25.766056,45.085692,0.0],[25.766113,45.085633,0.0],[25.76612,45.085625,0.0],[25.766218,45.085518,0.0],[25.766294,45.085434,0.0],[25.7663,45.085428,0.0],[25.766382,45.085341,0.0],[25.766518,45.0852,0.0],[25.766529,45.085188,0.0],[25.766618,45.085085,0.0],[25.766628,45.085073,0.0],[25.766712,45.084967,0.0],[25.766783,45.084884,0.0],[25.766873,45.084784,0.0],[25.766967,45.084682,0.0],[25.766973,45.084676,0.0],[25.766978,45.08467,0.0],[25.767046,45.08459,0.0],[25.76713,45.084495,0.0],[25.767197,45.084418,0.0],[25.767277,45.084326,0.0],[25.76729,45.084309,0.0],[25.76739,45.084178,0.0],[25.767399,45.084166,0.0],[25.76746,45.084078,0.0],[25.767511,45.084006,0.0],[25.767572,45.083928,0.0],[25.767578,45.08392,0.0],[25.767659,45.083813,0.0],[25.767727,45.083719,0.0],[25.767811,45.083607,0.0],[25.767826,45.083584,0.0],[25.767899,45.083468,0.0],[25.767909,45.08345,0.0],[25.767967,45.083341,0.0],[25.767976,45.083323,0.0],[25.768039,45.083182,0.0],[25.768081,45.083097,0.0],[25.768138,45.083013,0.0],[25.768186,45.08295,0.0],[25.768189,45.082945,0.0],[25.768256,45.082854,0.0],[25.768261,45.082847,0.0],[25.768339,45.082733,0.0],[25.768346,45.082722,0.0],[25.768413,45.082616,0.0],[25.768488,45.082494,0.0],[25.768576,45.08236,0.0],[25.768646,45.082252,0.0],[25.768724,45.082141,0.0],[25.768775,45.082068,0.0],[25.768843,45.081971,0.0],[25.768888,45.081906,0.0],[25.768894,45.081897,0.0],[25.768937,45.081831,0.0],[25.768954,45.081808,0.0],[25.769031,45.081838,0.0],[25.769255,45.081923,0.0],[25.769463,45.082002,0.0],[25.769696,45.082089,0.0],[25.76986,45.082149,0.0],[25.770189,45.082268,0.0],[25.770558,45.082409,0.0],[25.770783,45.082496,0.0],[25.770794,45.0825,0.0],[25.771063,45.082599,0.0],[25.771227,45.082662,0.0],[25.771235,45.082665,0.0],[25.771448,45.082744,0.0],[25.771685,45.082832,0.0],[25.771935,45.082927,0.0],[25.772195,45.083025,0.0],[25.772464,45.083131,0.0],[25.772769,45.083259,0.0],[25.77279,45.083267,0.0],[25.773142,45.083399,0.0],[25.77315,45.083402,0.0],[25.773451,45.083511,0.0],[25.773822,45.083653,0.0],[25.77383,45.083656,0.0],[25.774154,45.083775,0.0],[25.774176,45.083787,0.0],[25.774199,45.083798,0.0],[25.774222,45.083809,0.0],[25.774246,45.083819,0.0],[25.774271,45.083827,0.0],[25.774296,45.083835,0.0],[25.774323,45.083842,0.0],[25.774369,45.083853,0.0],[25.774559,45.083922,0.0],[25.774598,45.083939,0.0],[25.774654,45.083961,0.0],[25.774717,45.083982,0.0],[25.774955,45.08407,0.0],[25.775171,45.084148,0.0],[25.775355,45.084225,0.0],[25.775376,45.084233,0.0],[25.775695,45.084352,0.0],[25.775951,45.084452,0.0],[25.776121,45.084521,0.0],[25.776144,45.08453,0.0],[25.776355,45.084606,0.0],[25.776364,45.08461,0.0],[25.776552,45.084674,0.0],[25.776567,45.084679,0.0],[25.776614,45.084692,0.0],[25.776771,45.084729,0.0],[25.776793,45.084734,0.0],[25.776804,45.084736,0.0],[25.777026,45.084777,0.0],[25.777042,45.084779,0.0],[25.777132,45.084794,0.0],[25.777306,45.084826,0.0],[25.777547,45.08487,0.0],[25.777662,45.084891,0.0],[25.777849,45.084924,0.0],[25.777994,45.084951,0.0],[25.778223,45.084998,0.0],[25.77823,45.084999,0.0],[25.778449,45.085041,0.0],[25.778668,45.085082,0.0],[25.778678,45.085084,0.0],[25.778807,45.085105,0.0],[25.778965,45.085132,0.0],[25.779072,45.085149,0.0],[25.779278,45.08519,0.0],[25.779292,45.085192,0.0],[25.779434,45.085217,0.0],[25.77965,45.085257,0.0],[25.779662,45.085259,0.0],[25.779826,45.085286,0.0],[25.779966,45.085309,0.0],[25.780107,45.085339,0.0],[25.78028,45.085375,0.0],[25.780295,45.085377,0.0],[25.780853,45.085478,0.0],[25.78099,45.085503,0.0],[25.781279,45.085556,0.0],[25.781294,45.085559,0.0],[25.781435,45.085581,0.0],[25.781491,45.085593,0.0],[25.781503,45.085595,0.0],[25.781742,45.085639,0.0],[25.781751,45.085641,0.0],[25.78187,45.085661,0.0],[25.781998,45.085685,0.0],[25.78201,45.085687,0.0],[25.782168,45.085713,0.0],[25.782335,45.08574,0.0],[25.782526,45.085773,0.0],[25.782635,45.085796,0.0],[25.782659,45.0858,0.0],[25.782808,45.085825,0.0],[25.782932,45.085851,0.0],[25.78294,45.085853,0.0],[25.783111,45.085886,0.0],[25.783124,45.085888,0.0],[25.783249,45.08591,0.0],[25.78327,45.085913,0.0],[25.783393,45.085931,0.0],[25.783513,45.085953,0.0],[25.783645,45.08598,0.0],[25.783667,45.085984,0.0],[25.783819,45.086009,0.0],[25.784072,45.086059,0.0],[25.784085,45.086061,0.0],[25.784939,45.086213,0.0],[25.784969,45.086218,0.0],[25.784999,45.086221,0.0],[25.78503,45.086223,0.0],[25.78506,45.086224,0.0],[25.78509,45.086223,0.0],[25.785172,45.08622,0.0],[25.785382,45.086235,0.0],[25.785696,45.08626,0.0],[25.78595,45.086281,0.0],[25.785959,45.086281,0.0],[25.786183,45.086298,0.0],[25.786213,45.086302,0.0],[25.786452,45.086322,0.0],[25.786469,45.086323,0.0],[25.786607,45.086332,0.0],[25.786883,45.086354,0.0],[25.787028,45.086365,0.0],[25.787049,45.086366,0.0],[25.787076,45.086368,0.0],[25.787167,45.086374,0.0],[25.787365,45.08639,0.0],[25.787537,45.086404,0.0],[25.787743,45.086422,0.0],[25.787979,45.086442,0.0],[25.788013,45.086445,0.0],[25.788132,45.086449,0.0],[25.788205,45.086455,0.0],[25.788349,45.086469,0.0],[25.788357,45.086469,0.0],[25.788513,45.086482,0.0],[25.788525,45.086483,0.0],[25.788715,45.086495,0.0],[25.788875,45.086514,0.0],[25.78889,45.086516,0.0],[25.788903,45.086517,0.0],[25.789033,45.086527,0.0],[25.78908,45.086531,0.0],[25.789215,45.086546,0.0],[25.78939,45.086567,0.0],[25.789406,45.086568,0.0],[25.789449,45.086571,0.0],[25.789674,45.086579,0.0],[25.789797,45.086588,0.0],[25.789853,45.086589,0.0],[25.789925,45.086585,0.0],[25.789996,45.086574,0.0],[25.790064,45.086555,0.0],[25.790127,45.08653,0.0],[25.790184,45.086499,0.0],[25.790235,45.086462,0.0],[25.790278,45.086421,0.0],[25.790312,45.086376,0.0],[25.790337,45.086327,0.0],[25.790352,45.086277,0.0],[25.790356,45.086226,0.0],[25.79035,45.086175,0.0],[25.790334,45.086124,0.0],[25.790308,45.086077,0.0],[25.790273,45.086032,0.0],[25.790229,45.085991,0.0],[25.790177,45.085955,0.0],[25.790118,45.085925,0.0],[25.790054,45.0859,0.0],[25.789986,45.085883,0.0],[25.789915,45.085872,0.0],[25.789898,45.085871,0.0],[25.789762,45.085861,0.0],[25.789736,45.08586,0.0],[25.789527,45.085853,0.0],[25.789379,45.085836,0.0],[25.789231,45.085819,0.0],[25.789215,45.085817,0.0],[25.789149,45.085811,0.0],[25.789026,45.085802,0.0],[25.788862,45.085783,0.0],[25.788847,45.085781,0.0],[25.788826,45.08578,0.0],[25.788625,45.085767,0.0],[25.78848,45.085755,0.0],[25.788334,45.085741,0.0],[25.788322,45.08574,0.0],[25.78823,45.085733,0.0],[25.788202,45.085731,0.0],[25.788086,45.085726,0.0],[25.787866,45.085707,0.0],[25.787657,45.085689,0.0],[25.78748,45.085675,0.0],[25.787276,45.085658,0.0],[25.787171,45.085651,0.0],[25.78715,45.085649,0.0],[25.787122,45.085648,0.0],[25.786994,45.085639,0.0],[25.786718,45.085616,0.0],[25.786702,45.085615,0.0],[25.786564,45.085606,0.0],[25.786358,45.085589,0.0],[25.786328,45.085585,0.0],[25.786317,45.085584,0.0],[25.786296,45.085582,0.0],[25.786066,45.085566,0.0],[25.785811,45.085544,0.0],[25.785487,45.085519,0.0],[25.785234,45.085501,0.0],[25.785178,45.085499,0.0],[25.785156,45.0855,0.0],[25.785112,45.085502,0.0],[25.784338,45.085364,0.0],[25.784082,45.085313,0.0],[25.784062,45.08531,0.0],[25.783911,45.085285,0.0],[25.783785,45.08526,0.0],[25.783778,45.085258,0.0],[25.783639,45.085232,0.0],[25.783608,45.085227,0.0],[25.78348,45.085209,0.0],[25.783372,45.08519,0.0],[25.783216,45.08516,0.0],[25.783079,45.085131,0.0],[25.783054,45.085126,0.0],[25.782904,45.085101,0.0],[25.782797,45.08508,0.0],[25.78278,45.085076,0.0],[25.782576,45.08504,0.0],[25.782567,45.085039,0.0],[25.782397,45.085011,0.0],[25.782246,45.084986,0.0],[25.782121,45.084963,0.0],[25.782113,45.084962,0.0],[25.781994,45.084942,0.0],[25.781766,45.084899,0.0],[25.781701,45.084886,0.0],[25.781673,45.084881,0.0],[25.781526,45.084858,0.0],[25.781245,45.084806,0.0],[25.781105,45.084781,0.0],[25.780554,45.084681,0.0],[25.780394,45.084648,0.0],[25.780242,45.084616,0.0],[25.780234,45.084615,0.0],[25.78021,45.08461,0.0],[25.780057,45.084585,0.0],[25.779901,45.084559,0.0],[25.779687,45.084519,0.0],[25.779679,45.084518,0.0],[25.779541,45.084494,0.0],[25.779331,45.084453,0.0],[25.77931,45.084449,0.0],[25.779196,45.084431,0.0],[25.779042,45.084405,0.0],[25.778921,45.084384,0.0],[25.778711,45.084345,0.0],[25.778499,45.084305,0.0],[25.778268,45.084257,0.0],[25.778254,45.084255,0.0],[25.7781,45.084227,0.0],[25.777912,45.084193,0.0],[25.7778,45.084173,0.0],[25.777562,45.084129,0.0],[25.77738,45.084095,0.0],[25.777363,45.084093,0.0],[25.777273,45.084078,0.0],[25.777075,45.084042,0.0],[25.776966,45.084016,0.0],[25.776813,45.083964,0.0],[25.776619,45.083893,0.0],[25.776456,45.083826,0.0],[25.776446,45.083823,0.0],[25.77618,45.083719,0.0],[25.776172,45.083716,0.0],[25.775858,45.083599,0.0],[25.775672,45.083522,0.0],[25.775647,45.083512,0.0],[25.775423,45.083431,0.0],[25.775178,45.08334,0.0],[25.775155,45.083332,0.0],[25.775109,45.083317,0.0],[25.775079,45.083304,0.0],[25.775043,45.083289,0.0],[25.774859,45.083222,0.0],[25.774837,45.083212,0.0],[25.774814,45.083203,0.0],[25.77479,45.083195,0.0],[25.774766,45.083188,0.0],[25.774742,45.083182,0.0],[25.774734,45.08318,0.0],[25.77472,45.083173,0.0],[25.774683,45.083158,0.0],[25.774301,45.083018,0.0],[25.773929,45.082875,0.0],[25.773917,45.082871,0.0],[25.773614,45.082762,0.0],[25.773277,45.082635,0.0],[25.772976,45.082509,0.0],[25.772964,45.082504,0.0],[25.772683,45.082394,0.0],[25.772675,45.08239,0.0],[25.772414,45.082292,0.0],[25.772159,45.082195,0.0],[25.771918,45.082106,0.0],[25.771711,45.082029,0.0],[25.771546,45.081965,0.0],[25.771535,45.081961,0.0],[25.771266,45.081863,0.0],[25.771043,45.081776,0.0],[25.770665,45.081632,0.0],[25.770657,45.081629,0.0],[25.770324,45.081508,0.0],[25.770164,45.08145,0.0],[25.76994,45.081367,0.0],[25.769816,45.081319,0.0],[25.769893,45.081281,0.0],[25.769979,45.081237,0.0],[25.769996,45.081227,0.0],[25.770138,45.081148,0.0],[25.770159,45.081135,0.0],[25.770168,45.081129,0.0],[25.770277,45.081058,0.0],[25.770312,45.081035,0.0],[25.770414,45.080969,0.0],[25.770551,45.080882,0.0],[25.770678,45.080805,0.0],[25.7708,45.080739,0.0],[25.770921,45.080676,0.0],[25.771053,45.08061,0.0],[25.771113,45.08058,0.0],[25.771234,45.080521,0.0],[25.771274,45.080499,0.0],[25.771479,45.080376,0.0],[25.771486,45.080371,0.0],[25.771515,45.080351,0.0],[25.771624,45.080272,0.0],[25.771669,45.08024,0.0],[25.771682,45.08023,0.0],[25.771833,45.080112,0.0],[25.771839,45.080108,0.0],[25.771936,45.08003,0.0],[25.771942,45.080025,0.0],[25.772208,45.079803,0.0],[25.772223,45.07979,0.0],[25.772339,45.079684,0.0],[25.772358,45.079664,0.0],[25.772441,45.079577,0.0],[25.772449,45.079569,0.0],[25.772459,45.079556,0.0],[25.772463,45.079552,0.0],[25.772503,45.079561,0.0],[25.772517,45.079565,0.0],[25.772647,45.079594,0.0],[25.772796,45.079631,0.0],[25.773007,45.079691,0.0],[25.773174,45.07974,0.0],[25.773285,45.079772,0.0],[25.773439,45.079814,0.0],[25.773454,45.079818,0.0],[25.773551,45.079843,0.0],[25.773673,45.079876,0.0],[25.773884,45.079937,0.0],[25.773898,45.07994,0.0],[25.774016,45.079972,0.0],[25.774024,45.079974,0.0],[25.774161,45.080008,0.0],[25.774206,45.080021,0.0],[25.774363,45.080068,0.0],[25.774374,45.080071,0.0],[25.774535,45.080116,0.0],[25.774676,45.080155,0.0],[25.774706,45.080162,0.0],[25.774817,45.080187,0.0],[25.774992,45.080229,0.0],[25.774999,45.080231,0.0],[25.775118,45.080258,0.0],[25.775269,45.080297,0.0],[25.775445,45.080342,0.0],[25.775601,45.080383,0.0],[25.775744,45.08042,0.0],[25.775876,45.080456,0.0],[25.776051,45.080503,0.0],[25.776173,45.080537,0.0],[25.776187,45.080541,0.0],[25.776316,45.080574,0.0],[25.776429,45.080604,0.0],[25.77645,45.080609,0.0],[25.776584,45.080641,0.0],[25.776688,45.080666,0.0],[25.776775,45.08069,0.0],[25.776886,45.080727,0.0],[25.776955,45.080753,0.0],[25.776976,45.080762,0.0],[25.777086,45.080815,0.0],[25.7771,45.080822,0.0],[25.777125,45.080832,0.0],[25.777191,45.080858,0.0],[25.7772,45.080863,0.0],[25.777225,45.080876,0.0],[25.777279,45.080903,0.0],[25.777395,45.080959,0.0],[25.777502,45.081015,0.0],[25.777526,45.081026,0.0],[25.777551,45.081037,0.0],[25.777576,45.081047,0.0],[25.777602,45.081055,0.0],[25.777616,45.081059,0.0],[25.777677,45.081074,0.0],[25.777748,45.081085,0.0],[25.77782,45.081088,0.0],[25.777893,45.081084,0.0],[25.777963,45.081072,0.0],[25.778031,45.081054,0.0],[25.778094,45.081029,0.0],[25.778136,45.081007,0.0],[25.778147,45.081001,0.0],[25.77817,45.080987,0.0],[25.778191,45.080972,0.0],[25.778212,45.080956,0.0],[25.778231,45.080939,0.0],[25.778249,45.080922,0.0],[25.778265,45.080904,0.0],[25.77832,45.080836,0.0],[25.778395,45.080751,0.0],[25.778413,45.080732,0.0],[25.778419,45.080724,0.0],[25.778495,45.080638,0.0],[25.778569,45.080555,0.0],[25.778575,45.080548,0.0],[25.77859,45.08053,0.0],[25.778601,45.080516,0.0],[25.778653,45.080459,0.0],[25.778672,45.080435,0.0],[25.778759,45.080336,0.0],[25.778856,45.080227,0.0],[25.778917,45.080158,0.0],[25.778922,45.080153,0.0],[25.778984,45.080081,0.0],[25.779059,45.079994,0.0],[25.779167,45.079869,0.0],[25.779231,45.0798,0.0],[25.779237,45.079794,0.0],[25.779242,45.079787,0.0],[25.779319,45.079696,0.0],[25.779402,45.079607,0.0],[25.779409,45.0796,0.0],[25.779504,45.079493,0.0],[25.779509,45.079487,0.0],[25.77957,45.079415,0.0],[25.779665,45.079308,0.0],[25.779747,45.079211,0.0],[25.779826,45.079124,0.0],[25.779903,45.079038,0.0],[25.779936,45.079001,0.0],[25.780009,45.078919,0.0],[25.780103,45.078812,0.0],[25.780187,45.078716,0.0],[25.780307,45.078582,0.0],[25.7804,45.078477,0.0],[25.780459,45.07841,0.0],[25.780558,45.078299,0.0],[25.780565,45.078291,0.0],[25.780648,45.078192,0.0],[25.780698,45.078133,0.0],[25.780769,45.078052,0.0],[25.780872,45.077931,0.0],[25.780944,45.077851,0.0],[25.781022,45.077764,0.0],[25.78103,45.077754,0.0],[25.781136,45.077627,0.0],[25.781238,45.077511,0.0],[25.781324,45.077412,0.0],[25.781408,45.077312,0.0],[25.78147,45.077239,0.0],[25.78155,45.077148,0.0],[25.781644,45.077041,0.0],[25.781732,45.076941,0.0],[25.781799,45.076863,0.0],[25.781836,45.076821,0.0],[25.781903,45.076743,0.0],[25.781979,45.076657,0.0],[25.782023,45.076608,0.0],[25.782028,45.076603,0.0],[25.782103,45.076515,0.0],[25.782186,45.076422,0.0],[25.78219,45.076417,0.0],[25.782271,45.076324,0.0],[25.782275,45.076319,0.0],[25.782359,45.076219,0.0],[25.782404,45.076166,0.0],[25.782499,45.076056,0.0],[25.782504,45.076049,0.0],[25.782576,45.075962,0.0],[25.782589,45.075947,0.0],[25.782597,45.075939,0.0],[25.782604,45.075931,0.0],[25.782687,45.075833,0.0],[25.782725,45.075786,0.0],[25.782807,45.075692,0.0],[25.782908,45.075575,0.0],[25.783006,45.075466,0.0],[25.783088,45.075372,0.0],[25.783161,45.075291,0.0],[25.783173,45.075277,0.0],[25.783211,45.07523,0.0],[25.783287,45.075141,0.0],[25.783348,45.075069,0.0],[25.783438,45.074965,0.0],[25.783459,45.07494,0.0],[25.783545,45.074843,0.0],[25.783556,45.07483,0.0],[25.78359,45.074787,0.0],[25.783651,45.074715,0.0],[25.783748,45.074598,0.0],[25.783825,45.074508,0.0],[25.783924,45.074395,0.0],[25.783928,45.07439,0.0],[25.783999,45.074306,0.0],[25.784089,45.074199,0.0],[25.7841,45.074186,0.0],[25.784135,45.074139,0.0],[25.784221,45.074045,0.0],[25.784226,45.07404,0.0],[25.784269,45.07399,0.0],[25.784365,45.07388,0.0],[25.784449,45.073784,0.0],[25.784571,45.073641,0.0],[25.784648,45.073552,0.0],[25.784727,45.073463,0.0],[25.784821,45.073354,0.0],[25.784901,45.073261,0.0],[25.784994,45.073153,0.0],[25.785093,45.073037,0.0],[25.78519,45.072923,0.0],[25.785292,45.072802,0.0],[25.785307,45.072783,0.0],[25.785432,45.072611,0.0],[25.785503,45.072531,0.0],[25.785678,45.072341,0.0],[25.785684,45.072336,0.0],[25.785769,45.072239,0.0],[25.785816,45.072191,0.0],[25.785829,45.072177,0.0],[25.785837,45.072167,0.0],[25.785909,45.072081,0.0],[25.785996,45.071983,0.0],[25.786,45.071979,0.0],[25.78609,45.071875,0.0],[25.786176,45.071775,0.0],[25.78627,45.071669,0.0],[25.786362,45.071563,0.0],[25.786461,45.071447,0.0],[25.78654,45.071359,0.0],[25.786546,45.071352,0.0],[25.786618,45.071267,0.0],[25.786711,45.071156,0.0],[25.786786,45.071068,0.0],[25.786865,45.070978,0.0],[25.786869,45.070973,0.0],[25.786944,45.070884,0.0],[25.787024,45.070794,0.0],[25.787099,45.07071,0.0],[25.787103,45.070704,0.0],[25.787182,45.070612,0.0],[25.787239,45.070548,0.0],[25.787272,45.070511,0.0],[25.787304,45.070476,0.0],[25.787315,45.070462,0.0],[25.78735,45.07042,0.0],[25.787389,45.070375,0.0],[25.787393,45.070371,0.0],[25.78748,45.070266,0.0],[25.78754,45.0702,0.0],[25.787624,45.070104,0.0],[25.787702,45.070019,0.0],[25.787709,45.070011,0.0],[25.787786,45.06992,0.0],[25.787867,45.069825,0.0],[25.787874,45.069817,0.0],[25.787952,45.069719,0.0],[25.78799,45.069672,0.0],[25.788036,45.06962,0.0],[25.788042,45.069614,0.0],[25.788109,45.069533,0.0],[25.78818,45.069452,0.0],[25.788186,45.069445,0.0],[25.78825,45.069367,0.0],[25.788321,45.069285,0.0],[25.788386,45.069209,0.0],[25.788459,45.069123,0.0],[25.788556,45.069011,0.0],[25.788562,45.069004,0.0],[25.788636,45.068915,0.0],[25.78864,45.06891,0.0],[25.788706,45.068827,0.0],[25.788782,45.068738,0.0],[25.788822,45.068696,0.0],[25.788829,45.068688,0.0],[25.788917,45.068587,0.0],[25.788928,45.068573,0.0],[25.788984,45.068503,0.0],[25.78904,45.068441,0.0],[25.789136,45.068334,0.0],[25.789199,45.068263,0.0],[25.789292,45.068158,0.0],[25.789376,45.068062,0.0],[25.789416,45.068015,0.0],[25.789504,45.067917,0.0],[25.789585,45.067826,0.0],[25.789592,45.067818,0.0],[25.789697,45.067692,0.0],[25.789763,45.067618,0.0],[25.789852,45.067518,0.0],[25.789858,45.067511,0.0],[25.789917,45.067441,0.0],[25.790018,45.067333,0.0],[25.790025,45.067325,0.0],[25.790101,45.067239,0.0],[25.790187,45.067139,0.0],[25.79028,45.067029,0.0],[25.790329,45.066971,0.0],[25.78913,45.06698,0.0],[25.789064,45.06705,0.0],[25.789057,45.067057,0.0],[25.789051,45.067065,0.0],[25.788989,45.067138,0.0],[25.788904,45.067234,0.0],[25.788834,45.067312,0.0],[25.788827,45.067321,0.0],[25.788721,45.067447,0.0],[25.788645,45.067532,0.0],[25.788555,45.067633,0.0],[25.788547,45.067641,0.0],[25.788507,45.067689,0.0],[25.788431,45.067777,0.0],[25.788338,45.06788,0.0],[25.788276,45.067951,0.0],[25.788185,45.068053,0.0],[25.78812,45.068124,0.0],[25.788105,45.068141,0.0],[25.788047,45.068215,0.0],[25.78797,45.068303,0.0],[25.787929,45.068347,0.0],[25.787921,45.068356,0.0],[25.787833,45.068458,0.0],[25.787824,45.068469,0.0],[25.787757,45.068554,0.0],[25.787688,45.068637,0.0],[25.78759,45.068749,0.0],[25.787515,45.068839,0.0],[25.787453,45.068911,0.0],[25.787382,45.068994,0.0],[25.787377,45.069,0.0],[25.787313,45.069077,0.0],[25.787243,45.069156,0.0],[25.787238,45.069163,0.0],[25.78717,45.069244,0.0],[25.787123,45.069297,0.0],[25.787116,45.069306,0.0],[25.787071,45.06936,0.0],[25.786993,45.069458,0.0],[25.786916,45.069549,0.0],[25.786843,45.069634,0.0],[25.786769,45.069715,0.0],[25.786764,45.06972,0.0],[25.78668,45.069816,0.0],[25.786619,45.069885,0.0],[25.786611,45.069893,0.0],[25.786521,45.07,0.0],[25.786481,45.070047,0.0],[25.786473,45.070056,0.0],[25.786442,45.070095,0.0],[25.786416,45.070123,0.0],[25.786411,45.070128,0.0],[25.786379,45.070165,0.0],[25.786321,45.07023,0.0],[25.786316,45.070236,0.0],[25.786236,45.070329,0.0],[25.786164,45.070411,0.0],[25.78608,45.070505,0.0],[25.786075,45.070512,0.0],[25.785999,45.070601,0.0],[25.785919,45.070692,0.0],[25.78584,45.070786,0.0],[25.785746,45.070898,0.0],[25.785677,45.070978,0.0],[25.785599,45.071066,0.0],[25.785594,45.071072,0.0],[25.785496,45.071186,0.0],[25.785407,45.071289,0.0],[25.785312,45.071396,0.0],[25.785224,45.071498,0.0],[25.785135,45.071601,0.0],[25.785046,45.071701,0.0],[25.785037,45.071711,0.0],[25.784971,45.071791,0.0],[25.784927,45.071835,0.0],[25.784914,45.07185,0.0],[25.784825,45.071951,0.0],[25.784651,45.07214,0.0],[25.784646,45.072145,0.0],[25.784561,45.072241,0.0],[25.784539,45.072267,0.0],[25.784412,45.072442,0.0],[25.784317,45.072554,0.0],[25.784223,45.072665,0.0],[25.784126,45.072779,0.0],[25.784034,45.072887,0.0],[25.783954,45.07298,0.0],[25.783864,45.073083,0.0],[25.783786,45.073171,0.0],[25.783782,45.073175,0.0],[25.783703,45.073267,0.0],[25.783583,45.073407,0.0],[25.783501,45.073501,0.0],[25.783404,45.073612,0.0],[25.783366,45.073657,0.0],[25.78327,45.073761,0.0],[25.783251,45.073784,0.0],[25.78321,45.073837,0.0],[25.783126,45.073938,0.0],[25.783059,45.074017,0.0],[25.782958,45.074132,0.0],[25.782876,45.074229,0.0],[25.782777,45.074347,0.0],[25.782715,45.07442,0.0],[25.782709,45.074428,0.0],[25.782677,45.074468,0.0],[25.782596,45.07456,0.0],[25.782572,45.074588,0.0],[25.782477,45.074698,0.0],[25.782416,45.07477,0.0],[25.782339,45.074861,0.0],[25.782331,45.07487,0.0],[25.782297,45.074913,0.0],[25.782229,45.074989,0.0],[25.782146,45.075083,0.0],[25.782046,45.075194,0.0],[25.781942,45.075314,0.0],[25.781857,45.075412,0.0],[25.781851,45.075419,0.0],[25.781812,45.075466,0.0],[25.781738,45.075554,0.0],[25.781723,45.07557,0.0],[25.781715,45.075579,0.0],[25.781706,45.07559,0.0],[25.781628,45.075684,0.0],[25.781535,45.075792,0.0],[25.781486,45.075849,0.0],[25.781402,45.075951,0.0],[25.781326,45.076039,0.0],[25.781242,45.076133,0.0],[25.781236,45.076139,0.0],[25.781161,45.076227,0.0],[25.78112,45.076273,0.0],[25.78104,45.076363,0.0],[25.78097,45.076444,0.0],[25.780933,45.076486,0.0],[25.780866,45.076563,0.0],[25.780781,45.076661,0.0],[25.780688,45.076767,0.0],[25.780604,45.076862,0.0],[25.780537,45.076941,0.0],[25.780453,45.07704,0.0],[25.780373,45.077133,0.0],[25.78027,45.07725,0.0],[25.780264,45.077257,0.0],[25.780159,45.077384,0.0],[25.780086,45.077465,0.0],[25.78001,45.07755,0.0],[25.780005,45.077556,0.0],[25.779903,45.077675,0.0],[25.779833,45.077755,0.0],[25.779829,45.07776,0.0],[25.779776,45.077823,0.0],[25.779695,45.077919,0.0],[25.779598,45.078027,0.0],[25.779538,45.078096,0.0],[25.779448,45.078198,0.0],[25.779325,45.078335,0.0],[25.779241,45.078431,0.0],[25.779148,45.078536,0.0],[25.779077,45.078616,0.0],[25.779045,45.078652,0.0],[25.778969,45.078738,0.0],[25.778887,45.078828,0.0],[25.778881,45.078834,0.0],[25.778799,45.07893,0.0],[25.778706,45.079036,0.0],[25.778702,45.079041,0.0],[25.77864,45.079113,0.0],[25.778552,45.079213,0.0],[25.778465,45.079306,0.0],[25.778459,45.079313,0.0],[25.778453,45.079319,0.0],[25.778376,45.079411,0.0],[25.778313,45.079479,0.0],[25.778306,45.079487,0.0],[25.778193,45.079618,0.0],[25.778118,45.079704,0.0],[25.778057,45.079775,0.0],[25.777996,45.079843,0.0],[25.777897,45.079955,0.0],[25.777802,45.080063,0.0],[25.777787,45.080081,0.0],[25.777732,45.080142,0.0],[25.77771,45.08017,0.0],[25.777705,45.080176,0.0],[25.777665,45.080221,0.0],[25.777637,45.08021,0.0],[25.777542,45.080164,0.0],[25.777536,45.080162,0.0],[25.777491,45.080141,0.0],[25.777483,45.080137,0.0],[25.777447,45.080122,0.0],[25.777346,45.080085,0.0],[25.777327,45.080078,0.0],[25.77719,45.080033,0.0],[25.777181,45.08003,0.0],[25.777158,45.080023,0.0],[25.777045,45.079992,0.0],[25.777029,45.079988,0.0],[25.776914,45.07996,0.0],[25.776907,45.079958,0.0],[25.77678,45.079928,0.0],[25.776674,45.0799,0.0],[25.776665,45.079898,0.0],[25.776538,45.079865,0.0],[25.776417,45.079831,0.0],[25.776241,45.079784,0.0],[25.776107,45.079747,0.0],[25.776094,45.079744,0.0],[25.77595,45.079707,0.0],[25.775794,45.079666,0.0],[25.775616,45.07962,0.0],[25.775458,45.07958,0.0],[25.77544,45.079575,0.0],[25.775316,45.079547,0.0],[25.775139,45.079504,0.0],[25.775128,45.079502,0.0],[25.775027,45.079479,0.0],[25.774904,45.079445,0.0],[25.774751,45.079403,0.0],[25.774597,45.079357,0.0],[25.774537,45.079339,0.0],[25.774513,45.079333,0.0],[25.774367,45.079296,0.0],[25.77426,45.079268,0.0],[25.774051,45.079208,0.0],[25.774043,45.079205,0.0],[25.773911,45.079169,0.0],[25.773898,45.079166,0.0],[25.773802,45.079142,0.0],[25.773658,45.079102,0.0],[25.773555,45.079073,0.0],[25.773391,45.079025,0.0],[25.773167,45.07896,0.0],[25.773144,45.078954,0.0],[25.772976,45.078913,0.0],[25.772961,45.078909,0.0],[25.77283,45.07888,0.0],[25.772695,45.078846,0.0],[25.772537,45.078807,0.0],[25.772428,45.078777,0.0],[25.772401,45.07877,0.0],[25.772374,45.078765,0.0],[25.772347,45.07876,0.0],[25.772319,45.078757,0.0],[25.772291,45.078754,0.0],[25.772276,45.078753,0.0],[25.772224,45.078752,0.0],[25.772152,45.078756,0.0],[25.772081,45.078767,0.0],[25.772013,45.078786,0.0],[25.77195,45.078811,0.0],[25.771892,45.078842,0.0],[25.77184,45.07888,0.0],[25.771824,45.078893,0.0],[25.771784,45.078933,0.0],[25.771757,45.078966,0.0],[25.771718,45.079024,0.0],[25.771658,45.079099,0.0],[25.771587,45.079187,0.0],[25.771523,45.079254,0.0],[25.771426,45.079344,0.0],[25.771171,45.079556,0.0],[25.77108,45.079629,0.0],[25.770938,45.079739,0.0],[25.770897,45.079769,0.0],[25.770802,45.079839,0.0],[25.770635,45.079939,0.0],[25.770533,45.079989,0.0],[25.77047,45.08002,0.0],[25.770332,45.080089,0.0],[25.770323,45.080093,0.0],[25.770193,45.080161,0.0],[25.770184,45.080166,0.0],[25.770048,45.08024,0.0],[25.770027,45.080252,0.0],[25.769886,45.080338,0.0],[25.769878,45.080342,0.0],[25.769734,45.080434,0.0],[25.769626,45.080503,0.0],[25.769586,45.08053,0.0],[25.769491,45.080592,0.0],[25.769373,45.080658,0.0],[25.7693,45.080696,0.0],[25.769156,45.080769,0.0],[25.769022,45.080837,0.0],[25.769003,45.080847,0.0],[25.768928,45.080889,0.0],[25.768912,45.080878,0.0],[25.768896,45.080868,0.0],[25.768878,45.080859,0.0],[25.76886,45.08085,0.0],[25.768841,45.080842,0.0],[25.76883,45.080837,0.0],[25.768776,45.0808,0.0],[25.768753,45.080785,0.0],[25.768565,45.080668,0.0],[25.768381,45.080557,0.0],[25.768354,45.080541,0.0],[25.768198,45.080459,0.0],[25.768152,45.080429,0.0],[25.76791,45.080252,0.0],[25.767869,45.080215,0.0],[25.76785,45.080198,0.0],[25.767785,45.080145,0.0],[25.76775,45.080117,0.0],[25.767766,45.080061,0.0],[25.767779,45.080062,0.0],[25.767829,45.080063,0.0],[25.76788,45.080064,0.0],[25.76793,45.080063,0.0],[25.767981,45.08006,0.0],[25.768031,45.080056,0.0],[25.768081,45.080051,0.0],[25.76813,45.080044,0.0],[25.76818,45.080036,0.0],[25.768228,45.080027,0.0],[25.768276,45.080016,0.0],[25.768324,45.080004,0.0],[25.768371,45.07999,0.0],[25.768417,45.079975,0.0],[25.768462,45.079959,0.0],[25.768506,45.079942,0.0],[25.768549,45.079923,0.0],[25.768591,45.079904,0.0],[25.768632,45.079883,0.0],[25.768672,45.07986,0.0],[25.76871,45.079837,0.0],[25.768747,45.079813,0.0],[25.768783,45.079788,0.0],[25.768817,45.079761,0.0],[25.76885,45.079734,0.0],[25.768881,45.079706,0.0],[25.768911,45.079677,0.0],[25.768939,45.079647,0.0],[25.768965,45.079617,0.0],[25.76899,45.079585,0.0],[25.769013,45.079553,0.0],[25.769033,45.079521,0.0],[25.769053,45.079488,0.0],[25.76907,45.079454,0.0],[25.769085,45.07942,0.0],[25.769099,45.079386,0.0],[25.76911,45.079351,0.0],[25.76912,45.079316,0.0],[25.769127,45.07928,0.0],[25.769133,45.079245,0.0],[25.769136,45.079209,0.0],[25.769138,45.079173,0.0],[25.769137,45.079137,0.0],[25.769135,45.079102,0.0],[25.76913,45.079066,0.0],[25.769124,45.07903,0.0],[25.769115,45.078995,0.0],[25.769105,45.07896,0.0],[25.769092,45.078925,0.0],[25.769078,45.078891,0.0],[25.769062,45.078857,0.0],[25.769044,45.078824,0.0],[25.769033,45.078807,0.0],[25.769183,45.078717,0.0],[25.769442,45.078561,0.0],[25.769714,45.078414,0.0],[25.769717,45.078412,0.0],[25.769724,45.078407,0.0],[25.769731,45.0784,0.0],[25.769735,45.078393,0.0],[25.769736,45.078391,0.0],[25.769803,45.078237,0.0],[25.769805,45.078231,0.0],[25.769805,45.078227,0.0],[25.769831,45.077971,0.0],[25.769894,45.077765,0.0],[25.769971,45.077696,0.0],[25.770073,45.077636,0.0],[25.770079,45.077633,0.0],[25.770083,45.077632,0.0],[25.770092,45.077627,0.0],[25.770099,45.077622,0.0],[25.770106,45.077615,0.0],[25.770107,45.077613,0.0],[25.770205,45.07747,0.0],[25.770208,45.077466,0.0],[25.770211,45.077458,0.0],[25.770212,45.07745,0.0],[25.770211,45.077443,0.0],[25.770209,45.077438,0.0],[25.770195,45.077403,0.0],[25.770193,45.0774,0.0],[25.770191,45.077396,0.0],[25.770163,45.077356,0.0],[25.770131,45.077185,0.0],[25.770131,45.077182,0.0],[25.770128,45.077175,0.0],[25.770123,45.077168,0.0],[25.770116,45.077161,0.0],[25.770108,45.077156,0.0],[25.770099,45.077151,0.0],[25.770089,45.077148,0.0],[25.770079,45.077146,0.0],[25.770068,45.077146,0.0],[25.770057,45.077146,0.0],[25.770046,45.077148,0.0],[25.770036,45.077152,0.0],[25.770027,45.077156,0.0],[25.770019,45.077162,0.0],[25.770013,45.077168,0.0],[25.770008,45.077176,0.0],[25.770005,45.077183,0.0],[25.770005,45.077191,0.0],[25.770005,45.077196,0.0],[25.770039,45.077375,0.0],[25.770041,45.077382,0.0],[25.770044,45.077389,0.0],[25.770074,45.077432,0.0],[25.77008,45.077447,0.0],[25.770002,45.077561,0.0],[25.769996,45.077564,0.0],[25.769884,45.07763,0.0],[25.769876,45.077636,0.0],[25.769785,45.077718,0.0],[25.76978,45.077723,0.0],[25.769776,45.077729,0.0],[25.769773,45.077736,0.0],[25.769706,45.077955,0.0],[25.769705,45.077957,0.0],[25.769704,45.077961,0.0],[25.769679,45.078216,0.0],[25.76962,45.078351,0.0],[25.769363,45.078491,0.0],[25.769361,45.078492,0.0],[25.769101,45.078649,0.0],[25.768975,45.078724,0.0],[25.768953,45.078696,0.0],[25.768926,45.078666,0.0],[25.768897,45.078637,0.0],[25.768867,45.078608,0.0],[25.768835,45.07858,0.0],[25.768801,45.078554,0.0],[25.768766,45.078528,0.0],[25.76873,45.078503,0.0],[25.768692,45.078479,0.0],[25.768653,45.078456,0.0],[25.768612,45.078435,0.0],[25.768571,45.078414,0.0],[25.768528,45.078395,0.0],[25.768485,45.078377,0.0],[25.76844,45.07836,0.0],[25.768395,45.078345,0.0],[25.768348,45.078331,0.0],[25.768301,45.078318,0.0],[25.768253,45.078306,0.0],[25.768205,45.078296,0.0],[25.768156,45.078287,0.0],[25.768106,45.07828,0.0],[25.768057,45.078274,0.0],[25.768007,45.078269,0.0],[25.767956,45.078266,0.0],[25.767906,45.078264,0.0],[25.767855,45.078264,0.0],[25.767805,45.078265,0.0],[25.767754,45.078267,0.0],[25.767704,45.078271,0.0],[25.767654,45.078277,0.0],[25.767605,45.078283,0.0],[25.767556,45.078291,0.0],[25.767507,45.078301,0.0],[25.767459,45.078312,0.0],[25.767411,45.078324,0.0],[25.767373,45.078335,0.0],[25.767351,45.078328,0.0],[25.767304,45.078315,0.0],[25.767256,45.078304,0.0],[25.767208,45.078294,0.0],[25.767159,45.078285,0.0],[25.767109,45.078277,0.0],[25.767059,45.078271,0.0],[25.767009,45.078267,0.0],[25.766959,45.078263,0.0],[25.766909,45.078262,0.0],[25.766858,45.078261,0.0],[25.766808,45.078262,0.0],[25.766757,45.078265,0.0],[25.766707,45.078269,0.0],[25.766657,45.078274,0.0],[25.766607,45.078281,0.0],[25.766558,45.078289,0.0],[25.766509,45.078298,0.0],[25.766461,45.078309,0.0],[25.766414,45.078321,0.0],[25.766367,45.078335,0.0],[25.766321,45.07835,0.0],[25.766276,45.078366,0.0],[25.766232,45.078383,0.0],[25.766189,45.078402,0.0],[25.766147,45.078421,0.0],[25.766106,45.078442,0.0],[25.766066,45.078465,0.0],[25.766027,45.078488,0.0],[25.76599,45.078512,0.0],[25.765955,45.078537,0.0],[25.76592,45.078564,0.0],[25.765888,45.078591,0.0],[25.765856,45.078619,0.0],[25.765827,45.078648,0.0],[25.765799,45.078678,0.0],[25.765772,45.078708,0.0],[25.765748,45.07874,0.0],[25.765725,45.078771,0.0],[25.765704,45.078804,0.0],[25.765685,45.078837,0.0],[25.765668,45.078871,0.0],[25.765653,45.078905,0.0],[25.765639,45.078939,0.0],[25.765628,45.078974,0.0],[25.765618,45.079009,0.0],[25.765611,45.079045,0.0],[25.765605,45.07908,0.0],[25.765602,45.079116,0.0],[25.7656,45.079152,0.0],[25.7656,45.079188,0.0],[25.765603,45.079223,0.0],[25.765607,45.079259,0.0],[25.765614,45.079295,0.0],[25.765622,45.07933,0.0],[25.765633,45.079365,0.0],[25.765645,45.079399,0.0],[25.76566,45.079434,0.0],[25.765676,45.079468,0.0],[25.765694,45.079501,0.0],[25.765714,45.079534,0.0],[25.765736,45.079566,0.0],[25.765759,45.079598,0.0],[25.765785,45.079629,0.0],[25.765812,45.079659,0.0],[25.765841,45.079688,0.0],[25.765871,45.079717,0.0],[25.765903,45.079745,0.0],[25.765937,45.079771,0.0],[25.765943,45.079776,0.0],[25.765949,45.079786,0.0],[25.765962,45.079804,0.0],[25.765977,45.079822,0.0],[25.765993,45.079839,0.0],[25.76601,45.079855,0.0],[25.76602,45.079863,0.0],[25.766029,45.079871,0.0],[25.766113,45.079942,0.0],[25.766121,45.079949,0.0],[25.766173,45.079985,0.0],[25.766231,45.080015,0.0],[25.766295,45.080039,0.0],[25.766363,45.080057,0.0],[25.766434,45.080067,0.0],[25.766507,45.08007,0.0],[25.766579,45.080066,0.0],[25.76665,45.080055,0.0],[25.766668,45.08005,0.0],[25.766681,45.080051,0.0],[25.766728,45.080055,0.0],[25.766727,45.080058,0.0],[25.766712,45.080108,0.0],[25.766707,45.080159,0.0],[25.766713,45.08021,0.0],[25.766729,45.080261,0.0],[25.766755,45.080309,0.0],[25.766769,45.080327,0.0],[25.766775,45.08035,0.0],[25.766782,45.080372,0.0],[25.766792,45.080393,0.0],[25.766803,45.080414,0.0],[25.766816,45.080435,0.0],[25.766832,45.080455,0.0],[25.766848,45.080474,0.0],[25.766867,45.080493,0.0],[25.766887,45.08051,0.0],[25.767018,45.080618,0.0],[25.767075,45.080664,0.0],[25.767124,45.080708,0.0],[25.767145,45.080726,0.0],[25.76716,45.080738,0.0],[25.767432,45.080937,0.0],[25.767453,45.080952,0.0],[25.767529,45.081001,0.0],[25.767544,45.081011,0.0],[25.76757,45.081026,0.0],[25.767733,45.081111,0.0],[25.767899,45.081213,0.0],[25.768073,45.08132,0.0],[25.768141,45.081368,0.0],[25.768126,45.081382,0.0],[25.768107,45.081402,0.0],[25.768083,45.081432,0.0],[25.768026,45.081512,0.0],[25.768018,45.081524,0.0],[25.767974,45.081592,0.0],[25.767932,45.081652,0.0],[25.767865,45.081747,0.0],[25.767814,45.08182,0.0],[25.767733,45.081936,0.0],[25.767727,45.081944,0.0],[25.767653,45.082058,0.0],[25.767563,45.082196,0.0],[25.76756,45.082201,0.0],[25.767483,45.082324,0.0],[25.767421,45.082423,0.0],[25.767349,45.082528,0.0],[25.767287,45.082614,0.0],[25.767237,45.08268,0.0],[25.767228,45.082693,0.0],[25.767154,45.082802,0.0],[25.767147,45.082812,0.0],[25.767131,45.08284,0.0],[25.767077,45.082949,0.0],[25.767073,45.082959,0.0],[25.767011,45.083096,0.0],[25.766963,45.083187,0.0],[25.766904,45.083281,0.0],[25.766826,45.083385,0.0],[25.766758,45.08348,0.0],[25.766682,45.083581,0.0],[25.766619,45.083661,0.0],[25.766608,45.083675,0.0],[25.76655,45.083758,0.0],[25.766491,45.083842,0.0],[25.766402,45.083959,0.0],[25.766332,45.08404,0.0],[25.766267,45.084114,0.0],[25.766182,45.084211,0.0],[25.766178,45.084216,0.0],[25.766112,45.084292,0.0],[25.766021,45.084391,0.0],[25.766017,45.084395,0.0],[25.765921,45.084502,0.0],[25.765916,45.084509,0.0],[25.765838,45.0846,0.0],[25.765831,45.084609,0.0],[25.765748,45.084713,0.0],[25.765671,45.084802,0.0],[25.76554,45.084938,0.0],[25.765481,45.085002,0.0],[25.765446,45.085038,0.0],[25.76544,45.085044,0.0],[25.765364,45.085126,0.0],[25.765269,45.085231,0.0],[25.765216,45.085287,0.0],[25.765102,45.085405,0.0],[25.765093,45.085415,0.0],[25.764973,45.08555,0.0],[25.764962,45.085564,0.0],[25.764898,45.085642,0.0],[25.764811,45.08574,0.0],[25.764732,45.08583,0.0],[25.76464,45.085927,0.0],[25.764613,45.085954,0.0],[25.764593,45.085975,0.0],[25.764507,45.086074,0.0],[25.764494,45.08609,0.0],[25.764422,45.086184,0.0],[25.764417,45.08619,0.0],[25.764344,45.08629,0.0],[25.764286,45.08636,0.0],[25.764277,45.086373,0.0],[25.764202,45.086472,0.0],[25.764122,45.086572,0.0],[25.764064,45.086642,0.0],[25.764052,45.086657,0.0],[25.764017,45.086704,0.0],[25.763963,45.086773,0.0],[25.763887,45.086867,0.0],[25.763806,45.086968,0.0],[25.763801,45.086974,0.0],[25.7637,45.087107,0.0],[25.763624,45.087195,0.0],[25.763616,45.087206,0.0],[25.763542,45.087299,0.0],[25.763536,45.087308,0.0],[25.763499,45.087357,0.0],[25.763411,45.087475,0.0],[25.763342,45.087558,0.0],[25.76325,45.087664,0.0],[25.763178,45.087745,0.0],[25.763165,45.087761,0.0],[25.763109,45.087831,0.0],[25.763087,45.087862,0.0],[25.763046,45.08793,0.0],[25.762991,45.088005,0.0],[25.762913,45.088092,0.0],[25.762794,45.088223,0.0],[25.762692,45.088336,0.0],[25.762638,45.088397,0.0],[25.762528,45.088523,0.0],[25.762523,45.088529,0.0],[25.762428,45.088643,0.0],[25.762322,45.088767,0.0],[25.762201,45.0889,0.0],[25.762197,45.088905,0.0],[25.762099,45.089018,0.0],[25.762009,45.089119,0.0],[25.762005,45.089124,0.0],[25.761918,45.089225,0.0],[25.761813,45.089342,0.0],[25.761808,45.089348,0.0],[25.761715,45.089456,0.0],[25.761711,45.089461,0.0],[25.761673,45.089506,0.0],[25.761599,45.089592,0.0],[25.761521,45.089679,0.0],[25.76144,45.089768,0.0],[25.761371,45.089841,0.0],[25.761278,45.089942,0.0],[25.761246,45.089974,0.0],[25.761236,45.089985,0.0],[25.761166,45.090064,0.0],[25.761162,45.090069,0.0],[25.761059,45.090189,0.0],[25.760963,45.090298,0.0],[25.760855,45.090421,0.0],[25.760848,45.090429,0.0],[25.760796,45.090492,0.0],[25.760769,45.090525,0.0],[25.76069,45.090617,0.0],[25.760684,45.090623,0.0],[25.760627,45.090693,0.0],[25.760539,45.090801,0.0],[25.760509,45.090836,0.0],[25.760503,45.090843,0.0],[25.760421,45.090948,0.0],[25.760413,45.090958,0.0],[25.760328,45.091075,0.0],[25.760257,45.091166,0.0],[25.760184,45.091262,0.0],[25.760145,45.091309,0.0],[25.76004,45.09144,0.0],[25.759947,45.091561,0.0],[25.75994,45.09157,0.0],[25.759848,45.091697,0.0],[25.75977,45.091801,0.0],[25.759664,45.091933,0.0],[25.759563,45.092049,0.0],[25.759508,45.092113,0.0],[25.759424,45.092207,0.0],[25.759322,45.092324,0.0],[25.759318,45.092329,0.0],[25.759235,45.092428,0.0],[25.759154,45.092522,0.0],[25.759092,45.09259,0.0],[25.75904,45.09264,0.0],[25.759035,45.092644,0.0],[25.75895,45.092729,0.0],[25.758885,45.092793,0.0],[25.758876,45.092801,0.0],[25.758794,45.092886,0.0],[25.758789,45.092891,0.0],[25.758705,45.092981,0.0],[25.758633,45.093059,0.0],[25.758627,45.093065,0.0],[25.758623,45.09307,0.0],[25.758533,45.093175,0.0],[25.758526,45.093184,0.0],[25.758427,45.093305,0.0],[25.758332,45.093425,0.0],[25.758322,45.093438,0.0],[25.758213,45.093591,0.0],[25.758205,45.093602,0.0],[25.758002,45.093911,0.0],[25.757998,45.093917,0.0],[25.757989,45.093932,0.0],[25.757945,45.094011,0.0],[25.757939,45.094024,0.0],[25.757894,45.094114,0.0],[25.757849,45.094208,0.0],[25.757793,45.094329,0.0],[25.75779,45.094335,0.0],[25.757713,45.094319,0.0],[25.757594,45.094294,0.0],[25.75749,45.094271,0.0],[25.757392,45.094243,0.0],[25.757311,45.09422,0.0],[25.757285,45.094207,0.0],[25.757221,45.094182,0.0],[25.757153,45.094165,0.0],[25.757082,45.094155,0.0],[25.757017,45.094151,0.0],[25.756996,45.094151,0.0],[25.756988,45.094151,0.0],[25.756916,45.094155,0.0],[25.756845,45.094167,0.0],[25.756778,45.094185,0.0],[25.756714,45.09421,0.0],[25.756657,45.094241,0.0],[25.756606,45.094278,0.0],[25.756585,45.094297,0.0],[25.756555,45.094325,0.0],[25.756537,45.094344,0.0],[25.75652,45.094363,0.0],[25.756505,45.094384,0.0],[25.756492,45.094404,0.0],[25.756481,45.094425,0.0],[25.756419,45.094557,0.0],[25.756412,45.094573,0.0],[25.756408,45.094584,0.0],[25.756363,45.094712,0.0],[25.756301,45.094875,0.0],[25.756255,45.094982,0.0],[25.756251,45.094991,0.0],[25.756164,45.095216,0.0],[25.756128,45.095311,0.0],[25.756057,45.095477,0.0],[25.756054,45.095484,0.0],[25.755977,45.095681,0.0],[25.755836,45.09604,0.0],[25.755794,45.096149,0.0],[25.755738,45.096273,0.0],[25.755734,45.096282,0.0],[25.755698,45.096368,0.0],[25.755605,45.096596,0.0],[25.755553,45.096715,0.0],[25.755512,45.096801,0.0],[25.755508,45.096809,0.0],[25.755471,45.096894,0.0],[25.755433,45.096976,0.0],[25.755396,45.097053,0.0],[25.755335,45.09707,0.0],[25.755217,45.097102,0.0],[25.755064,45.097137,0.0],[25.755044,45.097142,0.0],[25.754915,45.097176,0.0],[25.754878,45.097187,0.0],[25.754866,45.097191,0.0],[25.754756,45.09723,0.0],[25.754734,45.097238,0.0],[25.754652,45.097271,0.0],[25.754622,45.097284,0.0],[25.754564,45.097315,0.0],[25.754514,45.097352,0.0],[25.754471,45.097393,0.0],[25.754446,45.097425,0.0],[25.754439,45.097434,0.0],[25.754432,45.097444,0.0],[25.75442,45.097461,0.0],[25.754396,45.097508,0.0],[25.754367,45.097579,0.0],[25.754335,45.09766,0.0],[25.754295,45.097746,0.0],[25.754289,45.09776,0.0],[25.754283,45.097778,0.0],[25.754255,45.097865,0.0],[25.754249,45.097888,0.0],[25.754224,45.097995,0.0],[25.754222,45.098005,0.0],[25.75422,45.09802,0.0],[25.754206,45.098124,0.0],[25.754183,45.098127,0.0],[25.754135,45.098127,0.0],[25.754102,45.098128,0.0],[25.753977,45.098134,0.0],[25.753959,45.098136,0.0],[25.753938,45.098137,0.0],[25.753916,45.098139,0.0],[25.753845,45.098151,0.0],[25.753778,45.098169,0.0],[25.753714,45.098194,0.0],[25.753657,45.098225,0.0],[25.753606,45.098262,0.0],[25.753563,45.098303,0.0],[25.753529,45.098349,0.0],[25.753504,45.098397,0.0],[25.753489,45.098447,0.0],[25.753485,45.098484,0.0],[25.753484,45.098508,0.0],[25.753481,45.098618,0.0],[25.753477,45.098732,0.0],[25.75347,45.09882,0.0],[25.753445,45.098928,0.0],[25.753428,45.098989,0.0],[25.753399,45.099085,0.0],[25.753397,45.099091,0.0],[25.753365,45.099209,0.0],[25.753338,45.099311,0.0],[25.753312,45.099417,0.0],[25.75331,45.099426,0.0],[25.753288,45.099529,0.0],[25.753267,45.099642,0.0],[25.753249,45.099733,0.0],[25.753247,45.099747,0.0],[25.753237,45.099821,0.0],[25.753214,45.099926,0.0],[25.753186,45.100027,0.0],[25.753158,45.100116,0.0],[25.75312,45.100235,0.0],[25.753085,45.100349,0.0],[25.753082,45.10036,0.0],[25.753057,45.100454,0.0],[25.753037,45.100522,0.0],[25.753023,45.100563,0.0],[25.753011,45.100594,0.0],[25.753006,45.100603,0.0],[25.75294,45.100701,0.0],[25.752936,45.100707,0.0],[25.752867,45.100814,0.0],[25.752841,45.100865,0.0],[25.752797,45.100977,0.0],[25.752783,45.101025,0.0],[25.752781,45.101041,0.0],[25.752767,45.101148,0.0],[25.75275,45.101235,0.0],[25.75272,45.101327,0.0],[25.752677,45.101425,0.0],[25.752644,45.101496,0.0],[25.75264,45.101506,0.0],[25.752598,45.101609,0.0],[25.752582,45.10166,0.0],[25.75258,45.101679,0.0],[25.752565,45.101801,0.0],[25.752564,45.101829,0.0],[25.752554,45.101831,0.0],[25.752495,45.101854,0.0],[25.752481,45.101861,0.0],[25.752456,45.101873,0.0],[25.752433,45.101886,0.0],[25.75241,45.1019,0.0],[25.752389,45.101914,0.0],[25.752369,45.10193,0.0],[25.752351,45.101947,0.0],[25.752334,45.101964,0.0],[25.752323,45.101975,0.0],[25.752316,45.101982,0.0],[25.752296,45.102008,0.0],[25.752249,45.102071,0.0],[25.752245,45.102077,0.0],[25.752218,45.102115,0.0],[25.752174,45.102152,0.0],[25.752109,45.102205,0.0],[25.752071,45.102242,0.0],[25.752062,45.102251,0.0],[25.752057,45.102256,0.0],[25.752023,45.102302,0.0],[25.751998,45.10235,0.0],[25.751984,45.1024,0.0],[25.751979,45.102452,0.0],[25.751979,45.102457,0.0],[25.75198,45.102468,0.0],[25.751985,45.102513,0.0],[25.751987,45.102522,0.0],[25.752005,45.102592,0.0],[25.752009,45.102606,0.0],[25.752059,45.102768,0.0],[25.752063,45.102779,0.0],[25.752101,45.102886,0.0],[25.752108,45.102902,0.0],[25.752112,45.102911,0.0],[25.752156,45.103004,0.0],[25.752203,45.1031,0.0],[25.752223,45.103136,0.0],[25.75226,45.10319,0.0],[25.751754,45.103335,0.0],[25.751744,45.103338,0.0],[25.751711,45.103348,0.0],[25.75156,45.103388,0.0],[25.751449,45.103419,0.0],[25.751344,45.103448,0.0],[25.751317,45.103456,0.0],[25.751291,45.103465,0.0],[25.751265,45.103475,0.0],[25.751241,45.103486,0.0],[25.75122,45.103496,0.0],[25.75117,45.103524,0.0],[25.751119,45.103561,0.0],[25.751076,45.103602,0.0],[25.751042,45.103647,0.0],[25.751017,45.103696,0.0],[25.751005,45.103738,0.0],[25.750878,45.103787,0.0],[25.750743,45.103837,0.0],[25.750608,45.103885,0.0],[25.750476,45.10393,0.0],[25.750457,45.103937,0.0],[25.750318,45.10399,0.0],[25.750163,45.104049,0.0],[25.750038,45.104094,0.0],[25.749907,45.104144,0.0],[25.749812,45.104173,0.0],[25.749799,45.104177,0.0],[25.74977,45.104188,0.0],[25.749656,45.104233,0.0],[25.749545,45.104268,0.0],[25.749396,45.104314,0.0],[25.749306,45.104343,0.0],[25.749185,45.104378,0.0],[25.749156,45.104387,0.0],[25.749071,45.104416,0.0],[25.748971,45.104447,0.0],[25.748869,45.104478,0.0],[25.748759,45.10451,0.0],[25.74874,45.104516,0.0],[25.748616,45.104557,0.0],[25.748596,45.104564,0.0],[25.748508,45.104597,0.0],[25.748392,45.104634,0.0],[25.748286,45.104667,0.0],[25.748277,45.10467,0.0],[25.748231,45.104687,0.0],[25.748126,45.104732,0.0],[25.748109,45.104739,0.0],[25.748015,45.104783,0.0],[25.747879,45.104747,0.0],[25.747845,45.104739,0.0],[25.747716,45.104712,0.0],[25.747708,45.10471,0.0],[25.747691,45.104706,0.0],[25.74762,45.104696,0.0],[25.747548,45.104693,0.0],[25.747475,45.104697,0.0],[25.747405,45.104708,0.0],[25.747337,45.104726,0.0],[25.74729,45.104744,0.0],[25.747275,45.104751,0.0],[25.747258,45.104758,0.0],[25.747239,45.104768,0.0],[25.747147,45.104815,0.0],[25.747041,45.104867,0.0],[25.746771,45.104858,0.0],[25.746745,45.104858,0.0],[25.746719,45.104859,0.0],[25.746692,45.10486,0.0],[25.746666,45.104863,0.0],[25.74664,45.104866,0.0],[25.746307,45.104917,0.0],[25.74628,45.104922,0.0],[25.746252,45.104928,0.0],[25.746226,45.104935,0.0],[25.746199,45.104943,0.0],[25.746174,45.104952,0.0],[25.746149,45.104962,0.0],[25.746126,45.104973,0.0],[25.746025,45.105023,0.0],[25.745978,45.105049,0.0],[25.745942,45.105074,0.0],[25.745876,45.105124,0.0],[25.745862,45.105135,0.0],[25.745856,45.10514,0.0],[25.745767,45.105217,0.0],[25.745633,45.105324,0.0],[25.745626,45.10533,0.0],[25.745612,45.105342,0.0],[25.745504,45.10544,0.0],[25.745396,45.105535,0.0],[25.745353,45.105513,0.0],[25.745277,45.105466,0.0],[25.74527,45.105461,0.0],[25.74525,45.10545,0.0],[25.745234,45.105441,0.0],[25.745195,45.105422,0.0],[25.745131,45.105398,0.0],[25.745063,45.10538,0.0],[25.744992,45.10537,0.0],[25.74492,45.105367,0.0],[25.744848,45.105371,0.0],[25.744781,45.105382,0.0],[25.744723,45.105365,0.0],[25.744675,45.105354,0.0],[25.744649,45.105349,0.0],[25.74463,45.105346,0.0],[25.744601,45.105342,0.0],[25.744572,45.105339,0.0],[25.744543,45.105337,0.0],[25.744514,45.105337,0.0],[25.744485,45.105338,0.0],[25.744456,45.105339,0.0],[25.744427,45.105343,0.0],[25.744399,45.105347,0.0],[25.744371,45.105352,0.0],[25.744356,45.105355,0.0],[25.744329,45.105362,0.0],[25.744302,45.105369,0.0],[25.744277,45.105377,0.0],[25.744252,45.105387,0.0],[25.744227,45.105397,0.0],[25.744204,45.105409,0.0],[25.744139,45.105442,0.0],[25.744033,45.105498,0.0],[25.744016,45.105507,0.0],[25.743844,45.105607,0.0],[25.743836,45.105611,0.0],[25.74378,45.105645,0.0],[25.743712,45.105679,0.0],[25.743611,45.105728,0.0],[25.743498,45.105783,0.0],[25.743472,45.105797,0.0],[25.743369,45.105855,0.0],[25.743245,45.105926,0.0],[25.743136,45.105987,0.0],[25.743125,45.105994,0.0],[25.743021,45.106057,0.0],[25.743013,45.106062,0.0],[25.7429,45.106135,0.0],[25.742818,45.106184,0.0],[25.742793,45.106197,0.0],[25.7427,45.10623,0.0],[25.742627,45.106252,0.0],[25.742605,45.106259,0.0],[25.742561,45.106275,0.0],[25.742443,45.106325,0.0],[25.742303,45.106383,0.0],[25.742282,45.106392,0.0],[25.742222,45.106425,0.0],[25.742155,45.106468,0.0],[25.742128,45.106487,0.0],[25.742065,45.106533,0.0],[25.742048,45.106546,0.0],[25.741961,45.106618,0.0],[25.741876,45.10669,0.0],[25.741858,45.106706,0.0],[25.741792,45.106769,0.0],[25.741733,45.10682,0.0],[25.741727,45.106826,0.0],[25.741632,45.106913,0.0],[25.741579,45.106962,0.0],[25.741505,45.107028,0.0],[25.741441,45.107079,0.0],[25.740254,45.107087,0.0],[25.738983,45.107095,0.0],[25.738999,45.108329,0.0],[25.738975,45.108348,0.0],[25.738955,45.108365,0.0],[25.738936,45.108383,0.0],[25.738919,45.108402,0.0],[25.738903,45.108422,0.0],[25.738889,45.108442,0.0],[25.738877,45.108463,0.0],[25.738867,45.108482,0.0],[25.738859,45.108502,0.0],[25.738853,45.108522,0.0],[25.738848,45.108542,0.0],[25.738845,45.108562,0.0],[25.738844,45.108583,0.0],[25.738812,45.108607,0.0],[25.738747,45.108652,0.0],[25.738674,45.108702,0.0],[25.738605,45.10875,0.0],[25.738538,45.108794,0.0],[25.738468,45.108841,0.0],[25.738398,45.108888,0.0],[25.738386,45.108896,0.0],[25.738314,45.108947,0.0],[25.738242,45.108997,0.0],[25.73818,45.109041,0.0],[25.738116,45.109086,0.0],[25.738053,45.10913,0.0],[25.738037,45.109142,0.0],[25.737976,45.109188,0.0],[25.737916,45.109234,0.0],[25.737855,45.109281,0.0],[25.737839,45.109293,0.0],[25.737771,45.109352,0.0],[25.737705,45.109407,0.0],[25.737649,45.109454,0.0],[25.737605,45.109491,0.0],[25.737556,45.109491,0.0],[25.737556,45.109531,0.0],[25.737531,45.109552,0.0],[25.737512,45.109568,0.0],[25.737499,45.109579,0.0],[25.73747,45.109605,0.0],[25.737398,45.109677,0.0],[25.737326,45.10975,0.0],[25.737282,45.109797,0.0],[25.73727,45.10981,0.0],[25.73722,45.109859,0.0],[25.737214,45.109865,0.0],[25.737196,45.109882,0.0],[25.737139,45.109929,0.0],[25.737116,45.10995,0.0],[25.737036,45.110031,0.0],[25.737028,45.110039,0.0],[25.736879,45.11004,0.0],[25.735608,45.110049,0.0],[25.735626,45.111412,0.0],[25.7356,45.111443,0.0],[25.735562,45.111487,0.0],[25.735548,45.111502,0.0],[25.735497,45.111555,0.0],[25.735449,45.111606,0.0],[25.735403,45.111652,0.0],[25.735354,45.1117,0.0],[25.735292,45.111762,0.0],[25.735277,45.111778,0.0],[25.735224,45.111838,0.0],[25.735171,45.111897,0.0],[25.735145,45.11193,0.0],[25.735108,45.111985,0.0],[25.735093,45.112007,0.0],[25.735038,45.112083,0.0],[25.735029,45.112096,0.0],[25.735006,45.112141,0.0],[25.734985,45.112192,0.0],[25.734977,45.112212,0.0],[25.734949,45.112277,0.0],[25.734934,45.112316,0.0],[25.734929,45.112324,0.0],[25.734914,45.112344,0.0],[25.734905,45.112356,0.0],[25.734895,45.112369,0.0],[25.734871,45.112402,0.0],[25.734861,45.112415,0.0],[25.734857,45.112421,0.0],[25.734845,45.112438,0.0],[25.73484,45.112447,0.0],[25.734806,45.11249,0.0],[25.734751,45.112567,0.0],[25.734705,45.112633,0.0],[25.73466,45.112698,0.0],[25.73462,45.112754,0.0],[25.734579,45.112807,0.0],[25.734535,45.112864,0.0],[25.734497,45.11291,0.0],[25.734456,45.112959,0.0],[25.734436,45.112984,0.0],[25.734424,45.112998,0.0],[25.734388,45.11303,0.0],[25.734326,45.113084,0.0],[25.734261,45.113142,0.0],[25.734195,45.1132,0.0],[25.734139,45.113248,0.0],[25.734082,45.113293,0.0],[25.734014,45.113345,0.0],[25.734001,45.113355,0.0],[25.733992,45.113363,0.0],[25.73398,45.113374,0.0],[25.733973,45.11338,0.0],[25.733953,45.113384,0.0],[25.733886,45.113402,0.0],[25.733822,45.113427,0.0],[25.733765,45.113458,0.0],[25.733732,45.113482,0.0],[25.733252,45.113485,0.0],[25.73326,45.114116,0.0],[25.73324,45.114144,0.0],[25.733199,45.1142,0.0],[25.733148,45.114267,0.0],[25.733097,45.114333,0.0],[25.733055,45.114387,0.0],[25.733024,45.114426,0.0],[25.732981,45.114469,0.0],[25.732924,45.114527,0.0],[25.732866,45.114585,0.0],[25.732861,45.11459,0.0],[25.732064,45.114596,0.0],[25.732073,45.115293,0.0],[25.732066,45.115299,0.0],[25.732009,45.115349,0.0],[25.731965,45.115387,0.0],[25.731939,45.115407,0.0],[25.731861,45.115465,0.0],[25.731782,45.115524,0.0],[25.731703,45.115583,0.0],[25.731625,45.115642,0.0],[25.731546,45.115701,0.0],[25.731467,45.11576,0.0],[25.73139,45.115818,0.0],[25.731382,45.115824,0.0],[25.731359,45.11584,0.0],[25.731338,45.115855,0.0],[25.731321,45.115867,0.0],[25.731309,45.115876,0.0],[25.731248,45.115922,0.0],[25.73122,45.115943,0.0],[25.731183,45.11597,0.0],[25.731177,45.115975,0.0],[25.731103,45.11603,0.0],[25.731091,45.11604,0.0],[25.731083,45.116046,0.0],[25.731074,45.116053,0.0],[25.73101,45.116016,0.0],[25.730976,45.115994,0.0],[25.730929,45.11595,0.0],[25.730912,45.115934,0.0],[25.730894,45.115918,0.0],[25.730874,45.115903,0.0],[25.730853,45.115889,0.0],[25.730831,45.115876,0.0],[25.730762,45.115834,0.0],[25.730747,45.115826,0.0],[25.730669,45.115778,0.0],[25.730661,45.115765,0.0],[25.730656,45.115759,0.0],[25.730645,45.115745,0.0],[25.730613,45.115707,0.0],[25.730599,45.11569,0.0],[25.730586,45.115677,0.0],[25.730513,45.115605,0.0],[25.73044,45.115533,0.0],[25.730408,45.115505,0.0],[25.730399,45.115498,0.0],[25.730331,45.115446,0.0],[25.730263,45.115394,0.0],[25.730194,45.115342,0.0],[25.730173,45.115327,0.0],[25.73015,45.115313,0.0],[25.730126,45.115299,0.0],[25.730102,45.115287,0.0],[25.730076,45.115276,0.0],[25.730049,45.115266,0.0],[25.729946,45.115229,0.0],[25.729922,45.115221,0.0],[25.729896,45.115214,0.0],[25.729871,45.115208,0.0],[25.729845,45.115203,0.0],[25.729818,45.115198,0.0],[25.729712,45.115184,0.0],[25.729705,45.115183,0.0],[25.72969,45.115173,0.0],[25.729669,45.115161,0.0],[25.729648,45.115149,0.0],[25.729625,45.115138,0.0],[25.729602,45.115128,0.0],[25.729577,45.115118,0.0],[25.729553,45.11511,0.0],[25.729535,45.115105,0.0],[25.729507,45.115097,0.0],[25.729478,45.11509,0.0],[25.729449,45.115085,0.0],[25.729419,45.11508,0.0],[25.729389,45.115077,0.0],[25.729359,45.115076,0.0],[25.729329,45.115075,0.0],[25.729279,45.115034,0.0],[25.729225,45.114997,0.0],[25.729202,45.114984,0.0],[25.72916,45.114961,0.0],[25.729125,45.114944,0.0],[25.729061,45.11492,0.0],[25.728993,45.114902,0.0],[25.728922,45.114892,0.0],[25.728849,45.114888,0.0],[25.728777,45.114893,0.0],[25.728706,45.114904,0.0],[25.728638,45.114922,0.0],[25.728575,45.114947,0.0],[25.728516,45.114979,0.0],[25.728463,45.115017,0.0],[25.728428,45.115043,0.0],[25.728372,45.115083,0.0],[25.728216,45.115198,0.0],[25.728081,45.115291,0.0],[25.728011,45.115339,0.0],[25.72789,45.115424,0.0],[25.727829,45.115466,0.0],[25.727812,45.115478,0.0],[25.727736,45.115536,0.0],[25.727662,45.115593,0.0],[25.727596,45.115641,0.0],[25.727527,45.115692,0.0],[25.727461,45.115742,0.0],[25.727396,45.115789,0.0],[25.727329,45.115837,0.0],[25.727262,45.115886,0.0],[25.727194,45.115936,0.0],[25.727128,45.115985,0.0],[25.727069,45.116028,0.0],[25.727041,45.116047,0.0],[25.726961,45.116009,0.0],[25.726946,45.116002,0.0],[25.726935,45.115997,0.0],[25.726875,45.115972,0.0],[25.726815,45.115946,0.0],[25.726762,45.115927,0.0],[25.726693,45.115909,0.0],[25.726622,45.115899,0.0],[25.72655,45.115896,0.0],[25.726498,45.115898,0.0],[25.726396,45.115906,0.0],[25.726375,45.115908,0.0],[25.726347,45.115911,0.0],[25.726243,45.115927,0.0],[25.726138,45.115943,0.0],[25.726034,45.115958,0.0],[25.725991,45.115966,0.0],[25.725977,45.115969,0.0],[25.725907,45.115986,0.0],[25.725891,45.115986,0.0],[25.725773,45.115985,0.0],[25.7257,45.115985,0.0],[25.725641,45.115979,0.0],[25.725631,45.115977,0.0],[25.725604,45.115962,0.0],[25.725587,45.115954,0.0],[25.725572,45.115939,0.0],[25.725503,45.115869,0.0],[25.725435,45.115799,0.0],[25.725366,45.115729,0.0],[25.725298,45.115659,0.0],[25.725235,45.115595,0.0],[25.725181,45.115534,0.0],[25.725121,45.115467,0.0],[25.725061,45.115401,0.0],[25.725031,45.115369,0.0],[25.725022,45.115358,0.0],[25.724989,45.115318,0.0],[25.724943,45.115266,0.0],[25.724936,45.115259,0.0],[25.724883,45.115199,0.0],[25.724879,45.115195,0.0],[25.724859,45.115175,0.0],[25.724817,45.115136,0.0],[25.724807,45.115126,0.0],[25.724776,45.115097,0.0],[25.724753,45.115077,0.0],[25.7247,45.115026,0.0],[25.724683,45.115011,0.0],[25.724664,45.114996,0.0],[25.724644,45.114982,0.0],[25.724623,45.114968,0.0],[25.724601,45.114956,0.0],[25.724578,45.114944,0.0],[25.724473,45.114894,0.0],[25.724451,45.114885,0.0],[25.724443,45.114881,0.0],[25.724401,45.11486,0.0],[25.724394,45.114856,0.0],[25.724368,45.114843,0.0],[25.724354,45.114837,0.0],[25.724347,45.114834,0.0],[25.724303,45.114814,0.0],[25.724241,45.114787,0.0],[25.724211,45.114768,0.0],[25.724181,45.11475,0.0],[25.724149,45.114732,0.0],[25.724075,45.114698,0.0],[25.724,45.114665,0.0],[25.723924,45.11463,0.0],[25.723857,45.114604,0.0],[25.723775,45.114579,0.0],[25.72372,45.114563,0.0],[25.723708,45.114559,0.0],[25.723674,45.114544,0.0],[25.723614,45.114519,0.0],[25.723588,45.114508,0.0],[25.723553,45.114494,0.0],[25.723545,45.11449,0.0],[25.723521,45.11448,0.0],[25.723502,45.114472,0.0],[25.723427,45.114441,0.0],[25.723416,45.114436,0.0],[25.723335,45.114401,0.0],[25.723242,45.114361,0.0],[25.723195,45.11434,0.0],[25.723143,45.114307,0.0],[25.723053,45.114247,0.0],[25.722976,45.114196,0.0],[25.7229,45.114145,0.0],[25.722823,45.114095,0.0],[25.722746,45.114044,0.0],[25.722669,45.113993,0.0],[25.72265,45.113981,0.0],[25.722559,45.113927,0.0],[25.722469,45.113874,0.0],[25.72238,45.113821,0.0],[25.722307,45.113778,0.0],[25.722271,45.113744,0.0],[25.722216,45.113695,0.0],[25.722196,45.113677,0.0],[25.722175,45.113661,0.0],[25.7221,45.113608,0.0],[25.722026,45.113556,0.0],[25.721995,45.113533,0.0],[25.721938,45.113493,0.0],[25.721902,45.113468,0.0],[25.721851,45.113422,0.0],[25.721782,45.113359,0.0],[25.721714,45.113299,0.0],[25.721754,45.113296,0.0],[25.721829,45.113286,0.0],[25.721858,45.113282,0.0],[25.721966,45.113264,0.0],[25.722075,45.113245,0.0],[25.722183,45.113227,0.0],[25.722275,45.113212,0.0],[25.722381,45.113199,0.0],[25.722501,45.113185,0.0],[25.722609,45.113173,0.0],[25.722721,45.113162,0.0],[25.722836,45.113149,0.0],[25.722927,45.113139,0.0],[25.723014,45.113129,0.0],[25.723101,45.113119,0.0],[25.723221,45.113106,0.0],[25.723331,45.113094,0.0],[25.723436,45.113086,0.0],[25.723491,45.113082,0.0],[25.723513,45.113084,0.0],[25.723571,45.113089,0.0],[25.723646,45.113102,0.0],[25.723746,45.113118,0.0],[25.723846,45.113135,0.0],[25.723938,45.11315,0.0],[25.72403,45.113165,0.0],[25.72412,45.11318,0.0],[25.724224,45.113197,0.0],[25.724329,45.113215,0.0],[25.724433,45.113233,0.0],[25.724538,45.11325,0.0],[25.72457,45.113255,0.0],[25.724691,45.11327,0.0],[25.724812,45.113284,0.0],[25.72483,45.113286,0.0],[25.724872,45.113289,0.0],[25.724993,45.113293,0.0],[25.725114,45.113298,0.0],[25.725143,45.113298,0.0],[25.725172,45.113297,0.0],[25.7252,45.113295,0.0],[25.725229,45.113292,0.0],[25.725257,45.113288,0.0],[25.725364,45.11327,0.0],[25.725472,45.113252,0.0],[25.725503,45.113246,0.0],[25.725571,45.113228,0.0],[25.725634,45.113203,0.0],[25.725692,45.113172,0.0],[25.725722,45.113151,0.0],[25.725785,45.113105,0.0],[25.725848,45.113058,0.0],[25.725911,45.113012,0.0],[25.725931,45.112996,0.0],[25.725971,45.112958,0.0],[25.726103,45.112813,0.0],[25.726139,45.112766,0.0],[25.726155,45.112737,0.0],[25.726182,45.112682,0.0],[25.726209,45.112627,0.0],[25.726218,45.112606,0.0],[25.726225,45.112585,0.0],[25.726231,45.112564,0.0],[25.726235,45.112543,0.0],[25.726244,45.112469,0.0],[25.726254,45.112396,0.0],[25.726256,45.112376,0.0],[25.726256,45.112355,0.0],[25.726255,45.112335,0.0],[25.726252,45.112315,0.0],[25.726247,45.112295,0.0],[25.726241,45.112275,0.0],[25.726216,45.112206,0.0],[25.726192,45.112137,0.0],[25.726184,45.112118,0.0],[25.726176,45.112099,0.0],[25.726165,45.112081,0.0],[25.726154,45.112063,0.0],[25.726141,45.112046,0.0],[25.726126,45.11203,0.0],[25.726102,45.112003,0.0],[25.726764,45.111998,0.0],[25.726749,45.110833,0.0],[25.726751,45.110839,0.0],[25.726777,45.110887,0.0],[25.726812,45.110932,0.0],[25.726856,45.110973,0.0],[25.726908,45.111009,0.0],[25.726967,45.111039,0.0],[25.726992,45.11105,0.0],[25.726999,45.111053,0.0],[25.727023,45.111061,0.0],[25.727047,45.111069,0.0],[25.727072,45.111076,0.0],[25.727098,45.111082,0.0],[25.727124,45.111087,0.0],[25.72715,45.11109,0.0],[25.727174,45.111101,0.0],[25.7272,45.111111,0.0],[25.727226,45.11112,0.0],[25.727252,45.111127,0.0],[25.72728,45.111134,0.0],[25.727307,45.111139,0.0],[25.727323,45.111142,0.0],[25.72735,45.111146,0.0],[25.727377,45.111149,0.0],[25.727405,45.111152,0.0],[25.727432,45.111153,0.0],[25.72746,45.111153,0.0],[25.727488,45.111152,0.0],[25.727515,45.111149,0.0],[25.727613,45.11114,0.0],[25.72763,45.111138,0.0],[25.72766,45.111134,0.0],[25.72769,45.111128,0.0],[25.727719,45.111121,0.0],[25.727747,45.111113,0.0],[25.727775,45.111104,0.0],[25.727802,45.111094,0.0],[25.727828,45.111082,0.0],[25.727853,45.111069,0.0],[25.727887,45.11105,0.0],[25.727922,45.111026,0.0],[25.727974,45.110986,0.0],[25.728026,45.110947,0.0],[25.728044,45.110933,0.0],[25.72806,45.110919,0.0],[25.728075,45.110903,0.0],[25.72809,45.110888,0.0],[25.728169,45.110795,0.0],[25.728179,45.110783,0.0],[25.728216,45.110735,0.0],[25.728252,45.110689,0.0],[25.728289,45.110642,0.0],[25.728325,45.110595,0.0],[25.728362,45.110549,0.0],[25.728399,45.110503,0.0],[25.728435,45.110458,0.0],[25.728473,45.110411,0.0],[25.728484,45.110398,0.0],[25.728554,45.110302,0.0],[25.72856,45.110293,0.0],[25.728626,45.110196,0.0],[25.728634,45.110186,0.0],[25.728646,45.110164,0.0],[25.728673,45.110113,0.0],[25.728699,45.110063,0.0],[25.728703,45.110054,0.0],[25.728728,45.110003,0.0],[25.728752,45.109953,0.0],[25.728777,45.109902,0.0],[25.728802,45.10985,0.0],[25.728828,45.109797,0.0],[25.728851,45.109748,0.0],[25.728875,45.109699,0.0],[25.728901,45.109648,0.0],[25.728906,45.109637,0.0],[25.728929,45.109585,0.0],[25.728952,45.109533,0.0],[25.728957,45.109522,0.0],[25.728962,45.109509,0.0],[25.72898,45.109456,0.0],[25.728998,45.109403,0.0],[25.729005,45.109379,0.0],[25.729018,45.109326,0.0],[25.729031,45.109273,0.0],[25.729034,45.109261,0.0],[25.729044,45.109207,0.0],[25.729054,45.109153,0.0],[25.729058,45.10913,0.0],[25.729063,45.109076,0.0],[25.729068,45.109022,0.0],[25.729069,45.10901,0.0],[25.729072,45.108958,0.0],[25.729074,45.108906,0.0],[25.729075,45.108894,0.0],[25.729075,45.10884,0.0],[25.729075,45.108789,0.0],[25.729076,45.108737,0.0],[25.729077,45.108693,0.0],[25.729087,45.108595,0.0],[25.729093,45.108541,0.0],[25.729098,45.108492,0.0],[25.729105,45.108443,0.0],[25.729112,45.108389,0.0],[25.72912,45.108336,0.0],[25.729127,45.108286,0.0],[25.729136,45.108235,0.0],[25.729144,45.10819,0.0],[25.729168,45.108096,0.0],[25.729182,45.108044,0.0],[25.729196,45.107992,0.0],[25.729211,45.107939,0.0],[25.729226,45.107885,0.0],[25.72924,45.107831,0.0],[25.729254,45.107778,0.0],[25.72926,45.107754,0.0],[25.730416,45.107747,0.0],[25.730415,45.107622,0.0],[25.730602,45.10762,0.0],[25.730579,45.10582,0.0],[25.729308,45.105829,0.0],[25.728038,45.105837,0.0],[25.728039,45.105962,0.0],[25.727852,45.105963,0.0],[25.727875,45.107763,0.0],[25.728224,45.107761,0.0],[25.728213,45.107802,0.0],[25.728198,45.107855,0.0],[25.728184,45.107909,0.0],[25.728169,45.107964,0.0],[25.728141,45.108072,0.0],[25.728137,45.10809,0.0],[25.728127,45.108146,0.0],[25.728118,45.108201,0.0],[25.728117,45.108209,0.0],[25.728109,45.108262,0.0],[25.728101,45.108316,0.0],[25.728093,45.10837,0.0],[25.728092,45.108381,0.0],[25.726905,45.108388,0.0],[25.725634,45.108397,0.0],[25.725636,45.108545,0.0],[25.724821,45.108551,0.0],[25.724834,45.109559,0.0],[25.724827,45.109576,0.0],[25.724816,45.10961,0.0],[25.724806,45.109646,0.0],[25.724799,45.109681,0.0],[25.724793,45.109717,0.0],[25.724789,45.109752,0.0],[25.724788,45.109788,0.0],[25.724788,45.109824,0.0],[25.724791,45.10986,0.0],[25.724795,45.109895,0.0],[25.724802,45.109931,0.0],[25.72481,45.109966,0.0],[25.724821,45.110001,0.0],[25.724833,45.110036,0.0],[25.72484,45.110053,0.0],[25.724842,45.110211,0.0],[25.724199,45.110215,0.0],[25.724222,45.112015,0.0],[25.72478,45.112011,0.0],[25.724838,45.112067,0.0],[25.724865,45.11209,0.0],[25.724901,45.112116,0.0],[25.724973,45.112164,0.0],[25.725031,45.112201,0.0],[25.725079,45.112239,0.0],[25.725141,45.112286,0.0],[25.725173,45.112311,0.0],[25.72521,45.112352,0.0],[25.725226,45.112369,0.0],[25.72523,45.112381,0.0],[25.725234,45.11239,0.0],[25.725232,45.112402,0.0],[25.725228,45.112432,0.0],[25.725221,45.112446,0.0],[25.725214,45.11246,0.0],[25.725143,45.112538,0.0],[25.725114,45.11256,0.0],[25.725092,45.112576,0.0],[25.725044,45.112574,0.0],[25.724954,45.112571,0.0],[25.724863,45.11256,0.0],[25.724758,45.112547,0.0],[25.724669,45.112532,0.0],[25.724564,45.112515,0.0],[25.724459,45.112497,0.0],[25.724353,45.112479,0.0],[25.72426,45.112464,0.0],[25.724168,45.112449,0.0],[25.724077,45.112434,0.0],[25.723978,45.112417,0.0],[25.723878,45.112401,0.0],[25.723778,45.112384,0.0],[25.723729,45.112378,0.0],[25.723644,45.11237,0.0],[25.723561,45.112362,0.0],[25.723491,45.112359,0.0],[25.723439,45.112361,0.0],[25.723324,45.112371,0.0],[25.723208,45.11238,0.0],[25.723187,45.112382,0.0],[25.723065,45.112395,0.0],[25.722943,45.112408,0.0],[25.722854,45.112418,0.0],[25.722767,45.112428,0.0],[25.722681,45.112438,0.0],[25.722571,45.112449,0.0],[25.722459,45.112461,0.0],[25.722346,45.112473,0.0],[25.722338,45.112474,0.0],[25.722214,45.112489,0.0],[25.72209,45.112503,0.0],[25.722056,45.112508,0.0],[25.721947,45.112527,0.0],[25.721839,45.112545,0.0],[25.72173,45.112563,0.0],[25.721636,45.112579,0.0],[25.721574,45.112587,0.0],[25.721521,45.112594,0.0],[25.721434,45.112599,0.0],[25.721325,45.112606,0.0],[25.721221,45.112612,0.0],[25.721156,45.112616,0.0],[25.721076,45.112611,0.0],[25.720954,45.112604,0.0],[25.720878,45.1126,0.0],[25.720857,45.112588,0.0],[25.720835,45.112579,0.0],[25.720799,45.112565,0.0],[25.720773,45.112555,0.0],[25.720746,45.112547,0.0],[25.720719,45.112539,0.0],[25.720691,45.112533,0.0],[25.720662,45.112528,0.0],[25.720633,45.112524,0.0],[25.720604,45.112521,0.0],[25.720575,45.112519,0.0],[25.720545,45.112519,0.0],[25.720459,45.112519,0.0],[25.720373,45.11252,0.0],[25.720286,45.112521,0.0],[25.720255,45.112521,0.0],[25.720224,45.112524,0.0],[25.720193,45.112527,0.0],[25.720163,45.112532,0.0],[25.720133,45.112538,0.0],[25.720104,45.112546,0.0],[25.720075,45.112555,0.0],[25.720047,45.112565,0.0],[25.719953,45.112601,0.0],[25.719932,45.112604,0.0],[25.719811,45.112626,0.0],[25.719624,45.112659,0.0],[25.719576,45.112659,0.0],[25.719469,45.112661,0.0],[25.719444,45.112661,0.0],[25.719425,45.112657,0.0],[25.719326,45.112635,0.0],[25.719228,45.112613,0.0],[25.719177,45.112602,0.0],[25.719155,45.112594,0.0],[25.719043,45.112551,0.0],[25.718931,45.112508,0.0],[25.718897,45.112496,0.0],[25.718826,45.112478,0.0],[25.71872,45.112458,0.0],[25.718617,45.112438,0.0],[25.718514,45.112418,0.0],[25.718411,45.112398,0.0],[25.718349,45.112389,0.0],[25.718243,45.112379,0.0],[25.718138,45.112368,0.0],[25.718031,45.112357,0.0],[25.717923,45.112347,0.0],[25.717815,45.112336,0.0],[25.717708,45.112326,0.0],[25.7176,45.112315,0.0],[25.717493,45.112305,0.0],[25.717385,45.112294,0.0],[25.717372,45.112293,0.0],[25.717249,45.112284,0.0],[25.717126,45.112274,0.0],[25.717025,45.112266,0.0],[25.716941,45.112255,0.0],[25.716837,45.11224,0.0],[25.716746,45.112227,0.0],[25.71669,45.112217,0.0],[25.716631,45.112209,0.0],[25.716598,45.112206,0.0],[25.716475,45.1122,0.0],[25.716352,45.112194,0.0],[25.716229,45.112188,0.0],[25.716113,45.112183,0.0],[25.71602,45.112176,0.0],[25.71592,45.11217,0.0],[25.715861,45.112166,0.0],[25.715779,45.112114,0.0],[25.71569,45.112057,0.0],[25.7156,45.112001,0.0],[25.715511,45.111945,0.0],[25.715422,45.111888,0.0],[25.715332,45.111832,0.0],[25.715308,45.111817,0.0],[25.715283,45.111804,0.0],[25.715256,45.111792,0.0],[25.715233,45.111782,0.0],[25.715178,45.111758,0.0],[25.715075,45.111715,0.0],[25.714973,45.111672,0.0],[25.714871,45.111628,0.0],[25.714769,45.111585,0.0],[25.714667,45.111541,0.0],[25.714579,45.111504,0.0],[25.714499,45.111464,0.0],[25.714404,45.111417,0.0],[25.714309,45.111371,0.0],[25.714215,45.111324,0.0],[25.71412,45.111277,0.0],[25.714025,45.11123,0.0],[25.714006,45.111221,0.0],[25.713988,45.111214,0.0],[25.713879,45.111169,0.0],[25.71377,45.111125,0.0],[25.713577,45.111046,0.0],[25.713571,45.111033,0.0],[25.713553,45.110992,0.0],[25.713552,45.110984,0.0],[25.713537,45.110903,0.0],[25.713521,45.110821,0.0],[25.713506,45.11074,0.0],[25.713491,45.110658,0.0],[25.713486,45.110637,0.0],[25.71348,45.110617,0.0],[25.713472,45.110596,0.0],[25.713462,45.110576,0.0],[25.713417,45.110494,0.0],[25.713372,45.110412,0.0],[25.713268,45.110218,0.0],[25.713266,45.110195,0.0],[25.713261,45.110113,0.0],[25.713256,45.110032,0.0],[25.713252,45.109976,0.0],[25.713643,45.109973,0.0],[25.714914,45.109965,0.0],[25.714892,45.108165,0.0],[25.713621,45.108173,0.0],[25.713241,45.108176,0.0],[25.713233,45.108112,0.0],[25.713225,45.108047,0.0],[25.713217,45.107982,0.0],[25.713213,45.107959,0.0],[25.713211,45.10795,0.0],[25.713193,45.107879,0.0],[25.713175,45.107807,0.0],[25.713157,45.107736,0.0],[25.713139,45.107665,0.0],[25.713125,45.107624,0.0],[25.713098,45.107576,0.0],[25.713062,45.107522,0.0],[25.713027,45.107468,0.0],[25.713011,45.107445,0.0],[25.712996,45.107422,0.0],[25.71296,45.107376,0.0],[25.712829,45.107239,0.0],[25.712812,45.107222,0.0],[25.712793,45.107206,0.0],[25.712774,45.107191,0.0],[25.712753,45.107177,0.0],[25.712731,45.107163,0.0],[25.712638,45.107109,0.0],[25.712545,45.107055,0.0],[25.712452,45.107,0.0],[25.71236,45.106946,0.0],[25.712307,45.106919,0.0],[25.712283,45.106909,0.0],[25.712202,45.106877,0.0],[25.712121,45.106845,0.0],[25.71209,45.106834,0.0],[25.712062,45.106825,0.0],[25.712081,45.106788,0.0],[25.712117,45.106734,0.0],[25.712261,45.106636,0.0],[25.712295,45.10661,0.0],[25.71231,45.106596,0.0],[25.712473,45.106448,0.0],[25.7125,45.10642,0.0],[25.712534,45.106375,0.0],[25.712648,45.106196,0.0],[25.712673,45.106147,0.0],[25.712688,45.106097,0.0],[25.712692,45.106046,0.0],[25.712686,45.105995,0.0],[25.712682,45.105977,0.0],[25.712671,45.105939,0.0],[25.71267,45.105918,0.0],[25.712667,45.105898,0.0],[25.712662,45.105878,0.0],[25.712656,45.105858,0.0],[25.712648,45.105838,0.0],[25.712587,45.105703,0.0],[25.712577,45.105684,0.0],[25.712566,45.105664,0.0],[25.712553,45.105646,0.0],[25.712539,45.105628,0.0],[25.712523,45.10561,0.0],[25.712506,45.105593,0.0],[25.712487,45.105577,0.0],[25.712467,45.105562,0.0],[25.712314,45.10545,0.0],[25.712277,45.105426,0.0],[25.712155,45.105354,0.0],[25.71217,45.105321,0.0],[25.712258,45.105238,0.0],[25.712281,45.105214,0.0],[25.712304,45.105185,0.0],[25.712378,45.105082,0.0],[25.712391,45.105062,0.0],[25.712403,45.105042,0.0],[25.712412,45.105022,0.0],[25.71242,45.105001,0.0],[25.712426,45.10498,0.0],[25.71243,45.104958,0.0],[25.712433,45.104937,0.0],[25.712442,45.104804,0.0],[25.712443,45.104784,0.0],[25.712442,45.104763,0.0],[25.712439,45.104743,0.0],[25.712435,45.104723,0.0],[25.712429,45.104703,0.0],[25.712422,45.104684,0.0],[25.712413,45.104665,0.0],[25.712403,45.104646,0.0],[25.712341,45.104542,0.0],[25.712333,45.10453,0.0],[25.712311,45.1045,0.0],[25.712223,45.104393,0.0],[25.712151,45.104292,0.0],[25.712451,45.104256,0.0],[25.712477,45.104252,0.0],[25.712504,45.104247,0.0],[25.71253,45.104242,0.0],[25.712555,45.104235,0.0],[25.71258,45.104227,0.0],[25.712604,45.104219,0.0],[25.712696,45.104184,0.0],[25.712724,45.104173,0.0],[25.71275,45.10416,0.0],[25.712776,45.104147,0.0],[25.7128,45.104132,0.0],[25.712823,45.104116,0.0],[25.712844,45.1041,0.0],[25.712906,45.104048,0.0],[25.712949,45.104007,0.0],[25.71297,45.103981,0.0],[25.713021,45.103912,0.0],[25.713025,45.103905,0.0],[25.713079,45.103828,0.0],[25.713141,45.10376,0.0],[25.713319,45.103631,0.0],[25.713401,45.103573,0.0],[25.713534,45.103486,0.0],[25.713571,45.103459,0.0],[25.713696,45.103359,0.0],[25.713764,45.103311,0.0],[25.713864,45.103405,0.0],[25.713879,45.103422,0.0],[25.713887,45.104088,0.0],[25.714698,45.104083,0.0],[25.714759,45.104107,0.0],[25.714911,45.104166,0.0],[25.71494,45.104176,0.0],[25.715181,45.104256,0.0],[25.715189,45.104259,0.0],[25.715204,45.104263,0.0],[25.715495,45.104347,0.0],[25.715623,45.104383,0.0],[25.715635,45.104387,0.0],[25.715878,45.10445,0.0],[25.716146,45.104524,0.0],[25.716156,45.104526,0.0],[25.716414,45.104594,0.0],[25.716438,45.104599,0.0],[25.716607,45.104637,0.0],[25.716785,45.104674,0.0],[25.7168,45.104677,0.0],[25.716981,45.10471,0.0],[25.717018,45.104745,0.0],[25.71707,45.104781,0.0],[25.717129,45.104812,0.0],[25.717193,45.104836,0.0],[25.717219,45.104844,0.0],[25.717409,45.104895,0.0],[25.717447,45.104904,0.0],[25.717635,45.104943,0.0],[25.717708,45.104954,0.0],[25.717747,45.104956,0.0],[25.717929,45.104964,0.0],[25.717965,45.104964,0.0],[25.718208,45.104961,0.0],[25.718255,45.104959,0.0],[25.718458,45.104943,0.0],[25.718667,45.104929,0.0],[25.718906,45.104924,0.0],[25.719353,45.104924,0.0],[25.719589,45.104924,0.0],[25.719598,45.104924,0.0],[25.719647,45.104923,0.0],[25.719649,45.105026,0.0],[25.72092,45.105018,0.0],[25.72219,45.10501,0.0],[25.722167,45.10321,0.0],[25.720897,45.103218,0.0],[25.719626,45.103226,0.0],[25.719638,45.104203,0.0],[25.719581,45.104204,0.0],[25.719353,45.104204,0.0],[25.718896,45.104204,0.0],[25.718885,45.104204,0.0],[25.718622,45.10421,0.0],[25.71859,45.104211,0.0],[25.71836,45.104226,0.0],[25.71835,45.104227,0.0],[25.718166,45.104241,0.0],[25.717968,45.104244,0.0],[25.717863,45.10424,0.0],[25.717756,45.104218,0.0],[25.717734,45.10419,0.0],[25.71769,45.104149,0.0],[25.717639,45.104113,0.0],[25.71758,45.104083,0.0],[25.717516,45.104059,0.0],[25.717448,45.104041,0.0],[25.717384,45.104032,0.0],[25.717268,45.104019,0.0],[25.717063,45.103982,0.0],[25.716904,45.103948,0.0],[25.716753,45.103915,0.0],[25.716511,45.103852,0.0],[25.716426,45.103828,0.0],[25.716406,45.102272,0.0],[25.715135,45.10228,0.0],[25.713865,45.102288,0.0],[25.713867,45.102503,0.0],[25.71386,45.102502,0.0],[25.713788,45.102499,0.0],[25.713716,45.102503,0.0],[25.713642,45.102515,0.0],[25.713534,45.102539,0.0],[25.713506,45.102546,0.0],[25.713479,45.102554,0.0],[25.713453,45.102563,0.0],[25.713427,45.102573,0.0],[25.713402,45.102584,0.0],[25.713378,45.102597,0.0],[25.713355,45.10261,0.0],[25.713138,45.102743,0.0],[25.713094,45.102769,0.0],[25.713084,45.102775,0.0],[25.71306,45.102791,0.0],[25.712965,45.102858,0.0],[25.712944,45.102874,0.0],[25.712826,45.102969,0.0],[25.712704,45.103048,0.0],[25.712688,45.103059,0.0],[25.712596,45.103125,0.0],[25.712378,45.103283,0.0],[25.712353,45.103301,0.0],[25.712312,45.103342,0.0],[25.712207,45.103459,0.0],[25.712181,45.103491,0.0],[25.712129,45.103565,0.0],[25.711938,45.103588,0.0],[25.711758,45.103608,0.0],[25.711729,45.103612,0.0],[25.711701,45.103617,0.0],[25.711672,45.103623,0.0],[25.711645,45.10363,0.0],[25.711618,45.103639,0.0],[25.711592,45.103648,0.0],[25.711422,45.103714,0.0],[25.711407,45.103721,0.0],[25.711388,45.102253,0.0],[25.710118,45.102261,0.0],[25.710077,45.102261,0.0],[25.710071,45.10177,0.0],[25.709865,45.101771,0.0],[25.709859,45.10132,0.0],[25.708588,45.101328,0.0],[25.707318,45.101336,0.0],[25.707321,45.101579,0.0],[25.707229,45.10158,0.0],[25.707252,45.10338,0.0],[25.70755,45.103378,0.0],[25.707552,45.103585,0.0],[25.708823,45.103578,0.0],[25.708863,45.103577,0.0],[25.708869,45.104068,0.0],[25.71014,45.104061,0.0],[25.711108,45.104054,0.0],[25.7111,45.104072,0.0],[25.711094,45.104091,0.0],[25.711088,45.104111,0.0],[25.711085,45.104132,0.0],[25.711083,45.104152,0.0],[25.711077,45.104255,0.0],[25.711077,45.104276,0.0],[25.711078,45.104298,0.0],[25.711082,45.10432,0.0],[25.711087,45.104341,0.0],[25.711094,45.104362,0.0],[25.711103,45.104383,0.0],[25.711113,45.104403,0.0],[25.711194,45.104545,0.0],[25.711205,45.104563,0.0],[25.711212,45.104574,0.0],[25.711323,45.104729,0.0],[25.711338,45.104748,0.0],[25.711412,45.104837,0.0],[25.711306,45.104937,0.0],[25.711291,45.104953,0.0],[25.711276,45.104969,0.0],[25.711263,45.104986,0.0],[25.711251,45.105003,0.0],[25.71124,45.105021,0.0],[25.711231,45.105039,0.0],[25.711177,45.105155,0.0],[25.71117,45.10517,0.0],[25.711167,45.105179,0.0],[25.711129,45.105283,0.0],[25.711122,45.105305,0.0],[25.711117,45.105326,0.0],[25.711114,45.105348,0.0],[25.711113,45.10537,0.0],[25.711114,45.105392,0.0],[25.711116,45.105413,0.0],[25.711121,45.105435,0.0],[25.711127,45.105457,0.0],[25.711135,45.105478,0.0],[25.711195,45.105615,0.0],[25.711205,45.105635,0.0],[25.711217,45.105656,0.0],[25.71123,45.105675,0.0],[25.711245,45.105694,0.0],[25.711262,45.105713,0.0],[25.71128,45.10573,0.0],[25.711386,45.105827,0.0],[25.711406,45.105844,0.0],[25.71146,45.105881,0.0],[25.711604,45.105966,0.0],[25.711655,45.106003,0.0],[25.711632,45.106041,0.0],[25.711529,45.106136,0.0],[25.711343,45.106262,0.0],[25.711322,45.106278,0.0],[25.711301,45.106294,0.0],[25.711283,45.106312,0.0],[25.711265,45.10633,0.0],[25.71125,45.106349,0.0],[25.711236,45.106369,0.0],[25.71115,45.106498,0.0],[25.711051,45.106469,0.0],[25.710952,45.106441,0.0],[25.710853,45.106413,0.0],[25.710763,45.106388,0.0],[25.710663,45.106357,0.0],[25.710552,45.106322,0.0],[25.710485,45.106305,0.0],[25.710476,45.106303,0.0],[25.710374,45.106284,0.0],[25.710272,45.106265,0.0],[25.710215,45.106254,0.0],[25.710144,45.10623,0.0],[25.710029,45.106191,0.0],[25.709915,45.106153,0.0],[25.709889,45.106145,0.0],[25.709863,45.106138,0.0],[25.709837,45.106132,0.0],[25.70981,45.106127,0.0],[25.709782,45.106123,0.0],[25.709755,45.106121,0.0],[25.709727,45.106119,0.0],[25.709628,45.106115,0.0],[25.709534,45.106111,0.0],[25.709422,45.106104,0.0],[25.709307,45.106098,0.0],[25.709296,45.106094,0.0],[25.709192,45.10605,0.0],[25.709087,45.106006,0.0],[25.709021,45.105978,0.0],[25.708997,45.105961,0.0],[25.708936,45.105919,0.0],[25.708879,45.105879,0.0],[25.708806,45.105826,0.0],[25.708729,45.10577,0.0],[25.708652,45.105714,0.0],[25.708576,45.105658,0.0],[25.708499,45.105602,0.0],[25.708464,45.105578,0.0],[25.708433,45.105562,0.0],[25.708351,45.105519,0.0],[25.708269,45.105477,0.0],[25.708187,45.105435,0.0],[25.708105,45.105392,0.0],[25.708092,45.105386,0.0],[25.708051,45.105366,0.0],[25.708044,45.105358,0.0],[25.708004,45.10531,0.0],[25.707998,45.105301,0.0],[25.707931,45.105185,0.0],[25.707917,45.105131,0.0],[25.707912,45.105112,0.0],[25.707906,45.105091,0.0],[25.707898,45.105071,0.0],[25.707888,45.105051,0.0],[25.707877,45.105032,0.0],[25.707864,45.105013,0.0],[25.70785,45.104994,0.0],[25.707834,45.104977,0.0],[25.707817,45.104959,0.0],[25.707798,45.104943,0.0],[25.707779,45.104928,0.0],[25.707709,45.10487,0.0],[25.707674,45.104844,0.0],[25.707589,45.104787,0.0],[25.707504,45.104731,0.0],[25.707362,45.104636,0.0],[25.707291,45.104589,0.0],[25.70722,45.104542,0.0],[25.707201,45.104529,0.0],[25.70718,45.104518,0.0],[25.707159,45.104507,0.0],[25.707137,45.104497,0.0],[25.707115,45.104488,0.0],[25.707029,45.104455,0.0],[25.706927,45.104415,0.0],[25.706825,45.104376,0.0],[25.706723,45.104337,0.0],[25.706696,45.104327,0.0],[25.706599,45.104295,0.0],[25.706405,45.10423,0.0],[25.706367,45.104218,0.0],[25.706364,45.104213,0.0],[25.706323,45.104157,0.0],[25.706282,45.104101,0.0],[25.706255,45.104064,0.0],[25.706226,45.104008,0.0],[25.706186,45.103932,0.0],[25.706175,45.103913,0.0],[25.706163,45.103895,0.0],[25.70615,45.103877,0.0],[25.706135,45.10386,0.0],[25.706118,45.103844,0.0],[25.706101,45.103828,0.0],[25.706082,45.103813,0.0],[25.706062,45.103798,0.0],[25.705998,45.103754,0.0],[25.705933,45.10371,0.0],[25.705882,45.103675,0.0],[25.705826,45.103631,0.0],[25.705758,45.103577,0.0],[25.70571,45.10354,0.0],[25.705662,45.103502,0.0],[25.705653,45.103495,0.0],[25.705594,45.10345,0.0],[25.705578,45.103438,0.0],[25.705532,45.103404,0.0],[25.705487,45.10337,0.0],[25.705447,45.103344,0.0],[25.705395,45.103316,0.0],[25.705376,45.103307,0.0],[25.705293,45.103269,0.0],[25.70521,45.10323,0.0],[25.705128,45.103191,0.0],[25.705119,45.103188,0.0],[25.705098,45.103179,0.0],[25.705008,45.103143,0.0],[25.704918,45.103107,0.0],[25.704828,45.10307,0.0],[25.704776,45.10305,0.0],[25.704723,45.103019,0.0],[25.704636,45.102969,0.0],[25.70455,45.102918,0.0],[25.704463,45.102868,0.0],[25.704376,45.102817,0.0],[25.704288,45.102766,0.0],[25.704212,45.102723,0.0],[25.704137,45.10268,0.0],[25.70482,45.102676,0.0],[25.704806,45.101532,0.0],[25.704944,45.101532,0.0],[25.706214,45.101524,0.0],[25.706192,45.099724,0.0],[25.705113,45.09973,0.0],[25.705105,45.099716,0.0],[25.705093,45.099697,0.0],[25.70508,45.099678,0.0],[25.704921,45.09947,0.0],[25.704899,45.099444,0.0],[25.704894,45.099439,0.0],[25.704545,45.099077,0.0],[25.704526,45.099059,0.0],[25.704505,45.099041,0.0],[25.704484,45.099025,0.0],[25.70446,45.09901,0.0],[25.704435,45.098995,0.0],[25.704409,45.098982,0.0],[25.704039,45.098805,0.0],[25.704016,45.098795,0.0],[25.703993,45.098785,0.0],[25.703969,45.098777,0.0],[25.703944,45.098769,0.0],[25.70379,45.098725,0.0],[25.703592,45.098656,0.0],[25.703469,45.098598,0.0],[25.703232,45.098466,0.0],[25.70312,45.098389,0.0],[25.703113,45.098385,0.0],[25.702825,45.098194,0.0],[25.702808,45.098183,0.0],[25.702797,45.098177,0.0],[25.70265,45.098093,0.0],[25.702606,45.098071,0.0],[25.702376,45.097967,0.0],[25.702324,45.097946,0.0],[25.702243,45.097919,0.0],[25.702069,45.097858,0.0],[25.702052,45.097853,0.0],[25.702017,45.097843,0.0],[25.701694,45.09776,0.0],[25.701672,45.097755,0.0],[25.701663,45.097018,0.0],[25.700392,45.097025,0.0],[25.699122,45.097033,0.0],[25.69913,45.097731,0.0],[25.698761,45.097734,0.0],[25.69876,45.097669,0.0],[25.698754,45.097669,0.0],[25.698799,45.097644,0.0],[25.698819,45.097633,0.0],[25.698869,45.097596,0.0],[25.698912,45.097554,0.0],[25.698947,45.097509,0.0],[25.698971,45.097461,0.0],[25.698979,45.097441,0.0],[25.699006,45.097353,0.0],[25.699061,45.097179,0.0],[25.699088,45.097091,0.0],[25.699114,45.097007,0.0],[25.699141,45.096923,0.0],[25.699167,45.096839,0.0],[25.699194,45.096755,0.0],[25.69922,45.096671,0.0],[25.699246,45.096587,0.0],[25.699252,45.096565,0.0],[25.699256,45.096542,0.0],[25.699258,45.09652,0.0],[25.699258,45.096497,0.0],[25.699256,45.096475,0.0],[25.699245,45.096393,0.0],[25.699234,45.096311,0.0],[25.699223,45.096229,0.0],[25.699212,45.096147,0.0],[25.699201,45.096065,0.0],[25.69919,45.095984,0.0],[25.699187,45.095963,0.0],[25.699183,45.095946,0.0],[25.699161,45.09587,0.0],[25.69914,45.095795,0.0],[25.699118,45.095719,0.0],[25.699096,45.095643,0.0],[25.699075,45.095567,0.0],[25.699053,45.095492,0.0],[25.699032,45.095417,0.0],[25.699014,45.095353,0.0],[25.698996,45.095289,0.0],[25.698976,45.095221,0.0],[25.698956,45.095153,0.0],[25.698945,45.095114,0.0],[25.698941,45.095057,0.0],[25.698936,45.094973,0.0],[25.69893,45.094888,0.0],[25.698925,45.094803,0.0],[25.69892,45.094719,0.0],[25.698914,45.094634,0.0],[25.698909,45.094596,0.0],[25.698893,45.094546,0.0],[25.698867,45.094498,0.0],[25.698832,45.094453,0.0],[25.698802,45.094425,0.0],[25.698753,45.094381,0.0],[25.698703,45.094337,0.0],[25.698684,45.094322,0.0],[25.698664,45.094307,0.0],[25.698643,45.094293,0.0],[25.698621,45.09428,0.0],[25.698598,45.094268,0.0],[25.698574,45.094257,0.0],[25.698549,45.094246,0.0],[25.698523,45.094237,0.0],[25.698426,45.094205,0.0],[25.698329,45.094173,0.0],[25.698232,45.09414,0.0],[25.698135,45.094108,0.0],[25.698038,45.094076,0.0],[25.698029,45.094073,0.0],[25.698004,45.094066,0.0],[25.697922,45.094043,0.0],[25.69784,45.094021,0.0],[25.697758,45.093999,0.0],[25.697711,45.093988,0.0],[25.697593,45.093965,0.0],[25.697362,45.093921,0.0],[25.697247,45.093899,0.0],[25.697131,45.093877,0.0],[25.697016,45.093855,0.0],[25.6969,45.093833,0.0],[25.696785,45.093811,0.0],[25.696439,45.093745,0.0],[25.696324,45.093722,0.0],[25.696208,45.0937,0.0],[25.696128,45.093685,0.0],[25.696077,45.09367,0.0],[25.696024,45.093654,0.0],[25.695957,45.093595,0.0],[25.695884,45.093532,0.0],[25.695811,45.093468,0.0],[25.695798,45.093457,0.0],[25.695765,45.093433,0.0],[25.695677,45.093374,0.0],[25.695588,45.093315,0.0],[25.6955,45.093256,0.0],[25.695411,45.093197,0.0],[25.695323,45.093138,0.0],[25.695301,45.093124,0.0],[25.695278,45.093112,0.0],[25.695254,45.0931,0.0],[25.69523,45.093089,0.0],[25.695204,45.093079,0.0],[25.695178,45.09307,0.0],[25.69515,45.093062,0.0],[25.695123,45.093056,0.0],[25.695039,45.093038,0.0],[25.694955,45.09302,0.0],[25.694872,45.093002,0.0],[25.694863,45.093,0.0],[25.694792,45.092989,0.0],[25.694719,45.092986,0.0],[25.694647,45.09299,0.0],[25.69463,45.092992,0.0],[25.694532,45.093005,0.0],[25.694459,45.093015,0.0],[25.694371,45.09302,0.0],[25.694302,45.093025,0.0],[25.694224,45.09302,0.0],[25.694103,45.093013,0.0],[25.694047,45.09301,0.0],[25.694027,45.093005,0.0],[25.694016,45.092156,0.0],[25.692746,45.092164,0.0],[25.691475,45.092171,0.0],[25.691497,45.093971,0.0],[25.692768,45.093963,0.0],[25.694038,45.093956,0.0],[25.694036,45.093732,0.0],[25.69414,45.093738,0.0],[25.694261,45.093745,0.0],[25.694307,45.093746,0.0],[25.694347,45.093745,0.0],[25.694459,45.093738,0.0],[25.694572,45.093731,0.0],[25.694604,45.093728,0.0],[25.694621,45.093726,0.0],[25.694695,45.093716,0.0],[25.694714,45.093721,0.0],[25.694803,45.09378,0.0],[25.694892,45.093839,0.0],[25.69498,45.093898,0.0],[25.695044,45.093941,0.0],[25.695095,45.093985,0.0],[25.695168,45.094049,0.0],[25.695241,45.094113,0.0],[25.695314,45.094176,0.0],[25.695328,45.094187,0.0],[25.695379,45.094223,0.0],[25.695438,45.094254,0.0],[25.695502,45.094278,0.0],[25.695508,45.09428,0.0],[25.695676,45.094331,0.0],[25.69576,45.094357,0.0],[25.695825,45.094373,0.0],[25.695943,45.094395,0.0],[25.696059,45.094418,0.0],[25.696174,45.09444,0.0],[25.69652,45.094506,0.0],[25.696635,45.094528,0.0],[25.696751,45.09455,0.0],[25.696866,45.094572,0.0],[25.696982,45.094594,0.0],[25.697097,45.094616,0.0],[25.697328,45.09466,0.0],[25.697418,45.094678,0.0],[25.697476,45.094693,0.0],[25.697558,45.094716,0.0],[25.697623,45.094733,0.0],[25.697703,45.09476,0.0],[25.6978,45.094792,0.0],[25.697897,45.094824,0.0],[25.697909,45.094828,0.0],[25.69791,45.094836,0.0],[25.697915,45.094921,0.0],[25.69792,45.095005,0.0],[25.697926,45.09509,0.0],[25.697931,45.095175,0.0],[25.697937,45.095213,0.0],[25.697941,45.09523,0.0],[25.697961,45.095298,0.0],[25.69798,45.095365,0.0],[25.697999,45.095432,0.0],[25.698017,45.095496,0.0],[25.698036,45.095559,0.0],[25.698057,45.095634,0.0],[25.698078,45.095709,0.0],[25.6981,45.095785,0.0],[25.698122,45.095861,0.0],[25.698143,45.095937,0.0],[25.698165,45.096013,0.0],[25.698181,45.09607,0.0],[25.698189,45.096133,0.0],[25.6982,45.096215,0.0],[25.698211,45.096297,0.0],[25.698222,45.096379,0.0],[25.698233,45.096461,0.0],[25.698237,45.096486,0.0],[25.698228,45.096515,0.0],[25.698201,45.096599,0.0],[25.698175,45.096683,0.0],[25.698149,45.096767,0.0],[25.698122,45.096851,0.0],[25.698096,45.096935,0.0],[25.698068,45.097023,0.0],[25.698025,45.09716,0.0],[25.698004,45.097172,0.0],[25.697923,45.097218,0.0],[25.697842,45.097263,0.0],[25.69783,45.097271,0.0],[25.697751,45.097318,0.0],[25.697673,45.097365,0.0],[25.697594,45.097412,0.0],[25.697587,45.097417,0.0],[25.697536,45.097453,0.0],[25.697493,45.097495,0.0],[25.697459,45.09754,0.0],[25.697434,45.097588,0.0],[25.697423,45.097621,0.0],[25.697409,45.097678,0.0],[25.696868,45.097681,0.0],[25.69686,45.097012,0.0],[25.69559,45.09702,0.0],[25.694868,45.097024,0.0],[25.694861,45.096454,0.0],[25.69359,45.096462,0.0],[25.693212,45.096464,0.0],[25.693204,45.095839,0.0],[25.691934,45.095847,0.0],[25.690663,45.095855,0.0],[25.690683,45.097489,0.0],[25.690633,45.097506,0.0],[25.690622,45.09751,0.0],[25.690417,45.097584,0.0],[25.690402,45.09759,0.0],[25.690237,45.097655,0.0],[25.690163,45.097673,0.0],[25.69015,45.097674,0.0],[25.690098,45.097672,0.0],[25.689918,45.097653,0.0],[25.689888,45.097651,0.0],[25.689666,45.097638,0.0],[25.689437,45.097612,0.0],[25.689423,45.09761,0.0],[25.689381,45.097608,0.0],[25.689355,45.097607,0.0],[25.68926,45.097603,0.0],[25.689251,45.097603,0.0],[25.689123,45.0976,0.0],[25.689022,45.097595,0.0],[25.688949,45.097462,0.0],[25.688946,45.097457,0.0],[25.688875,45.097332,0.0],[25.688817,45.097225,0.0],[25.688813,45.097218,0.0],[25.688769,45.097121,0.0],[25.68876,45.097102,0.0],[25.688662,45.096921,0.0],[25.688593,45.09675,0.0],[25.688552,45.0966,0.0],[25.688528,45.096496,0.0],[25.688525,45.096486,0.0],[25.688502,45.096402,0.0],[25.688497,45.096387,0.0],[25.688469,45.096303,0.0],[25.688444,45.096227,0.0],[25.688436,45.096205,0.0],[25.688428,45.096188,0.0],[25.688357,45.096022,0.0],[25.68835,45.096006,0.0],[25.688329,45.094207,0.0],[25.68816,45.094208,0.0],[25.688141,45.092592,0.0],[25.687549,45.092596,0.0],[25.687601,45.096928,0.0]],[[25.696067,45.098817,0.0],[25.696079,45.09882,0.0],[25.696068,45.098824,0.0],[25.696027,45.098817,0.0],[25.696067,45.098817,0.0]],[[25.696068,45.098915,0.0],[25.696078,45.098915,0.0],[25.696087,45.098914,0.0],[25.696096,45.098912,0.0],[25.696233,45.098874,0.0],[25.69624,45.099383,0.0],[25.695723,45.099387,0.0],[25.695717,45.098861,0.0],[25.696059,45.098914,0.0],[25.696068,45.098915,0.0]],[[25.701856,45.098586,0.0],[25.702035,45.098667,0.0],[25.702145,45.09873,0.0],[25.702416,45.098909,0.0],[25.702543,45.098996,0.0],[25.702567,45.099011,0.0],[25.702582,45.09902,0.0],[25.702858,45.099174,0.0],[25.702894,45.099192,0.0],[25.70306,45.099269,0.0],[25.703068,45.099273,0.0],[25.703112,45.09929,0.0],[25.703354,45.099376,0.0],[25.703374,45.099383,0.0],[25.703392,45.099388,0.0],[25.703515,45.099423,0.0],[25.70376,45.09954,0.0],[25.703951,45.099738,0.0],[25.703651,45.09974,0.0],[25.703665,45.100883,0.0],[25.703527,45.100884,0.0],[25.702367,45.100891,0.0],[25.70235,45.099514,0.0],[25.70108,45.099522,0.0],[25.700523,45.099526,0.0],[25.700523,45.099523,0.0],[25.700704,45.099522,0.0],[25.700695,45.098824,0.0],[25.701685,45.098817,0.0],[25.701682,45.098526,0.0],[25.701799,45.098566,0.0],[25.701856,45.098586,0.0]],[[25.702265,45.101633,0.0],[25.702227,45.101611,0.0],[25.702146,45.101563,0.0],[25.702118,45.101544,0.0],[25.702033,45.101488,0.0],[25.701948,45.101432,0.0],[25.701931,45.101421,0.0],[25.701923,45.101416,0.0],[25.701828,45.101361,0.0],[25.701753,45.101318,0.0],[25.702261,45.101315,0.0],[25.702265,45.101633,0.0]],[[25.698197,45.100622,0.0],[25.698277,45.100662,0.0],[25.698297,45.100671,0.0],[25.698307,45.100675,0.0],[25.698403,45.100716,0.0],[25.6985,45.100757,0.0],[25.698596,45.100798,0.0],[25.698693,45.100839,0.0],[25.698784,45.100878,0.0],[25.698875,45.100916,0.0],[25.698965,45.100954,0.0],[25.699035,45.100984,0.0],[25.699101,45.101018,0.0],[25.699186,45.101062,0.0],[25.69927,45.101105,0.0],[25.699353,45.101148,0.0],[25.699435,45.101192,0.0],[25.699519,45.101236,0.0],[25.699603,45.101281,0.0],[25.699623,45.101291,0.0],[25.699718,45.101336,0.0],[25.699813,45.101381,0.0],[25.699902,45.101423,0.0],[25.699913,45.101429,0.0],[25.699935,45.101441,0.0],[25.699961,45.101453,0.0],[25.699974,45.101459,0.0],[25.699981,45.101462,0.0],[25.700008,45.101472,0.0],[25.700069,45.101501,0.0],[25.700149,45.101539,0.0],[25.700229,45.101576,0.0],[25.700306,45.101612,0.0],[25.700395,45.101655,0.0],[25.700487,45.101701,0.0],[25.70058,45.101746,0.0],[25.700667,45.101788,0.0],[25.700754,45.10183,0.0],[25.70084,45.101872,0.0],[25.700927,45.101914,0.0],[25.700938,45.101919,0.0],[25.701044,45.101968,0.0],[25.701151,45.102016,0.0],[25.701257,45.102065,0.0],[25.70132,45.102094,0.0],[25.701367,45.102127,0.0],[25.701451,45.102185,0.0],[25.701524,45.102236,0.0],[25.701466,45.102234,0.0],[25.701441,45.102234,0.0],[25.701426,45.102234,0.0],[25.701404,45.102233,0.0],[25.701388,45.102228,0.0],[25.701308,45.102168,0.0],[25.701274,45.102144,0.0],[25.701164,45.102075,0.0],[25.701142,45.102062,0.0],[25.701119,45.10205,0.0],[25.701096,45.102039,0.0],[25.701071,45.102029,0.0],[25.701046,45.10202,0.0],[25.70102,45.102011,0.0],[25.700993,45.102004,0.0],[25.700966,45.101998,0.0],[25.700846,45.101974,0.0],[25.700817,45.101969,0.0],[25.700572,45.10193,0.0],[25.70053,45.101925,0.0],[25.700496,45.101923,0.0],[25.700285,45.101913,0.0],[25.700263,45.101909,0.0],[25.700115,45.101865,0.0],[25.699972,45.101818,0.0],[25.699964,45.101815,0.0],[25.699896,45.101797,0.0],[25.699825,45.101787,0.0],[25.699752,45.101784,0.0],[25.69968,45.101788,0.0],[25.699609,45.101799,0.0],[25.699592,45.101803,0.0],[25.699465,45.101834,0.0],[25.699415,45.101848,0.0],[25.699351,45.101873,0.0],[25.699294,45.101904,0.0],[25.699243,45.101941,0.0],[25.699218,45.101963,0.0],[25.699122,45.102057,0.0],[25.699107,45.102073,0.0],[25.699093,45.102089,0.0],[25.699081,45.102105,0.0],[25.699069,45.102122,0.0],[25.699059,45.102139,0.0],[25.698989,45.102268,0.0],[25.698916,45.10239,0.0],[25.698847,45.10248,0.0],[25.698791,45.102527,0.0],[25.698733,45.102569,0.0],[25.698682,45.10257,0.0],[25.698499,45.102554,0.0],[25.698466,45.10255,0.0],[25.698413,45.102544,0.0],[25.698287,45.102517,0.0],[25.698277,45.102515,0.0],[25.698209,45.102505,0.0],[25.698039,45.102488,0.0],[25.697975,45.102485,0.0],[25.697963,45.102485,0.0],[25.697969,45.102446,0.0],[25.697978,45.10242,0.0],[25.698044,45.102319,0.0],[25.698137,45.102185,0.0],[25.698144,45.102173,0.0],[25.698159,45.102147,0.0],[25.698246,45.101973,0.0],[25.698255,45.101954,0.0],[25.698262,45.101934,0.0],[25.698268,45.101914,0.0],[25.698272,45.101894,0.0],[25.698275,45.101874,0.0],[25.698287,45.101723,0.0],[25.698288,45.101699,0.0],[25.698282,45.101646,0.0],[25.69826,45.101548,0.0],[25.698249,45.101512,0.0],[25.698199,45.101378,0.0],[25.698162,45.101281,0.0],[25.698132,45.101172,0.0],[25.698172,45.101172,0.0],[25.698165,45.100606,0.0],[25.698197,45.100622,0.0]],[[25.703904,45.103475,0.0],[25.703991,45.103525,0.0],[25.704078,45.103576,0.0],[25.704165,45.103626,0.0],[25.704216,45.103652,0.0],[25.704237,45.103661,0.0],[25.704327,45.103697,0.0],[25.704418,45.103733,0.0],[25.704508,45.10377,0.0],[25.704583,45.1038,0.0],[25.704652,45.103832,0.0],[25.704734,45.10387,0.0],[25.704791,45.103897,0.0],[25.704839,45.103933,0.0],[25.704855,45.103945,0.0],[25.70491,45.103986,0.0],[25.704929,45.104001,0.0],[25.704901,45.103997,0.0],[25.704862,45.103992,0.0],[25.704573,45.103966,0.0],[25.704505,45.103964,0.0],[25.70447,45.103965,0.0],[25.704337,45.103972,0.0],[25.704306,45.103974,0.0],[25.704275,45.103978,0.0],[25.704245,45.103983,0.0],[25.704216,45.103989,0.0],[25.704187,45.103996,0.0],[25.704159,45.104005,0.0],[25.704104,45.104025,0.0],[25.704098,45.104027,0.0],[25.704031,45.104046,0.0],[25.703968,45.104071,0.0],[25.70391,45.104102,0.0],[25.70386,45.104139,0.0],[25.703817,45.10418,0.0],[25.703786,45.104221,0.0],[25.703745,45.104283,0.0],[25.703709,45.104337,0.0],[25.70367,45.104388,0.0],[25.703651,45.10441,0.0],[25.703634,45.104434,0.0],[25.703596,45.104485,0.0],[25.703549,45.10455,0.0],[25.703543,45.104558,0.0],[25.703538,45.104565,0.0],[25.703489,45.104633,0.0],[25.703444,45.104584,0.0],[25.703419,45.104558,0.0],[25.703406,45.104533,0.0],[25.703341,45.104408,0.0],[25.703312,45.104351,0.0],[25.70329,45.104309,0.0],[25.703275,45.104271,0.0],[25.703258,45.104225,0.0],[25.703274,45.104152,0.0],[25.703289,45.104083,0.0],[25.703293,45.104065,0.0],[25.703295,45.104047,0.0],[25.703295,45.104029,0.0],[25.703294,45.104011,0.0],[25.703292,45.103993,0.0],[25.703288,45.103975,0.0],[25.703283,45.103957,0.0],[25.703281,45.103941,0.0],[25.703284,45.103922,0.0],[25.703285,45.103902,0.0],[25.703284,45.103883,0.0],[25.703281,45.103864,0.0],[25.703277,45.103844,0.0],[25.703271,45.103825,0.0],[25.703264,45.103807,0.0],[25.703328,45.103789,0.0],[25.703485,45.103736,0.0],[25.703535,45.103718,0.0],[25.703607,45.1037,0.0],[25.703671,45.103675,0.0],[25.703728,45.103644,0.0],[25.703779,45.103607,0.0],[25.703822,45.103566,0.0],[25.703856,45.10352,0.0],[25.70387,45.103495,0.0],[25.703887,45.103464,0.0],[25.703904,45.103475,0.0]],[[25.708265,45.106473,0.0],[25.708264,45.10646,0.0],[25.708283,45.106473,0.0],[25.708265,45.106473,0.0]],[[25.71099,45.107255,0.0],[25.711011,45.107263,0.0],[25.711107,45.107297,0.0],[25.711203,45.107331,0.0],[25.711299,45.107365,0.0],[25.711315,45.107371,0.0],[25.711337,45.107378,0.0],[25.711344,45.107381,0.0],[25.711356,45.107385,0.0],[25.711367,45.107389,0.0],[25.711412,45.107404,0.0],[25.71158,45.107524,0.0],[25.711612,45.107545,0.0],[25.71167,45.107576,0.0],[25.711807,45.107637,0.0],[25.711824,45.107643,0.0],[25.711895,45.107702,0.0],[25.711854,45.107695,0.0],[25.711639,45.107664,0.0],[25.711607,45.10766,0.0],[25.711551,45.107657,0.0],[25.711383,45.107655,0.0],[25.711121,45.107642,0.0],[25.711112,45.107635,0.0],[25.711012,45.107532,0.0],[25.710932,45.107439,0.0],[25.710879,45.107296,0.0],[25.710877,45.107291,0.0],[25.71084,45.107196,0.0],[25.710898,45.107218,0.0],[25.71099,45.107255,0.0]],[[25.739424,45.109276,0.0],[25.739436,45.109285,0.0],[25.73945,45.109295,0.0],[25.739462,45.109306,0.0],[25.739518,45.10935,0.0],[25.73956,45.109388,0.0],[25.739568,45.109394,0.0],[25.739577,45.1094,0.0],[25.739587,45.109405,0.0],[25.739602,45.109418,0.0],[25.739612,45.109428,0.0],[25.73962,45.109434,0.0],[25.739607,45.10944,0.0],[25.7396,45.109443,0.0],[25.73958,45.109453,0.0],[25.739531,45.109478,0.0],[25.73904,45.109481,0.0],[25.739129,45.109425,0.0],[25.739146,45.109413,0.0],[25.739217,45.109363,0.0],[25.73924,45.109346,0.0],[25.739338,45.109267,0.0],[25.73937,45.109246,0.0],[25.739387,45.109257,0.0],[25.739424,45.109276,0.0]],[[25.712423,45.110669,0.0],[25.712468,45.110752,0.0],[25.712491,45.110795,0.0],[25.712498,45.110834,0.0],[25.712513,45.110915,0.0],[25.712528,45.110997,0.0],[25.712544,45.111078,0.0],[25.712551,45.111116,0.0],[25.712552,45.111123,0.0],[25.712568,45.111174,0.0],[25.712599,45.111244,0.0],[25.712629,45.111315,0.0],[25.71266,45.111385,0.0],[25.712685,45.111432,0.0],[25.712721,45.111476,0.0],[25.712765,45.111517,0.0],[25.712816,45.111553,0.0],[25.712855,45.111574,0.0],[25.712862,45.111578,0.0],[25.71288,45.111586,0.0],[25.712953,45.111619,0.0],[25.713026,45.111652,0.0],[25.713045,45.11166,0.0],[25.713263,45.111749,0.0],[25.713372,45.111793,0.0],[25.713462,45.11183,0.0],[25.713539,45.111868,0.0],[25.713633,45.111915,0.0],[25.713728,45.111961,0.0],[25.713823,45.112008,0.0],[25.713917,45.112055,0.0],[25.714012,45.112101,0.0],[25.714032,45.112111,0.0],[25.714041,45.112115,0.0],[25.714143,45.112158,0.0],[25.714245,45.112202,0.0],[25.714347,45.112245,0.0],[25.714449,45.112289,0.0],[25.714552,45.112332,0.0],[25.714654,45.112376,0.0],[25.714691,45.112391,0.0],[25.714745,45.112425,0.0],[25.714834,45.112482,0.0],[25.714923,45.112538,0.0],[25.715013,45.112595,0.0],[25.715102,45.112651,0.0],[25.715191,45.112707,0.0],[25.715268,45.112756,0.0],[25.715305,45.112782,0.0],[25.715314,45.112787,0.0],[25.71532,45.11279,0.0],[25.715373,45.112818,0.0],[25.715437,45.112842,0.0],[25.715505,45.112859,0.0],[25.715576,45.11287,0.0],[25.715612,45.112872,0.0],[25.715621,45.112873,0.0],[25.71563,45.112873,0.0],[25.715722,45.112879,0.0],[25.715823,45.112886,0.0],[25.715923,45.112893,0.0],[25.716023,45.1129,0.0],[25.716037,45.112901,0.0],[25.71616,45.112907,0.0],[25.716282,45.112913,0.0],[25.716405,45.112919,0.0],[25.716481,45.112922,0.0],[25.716506,45.112927,0.0],[25.716535,45.112932,0.0],[25.71664,45.112946,0.0],[25.716745,45.112961,0.0],[25.716849,45.112976,0.0],[25.71688,45.112979,0.0],[25.716892,45.11298,0.0],[25.717015,45.11299,0.0],[25.717138,45.112999,0.0],[25.717254,45.113008,0.0],[25.717354,45.113018,0.0],[25.717461,45.113029,0.0],[25.717569,45.113039,0.0],[25.717676,45.11305,0.0],[25.717784,45.11306,0.0],[25.71789,45.11307,0.0],[25.717995,45.113081,0.0],[25.718082,45.11309,0.0],[25.718038,45.113113,0.0],[25.717961,45.113154,0.0],[25.717883,45.113195,0.0],[25.71785,45.113213,0.0],[25.717813,45.113239,0.0],[25.717732,45.113301,0.0],[25.717651,45.113364,0.0],[25.717569,45.113426,0.0],[25.717488,45.113488,0.0],[25.717474,45.113499,0.0],[25.717457,45.113514,0.0],[25.717381,45.113585,0.0],[25.717306,45.113655,0.0],[25.71723,45.113726,0.0],[25.71718,45.113772,0.0],[25.717121,45.113811,0.0],[25.717031,45.11387,0.0],[25.716942,45.113929,0.0],[25.716792,45.114028,0.0],[25.716736,45.114055,0.0],[25.716556,45.114141,0.0],[25.716353,45.114237,0.0],[25.716267,45.114277,0.0],[25.716189,45.114307,0.0],[25.716093,45.114345,0.0],[25.715997,45.114382,0.0],[25.715901,45.11442,0.0],[25.715866,45.114435,0.0],[25.715767,45.114482,0.0],[25.715571,45.114574,0.0],[25.715473,45.11462,0.0],[25.715375,45.114666,0.0],[25.715277,45.114713,0.0],[25.715179,45.114759,0.0],[25.715081,45.114805,0.0],[25.715009,45.114839,0.0],[25.714942,45.114862,0.0],[25.714848,45.114896,0.0],[25.714754,45.114929,0.0],[25.714737,45.114935,0.0],[25.714705,45.114938,0.0],[25.71464,45.114944,0.0],[25.714586,45.114922,0.0],[25.714501,45.114887,0.0],[25.714427,45.114852,0.0],[25.714339,45.114809,0.0],[25.714251,45.114767,0.0],[25.714162,45.114724,0.0],[25.71414,45.114714,0.0],[25.714116,45.114705,0.0],[25.714092,45.114696,0.0],[25.714068,45.114688,0.0],[25.714042,45.114682,0.0],[25.714017,45.114676,0.0],[25.713998,45.114672,0.0],[25.714038,45.114621,0.0],[25.714094,45.114548,0.0],[25.714108,45.11453,0.0],[25.71412,45.11451,0.0],[25.71413,45.11449,0.0],[25.714139,45.11447,0.0],[25.714146,45.114449,0.0],[25.714151,45.114428,0.0],[25.714155,45.114407,0.0],[25.714157,45.114386,0.0],[25.71416,45.114303,0.0],[25.714164,45.114219,0.0],[25.714164,45.114205,0.0],[25.714158,45.114154,0.0],[25.714142,45.114104,0.0],[25.714116,45.114056,0.0],[25.714104,45.114038,0.0],[25.714006,45.113909,0.0],[25.713957,45.113844,0.0],[25.713908,45.11378,0.0],[25.71386,45.113715,0.0],[25.713837,45.113688,0.0],[25.713793,45.113647,0.0],[25.713741,45.113611,0.0],[25.713682,45.113581,0.0],[25.713661,45.113572,0.0],[25.713583,45.113541,0.0],[25.713505,45.11351,0.0],[25.713427,45.113478,0.0],[25.713326,45.113438,0.0],[25.713225,45.113398,0.0],[25.713124,45.113357,0.0],[25.713023,45.113317,0.0],[25.712922,45.113277,0.0],[25.712821,45.113236,0.0],[25.712813,45.113233,0.0],[25.712722,45.113198,0.0],[25.712631,45.113163,0.0],[25.71254,45.113128,0.0],[25.712449,45.113093,0.0],[25.712425,45.113085,0.0],[25.712328,45.113052,0.0],[25.712231,45.113019,0.0],[25.712134,45.112986,0.0],[25.712053,45.112959,0.0],[25.712052,45.112927,0.0],[25.712055,45.112858,0.0],[25.712057,45.112781,0.0],[25.71206,45.112703,0.0],[25.712063,45.112626,0.0],[25.712066,45.112549,0.0],[25.712068,45.112471,0.0],[25.712068,45.112449,0.0],[25.712066,45.112427,0.0],[25.712062,45.112405,0.0],[25.712056,45.112383,0.0],[25.712028,45.112296,0.0],[25.712,45.112208,0.0],[25.711972,45.112121,0.0],[25.711963,45.112096,0.0],[25.711952,45.112072,0.0],[25.711909,45.111994,0.0],[25.711867,45.111915,0.0],[25.711825,45.111836,0.0],[25.711782,45.111757,0.0],[25.71174,45.111679,0.0],[25.711705,45.111613,0.0],[25.711677,45.111548,0.0],[25.711645,45.11147,0.0],[25.711612,45.111392,0.0],[25.71158,45.111315,0.0],[25.711594,45.111256,0.0],[25.711607,45.111203,0.0],[25.711668,45.111146,0.0],[25.711736,45.111082,0.0],[25.711804,45.111019,0.0],[25.711873,45.110955,0.0],[25.711941,45.110892,0.0],[25.712008,45.11083,0.0],[25.712212,45.110641,0.0],[25.712274,45.110583,0.0],[25.712344,45.110524,0.0],[25.712423,45.110669,0.0]],[[25.739016,45.112892,0.0],[25.739017,45.112894,0.0],[25.739013,45.112893,0.0],[25.739014,45.112883,0.0],[25.739016,45.11289,0.0],[25.739016,45.112892,0.0]],[[25.738763,45.111503,0.0],[25.738746,45.111518,0.0],[25.738731,45.111534,0.0],[25.738716,45.11155,0.0],[25.738703,45.111567,0.0],[25.738691,45.111584,0.0],[25.73868,45.111601,0.0],[25.738673,45.111614,0.0],[25.738658,45.111644,0.0],[25.738628,45.111713,0.0],[25.738598,45.111725,0.0],[25.73854,45.111756,0.0],[25.73849,45.111793,0.0],[25.738447,45.111834,0.0],[25.738413,45.11188,0.0],[25.738404,45.111895,0.0],[25.738313,45.112058,0.0],[25.738196,45.112264,0.0],[25.738164,45.112323,0.0],[25.738148,45.112357,0.0],[25.738073,45.112548,0.0],[25.73807,45.112556,0.0],[25.738025,45.112685,0.0],[25.738016,45.112717,0.0],[25.738007,45.112756,0.0],[25.738006,45.112763,0.0],[25.738002,45.112793,0.0],[25.737992,45.112935,0.0],[25.737981,45.113001,0.0],[25.737974,45.113028,0.0],[25.73797,45.113044,0.0],[25.737968,45.113052,0.0],[25.737964,45.113104,0.0],[25.73797,45.113155,0.0],[25.737986,45.113205,0.0],[25.738012,45.113253,0.0],[25.738047,45.113298,0.0],[25.738091,45.113338,0.0],[25.738143,45.113374,0.0],[25.738201,45.113405,0.0],[25.738246,45.113423,0.0],[25.738268,45.11343,0.0],[25.738287,45.113437,0.0],[25.738299,45.11344,0.0],[25.738365,45.113463,0.0],[25.738552,45.113535,0.0],[25.738573,45.113543,0.0],[25.738637,45.113565,0.0],[25.738645,45.113568,0.0],[25.738692,45.113614,0.0],[25.738711,45.113631,0.0],[25.738823,45.113728,0.0],[25.738861,45.1138,0.0],[25.738879,45.113874,0.0],[25.738885,45.113899,0.0],[25.738821,45.113976,0.0],[25.738745,45.114057,0.0],[25.738663,45.114147,0.0],[25.73853,45.11429,0.0],[25.738522,45.114298,0.0],[25.73851,45.114312,0.0],[25.738208,45.114314,0.0],[25.736937,45.114322,0.0],[25.736939,45.114464,0.0],[25.736537,45.114325,0.0],[25.736155,45.114188,0.0],[25.736153,45.114025,0.0],[25.735801,45.114028,0.0],[25.735795,45.113557,0.0],[25.735798,45.113553,0.0],[25.735887,45.113469,0.0],[25.735979,45.113381,0.0],[25.73599,45.11337,0.0],[25.736052,45.113306,0.0],[25.736128,45.113251,0.0],[25.736152,45.113233,0.0],[25.736161,45.113225,0.0],[25.73625,45.113146,0.0],[25.736325,45.113086,0.0],[25.736418,45.113026,0.0],[25.736452,45.113002,0.0],[25.736555,45.112922,0.0],[25.736572,45.112908,0.0],[25.736588,45.112894,0.0],[25.736602,45.112879,0.0],[25.736616,45.112863,0.0],[25.736693,45.112772,0.0],[25.736706,45.112754,0.0],[25.736719,45.112736,0.0],[25.73673,45.112718,0.0],[25.736739,45.112699,0.0],[25.736747,45.11268,0.0],[25.736753,45.11266,0.0],[25.736758,45.112641,0.0],[25.736781,45.112531,0.0],[25.736783,45.112517,0.0],[25.736786,45.112498,0.0],[25.736786,45.112498,0.0],[25.736797,45.112496,0.0],[25.736807,45.112493,0.0],[25.736816,45.112488,0.0],[25.736824,45.112483,0.0],[25.73683,45.112476,0.0],[25.736831,45.112475,0.0],[25.736893,45.112391,0.0],[25.736974,45.112379,0.0],[25.737071,45.112364,0.0],[25.737168,45.112349,0.0],[25.737196,45.112344,0.0],[25.737224,45.112338,0.0],[25.737252,45.112331,0.0],[25.737279,45.112322,0.0],[25.737305,45.112313,0.0],[25.73733,45.112302,0.0],[25.737409,45.112267,0.0],[25.737488,45.112232,0.0],[25.737496,45.112228,0.0],[25.737554,45.112197,0.0],[25.737605,45.11216,0.0],[25.737648,45.112119,0.0],[25.737662,45.112102,0.0],[25.737709,45.112042,0.0],[25.737756,45.111982,0.0],[25.737784,45.111946,0.0],[25.737822,45.111911,0.0],[25.737852,45.111883,0.0],[25.73789,45.11186,0.0],[25.737932,45.111834,0.0],[25.738174,45.111832,0.0],[25.738171,45.111671,0.0],[25.738182,45.111663,0.0],[25.738202,45.111647,0.0],[25.738224,45.111628,0.0],[25.738234,45.111618,0.0],[25.738274,45.111579,0.0],[25.738335,45.111528,0.0],[25.738358,45.111509,0.0],[25.738406,45.111483,0.0],[25.738457,45.111446,0.0],[25.738495,45.111415,0.0],[25.738555,45.111424,0.0],[25.738627,45.111427,0.0],[25.738699,45.111423,0.0],[25.73877,45.111411,0.0],[25.738838,45.111393,0.0],[25.738901,45.111368,0.0],[25.738959,45.111337,0.0],[25.738763,45.111503,0.0]],[[25.736481,45.114405,0.0],[25.736673,45.114472,0.0],[25.736159,45.114476,0.0],[25.736157,45.114289,0.0],[25.736481,45.114405,0.0]],[[25.731586,45.116747,0.0],[25.731591,45.116742,0.0],[25.731627,45.116712,0.0],[25.731644,45.116697,0.0],[25.731656,45.116687,0.0],[25.731707,45.116644,0.0],[25.731725,45.11663,0.0],[25.73173,45.116625,0.0],[25.731743,45.116614,0.0],[25.731786,45.116576,0.0],[25.73185,45.116519,0.0],[25.73191,45.116474,0.0],[25.73192,45.116467,0.0],[25.731966,45.116432,0.0],[25.731982,45.11642,0.0],[25.732044,45.116374,0.0],[25.732055,45.116366,0.0],[25.732069,45.116356,0.0],[25.732074,45.116744,0.0],[25.731586,45.116747,0.0]],[[25.737531,45.116128,0.0],[25.737514,45.116163,0.0],[25.737457,45.116302,0.0],[25.73732,45.116485,0.0],[25.737119,45.116708,0.0],[25.737103,45.116727,0.0],[25.737089,45.116747,0.0],[25.737076,45.116768,0.0],[25.737065,45.116788,0.0],[25.737057,45.11681,0.0],[25.737036,45.11685,0.0],[25.737021,45.1169,0.0],[25.737017,45.116951,0.0],[25.737023,45.117003,0.0],[25.737039,45.117053,0.0],[25.737065,45.117101,0.0],[25.7371,45.117146,0.0],[25.737144,45.117186,0.0],[25.737198,45.117224,0.0],[25.737338,45.117306,0.0],[25.737353,45.117315,0.0],[25.737462,45.117374,0.0],[25.737445,45.117374,0.0],[25.736963,45.117377,0.0],[25.736963,45.117377,0.0],[25.736958,45.11737,0.0],[25.736951,45.117364,0.0],[25.736949,45.117362,0.0],[25.736911,45.117335,0.0],[25.736906,45.117331,0.0],[25.736902,45.117329,0.0],[25.736653,45.117207,0.0],[25.736029,45.116908,0.0],[25.736692,45.116904,0.0],[25.736683,45.116272,0.0],[25.736984,45.11627,0.0],[25.736982,45.116122,0.0],[25.737537,45.116118,0.0],[25.737531,45.116128,0.0]]],[[[25.839538,45.142201,0.0],[25.839009,45.142205,0.0],[25.837737,45.142214,0.0],[25.837759,45.143647,0.0],[25.837618,45.143648,0.0],[25.837597,45.142206,0.0],[25.837586,45.142206,0.0],[25.837583,45.14199,0.0],[25.836928,45.141995,0.0],[25.836884,45.141977,0.0],[25.83684,45.14196,0.0],[25.836794,45.141944,0.0],[25.836747,45.14193,0.0],[25.8367,45.141917,0.0],[25.836652,45.141906,0.0],[25.836604,45.141896,0.0],[25.836594,45.141894,0.0],[25.836595,45.141799,0.0],[25.836594,45.14159,0.0],[25.836599,45.141432,0.0],[25.836624,45.141172,0.0],[25.836623,45.141164,0.0],[25.836621,45.141157,0.0],[25.836494,45.140853,0.0],[25.836507,45.140768,0.0],[25.836508,45.140763,0.0],[25.836507,45.140755,0.0],[25.836504,45.140747,0.0],[25.836499,45.14074,0.0],[25.836492,45.140734,0.0],[25.836484,45.140728,0.0],[25.836475,45.140724,0.0],[25.836465,45.140721,0.0],[25.836454,45.140719,0.0],[25.836443,45.140718,0.0],[25.836432,45.140719,0.0],[25.836427,45.14072,0.0],[25.836165,45.140773,0.0],[25.836157,45.140775,0.0],[25.836148,45.140778,0.0],[25.836141,45.140783,0.0],[25.836134,45.140787,0.0],[25.835807,45.141066,0.0],[25.835517,45.14122,0.0],[25.835085,45.141303,0.0],[25.834524,45.141233,0.0],[25.834513,45.141232,0.0],[25.834509,45.141232,0.0],[25.834332,45.14124,0.0],[25.83432,45.141201,0.0],[25.834294,45.141153,0.0],[25.834258,45.141108,0.0],[25.834214,45.141067,0.0],[25.834177,45.14104,0.0],[25.834159,45.141029,0.0],[25.8341,45.140998,0.0],[25.834036,45.140974,0.0],[25.833968,45.140957,0.0],[25.83391,45.140948,0.0],[25.833811,45.140936,0.0],[25.83371,45.140925,0.0],[25.833634,45.140916,0.0],[25.833631,45.140747,0.0],[25.832933,45.140752,0.0],[25.832928,45.140424,0.0],[25.832102,45.14043,0.0],[25.832051,45.140376,0.0],[25.832025,45.140349,0.0],[25.832025,45.140342,0.0],[25.832024,45.140317,0.0],[25.832021,45.140296,0.0],[25.832016,45.140276,0.0],[25.83201,45.140257,0.0],[25.832002,45.140237,0.0],[25.831993,45.140218,0.0],[25.831982,45.140199,0.0],[25.83197,45.140181,0.0],[25.831956,45.140163,0.0],[25.831941,45.140146,0.0],[25.831912,45.140115,0.0],[25.831895,45.140098,0.0],[25.83183,45.140037,0.0],[25.831765,45.139975,0.0],[25.8317,45.139914,0.0],[25.831674,45.139892,0.0],[25.83162,45.139854,0.0],[25.83148,45.139772,0.0],[25.831412,45.139733,0.0],[25.831359,45.139702,0.0],[25.83135,45.139659,0.0],[25.831347,45.139597,0.0],[25.831342,45.139519,0.0],[25.83134,45.139443,0.0],[25.831339,45.139392,0.0],[25.831351,45.139334,0.0],[25.831369,45.139248,0.0],[25.831385,45.139168,0.0],[25.831406,45.139086,0.0],[25.831428,45.138998,0.0],[25.831433,45.138979,0.0],[25.831435,45.13896,0.0],[25.831436,45.13894,0.0],[25.831436,45.138921,0.0],[25.831434,45.138902,0.0],[25.831431,45.138882,0.0],[25.831415,45.138804,0.0],[25.831399,45.138724,0.0],[25.831391,45.138694,0.0],[25.831362,45.13861,0.0],[25.831334,45.138526,0.0],[25.831326,45.138505,0.0],[25.8313,45.138457,0.0],[25.831265,45.138412,0.0],[25.83122,45.138371,0.0],[25.831169,45.138335,0.0],[25.831133,45.138316,0.0],[25.831107,45.138295,0.0],[25.831065,45.138258,0.0],[25.831019,45.138211,0.0],[25.830968,45.138159,0.0],[25.831092,45.138158,0.0],[25.832364,45.138149,0.0],[25.832337,45.136349,0.0],[25.831748,45.136353,0.0],[25.831769,45.136291,0.0],[25.831805,45.136259,0.0],[25.831897,45.136212,0.0],[25.831967,45.136176,0.0],[25.832052,45.136133,0.0],[25.832129,45.136095,0.0],[25.832793,45.13609,0.0],[25.834065,45.136081,0.0],[25.83405,45.135094,0.0],[25.834073,45.135089,0.0],[25.83412,45.135076,0.0],[25.834167,45.135063,0.0],[25.834213,45.135048,0.0],[25.834258,45.135032,0.0],[25.834302,45.135014,0.0],[25.834345,45.134996,0.0],[25.834387,45.134976,0.0],[25.834428,45.134955,0.0],[25.834468,45.134933,0.0],[25.834507,45.13491,0.0],[25.834544,45.134885,0.0],[25.834579,45.13486,0.0],[25.834614,45.134834,0.0],[25.834647,45.134807,0.0],[25.834678,45.134778,0.0],[25.834707,45.134749,0.0],[25.834716,45.13474,0.0],[25.83472,45.135009,0.0],[25.834741,45.135008,0.0],[25.834746,45.135304,0.0],[25.836017,45.135294,0.0],[25.836158,45.135293,0.0],[25.836161,45.135517,0.0],[25.837433,45.135508,0.0],[25.83824,45.135502,0.0],[25.838249,45.1361,0.0],[25.839448,45.136091,0.0],[25.839421,45.134292,0.0],[25.838686,45.134297,0.0],[25.838677,45.133699,0.0],[25.837719,45.133706,0.0],[25.837697,45.13225,0.0],[25.836426,45.13226,0.0],[25.835155,45.132269,0.0],[25.835162,45.132752,0.0],[25.834446,45.132757,0.0],[25.834447,45.132756,0.0],[25.834456,45.13272,0.0],[25.834464,45.132685,0.0],[25.834469,45.132649,0.0],[25.834473,45.132614,0.0],[25.834474,45.132578,0.0],[25.834474,45.132542,0.0],[25.834471,45.132506,0.0],[25.834467,45.132471,0.0],[25.83446,45.132435,0.0],[25.834452,45.1324,0.0],[25.834441,45.132365,0.0],[25.834429,45.13233,0.0],[25.834414,45.132296,0.0],[25.834398,45.132262,0.0],[25.83438,45.132229,0.0],[25.83436,45.132196,0.0],[25.834338,45.132164,0.0],[25.834314,45.132132,0.0],[25.834289,45.132101,0.0],[25.834261,45.132071,0.0],[25.834233,45.132042,0.0],[25.834202,45.132013,0.0],[25.83417,45.131985,0.0],[25.834137,45.131959,0.0],[25.834102,45.131933,0.0],[25.834065,45.131908,0.0],[25.834027,45.131884,0.0],[25.834023,45.131882,0.0],[25.834016,45.131437,0.0],[25.833284,45.131442,0.0],[25.833247,45.131388,0.0],[25.833215,45.131338,0.0],[25.833193,45.131303,0.0],[25.833189,45.131292,0.0],[25.833159,45.131222,0.0],[25.833143,45.131167,0.0],[25.833129,45.13112,0.0],[25.833115,45.131074,0.0],[25.833105,45.131046,0.0],[25.833074,45.130973,0.0],[25.833048,45.13091,0.0],[25.833027,45.130848,0.0],[25.833004,45.130775,0.0],[25.832993,45.130743,0.0],[25.832993,45.130733,0.0],[25.832993,45.130704,0.0],[25.832995,45.130693,0.0],[25.833003,45.130673,0.0],[25.833006,45.130668,0.0],[25.833018,45.130654,0.0],[25.833051,45.130624,0.0],[25.833103,45.130579,0.0],[25.833144,45.130543,0.0],[25.833159,45.130533,0.0],[25.833185,45.130512,0.0],[25.833212,45.130488,0.0],[25.833267,45.130434,0.0],[25.833283,45.130416,0.0],[25.8333,45.130396,0.0],[25.833337,45.130348,0.0],[25.833373,45.1303,0.0],[25.83339,45.130275,0.0],[25.833404,45.130251,0.0],[25.833438,45.130185,0.0],[25.833448,45.130161,0.0],[25.833466,45.130117,0.0],[25.833484,45.130073,0.0],[25.833499,45.130022,0.0],[25.833503,45.129975,0.0],[25.833504,45.129912,0.0],[25.833504,45.129847,0.0],[25.833503,45.129825,0.0],[25.8335,45.129804,0.0],[25.833495,45.129783,0.0],[25.833489,45.129762,0.0],[25.833481,45.129742,0.0],[25.833471,45.129722,0.0],[25.83346,45.129702,0.0],[25.833417,45.129634,0.0],[25.833375,45.129566,0.0],[25.83337,45.129559,0.0],[25.833289,45.129437,0.0],[25.833273,45.129414,0.0],[25.83327,45.129407,0.0],[25.833263,45.129382,0.0],[25.833261,45.129367,0.0],[25.833263,45.129333,0.0],[25.833268,45.129273,0.0],[25.833271,45.129227,0.0],[25.833279,45.129184,0.0],[25.833292,45.129124,0.0],[25.83332,45.128992,0.0],[25.833322,45.128983,0.0],[25.833333,45.12892,0.0],[25.833343,45.128858,0.0],[25.833347,45.128809,0.0],[25.833345,45.128743,0.0],[25.833343,45.128679,0.0],[25.833337,45.128631,0.0],[25.83333,45.128606,0.0],[25.833309,45.128539,0.0],[25.833288,45.128476,0.0],[25.833276,45.128434,0.0],[25.833263,45.128388,0.0],[25.833251,45.128355,0.0],[25.83323,45.128315,0.0],[25.833211,45.128284,0.0],[25.833204,45.128272,0.0],[25.8332,45.12826,0.0],[25.833194,45.128246,0.0],[25.833186,45.128228,0.0],[25.833173,45.128203,0.0],[25.833151,45.128148,0.0],[25.833147,45.128137,0.0],[25.833122,45.128081,0.0],[25.833115,45.128061,0.0],[25.833115,45.128042,0.0],[25.833117,45.127978,0.0],[25.833118,45.127966,0.0],[25.833117,45.127955,0.0],[25.833114,45.127894,0.0],[25.83311,45.127833,0.0],[25.833109,45.127822,0.0],[25.833101,45.127734,0.0],[25.833096,45.127705,0.0],[25.833091,45.127688,0.0],[25.833067,45.127603,0.0],[25.833055,45.12757,0.0],[25.833028,45.127521,0.0],[25.833,45.127479,0.0],[25.832972,45.127438,0.0],[25.832959,45.12742,0.0],[25.832945,45.127402,0.0],[25.832929,45.127385,0.0],[25.832912,45.127369,0.0],[25.832893,45.127353,0.0],[25.832873,45.127339,0.0],[25.832794,45.127282,0.0],[25.832786,45.127277,0.0],[25.832715,45.127229,0.0],[25.832669,45.127191,0.0],[25.832649,45.127175,0.0],[25.832645,45.127171,0.0],[25.832633,45.127153,0.0],[25.832623,45.127132,0.0],[25.832622,45.127121,0.0],[25.832618,45.12706,0.0],[25.832617,45.12703,0.0],[25.832614,45.127001,0.0],[25.832612,45.126973,0.0],[25.832601,45.126903,0.0],[25.83259,45.126833,0.0],[25.832587,45.126818,0.0],[25.832576,45.126782,0.0],[25.832546,45.126701,0.0],[25.832517,45.12662,0.0],[25.832511,45.126606,0.0],[25.832494,45.126573,0.0],[25.832453,45.126502,0.0],[25.832411,45.126432,0.0],[25.832405,45.126421,0.0],[25.832364,45.126357,0.0],[25.832323,45.126294,0.0],[25.832281,45.126228,0.0],[25.83226,45.126199,0.0],[25.8322,45.126125,0.0],[25.83214,45.126051,0.0],[25.83213,45.12604,0.0],[25.832092,45.125997,0.0],[25.832069,45.125971,0.0],[25.832052,45.125946,0.0],[25.83205,45.125933,0.0],[25.832053,45.125915,0.0],[25.832057,45.125896,0.0],[25.83232,45.125894,0.0],[25.832573,45.125892,0.0],[25.832577,45.126167,0.0],[25.833338,45.126162,0.0],[25.833341,45.126345,0.0],[25.834612,45.126335,0.0],[25.835883,45.126326,0.0],[25.835857,45.124526,0.0],[25.835095,45.124532,0.0],[25.835093,45.124349,0.0],[25.833821,45.124358,0.0],[25.8337,45.124359,0.0],[25.833687,45.123499,0.0],[25.833509,45.123501,0.0],[25.833504,45.123143,0.0],[25.834396,45.123136,0.0],[25.83437,45.121337,0.0],[25.833611,45.121342,0.0],[25.833602,45.120718,0.0],[25.832331,45.120728,0.0],[25.831567,45.120733,0.0],[25.831562,45.120407,0.0],[25.831693,45.120406,0.0],[25.832964,45.120397,0.0],[25.832937,45.118597,0.0],[25.832194,45.118602,0.0],[25.832185,45.117989,0.0],[25.832501,45.118015,0.0],[25.832921,45.118063,0.0],[25.832974,45.11807,0.0],[25.833152,45.118094,0.0],[25.833328,45.118127,0.0],[25.833379,45.118141,0.0],[25.833504,45.118178,0.0],[25.833513,45.118181,0.0],[25.833569,45.118199,0.0],[25.833605,45.118211,0.0],[25.833731,45.118264,0.0],[25.833759,45.118274,0.0],[25.833841,45.118303,0.0],[25.833849,45.118306,0.0],[25.833858,45.11831,0.0],[25.833924,45.118332,0.0],[25.83395,45.11834,0.0],[25.833978,45.118349,0.0],[25.834122,45.118396,0.0],[25.834166,45.118412,0.0],[25.834333,45.118503,0.0],[25.834344,45.118509,0.0],[25.834528,45.118603,0.0],[25.834546,45.118612,0.0],[25.834689,45.118678,0.0],[25.834908,45.118779,0.0],[25.834919,45.118783,0.0],[25.835119,45.118869,0.0],[25.835134,45.119857,0.0],[25.836184,45.119849,0.0],[25.836195,45.120591,0.0],[25.837466,45.120582,0.0],[25.838737,45.120572,0.0],[25.838723,45.119611,0.0],[25.839204,45.119607,0.0],[25.83913,45.114598,0.0],[25.839063,45.114752,0.0],[25.839059,45.114761,0.0],[25.839048,45.114795,0.0],[25.839037,45.114837,0.0],[25.839022,45.114882,0.0],[25.839011,45.114918,0.0],[25.838963,45.115073,0.0],[25.83893,45.115134,0.0],[25.838883,45.115215,0.0],[25.838804,45.115314,0.0],[25.838795,45.115326,0.0],[25.838778,45.11535,0.0],[25.838765,45.115369,0.0],[25.838754,45.115389,0.0],[25.838744,45.115409,0.0],[25.838736,45.11543,0.0],[25.838729,45.115434,0.0],[25.838676,45.115472,0.0],[25.838529,45.115599,0.0],[25.838524,45.115603,0.0],[25.83776,45.115609,0.0],[25.836489,45.115618,0.0],[25.836516,45.117418,0.0],[25.837787,45.117409,0.0],[25.837955,45.117407,0.0],[25.837956,45.117446,0.0],[25.837167,45.117452,0.0],[25.837176,45.118042,0.0],[25.836378,45.118048,0.0],[25.835278,45.118056,0.0],[25.835263,45.118049,0.0],[25.835061,45.117952,0.0],[25.834854,45.117848,0.0],[25.834829,45.117836,0.0],[25.834803,45.117825,0.0],[25.834776,45.117816,0.0],[25.834748,45.117807,0.0],[25.834697,45.117793,0.0],[25.834641,45.117775,0.0],[25.834598,45.117759,0.0],[25.83456,45.117742,0.0],[25.834507,45.117723,0.0],[25.834488,45.117717,0.0],[25.834382,45.117688,0.0],[25.834354,45.117679,0.0],[25.83428,45.117642,0.0],[25.834257,45.117631,0.0],[25.834193,45.117607,0.0],[25.834066,45.117569,0.0],[25.83405,45.117563,0.0],[25.833991,45.117543,0.0],[25.833916,45.11752,0.0],[25.833906,45.117517,0.0],[25.833759,45.117472,0.0],[25.83372,45.117462,0.0],[25.833693,45.117454,0.0],[25.833664,45.117447,0.0],[25.833634,45.117437,0.0],[25.833579,45.117423,0.0],[25.833392,45.117385,0.0],[25.833316,45.117374,0.0],[25.833127,45.117358,0.0],[25.833095,45.117354,0.0],[25.833087,45.117352,0.0],[25.832861,45.117314,0.0],[25.832813,45.117308,0.0],[25.832804,45.117307,0.0],[25.83243,45.117276,0.0],[25.832149,45.117256,0.0],[25.831588,45.117211,0.0],[25.831559,45.117209,0.0],[25.831529,45.117209,0.0],[25.8315,45.117209,0.0],[25.831471,45.117211,0.0],[25.831442,45.117214,0.0],[25.831413,45.117219,0.0],[25.831522,45.117114,0.0],[25.832676,45.117105,0.0],[25.832669,45.116615,0.0],[25.832881,45.116614,0.0],[25.832879,45.116492,0.0],[25.832966,45.116492,0.0],[25.83294,45.114692,0.0],[25.831993,45.114699,0.0],[25.831992,45.114601,0.0],[25.832423,45.114598,0.0],[25.833119,45.114593,0.0],[25.833127,45.115166,0.0],[25.834398,45.115157,0.0],[25.835669,45.115148,0.0],[25.835655,45.11421,0.0],[25.835705,45.114209,0.0],[25.835722,45.115399,0.0],[25.836993,45.11539,0.0],[25.838264,45.115381,0.0],[25.838242,45.11391,0.0],[25.838451,45.113966,0.0],[25.838745,45.114068,0.0],[25.838992,45.114218,0.0],[25.838993,45.114219,0.0],[25.838994,45.11422,0.0],[25.839126,45.114292,0.0],[25.839034,45.108051,0.0],[25.838894,45.108052,0.0],[25.838916,45.109575,0.0],[25.838767,45.109576,0.0],[25.838764,45.10942,0.0],[25.837625,45.109429,0.0],[25.837615,45.108759,0.0],[25.836344,45.108768,0.0],[25.835765,45.108772,0.0],[25.835763,45.108649,0.0],[25.834962,45.108655,0.0],[25.834938,45.108634,0.0],[25.834913,45.108616,0.0],[25.834905,45.10861,0.0],[25.834878,45.108593,0.0],[25.834827,45.108566,0.0],[25.834818,45.108561,0.0],[25.834795,45.108552,0.0],[25.834772,45.108543,0.0],[25.834749,45.108535,0.0],[25.834725,45.108528,0.0],[25.8347,45.108521,0.0],[25.834688,45.108518,0.0],[25.834666,45.108513,0.0],[25.834622,45.108506,0.0],[25.834605,45.108504,0.0],[25.834583,45.108501,0.0],[25.834418,45.108485,0.0],[25.834238,45.108468,0.0],[25.834158,45.10846,0.0],[25.834153,45.108079,0.0],[25.833671,45.108083,0.0],[25.833616,45.10801,0.0],[25.833606,45.107997,0.0],[25.83354,45.107917,0.0],[25.833436,45.107788,0.0],[25.83343,45.10778,0.0],[25.833354,45.107691,0.0],[25.833346,45.107681,0.0],[25.833291,45.107621,0.0],[25.833228,45.107554,0.0],[25.833221,45.107546,0.0],[25.833177,45.107504,0.0],[25.833146,45.107469,0.0],[25.833063,45.107356,0.0],[25.833059,45.107351,0.0],[25.832952,45.107216,0.0],[25.832832,45.107063,0.0],[25.832753,45.106966,0.0],[25.832636,45.106818,0.0],[25.832517,45.106662,0.0],[25.832444,45.106558,0.0],[25.832344,45.106419,0.0],[25.832247,45.106264,0.0],[25.832175,45.106147,0.0],[25.832155,45.106115,0.0],[25.832136,45.106047,0.0],[25.832105,45.105889,0.0],[25.832079,45.10575,0.0],[25.832077,45.105741,0.0],[25.832072,45.10572,0.0],[25.832063,45.105695,0.0],[25.832062,45.105687,0.0],[25.832071,45.105601,0.0],[25.832079,45.10555,0.0],[25.832091,45.105477,0.0],[25.832237,45.105228,0.0],[25.832257,45.105185,0.0],[25.832313,45.10504,0.0],[25.832326,45.104994,0.0],[25.832359,45.104818,0.0],[25.832363,45.104768,0.0],[25.832362,45.10455,0.0],[25.832364,45.104408,0.0],[25.832372,45.104261,0.0],[25.832372,45.104243,0.0],[25.832366,45.10419,0.0],[25.832329,45.104032,0.0],[25.832317,45.103938,0.0],[25.832313,45.103917,0.0],[25.832269,45.103704,0.0],[25.832258,45.103666,0.0],[25.832204,45.103522,0.0],[25.832194,45.103373,0.0],[25.832188,45.103263,0.0],[25.832195,45.103138,0.0],[25.832196,45.103124,0.0],[25.832197,45.102928,0.0],[25.832197,45.10292,0.0],[25.832191,45.102736,0.0],[25.832191,45.102578,0.0],[25.832211,45.102507,0.0],[25.832276,45.102317,0.0],[25.832285,45.10228,0.0],[25.832288,45.102267,0.0],[25.832291,45.10224,0.0],[25.832293,45.102202,0.0],[25.832291,45.10217,0.0],[25.832283,45.102115,0.0],[25.832279,45.102094,0.0],[25.832274,45.102073,0.0],[25.832266,45.102052,0.0],[25.832257,45.102032,0.0],[25.832246,45.102012,0.0],[25.832154,45.101855,0.0],[25.832144,45.101839,0.0],[25.832008,45.101637,0.0],[25.832005,45.101632,0.0],[25.831912,45.101499,0.0],[25.831862,45.101414,0.0],[25.831842,45.101318,0.0],[25.831826,45.101251,0.0],[25.83182,45.10123,0.0],[25.831812,45.10121,0.0],[25.831803,45.10119,0.0],[25.831793,45.101171,0.0],[25.831781,45.101152,0.0],[25.831767,45.101133,0.0],[25.831753,45.101116,0.0],[25.831735,45.101095,0.0],[25.831726,45.101086,0.0],[25.831724,45.101,0.0],[25.831741,45.100843,0.0],[25.831767,45.100654,0.0],[25.831769,45.100641,0.0],[25.831787,45.10045,0.0],[25.831803,45.100272,0.0],[25.831815,45.100116,0.0],[25.831815,45.10011,0.0],[25.831823,45.099968,0.0],[25.831832,45.099829,0.0],[25.831842,45.099693,0.0],[25.831851,45.099566,0.0],[25.831856,45.099527,0.0],[25.831867,45.099442,0.0],[25.831899,45.099283,0.0],[25.831903,45.099266,0.0],[25.83198,45.09925,0.0],[25.832102,45.099231,0.0],[25.832195,45.099221,0.0],[25.832335,45.099216,0.0],[25.832481,45.099216,0.0],[25.832682,45.099215,0.0],[25.832695,45.099215,0.0],[25.832892,45.09921,0.0],[25.832938,45.099207,0.0],[25.833149,45.099189,0.0],[25.833164,45.099187,0.0],[25.833198,45.099183,0.0],[25.833498,45.099135,0.0],[25.833521,45.099131,0.0],[25.833766,45.099083,0.0],[25.83378,45.099081,0.0],[25.833807,45.099074,0.0],[25.833918,45.099045,0.0],[25.833942,45.099038,0.0],[25.833998,45.099021,0.0],[25.834015,45.099016,0.0],[25.834036,45.099009,0.0],[25.834081,45.098992,0.0],[25.834126,45.098973,0.0],[25.834164,45.098955,0.0],[25.834175,45.098949,0.0],[25.834247,45.098913,0.0],[25.834282,45.098893,0.0],[25.834343,45.098856,0.0],[25.834349,45.098852,0.0],[25.834368,45.09884,0.0],[25.834427,45.098799,0.0],[25.834459,45.098774,0.0],[25.834548,45.098698,0.0],[25.834553,45.098694,0.0],[25.834599,45.098653,0.0],[25.834613,45.098641,0.0],[25.834671,45.098585,0.0],[25.834688,45.098568,0.0],[25.834703,45.09855,0.0],[25.834717,45.098531,0.0],[25.834729,45.098512,0.0],[25.83474,45.098493,0.0],[25.834749,45.098473,0.0],[25.834757,45.098452,0.0],[25.834767,45.098422,0.0],[25.83477,45.098412,0.0],[25.834776,45.098392,0.0],[25.834786,45.098361,0.0],[25.834794,45.098328,0.0],[25.834799,45.098286,0.0],[25.834801,45.098183,0.0],[25.834801,45.098174,0.0],[25.834797,45.098134,0.0],[25.834767,45.09796,0.0],[25.834744,45.097838,0.0],[25.834721,45.097715,0.0],[25.834703,45.097594,0.0],[25.834697,45.097551,0.0],[25.834771,45.097539,0.0],[25.834931,45.097525,0.0],[25.835073,45.097519,0.0],[25.835084,45.097519,0.0],[25.835223,45.097511,0.0],[25.83538,45.097503,0.0],[25.835506,45.097497,0.0],[25.835552,45.097494,0.0],[25.835577,45.097491,0.0],[25.835607,45.097486,0.0],[25.835653,45.097478,0.0],[25.835721,45.09746,0.0],[25.835784,45.097435,0.0],[25.835842,45.097403,0.0],[25.835865,45.097388,0.0],[25.835873,45.097382,0.0],[25.835893,45.097367,0.0],[25.835911,45.097352,0.0],[25.835928,45.097336,0.0],[25.835943,45.097319,0.0],[25.835958,45.097301,0.0],[25.835976,45.097283,0.0],[25.835991,45.097267,0.0],[25.835997,45.09726,0.0],[25.836052,45.097195,0.0],[25.836136,45.097107,0.0],[25.836253,45.097004,0.0],[25.836369,45.09691,0.0],[25.836494,45.096813,0.0],[25.836695,45.09666,0.0],[25.836832,45.096555,0.0],[25.837011,45.09642,0.0],[25.837149,45.096315,0.0],[25.837161,45.096306,0.0],[25.837317,45.096179,0.0],[25.837325,45.096173,0.0],[25.837498,45.096024,0.0],[25.837506,45.096017,0.0],[25.837659,45.095877,0.0],[25.837878,45.095677,0.0],[25.838078,45.09549,0.0],[25.838082,45.095486,0.0],[25.838281,45.095294,0.0],[25.838415,45.095162,0.0],[25.838574,45.095006,0.0],[25.838717,45.094866,0.0],[25.838837,45.094745,0.0],[25.838819,45.093491,0.0],[25.838741,45.093572,0.0],[25.838605,45.093715,0.0],[25.838478,45.093843,0.0],[25.838472,45.093849,0.0],[25.838338,45.093989,0.0],[25.838195,45.094138,0.0],[25.838054,45.094283,0.0],[25.837889,45.094448,0.0],[25.837751,45.094584,0.0],[25.83759,45.094741,0.0],[25.837458,45.094871,0.0],[25.837265,45.095058,0.0],[25.83707,45.09524,0.0],[25.836856,45.095436,0.0],[25.836708,45.09557,0.0],[25.836544,45.095712,0.0],[25.8364,45.095829,0.0],[25.836268,45.095929,0.0],[25.83609,45.096064,0.0],[25.835951,45.096169,0.0],[25.835746,45.096325,0.0],[25.835615,45.096427,0.0],[25.835609,45.096432,0.0],[25.835481,45.096535,0.0],[25.835475,45.09654,0.0],[25.835464,45.096549,0.0],[25.835329,45.09667,0.0],[25.835307,45.096691,0.0],[25.835212,45.09679,0.0],[25.835146,45.096793,0.0],[25.835012,45.096801,0.0],[25.834858,45.096807,0.0],[25.834824,45.096809,0.0],[25.834619,45.096827,0.0],[25.834604,45.096828,0.0],[25.834565,45.096834,0.0],[25.834376,45.096865,0.0],[25.834362,45.096868,0.0],[25.834245,45.09689,0.0],[25.834104,45.096915,0.0],[25.834052,45.096924,0.0],[25.834023,45.09693,0.0],[25.833994,45.096937,0.0],[25.833965,45.096945,0.0],[25.833937,45.096955,0.0],[25.833925,45.096959,0.0],[25.833898,45.09697,0.0],[25.833872,45.096982,0.0],[25.833847,45.096995,0.0],[25.833823,45.097009,0.0],[25.833801,45.097024,0.0],[25.833793,45.09703,0.0],[25.833764,45.097051,0.0],[25.833721,45.097093,0.0],[25.833687,45.097138,0.0],[25.833662,45.097187,0.0],[25.833648,45.097237,0.0],[25.833647,45.097244,0.0],[25.833645,45.097254,0.0],[25.833642,45.097298,0.0],[25.833646,45.09734,0.0],[25.833652,45.097375,0.0],[25.83366,45.097426,0.0],[25.833673,45.097531,0.0],[25.833691,45.097666,0.0],[25.83371,45.097796,0.0],[25.833712,45.097808,0.0],[25.833737,45.097935,0.0],[25.833759,45.098051,0.0],[25.833784,45.098196,0.0],[25.833783,45.098223,0.0],[25.833764,45.09824,0.0],[25.833696,45.098298,0.0],[25.833668,45.098318,0.0],[25.833637,45.098337,0.0],[25.833588,45.098361,0.0],[25.833581,45.098365,0.0],[25.833554,45.098373,0.0],[25.833476,45.098393,0.0],[25.833264,45.098434,0.0],[25.832999,45.098477,0.0],[25.832835,45.098491,0.0],[25.832668,45.098495,0.0],[25.832477,45.098496,0.0],[25.832317,45.098496,0.0],[25.832293,45.098497,0.0],[25.832118,45.098503,0.0],[25.832074,45.098506,0.0],[25.831936,45.09852,0.0],[25.831898,45.098525,0.0],[25.83174,45.09855,0.0],[25.831709,45.098556,0.0],[25.831591,45.098581,0.0],[25.831502,45.0986,0.0],[25.831349,45.098634,0.0],[25.831337,45.098636,0.0],[25.831266,45.098656,0.0],[25.831242,45.098664,0.0],[25.831231,45.098668,0.0],[25.831192,45.098685,0.0],[25.831155,45.098704,0.0],[25.831145,45.098709,0.0],[25.831125,45.098721,0.0],[25.831074,45.098758,0.0],[25.831032,45.098799,0.0],[25.830997,45.098845,0.0],[25.830992,45.098853,0.0],[25.830988,45.098861,0.0],[25.830968,45.098901,0.0],[25.830964,45.098913,0.0],[25.830961,45.09892,0.0],[25.830957,45.098931,0.0],[25.830953,45.098941,0.0],[25.830947,45.098959,0.0],[25.830919,45.09906,0.0],[25.830915,45.099076,0.0],[25.830893,45.099179,0.0],[25.830859,45.099352,0.0],[25.830856,45.099368,0.0],[25.830845,45.099458,0.0],[25.830838,45.099503,0.0],[25.830836,45.099522,0.0],[25.830827,45.099657,0.0],[25.830817,45.099793,0.0],[25.830807,45.099937,0.0],[25.830799,45.100081,0.0],[25.830788,45.10023,0.0],[25.830772,45.100403,0.0],[25.830755,45.100588,0.0],[25.830751,45.100618,0.0],[25.83071,45.100606,0.0],[25.83066,45.100594,0.0],[25.830489,45.100557,0.0],[25.8303,45.100508,0.0],[25.830009,45.100432,0.0],[25.829802,45.10037,0.0],[25.82977,45.100362,0.0],[25.829557,45.10031,0.0],[25.829531,45.100304,0.0],[25.82951,45.100301,0.0],[25.829213,45.10025,0.0],[25.829019,45.100211,0.0],[25.82884,45.100163,0.0],[25.828711,45.10012,0.0],[25.828595,45.100069,0.0],[25.828547,45.10005,0.0],[25.828224,45.099941,0.0],[25.827968,45.099833,0.0],[25.827951,45.099826,0.0],[25.827672,45.099719,0.0],[25.827645,45.099709,0.0],[25.827617,45.0997,0.0],[25.827589,45.099693,0.0],[25.82756,45.099687,0.0],[25.82753,45.099682,0.0],[25.8275,45.099678,0.0],[25.827245,45.099653,0.0],[25.827171,45.09965,0.0],[25.827146,45.09965,0.0],[25.826994,45.099657,0.0],[25.826948,45.09966,0.0],[25.826877,45.099672,0.0],[25.826809,45.09969,0.0],[25.826746,45.099715,0.0],[25.826688,45.099746,0.0],[25.826638,45.099783,0.0],[25.826595,45.099825,0.0],[25.826561,45.09987,0.0],[25.826536,45.099918,0.0],[25.826521,45.099969,0.0],[25.826517,45.10002,0.0],[25.826523,45.100071,0.0],[25.826539,45.100121,0.0],[25.826565,45.100169,0.0],[25.8266,45.100214,0.0],[25.826644,45.100255,0.0],[25.826696,45.100291,0.0],[25.826755,45.100321,0.0],[25.826819,45.100345,0.0],[25.826887,45.100363,0.0],[25.826958,45.100373,0.0],[25.82703,45.100376,0.0],[25.827056,45.100375,0.0],[25.827156,45.100371,0.0],[25.827267,45.100382,0.0],[25.827457,45.100455,0.0],[25.827725,45.100568,0.0],[25.827764,45.100583,0.0],[25.828083,45.100691,0.0],[25.8282,45.100743,0.0],[25.82825,45.100762,0.0],[25.828424,45.10082,0.0],[25.828435,45.100824,0.0],[25.828461,45.100831,0.0],[25.828679,45.10089,0.0],[25.828718,45.100899,0.0],[25.828944,45.100945,0.0],[25.828966,45.100949,0.0],[25.829252,45.100997,0.0],[25.829424,45.101039,0.0],[25.829625,45.101099,0.0],[25.829645,45.101104,0.0],[25.829949,45.101184,0.0],[25.830154,45.101237,0.0],[25.830182,45.101244,0.0],[25.830342,45.101278,0.0],[25.830474,45.101317,0.0],[25.830702,45.101435,0.0],[25.830732,45.10145,0.0],[25.830751,45.101458,0.0],[25.830767,45.101569,0.0],[25.830793,45.101719,0.0],[25.830818,45.101858,0.0],[25.830848,45.102024,0.0],[25.830871,45.102171,0.0],[25.830893,45.10231,0.0],[25.83091,45.102461,0.0],[25.830876,45.102523,0.0],[25.830806,45.102637,0.0],[25.830737,45.102737,0.0],[25.830731,45.102745,0.0],[25.830647,45.102876,0.0],[25.830635,45.102897,0.0],[25.830576,45.103006,0.0],[25.830563,45.103036,0.0],[25.830558,45.103049,0.0],[25.83053,45.103129,0.0],[25.830525,45.103147,0.0],[25.830509,45.103208,0.0],[25.830504,45.103227,0.0],[25.830501,45.103248,0.0],[25.830496,45.103294,0.0],[25.830491,45.103357,0.0],[25.83049,45.10337,0.0],[25.830486,45.103456,0.0],[25.830486,45.103473,0.0],[25.83049,45.103601,0.0],[25.830491,45.103621,0.0],[25.830504,45.103737,0.0],[25.830509,45.103764,0.0],[25.830524,45.103836,0.0],[25.830529,45.103862,0.0],[25.830534,45.103881,0.0],[25.830559,45.103967,0.0],[25.830564,45.103982,0.0],[25.830627,45.104155,0.0],[25.83063,45.104163,0.0],[25.830711,45.104366,0.0],[25.830769,45.104504,0.0],[25.830826,45.104654,0.0],[25.830871,45.104803,0.0],[25.830903,45.104935,0.0],[25.830935,45.105101,0.0],[25.830961,45.105253,0.0],[25.830984,45.105399,0.0],[25.831011,45.105571,0.0],[25.831028,45.105696,0.0],[25.831032,45.105715,0.0],[25.831037,45.105736,0.0],[25.831043,45.105754,0.0],[25.83104,45.105846,0.0],[25.831039,45.105856,0.0],[25.83104,45.106016,0.0],[25.831041,45.106028,0.0],[25.831051,45.106204,0.0],[25.831053,45.106224,0.0],[25.831057,45.106244,0.0],[25.831062,45.106263,0.0],[25.831068,45.106283,0.0],[25.831076,45.106302,0.0],[25.831213,45.106594,0.0],[25.831235,45.106634,0.0],[25.83124,45.106641,0.0],[25.831337,45.106779,0.0],[25.831358,45.106806,0.0],[25.831447,45.106909,0.0],[25.831588,45.107079,0.0],[25.831681,45.107197,0.0],[25.831687,45.107204,0.0],[25.831745,45.107275,0.0],[25.831784,45.107324,0.0],[25.831851,45.107409,0.0],[25.831858,45.107418,0.0],[25.831991,45.107576,0.0],[25.832003,45.10759,0.0],[25.832028,45.107615,0.0],[25.832165,45.107738,0.0],[25.832279,45.107846,0.0],[25.832289,45.107858,0.0],[25.832294,45.107863,0.0],[25.83231,45.107881,0.0],[25.832403,45.108011,0.0],[25.832412,45.108022,0.0],[25.832468,45.108092,0.0],[25.831611,45.108098,0.0],[25.831621,45.108792,0.0],[25.830447,45.1088,0.0],[25.830248,45.108802,0.0],[25.830117,45.108653,0.0],[25.83011,45.108646,0.0],[25.830006,45.108534,0.0],[25.829981,45.10851,0.0],[25.829825,45.10837,0.0],[25.829807,45.108354,0.0],[25.829753,45.108317,0.0],[25.829648,45.108255,0.0],[25.829616,45.108238,0.0],[25.829442,45.10815,0.0],[25.829249,45.108051,0.0],[25.829233,45.108043,0.0],[25.829045,45.107954,0.0],[25.828857,45.107862,0.0],[25.82884,45.107854,0.0],[25.828807,45.107841,0.0],[25.828685,45.107797,0.0],[25.828677,45.107794,0.0],[25.828674,45.107792,0.0],[25.82867,45.107479,0.0],[25.828083,45.107484,0.0],[25.828075,45.107478,0.0],[25.828036,45.107456,0.0],[25.828028,45.107452,0.0],[25.827965,45.107384,0.0],[25.827933,45.107341,0.0],[25.827872,45.107235,0.0],[25.82781,45.107113,0.0],[25.827807,45.107107,0.0],[25.827764,45.107028,0.0],[25.82775,45.107004,0.0],[25.827714,45.106959,0.0],[25.82767,45.106918,0.0],[25.827618,45.106882,0.0],[25.82756,45.106852,0.0],[25.827494,45.106827,0.0],[25.827485,45.106824,0.0],[25.82742,45.106808,0.0],[25.827349,45.106798,0.0],[25.827274,45.10676,0.0],[25.827259,45.106753,0.0],[25.827196,45.106718,0.0],[25.827157,45.106698,0.0],[25.827145,45.106693,0.0],[25.827143,45.106681,0.0],[25.82714,45.106654,0.0],[25.827114,45.106516,0.0],[25.827108,45.106467,0.0],[25.827109,45.106455,0.0],[25.827109,45.106442,0.0],[25.827103,45.10639,0.0],[25.827087,45.10634,0.0],[25.827061,45.106292,0.0],[25.827034,45.106258,0.0],[25.827019,45.10617,0.0],[25.827005,45.106089,0.0],[25.827004,45.10608,0.0],[25.826999,45.106032,0.0],[25.826998,45.106018,0.0],[25.826994,45.105982,0.0],[25.826994,45.105974,0.0],[25.826988,45.105926,0.0],[25.826984,45.105876,0.0],[25.826977,45.105819,0.0],[25.82697,45.105764,0.0],[25.82696,45.105685,0.0],[25.826951,45.105609,0.0],[25.82695,45.105596,0.0],[25.826945,45.105537,0.0],[25.826938,45.10548,0.0],[25.826937,45.105429,0.0],[25.826937,45.105398,0.0],[25.826945,45.105333,0.0],[25.826955,45.105245,0.0],[25.826961,45.105191,0.0],[25.826965,45.105163,0.0],[25.826967,45.105131,0.0],[25.826967,45.105124,0.0],[25.826965,45.105111,0.0],[25.82697,45.105076,0.0],[25.826982,45.104993,0.0],[25.826986,45.104965,0.0],[25.826998,45.104935,0.0],[25.827029,45.104862,0.0],[25.827045,45.104833,0.0],[25.827078,45.104776,0.0],[25.827094,45.104745,0.0],[25.827125,45.104671,0.0],[25.827128,45.104665,0.0],[25.827131,45.104656,0.0],[25.827157,45.104584,0.0],[25.827218,45.10449,0.0],[25.827246,45.104455,0.0],[25.827253,45.104446,0.0],[25.827319,45.104358,0.0],[25.827334,45.104335,0.0],[25.82734,45.104326,0.0],[25.827386,45.104246,0.0],[25.8274,45.104218,0.0],[25.82741,45.1042,0.0],[25.827428,45.104167,0.0],[25.827439,45.104141,0.0],[25.827446,45.104122,0.0],[25.827461,45.104075,0.0],[25.827466,45.104057,0.0],[25.827476,45.104016,0.0],[25.827505,45.103901,0.0],[25.827536,45.103765,0.0],[25.827539,45.103752,0.0],[25.82754,45.103746,0.0],[25.827541,45.103738,0.0],[25.827549,45.103687,0.0],[25.82755,45.103678,0.0],[25.827557,45.103622,0.0],[25.827569,45.103513,0.0],[25.827576,45.103432,0.0],[25.827594,45.103319,0.0],[25.827608,45.103224,0.0],[25.827611,45.103182,0.0],[25.827609,45.103061,0.0],[25.827606,45.103028,0.0],[25.827588,45.10291,0.0],[25.827585,45.102893,0.0],[25.827582,45.102882,0.0],[25.827555,45.102779,0.0],[25.827542,45.102741,0.0],[25.827527,45.102712,0.0],[25.82749,45.102646,0.0],[25.82746,45.102568,0.0],[25.827456,45.102558,0.0],[25.827453,45.102551,0.0],[25.827399,45.102434,0.0],[25.827388,45.102413,0.0],[25.827341,45.102329,0.0],[25.827331,45.102312,0.0],[25.827268,45.102215,0.0],[25.827255,45.102197,0.0],[25.827179,45.102097,0.0],[25.827079,45.101953,0.0],[25.827067,45.101938,0.0],[25.827055,45.101923,0.0],[25.826981,45.101792,0.0],[25.826925,45.101696,0.0],[25.826922,45.101691,0.0],[25.826872,45.101611,0.0],[25.826867,45.101602,0.0],[25.826845,45.101573,0.0],[25.82678,45.101494,0.0],[25.826766,45.101478,0.0],[25.826741,45.101454,0.0],[25.826691,45.101409,0.0],[25.826614,45.10134,0.0],[25.826563,45.101276,0.0],[25.826515,45.101214,0.0],[25.826476,45.101149,0.0],[25.826457,45.101097,0.0],[25.826417,45.100974,0.0],[25.826411,45.100956,0.0],[25.826379,45.100878,0.0],[25.826379,45.100858,0.0],[25.826377,45.100837,0.0],[25.826374,45.100817,0.0],[25.826369,45.100798,0.0],[25.826362,45.100778,0.0],[25.826354,45.100759,0.0],[25.826344,45.10074,0.0],[25.826339,45.100732,0.0],[25.826327,45.100711,0.0],[25.826292,45.100666,0.0],[25.826248,45.100625,0.0],[25.826196,45.100589,0.0],[25.826137,45.100559,0.0],[25.826073,45.100535,0.0],[25.826005,45.100517,0.0],[25.825934,45.100507,0.0],[25.825882,45.100505,0.0],[25.825843,45.10049,0.0],[25.825775,45.100472,0.0],[25.825704,45.100462,0.0],[25.825631,45.100459,0.0],[25.825559,45.100463,0.0],[25.825488,45.100474,0.0],[25.825421,45.100493,0.0],[25.825357,45.100518,0.0],[25.8253,45.100549,0.0],[25.825249,45.100586,0.0],[25.825206,45.100627,0.0],[25.825172,45.100673,0.0],[25.825147,45.100721,0.0],[25.825133,45.100771,0.0],[25.825128,45.100823,0.0],[25.825134,45.100874,0.0],[25.825145,45.100906,0.0],[25.825142,45.100908,0.0],[25.825137,45.100916,0.0],[25.825134,45.100923,0.0],[25.825134,45.100931,0.0],[25.825135,45.100939,0.0],[25.825138,45.100946,0.0],[25.825138,45.100947,0.0],[25.825136,45.100949,0.0],[25.825117,45.100963,0.0],[25.8251,45.100978,0.0],[25.825083,45.100994,0.0],[25.825068,45.101011,0.0],[25.825054,45.101028,0.0],[25.825042,45.101046,0.0],[25.825022,45.101051,0.0],[25.824996,45.101055,0.0],[25.824971,45.101059,0.0],[25.824947,45.101065,0.0],[25.824923,45.101071,0.0],[25.824899,45.101079,0.0],[25.824876,45.101087,0.0],[25.824834,45.101105,0.0],[25.824782,45.101133,0.0],[25.824774,45.101137,0.0],[25.824735,45.101163,0.0],[25.824662,45.101152,0.0],[25.824589,45.101149,0.0],[25.824517,45.101153,0.0],[25.824446,45.101165,0.0],[25.824441,45.101166,0.0],[25.824432,45.101154,0.0],[25.824372,45.101159,0.0],[25.824284,45.101166,0.0],[25.824177,45.101169,0.0],[25.824135,45.101144,0.0],[25.824067,45.101104,0.0],[25.824014,45.101077,0.0],[25.824004,45.101073,0.0],[25.823921,45.101038,0.0],[25.823839,45.101003,0.0],[25.823828,45.100999,0.0],[25.823773,45.100977,0.0],[25.823759,45.100972,0.0],[25.823714,45.100955,0.0],[25.823702,45.10095,0.0],[25.82364,45.100927,0.0],[25.823612,45.100918,0.0],[25.823584,45.10091,0.0],[25.823554,45.100903,0.0],[25.823525,45.100897,0.0],[25.823495,45.100893,0.0],[25.823464,45.10089,0.0],[25.823433,45.100888,0.0],[25.823348,45.100885,0.0],[25.823318,45.100885,0.0],[25.823245,45.100889,0.0],[25.823175,45.1009,0.0],[25.823107,45.100919,0.0],[25.823044,45.100944,0.0],[25.822986,45.100975,0.0],[25.822935,45.101012,0.0],[25.822919,45.101026,0.0],[25.822894,45.101049,0.0],[25.822873,45.10107,0.0],[25.822806,45.101142,0.0],[25.822799,45.101149,0.0],[25.822746,45.101209,0.0],[25.822694,45.101269,0.0],[25.822645,45.101324,0.0],[25.822591,45.101382,0.0],[25.822533,45.101444,0.0],[25.822484,45.101496,0.0],[25.822427,45.101549,0.0],[25.82236,45.101611,0.0],[25.822306,45.101662,0.0],[25.822243,45.101712,0.0],[25.822166,45.101773,0.0],[25.822094,45.101831,0.0],[25.822036,45.101878,0.0],[25.821987,45.101912,0.0],[25.821924,45.101956,0.0],[25.821861,45.101999,0.0],[25.821842,45.102013,0.0],[25.821824,45.102027,0.0],[25.821808,45.102043,0.0],[25.821792,45.102059,0.0],[25.821778,45.102075,0.0],[25.821653,45.102227,0.0],[25.821638,45.102246,0.0],[25.821626,45.102265,0.0],[25.821615,45.102284,0.0],[25.821605,45.102304,0.0],[25.821598,45.102324,0.0],[25.821574,45.102394,0.0],[25.82155,45.102465,0.0],[25.82154,45.102501,0.0],[25.821536,45.102532,0.0],[25.821531,45.102614,0.0],[25.821525,45.102697,0.0],[25.821519,45.10278,0.0],[25.821517,45.10281,0.0],[25.821507,45.102832,0.0],[25.821479,45.102872,0.0],[25.821437,45.102932,0.0],[25.821396,45.102989,0.0],[25.821357,45.103043,0.0],[25.821317,45.103099,0.0],[25.821288,45.103139,0.0],[25.821255,45.103176,0.0],[25.821207,45.103228,0.0],[25.821183,45.103255,0.0],[25.821148,45.103279,0.0],[25.821099,45.103313,0.0],[25.821036,45.103355,0.0],[25.82097,45.103399,0.0],[25.820904,45.103442,0.0],[25.820849,45.103477,0.0],[25.820774,45.10352,0.0],[25.820702,45.10356,0.0],[25.820567,45.103625,0.0],[25.820489,45.103662,0.0],[25.820405,45.103702,0.0],[25.820323,45.103741,0.0],[25.82024,45.103781,0.0],[25.820221,45.103791,0.0],[25.820123,45.103843,0.0],[25.820024,45.103895,0.0],[25.819926,45.103947,0.0],[25.819827,45.103999,0.0],[25.819795,45.104018,0.0],[25.819767,45.104037,0.0],[25.819715,45.104075,0.0],[25.819662,45.104113,0.0],[25.819643,45.104127,0.0],[25.819626,45.104143,0.0],[25.819609,45.104158,0.0],[25.819594,45.104175,0.0],[25.81958,45.104192,0.0],[25.819567,45.104209,0.0],[25.819513,45.10429,0.0],[25.819459,45.104371,0.0],[25.819454,45.104379,0.0],[25.819448,45.104389,0.0],[25.819403,45.104466,0.0],[25.819358,45.104544,0.0],[25.819313,45.104621,0.0],[25.819306,45.104634,0.0],[25.819269,45.104705,0.0],[25.819233,45.104777,0.0],[25.819222,45.104801,0.0],[25.819192,45.104874,0.0],[25.819172,45.104921,0.0],[25.819148,45.104933,0.0],[25.819125,45.104946,0.0],[25.819104,45.10496,0.0],[25.819083,45.104975,0.0],[25.819064,45.104991,0.0],[25.819045,45.105007,0.0],[25.819029,45.105025,0.0],[25.819014,45.105042,0.0],[25.819,45.105061,0.0],[25.818969,45.105105,0.0],[25.818943,45.105144,0.0],[25.818916,45.105179,0.0],[25.818888,45.105216,0.0],[25.818844,45.105273,0.0],[25.818835,45.105285,0.0],[25.81878,45.105362,0.0],[25.818726,45.105438,0.0],[25.818692,45.105484,0.0],[25.81866,45.105529,0.0],[25.818655,45.105535,0.0],[25.818626,45.10557,0.0],[25.81862,45.105575,0.0],[25.818593,45.105589,0.0],[25.818545,45.105613,0.0],[25.818496,45.105632,0.0],[25.81842,45.105661,0.0],[25.818407,45.105667,0.0],[25.818354,45.105689,0.0],[25.818329,45.1057,0.0],[25.818305,45.105711,0.0],[25.818282,45.105724,0.0],[25.81826,45.105738,0.0],[25.818239,45.105753,0.0],[25.81822,45.105768,0.0],[25.818202,45.105785,0.0],[25.818192,45.105794,0.0],[25.818176,45.105809,0.0],[25.818132,45.105851,0.0],[25.818126,45.105859,0.0],[25.818101,45.105887,0.0],[25.818086,45.105906,0.0],[25.818072,45.105925,0.0],[25.81806,45.105945,0.0],[25.81805,45.105965,0.0],[25.818042,45.105986,0.0],[25.818036,45.106007,0.0],[25.818031,45.106029,0.0],[25.818005,45.106066,0.0],[25.817965,45.106116,0.0],[25.817921,45.106171,0.0],[25.817911,45.106184,0.0],[25.817874,45.106234,0.0],[25.817838,45.106284,0.0],[25.817825,45.106303,0.0],[25.817817,45.106317,0.0],[25.817789,45.106366,0.0],[25.817762,45.106415,0.0],[25.817745,45.10645,0.0],[25.817731,45.1065,0.0],[25.817726,45.106551,0.0],[25.817732,45.106602,0.0],[25.81774,45.106626,0.0],[25.817689,45.106627,0.0],[25.817683,45.106222,0.0],[25.816412,45.106231,0.0],[25.815142,45.10624,0.0],[25.815142,45.106241,0.0],[25.814697,45.106238,0.0],[25.814695,45.106238,0.0],[25.814167,45.10625,0.0],[25.814157,45.106251,0.0],[25.814147,45.106253,0.0],[25.814137,45.106256,0.0],[25.814128,45.10626,0.0],[25.814112,45.105169,0.0],[25.812842,45.105179,0.0],[25.811571,45.105188,0.0],[25.811584,45.106123,0.0],[25.811486,45.10616,0.0],[25.811454,45.106172,0.0],[25.811256,45.106259,0.0],[25.811178,45.106284,0.0],[25.811165,45.105331,0.0],[25.809894,45.10534,0.0],[25.808623,45.105349,0.0],[25.808632,45.105963,0.0],[25.808608,45.105963,0.0],[25.808595,45.105053,0.0],[25.807325,45.105062,0.0],[25.806476,45.105068,0.0],[25.80647,45.104682,0.0],[25.806095,45.104685,0.0],[25.806082,45.103775,0.0],[25.804811,45.103784,0.0],[25.803541,45.103793,0.0],[25.803566,45.105593,0.0],[25.803941,45.10559,0.0],[25.803954,45.1065,0.0],[25.805225,45.106491,0.0],[25.806074,45.106485,0.0],[25.806079,45.10687,0.0],[25.806531,45.106867,0.0],[25.806543,45.107778,0.0],[25.807572,45.10777,0.0],[25.807574,45.107882,0.0],[25.808844,45.107873,0.0],[25.809845,45.107866,0.0],[25.809853,45.108432,0.0],[25.811124,45.108423,0.0],[25.811564,45.10842,0.0],[25.811582,45.109652,0.0],[25.812852,45.109643,0.0],[25.814123,45.109634,0.0],[25.814115,45.109027,0.0],[25.815004,45.109021,0.0],[25.815006,45.109214,0.0],[25.816277,45.109205,0.0],[25.816328,45.109204,0.0],[25.816329,45.109247,0.0],[25.816561,45.109245,0.0],[25.816567,45.109668,0.0],[25.817838,45.109659,0.0],[25.819109,45.10965,0.0],[25.819094,45.108622,0.0],[25.819259,45.108621,0.0],[25.82053,45.108611,0.0],[25.820504,45.106812,0.0],[25.819675,45.106818,0.0],[25.819706,45.106801,0.0],[25.819757,45.106764,0.0],[25.8198,45.106722,0.0],[25.819834,45.106677,0.0],[25.819858,45.106629,0.0],[25.819873,45.106578,0.0],[25.819878,45.106527,0.0],[25.819872,45.106476,0.0],[25.819856,45.106426,0.0],[25.81983,45.106378,0.0],[25.819794,45.106333,0.0],[25.81975,45.106292,0.0],[25.819698,45.106256,0.0],[25.819691,45.106252,0.0],[25.819638,45.106215,0.0],[25.819629,45.106209,0.0],[25.819623,45.106206,0.0],[25.819571,45.10618,0.0],[25.819491,45.106145,0.0],[25.819482,45.106141,0.0],[25.81944,45.106119,0.0],[25.819382,45.106091,0.0],[25.819352,45.106076,0.0],[25.819404,45.106034,0.0],[25.819409,45.106029,0.0],[25.819437,45.106004,0.0],[25.819467,45.105974,0.0],[25.819482,45.105958,0.0],[25.819486,45.105953,0.0],[25.819529,45.105903,0.0],[25.819538,45.105892,0.0],[25.81955,45.105877,0.0],[25.819557,45.105867,0.0],[25.819563,45.10586,0.0],[25.819597,45.105813,0.0],[25.819632,45.105765,0.0],[25.819688,45.105687,0.0],[25.819738,45.105615,0.0],[25.81977,45.105575,0.0],[25.819829,45.105551,0.0],[25.819887,45.10552,0.0],[25.819938,45.105484,0.0],[25.819981,45.105442,0.0],[25.820015,45.105397,0.0],[25.82002,45.105389,0.0],[25.820054,45.105331,0.0],[25.820064,45.105312,0.0],[25.8201,45.105239,0.0],[25.820109,45.10522,0.0],[25.820138,45.105147,0.0],[25.820168,45.105074,0.0],[25.820193,45.105013,0.0],[25.820224,45.104953,0.0],[25.820258,45.104888,0.0],[25.820299,45.104817,0.0],[25.820344,45.10474,0.0],[25.820383,45.104671,0.0],[25.820432,45.104599,0.0],[25.82045,45.104572,0.0],[25.820468,45.104559,0.0],[25.820534,45.104524,0.0],[25.820633,45.104472,0.0],[25.820731,45.104419,0.0],[25.820821,45.104372,0.0],[25.820894,45.104337,0.0],[25.820976,45.104298,0.0],[25.821057,45.104259,0.0],[25.821132,45.104223,0.0],[25.821286,45.10415,0.0],[25.82132,45.104132,0.0],[25.821409,45.104082,0.0],[25.821497,45.104032,0.0],[25.821517,45.104021,0.0],[25.821524,45.104016,0.0],[25.821591,45.103972,0.0],[25.821661,45.103927,0.0],[25.821731,45.103881,0.0],[25.821799,45.103836,0.0],[25.821809,45.103829,0.0],[25.821862,45.103792,0.0],[25.821915,45.103755,0.0],[25.821938,45.103738,0.0],[25.821966,45.103715,0.0],[25.821974,45.103709,0.0],[25.822013,45.103671,0.0],[25.822061,45.103619,0.0],[25.822109,45.103567,0.0],[25.822158,45.103512,0.0],[25.822182,45.103483,0.0],[25.822222,45.103427,0.0],[25.822263,45.103371,0.0],[25.822304,45.103313,0.0],[25.822347,45.103252,0.0],[25.822389,45.103192,0.0],[25.822431,45.103132,0.0],[25.82244,45.103118,0.0],[25.822455,45.103092,0.0],[25.822501,45.103,0.0],[25.82251,45.10298,0.0],[25.822517,45.10296,0.0],[25.822523,45.102939,0.0],[25.822527,45.102919,0.0],[25.822529,45.102898,0.0],[25.822535,45.102815,0.0],[25.822541,45.102732,0.0],[25.822546,45.102649,0.0],[25.822549,45.1026,0.0],[25.822562,45.102563,0.0],[25.822569,45.102544,0.0],[25.822622,45.102479,0.0],[25.822635,45.10247,0.0],[25.822698,45.102426,0.0],[25.822761,45.102383,0.0],[25.822787,45.102363,0.0],[25.822858,45.102306,0.0],[25.822926,45.102251,0.0],[25.823001,45.102192,0.0],[25.823077,45.102132,0.0],[25.823086,45.102124,0.0],[25.823103,45.102109,0.0],[25.82317,45.102047,0.0],[25.823237,45.101984,0.0],[25.823304,45.101922,0.0],[25.823323,45.101903,0.0],[25.82338,45.101841,0.0],[25.823438,45.10178,0.0],[25.823496,45.101718,0.0],[25.823503,45.10171,0.0],[25.823525,45.101721,0.0],[25.823577,45.101764,0.0],[25.823642,45.101817,0.0],[25.823692,45.101864,0.0],[25.823752,45.10192,0.0],[25.823778,45.101942,0.0],[25.82381,45.101966,0.0],[25.823831,45.101979,0.0],[25.823889,45.10201,0.0],[25.823953,45.102034,0.0],[25.824022,45.102051,0.0],[25.824093,45.102062,0.0],[25.824165,45.102065,0.0],[25.824237,45.102061,0.0],[25.824308,45.102049,0.0],[25.824376,45.102031,0.0],[25.824439,45.102006,0.0],[25.824466,45.101992,0.0],[25.824479,45.101985,0.0],[25.824527,45.101963,0.0],[25.824584,45.101936,0.0],[25.824647,45.101908,0.0],[25.824711,45.10188,0.0],[25.824767,45.101857,0.0],[25.824774,45.101854,0.0],[25.824862,45.101815,0.0],[25.824883,45.101805,0.0],[25.824904,45.101794,0.0],[25.824924,45.101783,0.0],[25.824943,45.10177,0.0],[25.824961,45.101757,0.0],[25.824997,45.101766,0.0],[25.825068,45.101777,0.0],[25.825141,45.10178,0.0],[25.825213,45.101776,0.0],[25.825284,45.101764,0.0],[25.825351,45.101746,0.0],[25.825396,45.101728,0.0],[25.825441,45.101716,0.0],[25.825506,45.101691,0.0],[25.825515,45.101687,0.0],[25.825528,45.101711,0.0],[25.825539,45.101729,0.0],[25.825551,45.101747,0.0],[25.825565,45.101764,0.0],[25.82558,45.101781,0.0],[25.825596,45.101797,0.0],[25.825649,45.101847,0.0],[25.825654,45.101853,0.0],[25.82566,45.101863,0.0],[25.825676,45.101883,0.0],[25.825742,45.10196,0.0],[25.825793,45.102022,0.0],[25.825798,45.102028,0.0],[25.825839,45.102073,0.0],[25.825847,45.102084,0.0],[25.825866,45.102107,0.0],[25.825888,45.10214,0.0],[25.825943,45.102216,0.0],[25.825957,45.102234,0.0],[25.826016,45.102305,0.0],[25.82607,45.102371,0.0],[25.826117,45.102433,0.0],[25.826166,45.102497,0.0],[25.826251,45.102614,0.0],[25.826282,45.102655,0.0],[25.826307,45.102708,0.0],[25.826334,45.102758,0.0],[25.826351,45.102815,0.0],[25.826376,45.102896,0.0],[25.826385,45.102923,0.0],[25.826419,45.103003,0.0],[25.826435,45.103036,0.0],[25.82644,45.103051,0.0],[25.826444,45.103068,0.0],[25.826443,45.103081,0.0],[25.82645,45.103126,0.0],[25.826452,45.103194,0.0],[25.826452,45.103223,0.0],[25.826452,45.103231,0.0],[25.826448,45.103275,0.0],[25.826445,45.103331,0.0],[25.826442,45.103394,0.0],[25.826441,45.1034,0.0],[25.82644,45.103485,0.0],[25.82644,45.103491,0.0],[25.826437,45.103523,0.0],[25.826425,45.103589,0.0],[25.826424,45.103611,0.0],[25.826413,45.103676,0.0],[25.826412,45.103682,0.0],[25.826411,45.103687,0.0],[25.826406,45.10371,0.0],[25.826399,45.103729,0.0],[25.826384,45.103786,0.0],[25.826374,45.10383,0.0],[25.826371,45.10384,0.0],[25.826365,45.10386,0.0],[25.826344,45.103906,0.0],[25.826318,45.103965,0.0],[25.826301,45.103996,0.0],[25.826295,45.104005,0.0],[25.826283,45.104022,0.0],[25.826272,45.104038,0.0],[25.826259,45.104055,0.0],[25.826251,45.104067,0.0],[25.82624,45.104084,0.0],[25.826222,45.104112,0.0],[25.826205,45.104135,0.0],[25.826188,45.104159,0.0],[25.826184,45.104165,0.0],[25.82615,45.104216,0.0],[25.826144,45.104224,0.0],[25.826128,45.104253,0.0],[25.826104,45.104283,0.0],[25.826097,45.104295,0.0],[25.826079,45.104322,0.0],[25.826075,45.104329,0.0],[25.826056,45.10436,0.0],[25.826045,45.104378,0.0],[25.826035,45.104394,0.0],[25.826029,45.104403,0.0],[25.826019,45.104421,0.0],[25.826016,45.104427,0.0],[25.825996,45.10446,0.0],[25.825976,45.104497,0.0],[25.825951,45.104558,0.0],[25.825943,45.104577,0.0],[25.825939,45.104587,0.0],[25.825923,45.10462,0.0],[25.82592,45.104627,0.0],[25.825909,45.104662,0.0],[25.825904,45.104689,0.0],[25.825895,45.104723,0.0],[25.825879,45.104784,0.0],[25.825875,45.104801,0.0],[25.825861,45.104879,0.0],[25.825848,45.104955,0.0],[25.825846,45.104973,0.0],[25.825837,45.105056,0.0],[25.825829,45.105139,0.0],[25.82582,45.105221,0.0],[25.82582,45.105228,0.0],[25.825814,45.105304,0.0],[25.825809,45.105379,0.0],[25.825803,45.105454,0.0],[25.825802,45.105478,0.0],[25.825805,45.10556,0.0],[25.825807,45.105639,0.0],[25.825809,45.105718,0.0],[25.825811,45.105745,0.0],[25.825821,45.105819,0.0],[25.825831,45.105893,0.0],[25.825841,45.105967,0.0],[25.825841,45.105972,0.0],[25.825852,45.106042,0.0],[25.825863,45.106113,0.0],[25.825874,45.106183,0.0],[25.825877,45.106199,0.0],[25.825887,45.106237,0.0],[25.825889,45.106272,0.0],[25.825886,45.106285,0.0],[25.825787,45.106441,0.0],[25.825776,45.10646,0.0],[25.825767,45.10648,0.0],[25.825759,45.1065,0.0],[25.825752,45.106521,0.0],[25.825748,45.106542,0.0],[25.825745,45.106563,0.0],[25.82572,45.106817,0.0],[25.825705,45.106991,0.0],[25.825704,45.107017,0.0],[25.825708,45.107058,0.0],[25.825711,45.107073,0.0],[25.825715,45.107092,0.0],[25.825721,45.107111,0.0],[25.825727,45.10713,0.0],[25.825736,45.107148,0.0],[25.825745,45.107166,0.0],[25.825756,45.107183,0.0],[25.825793,45.10723,0.0],[25.825834,45.107269,0.0],[25.825849,45.10731,0.0],[25.825762,45.107336,0.0],[25.825693,45.107348,0.0],[25.825664,45.107354,0.0],[25.825636,45.10736,0.0],[25.825609,45.107368,0.0],[25.825582,45.107377,0.0],[25.825556,45.107387,0.0],[25.825531,45.107398,0.0],[25.825507,45.10741,0.0],[25.825381,45.107478,0.0],[25.825358,45.10749,0.0],[25.82533,45.107506,0.0],[25.825279,45.107543,0.0],[25.825236,45.107584,0.0],[25.825202,45.10763,0.0],[25.825177,45.107678,0.0],[25.825166,45.107714,0.0],[25.825159,45.107743,0.0],[25.825155,45.107761,0.0],[25.825152,45.10778,0.0],[25.825151,45.107798,0.0],[25.825151,45.107817,0.0],[25.825153,45.107835,0.0],[25.825156,45.107862,0.0],[25.825161,45.107888,0.0],[25.825176,45.107957,0.0],[25.825192,45.108004,0.0],[25.825083,45.107991,0.0],[25.825057,45.107988,0.0],[25.824991,45.107985,0.0],[25.824791,45.107984,0.0],[25.824715,45.107989,0.0],[25.824697,45.107991,0.0],[25.824577,45.108007,0.0],[25.824537,45.108014,0.0],[25.824445,45.108032,0.0],[25.824441,45.107703,0.0],[25.82317,45.107712,0.0],[25.821899,45.107721,0.0],[25.821902,45.107955,0.0],[25.821572,45.107957,0.0],[25.821598,45.109757,0.0],[25.822354,45.109751,0.0],[25.822386,45.109773,0.0],[25.822444,45.109804,0.0],[25.822467,45.109813,0.0],[25.822646,45.109884,0.0],[25.822656,45.110625,0.0],[25.823927,45.110616,0.0],[25.824038,45.110615,0.0],[25.824046,45.111171,0.0],[25.824566,45.111167,0.0],[25.824574,45.111697,0.0],[25.825845,45.111688,0.0],[25.827116,45.111679,0.0],[25.827102,45.110747,0.0],[25.827341,45.110795,0.0],[25.827446,45.110817,0.0],[25.827497,45.110831,0.0],[25.827542,45.110841,0.0],[25.827581,45.110849,0.0],[25.82761,45.110854,0.0],[25.827847,45.11089,0.0],[25.827887,45.110895,0.0],[25.827914,45.110897,0.0],[25.828116,45.110909,0.0],[25.828098,45.11095,0.0],[25.828096,45.110956,0.0],[25.828095,45.110963,0.0],[25.828096,45.110969,0.0],[25.828147,45.111247,0.0],[25.828149,45.111252,0.0],[25.828152,45.111258,0.0],[25.828198,45.111337,0.0],[25.827649,45.111341,0.0],[25.827675,45.113141,0.0],[25.828946,45.113132,0.0],[25.830018,45.113124,0.0],[25.830017,45.113126,0.0],[25.829999,45.113157,0.0],[25.829959,45.113242,0.0],[25.829943,45.113282,0.0],[25.829931,45.113301,0.0],[25.829924,45.113316,0.0],[25.829919,45.113325,0.0],[25.829862,45.113431,0.0],[25.829849,45.113458,0.0],[25.829842,45.113478,0.0],[25.829823,45.113543,0.0],[25.829208,45.113548,0.0],[25.829223,45.114592,0.0],[25.829221,45.114602,0.0],[25.829216,45.114638,0.0],[25.829212,45.114673,0.0],[25.829211,45.114709,0.0],[25.829211,45.114745,0.0],[25.829214,45.114781,0.0],[25.829218,45.114816,0.0],[25.829225,45.114852,0.0],[25.829227,45.114862,0.0],[25.829234,45.115347,0.0],[25.829409,45.115346,0.0],[25.829425,45.116468,0.0],[25.829896,45.116464,0.0],[25.82987,45.1165,0.0],[25.829864,45.116508,0.0],[25.829799,45.116605,0.0],[25.829731,45.116701,0.0],[25.829726,45.116708,0.0],[25.82966,45.116808,0.0],[25.829597,45.116905,0.0],[25.829575,45.116938,0.0],[25.828895,45.116943,0.0],[25.827624,45.116952,0.0],[25.82765,45.118752,0.0],[25.828232,45.118748,0.0],[25.828214,45.118765,0.0],[25.8282,45.11878,0.0],[25.828175,45.118812,0.0],[25.828093,45.118929,0.0],[25.828053,45.118988,0.0],[25.82804,45.119008,0.0],[25.828028,45.119029,0.0],[25.828019,45.11905,0.0],[25.828011,45.119072,0.0],[25.827989,45.119145,0.0],[25.827968,45.119218,0.0],[25.827962,45.11924,0.0],[25.827958,45.119263,0.0],[25.827957,45.119285,0.0],[25.827957,45.119308,0.0],[25.827959,45.11933,0.0],[25.827964,45.119352,0.0],[25.82797,45.119375,0.0],[25.827993,45.119445,0.0],[25.828016,45.119516,0.0],[25.828023,45.119534,0.0],[25.827992,45.119578,0.0],[25.827948,45.119639,0.0],[25.827904,45.1197,0.0],[25.82787,45.119748,0.0],[25.827835,45.119786,0.0],[25.827789,45.119839,0.0],[25.827743,45.119891,0.0],[25.827734,45.119902,0.0],[25.827683,45.119965,0.0],[25.827668,45.119983,0.0],[25.827637,45.120022,0.0],[25.827632,45.120028,0.0],[25.827606,45.120062,0.0],[25.827581,45.12011,0.0],[25.827572,45.12015,0.0],[25.827569,45.120161,0.0],[25.827567,45.12017,0.0],[25.827565,45.120184,0.0],[25.827564,45.120192,0.0],[25.827563,45.120199,0.0],[25.827561,45.120224,0.0],[25.827556,45.120242,0.0],[25.827554,45.120262,0.0],[25.827553,45.120281,0.0],[25.827554,45.120301,0.0],[25.827557,45.12032,0.0],[25.827556,45.120358,0.0],[25.827557,45.120378,0.0],[25.827558,45.120397,0.0],[25.827561,45.120417,0.0],[25.827566,45.120437,0.0],[25.827572,45.120456,0.0],[25.827584,45.120484,0.0],[25.827569,45.120488,0.0],[25.82751,45.120511,0.0],[25.827499,45.120516,0.0],[25.827439,45.120548,0.0],[25.827388,45.120585,0.0],[25.827346,45.120626,0.0],[25.827311,45.120671,0.0],[25.827304,45.120686,0.0],[25.827291,45.120689,0.0],[25.827263,45.120696,0.0],[25.827116,45.120737,0.0],[25.827086,45.120746,0.0],[25.827079,45.120749,0.0],[25.827052,45.120759,0.0],[25.827018,45.120757,0.0],[25.826983,45.120755,0.0],[25.826949,45.120755,0.0],[25.826914,45.120756,0.0],[25.826878,45.120759,0.0],[25.826851,45.12076,0.0],[25.826843,45.12076,0.0],[25.826832,45.12076,0.0],[25.826823,45.12076,0.0],[25.826749,45.120764,0.0],[25.826678,45.120776,0.0],[25.82661,45.120794,0.0],[25.826547,45.120819,0.0],[25.826496,45.120846,0.0],[25.826355,45.120931,0.0],[25.826348,45.120936,0.0],[25.826302,45.120968,0.0],[25.826195,45.121054,0.0],[25.82619,45.121059,0.0],[25.826165,45.121082,0.0],[25.826096,45.121149,0.0],[25.826079,45.121168,0.0],[25.826053,45.121201,0.0],[25.826038,45.121219,0.0],[25.826024,45.121238,0.0],[25.826012,45.121258,0.0],[25.826002,45.121278,0.0],[25.826001,45.121279,0.0],[25.825691,45.121282,0.0],[25.825681,45.120614,0.0],[25.825352,45.120616,0.0],[25.825325,45.1205,0.0],[25.825322,45.120492,0.0],[25.825318,45.120486,0.0],[25.825057,45.120144,0.0],[25.825052,45.120139,0.0],[25.825047,45.120134,0.0],[25.824661,45.119839,0.0],[25.824655,45.119835,0.0],[25.824652,45.119834,0.0],[25.82442,45.11971,0.0],[25.82412,45.119543,0.0],[25.824019,45.119257,0.0],[25.824016,45.11925,0.0],[25.824011,45.119244,0.0],[25.824006,45.119238,0.0],[25.823999,45.119234,0.0],[25.823716,45.119059,0.0],[25.82349,45.11889,0.0],[25.823485,45.118886,0.0],[25.823225,45.118728,0.0],[25.823225,45.118726,0.0],[25.823225,45.118722,0.0],[25.823224,45.118718,0.0],[25.823183,45.118441,0.0],[25.823374,45.118084,0.0],[25.82352,45.117799,0.0],[25.823681,45.117505,0.0],[25.823682,45.117504,0.0],[25.823863,45.117143,0.0],[25.824132,45.116637,0.0],[25.824135,45.116629,0.0],[25.824165,45.116498,0.0],[25.824962,45.116492,0.0],[25.824936,45.114692,0.0],[25.823747,45.114701,0.0],[25.823736,45.113952,0.0],[25.822465,45.113961,0.0],[25.821195,45.11397,0.0],[25.821221,45.11577,0.0],[25.822409,45.115761,0.0],[25.82242,45.116511,0.0],[25.823691,45.116501,0.0],[25.824036,45.116499,0.0],[25.824011,45.11661,0.0],[25.823744,45.117112,0.0],[25.823563,45.117473,0.0],[25.823401,45.117767,0.0],[25.823401,45.117768,0.0],[25.823255,45.118052,0.0],[25.823059,45.118419,0.0],[25.823056,45.118426,0.0],[25.823055,45.118433,0.0],[25.823055,45.11844,0.0],[25.82309,45.118675,0.0],[25.823077,45.118674,0.0],[25.823067,45.118673,0.0],[25.823056,45.118674,0.0],[25.823045,45.118676,0.0],[25.823035,45.11868,0.0],[25.823026,45.118684,0.0],[25.823019,45.11869,0.0],[25.823012,45.118696,0.0],[25.823008,45.118703,0.0],[25.823005,45.118711,0.0],[25.823004,45.118719,0.0],[25.823005,45.118727,0.0],[25.823008,45.118734,0.0],[25.823013,45.118741,0.0],[25.82302,45.118748,0.0],[25.823027,45.118753,0.0],[25.823037,45.118757,0.0],[25.823047,45.118761,0.0],[25.823058,45.118763,0.0],[25.823099,45.118767,0.0],[25.823106,45.118773,0.0],[25.823113,45.118778,0.0],[25.8234,45.118953,0.0],[25.823625,45.119122,0.0],[25.82363,45.119125,0.0],[25.8239,45.119292,0.0],[25.824002,45.11958,0.0],[25.824004,45.119585,0.0],[25.824009,45.119592,0.0],[25.824016,45.119598,0.0],[25.824024,45.119604,0.0],[25.824025,45.119604,0.0],[25.824343,45.119781,0.0],[25.824571,45.119903,0.0],[25.824949,45.120191,0.0],[25.825201,45.120522,0.0],[25.825224,45.120617,0.0],[25.82441,45.120623,0.0],[25.823139,45.120632,0.0],[25.823154,45.121644,0.0],[25.822705,45.121647,0.0],[25.822708,45.121885,0.0],[25.821661,45.121892,0.0],[25.821687,45.123692,0.0],[25.822864,45.123683,0.0],[25.822869,45.124055,0.0],[25.822982,45.124054,0.0],[25.822991,45.124674,0.0],[25.823423,45.124671,0.0],[25.823424,45.124699,0.0],[25.824695,45.12469,0.0],[25.825966,45.124681,0.0],[25.825961,45.124319,0.0],[25.826566,45.124315,0.0],[25.826583,45.125516,0.0],[25.827854,45.125506,0.0],[25.829126,45.125497,0.0],[25.829099,45.123697,0.0],[25.828458,45.123702,0.0],[25.828452,45.123296,0.0],[25.82902,45.123292,0.0],[25.829003,45.12212,0.0],[25.829008,45.122126,0.0],[25.829023,45.122141,0.0],[25.829078,45.122195,0.0],[25.829107,45.122223,0.0],[25.829134,45.122262,0.0],[25.829181,45.122329,0.0],[25.829227,45.122396,0.0],[25.829274,45.122463,0.0],[25.829302,45.122499,0.0],[25.829337,45.122538,0.0],[25.829374,45.122579,0.0],[25.82942,45.122621,0.0],[25.829563,45.122735,0.0],[25.829634,45.122793,0.0],[25.829654,45.122807,0.0],[25.829674,45.122821,0.0],[25.829695,45.122834,0.0],[25.829717,45.122846,0.0],[25.82974,45.122857,0.0],[25.829764,45.122867,0.0],[25.829789,45.122876,0.0],[25.829981,45.122944,0.0],[25.830076,45.122977,0.0],[25.830172,45.123011,0.0],[25.830243,45.123036,0.0],[25.830294,45.123059,0.0],[25.830309,45.123066,0.0],[25.83032,45.123075,0.0],[25.83031,45.123118,0.0],[25.830293,45.12319,0.0],[25.83029,45.123202,0.0],[25.830286,45.123243,0.0],[25.830283,45.123328,0.0],[25.830281,45.123413,0.0],[25.830279,45.123493,0.0],[25.830274,45.123564,0.0],[25.830268,45.123641,0.0],[25.830263,45.123717,0.0],[25.830263,45.12373,0.0],[25.830261,45.123791,0.0],[25.83026,45.123852,0.0],[25.83026,45.123861,0.0],[25.830265,45.123906,0.0],[25.830272,45.123944,0.0],[25.830274,45.12395,0.0],[25.830275,45.123957,0.0],[25.830294,45.124033,0.0],[25.830313,45.12411,0.0],[25.830327,45.124153,0.0],[25.830345,45.124188,0.0],[25.830402,45.124283,0.0],[25.830414,45.124302,0.0],[25.830427,45.12432,0.0],[25.830442,45.124337,0.0],[25.830458,45.124354,0.0],[25.830476,45.124371,0.0],[25.830541,45.124426,0.0],[25.830605,45.124482,0.0],[25.830669,45.124538,0.0],[25.830683,45.124549,0.0],[25.830694,45.124558,0.0],[25.83077,45.124615,0.0],[25.830846,45.124672,0.0],[25.830872,45.124692,0.0],[25.830867,45.124745,0.0],[25.830866,45.124774,0.0],[25.830871,45.124824,0.0],[25.830886,45.124895,0.0],[25.830902,45.124967,0.0],[25.830917,45.125038,0.0],[25.830932,45.12511,0.0],[25.830947,45.125157,0.0],[25.831041,45.125386,0.0],[25.831047,45.125809,0.0],[25.831046,45.125815,0.0],[25.831033,45.125884,0.0],[25.831028,45.125936,0.0],[25.831033,45.125981,0.0],[25.831045,45.126042,0.0],[25.831056,45.126102,0.0],[25.831061,45.126121,0.0],[25.831066,45.12614,0.0],[25.831074,45.126158,0.0],[25.831082,45.126176,0.0],[25.831092,45.126194,0.0],[25.831103,45.126211,0.0],[25.831135,45.126258,0.0],[25.831167,45.126304,0.0],[25.831193,45.126337,0.0],[25.831231,45.12638,0.0],[25.831263,45.126416,0.0],[25.831318,45.126484,0.0],[25.831366,45.126543,0.0],[25.831397,45.126591,0.0],[25.831437,45.126655,0.0],[25.831475,45.126713,0.0],[25.831513,45.126779,0.0],[25.831542,45.126827,0.0],[25.831555,45.126864,0.0],[25.831032,45.12707,0.0],[25.831,45.127083,0.0],[25.830942,45.127115,0.0],[25.830891,45.127151,0.0],[25.830848,45.127193,0.0],[25.830814,45.127238,0.0],[25.830804,45.127256,0.0],[25.830793,45.127276,0.0],[25.830773,45.127274,0.0],[25.830745,45.127272,0.0],[25.830717,45.12727,0.0],[25.830688,45.127269,0.0],[25.83066,45.12727,0.0],[25.830631,45.127272,0.0],[25.830603,45.127275,0.0],[25.830576,45.127279,0.0],[25.830548,45.127284,0.0],[25.830366,45.127322,0.0],[25.830344,45.127327,0.0],[25.830255,45.127349,0.0],[25.830241,45.127352,0.0],[25.830145,45.127378,0.0],[25.830139,45.12738,0.0],[25.830033,45.127409,0.0],[25.830005,45.127418,0.0],[25.82996,45.127435,0.0],[25.829863,45.127476,0.0],[25.829713,45.12754,0.0],[25.829554,45.12755,0.0],[25.829543,45.12755,0.0],[25.829504,45.127553,0.0],[25.829479,45.127555,0.0],[25.829439,45.127561,0.0],[25.829274,45.127589,0.0],[25.829253,45.127593,0.0],[25.829215,45.1276,0.0],[25.829185,45.127607,0.0],[25.829156,45.127615,0.0],[25.829127,45.127624,0.0],[25.829099,45.127635,0.0],[25.829073,45.127647,0.0],[25.829047,45.12766,0.0],[25.829022,45.127674,0.0],[25.829011,45.127678,0.0],[25.828854,45.127742,0.0],[25.828828,45.127754,0.0],[25.828811,45.127761,0.0],[25.82861,45.127863,0.0],[25.828589,45.127874,0.0],[25.828476,45.127938,0.0],[25.828357,45.128003,0.0],[25.828194,45.128084,0.0],[25.828076,45.128142,0.0],[25.828013,45.128173,0.0],[25.827971,45.128196,0.0],[25.82779,45.128307,0.0],[25.827703,45.12836,0.0],[25.827618,45.128409,0.0],[25.827489,45.128485,0.0],[25.827476,45.128492,0.0],[25.827468,45.128498,0.0],[25.827433,45.128521,0.0],[25.827402,45.128543,0.0],[25.827267,45.128648,0.0],[25.827174,45.128715,0.0],[25.827037,45.128816,0.0],[25.827025,45.128826,0.0],[25.826905,45.128921,0.0],[25.826897,45.128928,0.0],[25.826879,45.128944,0.0],[25.826835,45.128984,0.0],[25.82681,45.12901,0.0],[25.826805,45.129016,0.0],[25.826782,45.129043,0.0],[25.826752,45.129084,0.0],[25.826733,45.129115,0.0],[25.82671,45.12916,0.0],[25.826701,45.129187,0.0],[25.826695,45.12921,0.0],[25.82669,45.12923,0.0],[25.826686,45.129252,0.0],[25.826685,45.129273,0.0],[25.826685,45.129294,0.0],[25.826687,45.129315,0.0],[25.826691,45.129336,0.0],[25.826694,45.12935,0.0],[25.826699,45.129364,0.0],[25.826695,45.12937,0.0],[25.826686,45.129391,0.0],[25.826682,45.129399,0.0],[25.826675,45.129419,0.0],[25.826669,45.12944,0.0],[25.826664,45.129461,0.0],[25.826659,45.129492,0.0],[25.826633,45.129523,0.0],[25.826535,45.129643,0.0],[25.826526,45.129654,0.0],[25.826478,45.129717,0.0],[25.826427,45.129783,0.0],[25.82642,45.129792,0.0],[25.826407,45.129807,0.0],[25.826371,45.129852,0.0],[25.826333,45.129897,0.0],[25.826279,45.129961,0.0],[25.826208,45.130043,0.0],[25.826201,45.130051,0.0],[25.82611,45.130162,0.0],[25.825997,45.130289,0.0],[25.825991,45.130297,0.0],[25.825923,45.130297,0.0],[25.824652,45.130306,0.0],[25.824659,45.130811,0.0],[25.824162,45.130683,0.0],[25.823895,45.130614,0.0],[25.82388,45.129568,0.0],[25.823089,45.129573,0.0],[25.823068,45.12814,0.0],[25.821797,45.128149,0.0],[25.820526,45.128158,0.0],[25.820539,45.129083,0.0],[25.820458,45.129084,0.0],[25.820455,45.12886,0.0],[25.819183,45.12887,0.0],[25.817912,45.128879,0.0],[25.817929,45.130078,0.0],[25.817706,45.130104,0.0],[25.817704,45.130104,0.0],[25.817699,45.130105,0.0],[25.817271,45.130189,0.0],[25.816638,45.13032,0.0],[25.816271,45.130399,0.0],[25.815909,45.130471,0.0],[25.815566,45.130523,0.0],[25.815322,45.130556,0.0],[25.815313,45.130557,0.0],[25.815304,45.13056,0.0],[25.815296,45.130563,0.0],[25.815007,45.130711,0.0],[25.814718,45.130853,0.0],[25.814713,45.130855,0.0],[25.814705,45.130861,0.0],[25.814699,45.130867,0.0],[25.814694,45.130875,0.0],[25.814692,45.130882,0.0],[25.814691,45.13089,0.0],[25.814692,45.130898,0.0],[25.814695,45.130905,0.0],[25.8147,45.130912,0.0],[25.814706,45.130919,0.0],[25.814714,45.130924,0.0],[25.814723,45.130929,0.0],[25.814733,45.130932,0.0],[25.814744,45.130934,0.0],[25.814755,45.130935,0.0],[25.814766,45.130934,0.0],[25.814777,45.130932,0.0],[25.814787,45.130928,0.0],[25.81479,45.130927,0.0],[25.81508,45.130785,0.0],[25.815081,45.130785,0.0],[25.815359,45.130642,0.0],[25.815591,45.130611,0.0],[25.815592,45.130611,0.0],[25.815937,45.130559,0.0],[25.815941,45.130558,0.0],[25.816307,45.130485,0.0],[25.816674,45.130406,0.0],[25.817306,45.130276,0.0],[25.81773,45.130192,0.0],[25.817931,45.130169,0.0],[25.817938,45.130679,0.0],[25.819209,45.130669,0.0],[25.819983,45.130664,0.0],[25.819987,45.130887,0.0],[25.821258,45.130878,0.0],[25.821356,45.130877,0.0],[25.821364,45.131386,0.0],[25.822635,45.131377,0.0],[25.823906,45.131367,0.0],[25.823897,45.13071,0.0],[25.824119,45.130767,0.0],[25.824636,45.1309,0.0],[25.824661,45.130907,0.0],[25.824678,45.132106,0.0],[25.825227,45.132102,0.0],[25.825158,45.132165,0.0],[25.825145,45.132173,0.0],[25.825076,45.132219,0.0],[25.825055,45.132233,0.0],[25.825041,45.132243,0.0],[25.825008,45.132266,0.0],[25.824983,45.132286,0.0],[25.824943,45.13232,0.0],[25.824908,45.13235,0.0],[25.82489,45.132367,0.0],[25.824838,45.132417,0.0],[25.82483,45.132424,0.0],[25.824808,45.132446,0.0],[25.824754,45.132506,0.0],[25.824712,45.132552,0.0],[25.824696,45.132571,0.0],[25.824663,45.132614,0.0],[25.82464,45.132642,0.0],[25.824635,45.132649,0.0],[25.824555,45.132753,0.0],[25.824491,45.132838,0.0],[25.824474,45.132862,0.0],[25.824418,45.132942,0.0],[25.824409,45.132955,0.0],[25.824406,45.13296,0.0],[25.824246,45.133225,0.0],[25.824228,45.133259,0.0],[25.824126,45.133491,0.0],[25.824054,45.133643,0.0],[25.824007,45.133724,0.0],[25.824003,45.13373,0.0],[25.823927,45.133869,0.0],[25.823921,45.13388,0.0],[25.823882,45.133957,0.0],[25.823872,45.133979,0.0],[25.823864,45.134002,0.0],[25.823769,45.134317,0.0],[25.823733,45.134439,0.0],[25.823714,45.134485,0.0],[25.823653,45.134587,0.0],[25.823525,45.134716,0.0],[25.823472,45.134762,0.0],[25.823358,45.134846,0.0],[25.823335,45.134863,0.0],[25.823316,45.13488,0.0],[25.823253,45.13494,0.0],[25.823229,45.134964,0.0],[25.82322,45.134975,0.0],[25.823183,45.13502,0.0],[25.823171,45.135036,0.0],[25.823123,45.135103,0.0],[25.823088,45.135151,0.0],[25.823084,45.135156,0.0],[25.823046,45.135203,0.0],[25.823007,45.135247,0.0],[25.822907,45.135353,0.0],[25.822892,45.13537,0.0],[25.822879,45.135387,0.0],[25.822867,45.135405,0.0],[25.822856,45.135424,0.0],[25.822746,45.135626,0.0],[25.82274,45.135639,0.0],[25.822701,45.135721,0.0],[25.822601,45.13582,0.0],[25.822586,45.135836,0.0],[25.822575,45.135849,0.0],[25.822552,45.135879,0.0],[25.822443,45.135954,0.0],[25.822263,45.136043,0.0],[25.822203,45.136067,0.0],[25.822064,45.136097,0.0],[25.821964,45.136105,0.0],[25.821939,45.136107,0.0],[25.82191,45.136111,0.0],[25.821723,45.136139,0.0],[25.821633,45.136149,0.0],[25.82161,45.136152,0.0],[25.821466,45.136174,0.0],[25.821434,45.136179,0.0],[25.821299,45.136205,0.0],[25.821045,45.136253,0.0],[25.821028,45.136257,0.0],[25.820989,45.136266,0.0],[25.820823,45.136313,0.0],[25.820793,45.136322,0.0],[25.820737,45.136344,0.0],[25.820668,45.136375,0.0],[25.820661,45.136378,0.0],[25.820641,45.136387,0.0],[25.82058,45.136419,0.0],[25.820542,45.13644,0.0],[25.820514,45.136459,0.0],[25.820425,45.136524,0.0],[25.820402,45.136542,0.0],[25.820395,45.136547,0.0],[25.820362,45.136576,0.0],[25.820355,45.136582,0.0],[25.820252,45.136676,0.0],[25.820225,45.136704,0.0],[25.820189,45.136743,0.0],[25.820112,45.136822,0.0],[25.820101,45.136834,0.0],[25.820067,45.13688,0.0],[25.820042,45.136928,0.0],[25.820027,45.136978,0.0],[25.820023,45.13703,0.0],[25.820029,45.137081,0.0],[25.820033,45.137097,0.0],[25.82008,45.137263,0.0],[25.820087,45.137282,0.0],[25.820139,45.137426,0.0],[25.820145,45.13744,0.0],[25.820183,45.137529,0.0],[25.820197,45.137577,0.0],[25.8202,45.137587,0.0],[25.820226,45.137665,0.0],[25.820235,45.137689,0.0],[25.820296,45.137825,0.0],[25.820305,45.137843,0.0],[25.820379,45.137983,0.0],[25.820417,45.138056,0.0],[25.820437,45.138097,0.0],[25.820457,45.138138,0.0],[25.820519,45.138266,0.0],[25.820525,45.138277,0.0],[25.82058,45.13838,0.0],[25.820632,45.138485,0.0],[25.820633,45.138486,0.0],[25.819446,45.138495,0.0],[25.819448,45.138595,0.0],[25.819038,45.138598,0.0],[25.819045,45.139087,0.0],[25.819,45.139068,0.0],[25.818998,45.139067,0.0],[25.818988,45.139064,0.0],[25.818981,45.139062,0.0],[25.818979,45.138911,0.0],[25.817707,45.13892,0.0],[25.816436,45.138929,0.0],[25.816462,45.140729,0.0],[25.817019,45.140725,0.0],[25.817023,45.141033,0.0],[25.817873,45.141027,0.0],[25.817878,45.141426,0.0],[25.818869,45.141419,0.0],[25.818871,45.141548,0.0],[25.819111,45.141546,0.0],[25.819115,45.141853,0.0],[25.819699,45.141849,0.0],[25.819701,45.142022,0.0],[25.820464,45.142016,0.0],[25.820465,45.142118,0.0],[25.820973,45.142114,0.0],[25.820975,45.142287,0.0],[25.822247,45.142278,0.0],[25.822539,45.142276,0.0],[25.822541,45.142425,0.0],[25.823749,45.142417,0.0],[25.823749,45.142421,0.0],[25.824369,45.142416,0.0],[25.824376,45.142904,0.0],[25.825647,45.142895,0.0],[25.826726,45.142887,0.0],[25.826731,45.143264,0.0],[25.828003,45.143255,0.0],[25.828957,45.143248,0.0],[25.828983,45.145029,0.0],[25.830255,45.14502,0.0],[25.830368,45.145019,0.0],[25.830372,45.145321,0.0],[25.831644,45.145311,0.0],[25.832915,45.145302,0.0],[25.832913,45.145172,0.0],[25.832934,45.145172,0.0],[25.832947,45.14606,0.0],[25.833696,45.146055,0.0],[25.833699,45.146235,0.0],[25.83497,45.146226,0.0],[25.83601,45.146218,0.0],[25.836017,45.146739,0.0],[25.837289,45.146729,0.0],[25.837985,45.146724,0.0],[25.837993,45.147262,0.0],[25.839265,45.147253,0.0],[25.839613,45.14725,0.0],[25.839538,45.142201,0.0]],[[25.81515,45.106832,0.0],[25.81458,45.106836,0.0],[25.814581,45.106919,0.0],[25.814138,45.106922,0.0],[25.814133,45.106614,0.0],[25.814136,45.106613,0.0],[25.814139,45.106612,0.0],[25.814148,45.106608,0.0],[25.814155,45.106602,0.0],[25.814162,45.106596,0.0],[25.814166,45.106588,0.0],[25.814169,45.106581,0.0],[25.81417,45.106573,0.0],[25.814169,45.106565,0.0],[25.814166,45.106558,0.0],[25.814161,45.106551,0.0],[25.814155,45.106544,0.0],[25.814153,45.106543,0.0],[25.814132,45.106527,0.0],[25.81413,45.106381,0.0],[25.814195,45.106339,0.0],[25.814698,45.106328,0.0],[25.815143,45.106331,0.0],[25.81515,45.106832,0.0]],[[25.828749,45.108812,0.0],[25.828809,45.108845,0.0],[25.828818,45.10885,0.0],[25.828829,45.108858,0.0],[25.82869,45.108859,0.0],[25.828689,45.108779,0.0],[25.828743,45.108809,0.0],[25.828749,45.108812,0.0]],[[25.82504,45.108718,0.0],[25.825226,45.108767,0.0],[25.825448,45.108828,0.0],[25.825492,45.108838,0.0],[25.82553,45.108845,0.0],[25.825563,45.108849,0.0],[25.825596,45.108853,0.0],[25.825669,45.108856,0.0],[25.825741,45.108852,0.0],[25.825812,45.108841,0.0],[25.825821,45.108839,0.0],[25.825845,45.108833,0.0],[25.825904,45.108817,0.0],[25.825916,45.108813,0.0],[25.825947,45.108802,0.0],[25.825969,45.108795,0.0],[25.825991,45.108791,0.0],[25.826017,45.108786,0.0],[25.826085,45.108768,0.0],[25.826146,45.108743,0.0],[25.826154,45.109298,0.0],[25.826793,45.109293,0.0],[25.826802,45.109881,0.0],[25.826727,45.109882,0.0],[25.826715,45.109879,0.0],[25.826686,45.109874,0.0],[25.826659,45.10987,0.0],[25.826631,45.109867,0.0],[25.826603,45.109865,0.0],[25.826575,45.109864,0.0],[25.826569,45.109864,0.0],[25.826562,45.109352,0.0],[25.825291,45.109362,0.0],[25.82518,45.109363,0.0],[25.825172,45.108807,0.0],[25.824499,45.108812,0.0],[25.824592,45.108775,0.0],[25.824736,45.108722,0.0],[25.824789,45.108711,0.0],[25.82484,45.108704,0.0],[25.824942,45.108705,0.0],[25.82504,45.108718,0.0]],[[25.83324,45.109963,0.0],[25.833138,45.109964,0.0],[25.833141,45.110147,0.0],[25.833056,45.110147,0.0],[25.833053,45.109887,0.0],[25.833239,45.109886,0.0],[25.83324,45.109963,0.0]],[[25.828997,45.110656,0.0],[25.828996,45.110682,0.0],[25.828996,45.110718,0.0],[25.828999,45.110754,0.0],[25.829003,45.110789,0.0],[25.82901,45.110825,0.0],[25.829018,45.11086,0.0],[25.829029,45.110895,0.0],[25.829041,45.11093,0.0],[25.829056,45.110964,0.0],[25.829072,45.110998,0.0],[25.82909,45.111031,0.0],[25.82911,45.111064,0.0],[25.829132,45.111096,0.0],[25.829156,45.111128,0.0],[25.829181,45.111159,0.0],[25.829208,45.111189,0.0],[25.829237,45.111219,0.0],[25.829268,45.111247,0.0],[25.8293,45.111275,0.0],[25.829333,45.111302,0.0],[25.829368,45.111327,0.0],[25.82937,45.111329,0.0],[25.82892,45.111332,0.0],[25.828335,45.111336,0.0],[25.828272,45.111229,0.0],[25.828224,45.110967,0.0],[25.828247,45.110914,0.0],[25.828259,45.110913,0.0],[25.828376,45.110908,0.0],[25.828386,45.110908,0.0],[25.828491,45.110902,0.0],[25.82853,45.110899,0.0],[25.8286,45.110888,0.0],[25.828668,45.110869,0.0],[25.828731,45.110844,0.0],[25.828789,45.110813,0.0],[25.82884,45.110776,0.0],[25.828883,45.110735,0.0],[25.828917,45.11069,0.0],[25.828933,45.110657,0.0],[25.828997,45.110656,0.0]],[[25.830247,45.111645,0.0],[25.830292,45.111703,0.0],[25.830349,45.111776,0.0],[25.830406,45.111849,0.0],[25.830446,45.111901,0.0],[25.830469,45.111943,0.0],[25.83048,45.111961,0.0],[25.830488,45.111983,0.0],[25.830509,45.112042,0.0],[25.830509,45.112052,0.0],[25.830509,45.112107,0.0],[25.83051,45.112157,0.0],[25.830501,45.112203,0.0],[25.830488,45.112267,0.0],[25.830473,45.112321,0.0],[25.830455,45.112385,0.0],[25.830441,45.112435,0.0],[25.830415,45.112501,0.0],[25.830383,45.112582,0.0],[25.830364,45.112629,0.0],[25.830343,45.112659,0.0],[25.8303,45.112719,0.0],[25.830258,45.11278,0.0],[25.830217,45.112836,0.0],[25.830213,45.112843,0.0],[25.830195,45.111636,0.0],[25.830244,45.111644,0.0],[25.830247,45.111645,0.0]],[[25.832093,45.111955,0.0],[25.832129,45.111963,0.0],[25.832323,45.112006,0.0],[25.832494,45.112042,0.0],[25.832603,45.112067,0.0],[25.832798,45.112111,0.0],[25.832857,45.112126,0.0],[25.832867,45.112794,0.0],[25.832397,45.112798,0.0],[25.831568,45.112804,0.0],[25.831578,45.112788,0.0],[25.831606,45.112735,0.0],[25.83162,45.112706,0.0],[25.83164,45.112656,0.0],[25.831646,45.112636,0.0],[25.831658,45.112603,0.0],[25.83167,45.112561,0.0],[25.831674,45.112529,0.0],[25.831677,45.112472,0.0],[25.831678,45.112452,0.0],[25.831681,45.112402,0.0],[25.831687,45.112314,0.0],[25.831688,45.112297,0.0],[25.831689,45.112197,0.0],[25.831692,45.112135,0.0],[25.831698,45.112109,0.0],[25.831722,45.112081,0.0],[25.83173,45.112072,0.0],[25.831783,45.112006,0.0],[25.831794,45.111994,0.0],[25.831804,45.111982,0.0],[25.831825,45.111957,0.0],[25.832093,45.111955,0.0]],[[25.837908,45.113454,0.0],[25.83801,45.113582,0.0],[25.837687,45.113585,0.0],[25.837681,45.113209,0.0],[25.837767,45.113281,0.0],[25.837908,45.113454,0.0]],[[25.838258,45.113801,0.0],[25.838279,45.113814,0.0],[25.838312,45.113832,0.0],[25.838241,45.113813,0.0],[25.838241,45.11379,0.0],[25.838258,45.113801,0.0]],[[25.82949,45.119094,0.0],[25.8295,45.119018,0.0],[25.829509,45.11895,0.0],[25.829534,45.118943,0.0],[25.829559,45.118936,0.0],[25.829584,45.118927,0.0],[25.829607,45.118917,0.0],[25.82963,45.118906,0.0],[25.829651,45.118894,0.0],[25.829656,45.118891,0.0],[25.829659,45.119093,0.0],[25.82949,45.119094,0.0]],[[25.828958,45.120679,0.0],[25.828952,45.120675,0.0],[25.828901,45.120641,0.0],[25.828889,45.120633,0.0],[25.828878,45.120623,0.0],[25.828868,45.120609,0.0],[25.828844,45.120584,0.0],[25.828783,45.120528,0.0],[25.82872,45.120466,0.0],[25.828713,45.120458,0.0],[25.828673,45.120421,0.0],[25.828667,45.120416,0.0],[25.828601,45.120357,0.0],[25.828716,45.120231,0.0],[25.82872,45.120225,0.0],[25.828724,45.120219,0.0],[25.828726,45.120212,0.0],[25.828726,45.120206,0.0],[25.828725,45.120152,0.0],[25.828738,45.120138,0.0],[25.828745,45.12013,0.0],[25.82882,45.120042,0.0],[25.828849,45.120002,0.0],[25.828853,45.119995,0.0],[25.828882,45.119994,0.0],[25.82891,45.119992,0.0],[25.828938,45.119988,0.0],[25.828966,45.119984,0.0],[25.828993,45.119978,0.0],[25.829013,45.119973,0.0],[25.829024,45.120725,0.0],[25.828958,45.120679,0.0]],[[25.828006,45.121323,0.0],[25.828074,45.12134,0.0],[25.828145,45.121351,0.0],[25.828218,45.121354,0.0],[25.828279,45.121351,0.0],[25.828289,45.12135,0.0],[25.828318,45.121346,0.0],[25.828347,45.121341,0.0],[25.828376,45.121335,0.0],[25.828404,45.121328,0.0],[25.828424,45.121353,0.0],[25.828477,45.121418,0.0],[25.828522,45.121474,0.0],[25.828538,45.121496,0.0],[25.827722,45.121502,0.0],[25.826987,45.121507,0.0],[25.827024,45.121478,0.0],[25.827127,45.121482,0.0],[25.827155,45.121482,0.0],[25.827183,45.121482,0.0],[25.827211,45.12148,0.0],[25.827239,45.121477,0.0],[25.827267,45.121473,0.0],[25.827297,45.121468,0.0],[25.827327,45.121461,0.0],[25.827356,45.121454,0.0],[25.827384,45.121445,0.0],[25.827508,45.121402,0.0],[25.827622,45.12137,0.0],[25.827811,45.121326,0.0],[25.827857,45.121314,0.0],[25.827888,45.121304,0.0],[25.8279,45.1213,0.0],[25.827925,45.12129,0.0],[25.827942,45.121299,0.0],[25.828006,45.121323,0.0]],[[25.830952,45.122505,0.0],[25.830917,45.122486,0.0],[25.830842,45.122453,0.0],[25.830766,45.122418,0.0],[25.83072,45.1224,0.0],[25.830624,45.122366,0.0],[25.830529,45.122332,0.0],[25.830433,45.122299,0.0],[25.83033,45.122263,0.0],[25.830324,45.122258,0.0],[25.830207,45.122165,0.0],[25.830193,45.122149,0.0],[25.830174,45.122128,0.0],[25.83014,45.122079,0.0],[25.830094,45.122012,0.0],[25.830047,45.121945,0.0],[25.830001,45.121878,0.0],[25.829969,45.121838,0.0],[25.829955,45.121824,0.0],[25.829899,45.12177,0.0],[25.829859,45.121731,0.0],[25.829821,45.121685,0.0],[25.829777,45.121632,0.0],[25.82974,45.121581,0.0],[25.829697,45.121522,0.0],[25.829654,45.121464,0.0],[25.829609,45.1214,0.0],[25.829563,45.121335,0.0],[25.829516,45.12127,0.0],[25.829424,45.121141,0.0],[25.829411,45.121124,0.0],[25.829358,45.121059,0.0],[25.829306,45.120994,0.0],[25.829253,45.120929,0.0],[25.829237,45.120911,0.0],[25.829222,45.120896,0.0],[25.830298,45.120888,0.0],[25.831062,45.120883,0.0],[25.831075,45.121727,0.0],[25.830941,45.121728,0.0],[25.830952,45.122505,0.0]],[[25.831497,45.133045,0.0],[25.830634,45.133052,0.0],[25.830643,45.133654,0.0],[25.830359,45.13356,0.0],[25.830357,45.133559,0.0],[25.829949,45.133438,0.0],[25.829592,45.133285,0.0],[25.82959,45.133284,0.0],[25.82958,45.133281,0.0],[25.829104,45.133167,0.0],[25.829099,45.133166,0.0],[25.828656,45.133088,0.0],[25.828651,45.133088,0.0],[25.82864,45.133087,0.0],[25.828629,45.133088,0.0],[25.828618,45.13309,0.0],[25.828608,45.133093,0.0],[25.828605,45.133095,0.0],[25.828234,45.133275,0.0],[25.827616,45.133328,0.0],[25.827194,45.133255,0.0],[25.82718,45.133227,0.0],[25.827179,45.13322,0.0],[25.827176,45.133212,0.0],[25.827171,45.133205,0.0],[25.827165,45.133199,0.0],[25.827157,45.133193,0.0],[25.827148,45.133189,0.0],[25.827139,45.133186,0.0],[25.826983,45.132981,0.0],[25.82683,45.132613,0.0],[25.826828,45.132609,0.0],[25.826626,45.132245,0.0],[25.826622,45.132239,0.0],[25.82662,45.132236,0.0],[25.826483,45.132093,0.0],[25.827221,45.132088,0.0],[25.827195,45.130288,0.0],[25.827188,45.130288,0.0],[25.827206,45.130266,0.0],[25.827249,45.130215,0.0],[25.827255,45.130208,0.0],[25.827287,45.130167,0.0],[25.827296,45.130158,0.0],[25.827311,45.13014,0.0],[25.827372,45.130061,0.0],[25.827418,45.13,0.0],[25.827513,45.129885,0.0],[25.827581,45.129802,0.0],[25.827606,45.129767,0.0],[25.82761,45.129761,0.0],[25.827619,45.129746,0.0],[25.82764,45.129704,0.0],[25.827653,45.129659,0.0],[25.827663,45.129611,0.0],[25.827665,45.129606,0.0],[25.827666,45.129599,0.0],[25.827668,45.129584,0.0],[25.827694,45.129534,0.0],[25.827704,45.129512,0.0],[25.827723,45.129467,0.0],[25.827731,45.129446,0.0],[25.827736,45.129425,0.0],[25.82774,45.129404,0.0],[25.827742,45.129383,0.0],[25.827742,45.129361,0.0],[25.827741,45.12934,0.0],[25.827778,45.12931,0.0],[25.827906,45.129215,0.0],[25.828003,45.129145,0.0],[25.828014,45.129137,0.0],[25.828139,45.129039,0.0],[25.828149,45.129033,0.0],[25.828265,45.128965,0.0],[25.828352,45.128914,0.0],[25.82836,45.128909,0.0],[25.828454,45.128853,0.0],[25.828617,45.128752,0.0],[25.828657,45.128733,0.0],[25.828776,45.128674,0.0],[25.82895,45.128588,0.0],[25.828967,45.128579,0.0],[25.829098,45.128508,0.0],[25.829106,45.128504,0.0],[25.829212,45.128444,0.0],[25.829382,45.128358,0.0],[25.829491,45.128313,0.0],[25.829501,45.12831,0.0],[25.829524,45.128303,0.0],[25.829546,45.128295,0.0],[25.829568,45.128286,0.0],[25.829589,45.128276,0.0],[25.829642,45.128267,0.0],[25.829866,45.128254,0.0],[25.829902,45.128251,0.0],[25.829923,45.128248,0.0],[25.829987,45.128239,0.0],[25.830015,45.128235,0.0],[25.830044,45.128229,0.0],[25.830072,45.128222,0.0],[25.830099,45.128214,0.0],[25.830125,45.128205,0.0],[25.830151,45.128194,0.0],[25.830387,45.128093,0.0],[25.830447,45.128068,0.0],[25.830511,45.12805,0.0],[25.830596,45.128027,0.0],[25.830667,45.12801,0.0],[25.830723,45.127998,0.0],[25.8308,45.128007,0.0],[25.830832,45.12801,0.0],[25.830864,45.128011,0.0],[25.830896,45.128012,0.0],[25.830927,45.12801,0.0],[25.831114,45.127998,0.0],[25.831147,45.127996,0.0],[25.831218,45.127984,0.0],[25.831285,45.127966,0.0],[25.831349,45.127941,0.0],[25.831406,45.12791,0.0],[25.831424,45.127897,0.0],[25.83145,45.127884,0.0],[25.831475,45.12787,0.0],[25.831498,45.127855,0.0],[25.83152,45.127839,0.0],[25.831541,45.127822,0.0],[25.83156,45.127805,0.0],[25.831578,45.127786,0.0],[25.831596,45.127764,0.0],[25.83161,45.127747,0.0],[25.831624,45.127729,0.0],[25.831644,45.127701,0.0],[25.831683,45.127637,0.0],[25.831811,45.127587,0.0],[25.831845,45.127619,0.0],[25.831906,45.127668,0.0],[25.831967,45.127717,0.0],[25.831996,45.127738,0.0],[25.832078,45.127793,0.0],[25.832085,45.127799,0.0],[25.832088,45.127809,0.0],[25.832094,45.127868,0.0],[25.832097,45.127923,0.0],[25.8321,45.127973,0.0],[25.832099,45.128026,0.0],[25.832097,45.12809,0.0],[25.832097,45.128113,0.0],[25.832099,45.128135,0.0],[25.832103,45.128158,0.0],[25.83211,45.12818,0.0],[25.832136,45.128259,0.0],[25.832146,45.128285,0.0],[25.832174,45.128347,0.0],[25.832198,45.128409,0.0],[25.832202,45.128418,0.0],[25.832211,45.128437,0.0],[25.832222,45.128459,0.0],[25.832227,45.128473,0.0],[25.832233,45.128486,0.0],[25.832243,45.128508,0.0],[25.832264,45.128547,0.0],[25.832276,45.128568,0.0],[25.83228,45.128578,0.0],[25.832293,45.128624,0.0],[25.832296,45.128633,0.0],[25.832317,45.1287,0.0],[25.832327,45.128731,0.0],[25.832328,45.128758,0.0],[25.832329,45.128797,0.0],[25.832323,45.128833,0.0],[25.832313,45.128889,0.0],[25.832286,45.129016,0.0],[25.832278,45.129059,0.0],[25.832273,45.129078,0.0],[25.83227,45.129098,0.0],[25.83226,45.129146,0.0],[25.832257,45.129175,0.0],[25.832252,45.129235,0.0],[25.832248,45.129295,0.0],[25.832243,45.129355,0.0],[25.832243,45.129378,0.0],[25.832245,45.129407,0.0],[25.832253,45.12947,0.0],[25.832257,45.129492,0.0],[25.832263,45.129515,0.0],[25.832277,45.129561,0.0],[25.832292,45.129608,0.0],[25.832302,45.129636,0.0],[25.832328,45.129684,0.0],[25.832369,45.129745,0.0],[25.832448,45.129863,0.0],[25.832486,45.129924,0.0],[25.832475,45.129952,0.0],[25.83246,45.129982,0.0],[25.832442,45.130006,0.0],[25.83242,45.130034,0.0],[25.832406,45.130048,0.0],[25.832378,45.130069,0.0],[25.832372,45.130074,0.0],[25.832315,45.130124,0.0],[25.832258,45.130173,0.0],[25.832249,45.130181,0.0],[25.832212,45.130216,0.0],[25.832207,45.13022,0.0],[25.832187,45.130239,0.0],[25.832164,45.130263,0.0],[25.832159,45.130268,0.0],[25.832119,45.130316,0.0],[25.832089,45.130356,0.0],[25.832057,45.130407,0.0],[25.832033,45.130455,0.0],[25.832005,45.130525,0.0],[25.831991,45.130576,0.0],[25.83198,45.130637,0.0],[25.831976,45.13068,0.0],[25.831976,45.130731,0.0],[25.831976,45.130785,0.0],[25.831982,45.130838,0.0],[25.831989,45.130865,0.0],[25.832013,45.130938,0.0],[25.832037,45.131011,0.0],[25.832061,45.131083,0.0],[25.832068,45.131105,0.0],[25.832099,45.131178,0.0],[25.832124,45.131237,0.0],[25.832133,45.131269,0.0],[25.832147,45.131314,0.0],[25.832167,45.131384,0.0],[25.832179,45.131415,0.0],[25.832194,45.13145,0.0],[25.831473,45.131455,0.0],[25.831497,45.133045,0.0]],[[25.829788,45.136761,0.0],[25.829764,45.136775,0.0],[25.829741,45.13679,0.0],[25.829719,45.136805,0.0],[25.829699,45.136822,0.0],[25.82968,45.13684,0.0],[25.829663,45.136858,0.0],[25.829647,45.136877,0.0],[25.829633,45.136897,0.0],[25.829548,45.137027,0.0],[25.829535,45.137047,0.0],[25.829525,45.137067,0.0],[25.829516,45.137088,0.0],[25.82951,45.137109,0.0],[25.829505,45.137131,0.0],[25.829501,45.137152,0.0],[25.829494,45.137226,0.0],[25.829486,45.137296,0.0],[25.829483,45.137317,0.0],[25.829473,45.137399,0.0],[25.82947,45.137436,0.0],[25.829477,45.137488,0.0],[25.829491,45.137551,0.0],[25.829503,45.137591,0.0],[25.829528,45.137654,0.0],[25.829553,45.137718,0.0],[25.829578,45.137781,0.0],[25.829581,45.13779,0.0],[25.829594,45.137816,0.0],[25.829626,45.137874,0.0],[25.829639,45.137895,0.0],[25.829647,45.137907,0.0],[25.829673,45.137942,0.0],[25.829721,45.138012,0.0],[25.829759,45.138065,0.0],[25.829771,45.138089,0.0],[25.829807,45.13816,0.0],[25.829811,45.138168,0.0],[25.829835,45.138213,0.0],[25.829858,45.138257,0.0],[25.829873,45.138281,0.0],[25.82988,45.138291,0.0],[25.829915,45.138341,0.0],[25.829944,45.138376,0.0],[25.82995,45.138382,0.0],[25.830181,45.138619,0.0],[25.830239,45.138679,0.0],[25.830265,45.138703,0.0],[25.830321,45.138751,0.0],[25.83038,45.138802,0.0],[25.830396,45.138845,0.0],[25.830408,45.138907,0.0],[25.830413,45.138928,0.0],[25.830405,45.138957,0.0],[25.830382,45.139045,0.0],[25.830379,45.139058,0.0],[25.830362,45.139145,0.0],[25.830344,45.139232,0.0],[25.830326,45.13932,0.0],[25.830321,45.139375,0.0],[25.830323,45.139456,0.0],[25.830325,45.139536,0.0],[25.830325,45.139544,0.0],[25.83033,45.139625,0.0],[25.830335,45.139707,0.0],[25.83034,45.139745,0.0],[25.83037,45.139889,0.0],[25.830374,45.139908,0.0],[25.830381,45.139927,0.0],[25.830389,45.139946,0.0],[25.830398,45.139965,0.0],[25.830409,45.139983,0.0],[25.830421,45.140001,0.0],[25.830453,45.140044,0.0],[25.830485,45.140087,0.0],[25.830498,45.140105,0.0],[25.830514,45.140122,0.0],[25.83053,45.140139,0.0],[25.830548,45.140154,0.0],[25.830567,45.140169,0.0],[25.830588,45.140184,0.0],[25.830609,45.140197,0.0],[25.830687,45.140243,0.0],[25.830763,45.140288,0.0],[25.830832,45.140328,0.0],[25.830923,45.140381,0.0],[25.830939,45.140395,0.0],[25.830941,45.140416,0.0],[25.830944,45.140436,0.0],[25.830945,45.140438,0.0],[25.830385,45.140442,0.0],[25.830388,45.140595,0.0],[25.830145,45.140596,0.0],[25.830149,45.140889,0.0],[25.830077,45.14091,0.0],[25.830053,45.140918,0.0],[25.829988,45.14094,0.0],[25.829923,45.140961,0.0],[25.829871,45.140981,0.0],[25.829783,45.14102,0.0],[25.829695,45.141059,0.0],[25.829607,45.141098,0.0],[25.829519,45.141137,0.0],[25.82951,45.141142,0.0],[25.829488,45.141153,0.0],[25.829392,45.141202,0.0],[25.829297,45.141252,0.0],[25.829223,45.14129,0.0],[25.82922,45.141059,0.0],[25.829044,45.14106,0.0],[25.82904,45.140808,0.0],[25.828469,45.140812,0.0],[25.828467,45.140666,0.0],[25.828371,45.140667,0.0],[25.828358,45.139829,0.0],[25.827992,45.139832,0.0],[25.827987,45.139498,0.0],[25.82758,45.139501,0.0],[25.82758,45.139454,0.0],[25.826308,45.139464,0.0],[25.825799,45.139467,0.0],[25.825799,45.139461,0.0],[25.825675,45.139462,0.0],[25.825669,45.139012,0.0],[25.825506,45.139013,0.0],[25.8255,45.138998,0.0],[25.825486,45.138964,0.0],[25.82547,45.13893,0.0],[25.825451,45.138897,0.0],[25.825431,45.138864,0.0],[25.82541,45.138832,0.0],[25.825386,45.1388,0.0],[25.82536,45.138769,0.0],[25.825333,45.138739,0.0],[25.825304,45.138709,0.0],[25.825274,45.138681,0.0],[25.825242,45.138653,0.0],[25.825208,45.138626,0.0],[25.825173,45.138601,0.0],[25.825137,45.138576,0.0],[25.825099,45.138552,0.0],[25.82506,45.138529,0.0],[25.825019,45.138508,0.0],[25.824978,45.138487,0.0],[25.824935,45.138468,0.0],[25.824892,45.13845,0.0],[25.824847,45.138434,0.0],[25.824801,45.138418,0.0],[25.824755,45.138404,0.0],[25.824708,45.138391,0.0],[25.82466,45.13838,0.0],[25.824611,45.138369,0.0],[25.824562,45.138361,0.0],[25.824513,45.138353,0.0],[25.824463,45.138347,0.0],[25.824413,45.138343,0.0],[25.824362,45.138339,0.0],[25.824312,45.138338,0.0],[25.824261,45.138337,0.0],[25.824211,45.138338,0.0],[25.82416,45.138341,0.0],[25.82411,45.138345,0.0],[25.82406,45.13835,0.0],[25.82401,45.138357,0.0],[25.823961,45.138365,0.0],[25.823912,45.138374,0.0],[25.823864,45.138385,0.0],[25.823817,45.138398,0.0],[25.82377,45.138411,0.0],[25.823724,45.138426,0.0],[25.823679,45.138442,0.0],[25.823635,45.138459,0.0],[25.823591,45.138478,0.0],[25.823549,45.138498,0.0],[25.823508,45.138519,0.0],[25.823469,45.138541,0.0],[25.82343,45.138564,0.0],[25.823393,45.138588,0.0],[25.823357,45.138614,0.0],[25.823323,45.13864,0.0],[25.82329,45.138667,0.0],[25.823259,45.138695,0.0],[25.823229,45.138724,0.0],[25.823201,45.138754,0.0],[25.823175,45.138785,0.0],[25.823151,45.138816,0.0],[25.82313,45.138846,0.0],[25.82274,45.138848,0.0],[25.822726,45.13883,0.0],[25.822701,45.1388,0.0],[25.822674,45.138769,0.0],[25.822645,45.13874,0.0],[25.822614,45.138711,0.0],[25.822582,45.138684,0.0],[25.822549,45.138657,0.0],[25.822514,45.138631,0.0],[25.822477,45.138606,0.0],[25.82244,45.138583,0.0],[25.8224,45.13856,0.0],[25.82236,45.138538,0.0],[25.822318,45.138518,0.0],[25.822276,45.138499,0.0],[25.822232,45.138481,0.0],[25.822187,45.138464,0.0],[25.822142,45.138449,0.0],[25.822095,45.138434,0.0],[25.822048,45.138422,0.0],[25.822,45.13841,0.0],[25.821952,45.1384,0.0],[25.821903,45.138391,0.0],[25.821853,45.138384,0.0],[25.821804,45.138378,0.0],[25.821753,45.138373,0.0],[25.821703,45.13837,0.0],[25.821653,45.138368,0.0],[25.821647,45.138368,0.0],[25.821599,45.138261,0.0],[25.821595,45.138252,0.0],[25.821538,45.138137,0.0],[25.821533,45.138128,0.0],[25.821478,45.138026,0.0],[25.82142,45.137905,0.0],[25.821399,45.137863,0.0],[25.821376,45.137815,0.0],[25.821373,45.13781,0.0],[25.821333,45.137733,0.0],[25.821261,45.137598,0.0],[25.821211,45.137486,0.0],[25.821191,45.137427,0.0],[25.821174,45.137368,0.0],[25.821163,45.137336,0.0],[25.821121,45.137239,0.0],[25.821075,45.137111,0.0],[25.821072,45.137102,0.0],[25.821154,45.137028,0.0],[25.821169,45.137015,0.0],[25.821213,45.136983,0.0],[25.821226,45.136976,0.0],[25.821241,45.13697,0.0],[25.821335,45.136944,0.0],[25.821564,45.1369,0.0],[25.821688,45.136876,0.0],[25.821805,45.136859,0.0],[25.821897,45.136849,0.0],[25.821924,45.136845,0.0],[25.822096,45.136819,0.0],[25.82222,45.13681,0.0],[25.822245,45.136808,0.0],[25.822317,45.136796,0.0],[25.822559,45.136743,0.0],[25.822624,45.136725,0.0],[25.822663,45.136711,0.0],[25.82279,45.136659,0.0],[25.822815,45.136648,0.0],[25.822825,45.136643,0.0],[25.823058,45.136528,0.0],[25.823105,45.136502,0.0],[25.823124,45.13649,0.0],[25.823314,45.136359,0.0],[25.823333,45.136344,0.0],[25.823352,45.136329,0.0],[25.823369,45.136313,0.0],[25.823385,45.136297,0.0],[25.8234,45.13628,0.0],[25.823447,45.136221,0.0],[25.82357,45.136098,0.0],[25.823585,45.136082,0.0],[25.823615,45.136043,0.0],[25.823623,45.13603,0.0],[25.823628,45.136023,0.0],[25.823645,45.135993,0.0],[25.8237,45.135877,0.0],[25.823786,45.135718,0.0],[25.823857,45.135642,0.0],[25.823863,45.135635,0.0],[25.823912,45.135581,0.0],[25.823925,45.135566,0.0],[25.823967,45.135513,0.0],[25.823976,45.135502,0.0],[25.823991,45.135483,0.0],[25.824029,45.135429,0.0],[25.82407,45.135373,0.0],[25.824085,45.135354,0.0],[25.824111,45.13533,0.0],[25.824219,45.135251,0.0],[25.824241,45.135234,0.0],[25.824249,45.135227,0.0],[25.824326,45.135159,0.0],[25.824347,45.13514,0.0],[25.824524,45.134962,0.0],[25.824541,45.134944,0.0],[25.824557,45.134925,0.0],[25.82457,45.134905,0.0],[25.824582,45.134885,0.0],[25.824592,45.134864,0.0],[25.824663,45.134745,0.0],[25.824681,45.134708,0.0],[25.824715,45.134627,0.0],[25.824724,45.134601,0.0],[25.824764,45.134467,0.0],[25.824852,45.134175,0.0],[25.824876,45.134126,0.0],[25.824948,45.133997,0.0],[25.825001,45.133907,0.0],[25.825013,45.133883,0.0],[25.825093,45.133715,0.0],[25.825096,45.133709,0.0],[25.825192,45.133491,0.0],[25.825336,45.133252,0.0],[25.825388,45.133177,0.0],[25.825392,45.133171,0.0],[25.82545,45.133096,0.0],[25.825527,45.132994,0.0],[25.825549,45.132967,0.0],[25.825553,45.132962,0.0],[25.82558,45.132927,0.0],[25.825609,45.132895,0.0],[25.825651,45.13285,0.0],[25.825657,45.132844,0.0],[25.825703,45.132799,0.0],[25.825725,45.13278,0.0],[25.825747,45.132761,0.0],[25.825759,45.132753,0.0],[25.825774,45.132743,0.0],[25.825846,45.132694,0.0],[25.825888,45.132666,0.0],[25.825923,45.13264,0.0],[25.825935,45.132629,0.0],[25.826063,45.132514,0.0],[25.826071,45.132507,0.0],[25.826155,45.132427,0.0],[25.826179,45.132402,0.0],[25.826213,45.132363,0.0],[25.826218,45.132358,0.0],[25.826243,45.132328,0.0],[25.826294,45.132266,0.0],[25.826316,45.132237,0.0],[25.82632,45.132231,0.0],[25.826384,45.132154,0.0],[25.826386,45.132152,0.0],[25.826511,45.132283,0.0],[25.826709,45.13264,0.0],[25.826863,45.133011,0.0],[25.826864,45.133014,0.0],[25.826868,45.13302,0.0],[25.827079,45.133297,0.0],[25.827084,45.133307,0.0],[25.827084,45.133308,0.0],[25.827089,45.133315,0.0],[25.827096,45.133322,0.0],[25.827104,45.133327,0.0],[25.827113,45.133332,0.0],[25.827116,45.133333,0.0],[25.827118,45.133333,0.0],[25.827122,45.133335,0.0],[25.827128,45.133337,0.0],[25.827134,45.133338,0.0],[25.827139,45.133339,0.0],[25.827598,45.133418,0.0],[25.827605,45.133418,0.0],[25.827613,45.133419,0.0],[25.82762,45.133418,0.0],[25.828265,45.133363,0.0],[25.828275,45.133362,0.0],[25.828285,45.133359,0.0],[25.828294,45.133355,0.0],[25.828653,45.133181,0.0],[25.829066,45.133253,0.0],[25.829532,45.133364,0.0],[25.829887,45.133516,0.0],[25.829889,45.133517,0.0],[25.829895,45.133519,0.0],[25.830307,45.133642,0.0],[25.830644,45.133754,0.0],[25.83066,45.134852,0.0],[25.831503,45.134845,0.0],[25.831513,45.135521,0.0],[25.831466,45.135545,0.0],[25.831376,45.13559,0.0],[25.8313,45.135629,0.0],[25.831153,45.135704,0.0],[25.831132,45.135716,0.0],[25.831111,45.135728,0.0],[25.831092,45.135741,0.0],[25.831073,45.135755,0.0],[25.831056,45.13577,0.0],[25.830908,45.1359,0.0],[25.830889,45.135917,0.0],[25.830872,45.135935,0.0],[25.830857,45.135954,0.0],[25.830843,45.135973,0.0],[25.830831,45.135993,0.0],[25.830821,45.136013,0.0],[25.830812,45.136034,0.0],[25.830792,45.136086,0.0],[25.830789,45.136094,0.0],[25.830737,45.136249,0.0],[25.83073,45.136267,0.0],[25.830726,45.136279,0.0],[25.830708,45.136326,0.0],[25.830694,45.136361,0.0],[25.829795,45.136367,0.0],[25.8298,45.136755,0.0],[25.829788,45.136761,0.0]],[[25.819047,45.139218,0.0],[25.818983,45.139219,0.0],[25.818982,45.139166,0.0],[25.819047,45.139194,0.0],[25.819047,45.139218,0.0]],[[25.836366,45.140858,0.0],[25.836367,45.140864,0.0],[25.836369,45.140869,0.0],[25.836496,45.141174,0.0],[25.836472,45.141427,0.0],[25.836472,45.141429,0.0],[25.836467,45.141588,0.0],[25.836467,45.141589,0.0],[25.836467,45.141799,0.0],[25.836467,45.141875,0.0],[25.836456,45.141873,0.0],[25.836405,45.141869,0.0],[25.836355,45.141866,0.0],[25.836305,45.141864,0.0],[25.836254,45.141864,0.0],[25.836203,45.141865,0.0],[25.836153,45.141867,0.0],[25.836103,45.141871,0.0],[25.836056,45.141876,0.0],[25.836055,45.141762,0.0],[25.835867,45.141763,0.0],[25.835861,45.141402,0.0],[25.83459,45.141412,0.0],[25.834427,45.141413,0.0],[25.8344,45.141392,0.0],[25.834365,45.141366,0.0],[25.834338,45.141347,0.0],[25.834339,45.14133,0.0],[25.83451,45.141322,0.0],[25.835077,45.141394,0.0],[25.835086,45.141394,0.0],[25.835095,45.141394,0.0],[25.835104,45.141393,0.0],[25.835562,45.141304,0.0],[25.83557,45.141302,0.0],[25.835577,45.1413,0.0],[25.835583,45.141297,0.0],[25.83589,45.141135,0.0],[25.835893,45.141133,0.0],[25.8359,45.141127,0.0],[25.836219,45.140856,0.0],[25.836371,45.140825,0.0],[25.836366,45.140852,0.0],[25.836366,45.140858,0.0]],[[25.829714,45.143097,0.0],[25.829715,45.143198,0.0],[25.829338,45.143201,0.0],[25.829339,45.143226,0.0],[25.829274,45.143227,0.0],[25.829272,45.143101,0.0],[25.829714,45.143097,0.0]]],[[[25.839319,45.127356,0.0],[25.839312,45.127357,0.0],[25.839339,45.129156,0.0],[25.839345,45.129156,0.0],[25.839319,45.127356,0.0]]],[[[25.839234,45.121596,0.0],[25.839051,45.121597,0.0],[25.83906,45.122221,0.0],[25.838445,45.122225,0.0],[25.837174,45.122235,0.0],[25.83718,45.12266,0.0],[25.83658,45.122664,0.0],[25.835309,45.122674,0.0],[25.835335,45.124474,0.0],[25.836606,45.124464,0.0],[25.837877,45.124455,0.0],[25.837871,45.124029,0.0],[25.838389,45.124026,0.0],[25.838409,45.125391,0.0],[25.83929,45.125384,0.0],[25.839234,45.121596,0.0]]],[[[25.771154,45.070497,0.0],[25.7712,45.070484,0.0],[25.771246,45.070469,0.0],[25.771291,45.070453,0.0],[25.771336,45.070435,0.0],[25.771379,45.070417,0.0],[25.771421,45.070397,0.0],[25.771462,45.070376,0.0],[25.771502,45.070354,0.0],[25.77154,45.070331,0.0],[25.771577,45.070306,0.0],[25.771613,45.070281,0.0],[25.77164,45.070261,0.0],[25.771648,45.07027,0.0],[25.771677,45.070299,0.0],[25.771707,45.070328,0.0],[25.771739,45.070356,0.0],[25.771773,45.070382,0.0],[25.771808,45.070408,0.0],[25.771844,45.070433,0.0],[25.771882,45.070457,0.0],[25.771921,45.070479,0.0],[25.771961,45.070501,0.0],[25.772003,45.070521,0.0],[25.772045,45.070541,0.0],[25.772089,45.070559,0.0],[25.772134,45.070575,0.0],[25.772179,45.070591,0.0],[25.772226,45.070605,0.0],[25.772273,45.070618,0.0],[25.772321,45.07063,0.0],[25.772369,45.07064,0.0],[25.772418,45.070649,0.0],[25.772467,45.070656,0.0],[25.772517,45.070662,0.0],[25.772567,45.070667,0.0],[25.772617,45.07067,0.0],[25.772668,45.070672,0.0],[25.772718,45.070672,0.0],[25.772769,45.070671,0.0],[25.772819,45.070668,0.0],[25.772869,45.070665,0.0],[25.772919,45.070659,0.0],[25.772969,45.070653,0.0],[25.773018,45.070644,0.0],[25.773067,45.070635,0.0],[25.773115,45.070624,0.0],[25.773162,45.070612,0.0],[25.773209,45.070598,0.0],[25.773255,45.070584,0.0],[25.7733,45.070567,0.0],[25.773344,45.07055,0.0],[25.773388,45.070531,0.0],[25.77343,45.070512,0.0],[25.773471,45.070491,0.0],[25.77351,45.070469,0.0],[25.773549,45.070445,0.0],[25.773586,45.070421,0.0],[25.773622,45.070396,0.0],[25.773656,45.07037,0.0],[25.773689,45.070342,0.0],[25.77372,45.070314,0.0],[25.773749,45.070285,0.0],[25.773777,45.070255,0.0],[25.773804,45.070225,0.0],[25.773828,45.070194,0.0],[25.773851,45.070162,0.0],[25.773872,45.070129,0.0],[25.773891,45.070096,0.0],[25.773908,45.070062,0.0],[25.773924,45.070028,0.0],[25.773937,45.069994,0.0],[25.773949,45.069959,0.0],[25.773958,45.069924,0.0],[25.773966,45.069888,0.0],[25.773971,45.069853,0.0],[25.773975,45.069817,0.0],[25.773976,45.069781,0.0],[25.773976,45.069745,0.0],[25.773973,45.06971,0.0],[25.773969,45.069674,0.0],[25.773962,45.069639,0.0],[25.773954,45.069603,0.0],[25.773943,45.069568,0.0],[25.773931,45.069534,0.0],[25.773916,45.069499,0.0],[25.7739,45.069465,0.0],[25.773882,45.069432,0.0],[25.773862,45.069399,0.0],[25.77384,45.069367,0.0],[25.773817,45.069335,0.0],[25.773791,45.069304,0.0],[25.773764,45.069274,0.0],[25.773735,45.069245,0.0],[25.773705,45.069216,0.0],[25.773673,45.069188,0.0],[25.773639,45.069162,0.0],[25.773604,45.069136,0.0],[25.773568,45.069111,0.0],[25.77353,45.069087,0.0],[25.773491,45.069065,0.0],[25.773451,45.069043,0.0],[25.773409,45.069023,0.0],[25.773367,45.069003,0.0],[25.773323,45.068985,0.0],[25.773279,45.068969,0.0],[25.773233,45.068953,0.0],[25.773187,45.068939,0.0],[25.77314,45.068926,0.0],[25.773092,45.068915,0.0],[25.773043,45.068904,0.0],[25.772994,45.068896,0.0],[25.772945,45.068888,0.0],[25.772895,45.068882,0.0],[25.772845,45.068877,0.0],[25.772795,45.068874,0.0],[25.772744,45.068872,0.0],[25.772694,45.068872,0.0],[25.772643,45.068873,0.0],[25.772593,45.068876,0.0],[25.772543,45.06888,0.0],[25.772493,45.068885,0.0],[25.772443,45.068892,0.0],[25.772394,45.0689,0.0],[25.772345,45.068909,0.0],[25.772297,45.06892,0.0],[25.77225,45.068932,0.0],[25.772203,45.068946,0.0],[25.772157,45.068961,0.0],[25.772112,45.068977,0.0],[25.772068,45.068994,0.0],[25.772025,45.069013,0.0],[25.771983,45.069032,0.0],[25.771942,45.069053,0.0],[25.771902,45.069075,0.0],[25.771864,45.069099,0.0],[25.771826,45.069123,0.0],[25.771791,45.069148,0.0],[25.771764,45.069169,0.0],[25.771755,45.069159,0.0],[25.771727,45.06913,0.0],[25.771696,45.069101,0.0],[25.771664,45.069074,0.0],[25.771631,45.069047,0.0],[25.771596,45.069021,0.0],[25.771559,45.068996,0.0],[25.771522,45.068973,0.0],[25.771482,45.06895,0.0],[25.771442,45.068928,0.0],[25.771401,45.068908,0.0],[25.771358,45.068889,0.0],[25.771314,45.068871,0.0],[25.77127,45.068854,0.0],[25.771224,45.068839,0.0],[25.771178,45.068824,0.0],[25.771131,45.068811,0.0],[25.771083,45.0688,0.0],[25.771035,45.06879,0.0],[25.770986,45.068781,0.0],[25.770936,45.068773,0.0],[25.770886,45.068767,0.0],[25.770836,45.068763,0.0],[25.770786,45.06876,0.0],[25.770736,45.068758,0.0],[25.770685,45.068757,0.0],[25.770635,45.068758,0.0],[25.770584,45.068761,0.0],[25.770534,45.068765,0.0],[25.770484,45.06877,0.0],[25.770435,45.068777,0.0],[25.770385,45.068785,0.0],[25.770337,45.068794,0.0],[25.770289,45.068805,0.0],[25.770241,45.068817,0.0],[25.770194,45.068831,0.0],[25.770148,45.068846,0.0],[25.770103,45.068862,0.0],[25.770059,45.068879,0.0],[25.770016,45.068898,0.0],[25.769974,45.068918,0.0],[25.769933,45.068939,0.0],[25.769893,45.068961,0.0],[25.769855,45.068984,0.0],[25.769818,45.069008,0.0],[25.769782,45.069034,0.0],[25.769748,45.06906,0.0],[25.769715,45.069087,0.0],[25.769684,45.069115,0.0],[25.769654,45.069144,0.0],[25.769626,45.069174,0.0],[25.7696,45.069205,0.0],[25.769575,45.069236,0.0],[25.769553,45.069268,0.0],[25.769532,45.0693,0.0],[25.769512,45.069333,0.0],[25.769495,45.069367,0.0],[25.76948,45.069401,0.0],[25.769466,45.069436,0.0],[25.769455,45.069471,0.0],[25.769445,45.069506,0.0],[25.769438,45.069541,0.0],[25.769432,45.069577,0.0],[25.769429,45.069612,0.0],[25.769427,45.069648,0.0],[25.769428,45.069684,0.0],[25.76943,45.06972,0.0],[25.769435,45.069755,0.0],[25.769441,45.069791,0.0],[25.76945,45.069826,0.0],[25.76946,45.069861,0.0],[25.769473,45.069896,0.0],[25.769487,45.06993,0.0],[25.769503,45.069964,0.0],[25.769521,45.069997,0.0],[25.769541,45.07003,0.0],[25.769563,45.070062,0.0],[25.769587,45.070094,0.0],[25.769612,45.070125,0.0],[25.769639,45.070155,0.0],[25.769668,45.070185,0.0],[25.769699,45.070213,0.0],[25.769731,45.070241,0.0],[25.769764,45.070268,0.0],[25.769799,45.070294,0.0],[25.769835,45.070318,0.0],[25.769873,45.070342,0.0],[25.769912,45.070365,0.0],[25.769953,45.070386,0.0],[25.769994,45.070407,0.0],[25.770037,45.070426,0.0],[25.77008,45.070444,0.0],[25.770125,45.070461,0.0],[25.77017,45.070476,0.0],[25.770217,45.07049,0.0],[25.770264,45.070503,0.0],[25.770312,45.070515,0.0],[25.77036,45.070525,0.0],[25.770409,45.070534,0.0],[25.770458,45.070541,0.0],[25.770508,45.070547,0.0],[25.770558,45.070552,0.0],[25.770609,45.070555,0.0],[25.770659,45.070557,0.0],[25.77071,45.070557,0.0],[25.77076,45.070556,0.0],[25.77081,45.070554,0.0],[25.770861,45.07055,0.0],[25.770911,45.070545,0.0],[25.77096,45.070538,0.0],[25.771009,45.07053,0.0],[25.771058,45.07052,0.0],[25.771106,45.070509,0.0],[25.771154,45.070497,0.0]]],[[[25.764634,45.082197,0.0],[25.764681,45.082183,0.0],[25.764727,45.082169,0.0],[25.764772,45.082153,0.0],[25.764817,45.082135,0.0],[25.76486,45.082117,0.0],[25.764902,45.082097,0.0],[25.764943,45.082076,0.0],[25.764982,45.082054,0.0],[25.765021,45.082031,0.0],[25.765058,45.082006,0.0],[25.765094,45.081981,0.0],[25.765128,45.081955,0.0],[25.765161,45.081927,0.0],[25.765192,45.081899,0.0],[25.765222,45.08187,0.0],[25.76525,45.081841,0.0],[25.765276,45.08181,0.0],[25.7653,45.081779,0.0],[25.765323,45.081747,0.0],[25.765344,45.081714,0.0],[25.765363,45.081681,0.0],[25.765381,45.081647,0.0],[25.765396,45.081613,0.0],[25.765409,45.081579,0.0],[25.765421,45.081544,0.0],[25.76543,45.081509,0.0],[25.765438,45.081473,0.0],[25.765443,45.081438,0.0],[25.765447,45.081402,0.0],[25.765448,45.081366,0.0],[25.765448,45.081331,0.0],[25.765445,45.081295,0.0],[25.765441,45.081259,0.0],[25.765434,45.081224,0.0],[25.765426,45.081188,0.0],[25.765416,45.081153,0.0],[25.765403,45.081119,0.0],[25.765389,45.081084,0.0],[25.765373,45.081051,0.0],[25.765354,45.081017,0.0],[25.765334,45.080984,0.0],[25.765313,45.080952,0.0],[25.765289,45.08092,0.0],[25.765264,45.080889,0.0],[25.765236,45.080859,0.0],[25.765208,45.08083,0.0],[25.765177,45.080801,0.0],[25.765145,45.080774,0.0],[25.765112,45.080747,0.0],[25.765077,45.080721,0.0],[25.76504,45.080696,0.0],[25.765003,45.080672,0.0],[25.764964,45.08065,0.0],[25.764923,45.080628,0.0],[25.764882,45.080608,0.0],[25.764839,45.080589,0.0],[25.764795,45.080571,0.0],[25.764751,45.080554,0.0],[25.764705,45.080538,0.0],[25.764659,45.080524,0.0],[25.764612,45.080511,0.0],[25.764564,45.0805,0.0],[25.764516,45.080489,0.0],[25.764467,45.080481,0.0],[25.764417,45.080473,0.0],[25.764367,45.080467,0.0],[25.764317,45.080463,0.0],[25.764267,45.080459,0.0],[25.764217,45.080458,0.0],[25.764166,45.080457,0.0],[25.764116,45.080458,0.0],[25.764065,45.080461,0.0],[25.764015,45.080465,0.0],[25.763965,45.08047,0.0],[25.763915,45.080477,0.0],[25.763866,45.080485,0.0],[25.763818,45.080494,0.0],[25.763769,45.080505,0.0],[25.763722,45.080517,0.0],[25.763675,45.080531,0.0],[25.763629,45.080546,0.0],[25.763584,45.080562,0.0],[25.76354,45.080579,0.0],[25.763497,45.080598,0.0],[25.763455,45.080617,0.0],[25.763414,45.080638,0.0],[25.763374,45.08066,0.0],[25.763336,45.080684,0.0],[25.763298,45.080708,0.0],[25.763263,45.080733,0.0],[25.763228,45.080759,0.0],[25.763196,45.080787,0.0],[25.763164,45.080815,0.0],[25.763135,45.080844,0.0],[25.763107,45.080874,0.0],[25.76308,45.080904,0.0],[25.763056,45.080935,0.0],[25.763033,45.080967,0.0],[25.763012,45.081,0.0],[25.762993,45.081033,0.0],[25.762976,45.081067,0.0],[25.76296,45.081101,0.0],[25.762947,45.081135,0.0],[25.762936,45.08117,0.0],[25.762926,45.081205,0.0],[25.762919,45.081241,0.0],[25.762913,45.081276,0.0],[25.762909,45.081312,0.0],[25.762908,45.081348,0.0],[25.762908,45.081384,0.0],[25.762911,45.081419,0.0],[25.762915,45.081455,0.0],[25.762922,45.08149,0.0],[25.76293,45.081526,0.0],[25.762941,45.081561,0.0],[25.762953,45.081595,0.0],[25.762968,45.08163,0.0],[25.762984,45.081664,0.0],[25.763002,45.081697,0.0],[25.763022,45.08173,0.0],[25.763044,45.081762,0.0],[25.763067,45.081794,0.0],[25.763093,45.081825,0.0],[25.76312,45.081855,0.0],[25.763149,45.081884,0.0],[25.763179,45.081913,0.0],[25.763211,45.081941,0.0],[25.763245,45.081967,0.0],[25.76328,45.081993,0.0],[25.763316,45.082018,0.0],[25.763354,45.082042,0.0],[25.763393,45.082064,0.0],[25.763433,45.082086,0.0],[25.763475,45.082106,0.0],[25.763517,45.082126,0.0],[25.763561,45.082144,0.0],[25.763606,45.08216,0.0],[25.763651,45.082176,0.0],[25.763697,45.08219,0.0],[25.763745,45.082203,0.0],[25.763792,45.082215,0.0],[25.763841,45.082225,0.0],[25.76389,45.082234,0.0],[25.763939,45.082241,0.0],[25.763989,45.082247,0.0],[25.764039,45.082252,0.0],[25.764089,45.082255,0.0],[25.76414,45.082257,0.0],[25.76419,45.082257,0.0],[25.764241,45.082256,0.0],[25.764291,45.082253,0.0],[25.764341,45.08225,0.0],[25.764391,45.082244,0.0],[25.764441,45.082238,0.0],[25.76449,45.082229,0.0],[25.764539,45.08222,0.0],[25.764587,45.082209,0.0],[25.764634,45.082197,0.0]]],[[[25.791572,45.086862,0.0],[25.791538,45.086907,0.0],[25.791513,45.086955,0.0],[25.791499,45.087006,0.0],[25.791494,45.087057,0.0],[25.7915,45.087108,0.0],[25.791516,45.087158,0.0],[25.791542,45.087206,0.0],[25.791577,45.087251,0.0],[25.791602,45.087275,0.0],[25.791706,45.087369,0.0],[25.791725,45.087386,0.0],[25.791745,45.087401,0.0],[25.791766,45.087415,0.0],[25.791789,45.087429,0.0],[25.791812,45.087441,0.0],[25.791837,45.087453,0.0],[25.791981,45.087516,0.0],[25.792191,45.087609,0.0],[25.792199,45.087613,0.0],[25.792291,45.087651,0.0],[25.792393,45.087695,0.0],[25.792498,45.087746,0.0],[25.79252,45.087757,0.0],[25.792564,45.087776,0.0],[25.792623,45.087798,0.0],[25.792691,45.087815,0.0],[25.792762,45.087826,0.0],[25.792834,45.087829,0.0],[25.792907,45.087825,0.0],[25.792977,45.087813,0.0],[25.793045,45.087795,0.0],[25.793108,45.08777,0.0],[25.793166,45.087738,0.0],[25.793217,45.087702,0.0],[25.79326,45.08766,0.0],[25.793294,45.087615,0.0],[25.793318,45.087567,0.0],[25.793333,45.087516,0.0],[25.793337,45.087465,0.0],[25.793332,45.087414,0.0],[25.793315,45.087364,0.0],[25.793289,45.087316,0.0],[25.793254,45.087271,0.0],[25.79321,45.08723,0.0],[25.793158,45.087194,0.0],[25.793097,45.087163,0.0],[25.793066,45.087149,0.0],[25.792959,45.087097,0.0],[25.79294,45.087088,0.0],[25.792932,45.087084,0.0],[25.792814,45.087034,0.0],[25.792724,45.086996,0.0],[25.792517,45.086905,0.0],[25.792451,45.086876,0.0],[25.792403,45.086832,0.0],[25.792383,45.086815,0.0],[25.792331,45.086779,0.0],[25.792273,45.086749,0.0],[25.792209,45.086725,0.0],[25.792141,45.086707,0.0],[25.79207,45.086697,0.0],[25.791997,45.086693,0.0],[25.791925,45.086698,0.0],[25.791854,45.086709,0.0],[25.791787,45.086727,0.0],[25.791723,45.086753,0.0],[25.791666,45.086784,0.0],[25.791615,45.08682,0.0],[25.791572,45.086862,0.0]]],[[[25.788474,45.099197,0.0],[25.788521,45.099184,0.0],[25.788567,45.099169,0.0],[25.788612,45.099153,0.0],[25.788656,45.099135,0.0],[25.788699,45.099117,0.0],[25.788741,45.099097,0.0],[25.788782,45.099076,0.0],[25.788822,45.099054,0.0],[25.78886,45.099031,0.0],[25.788898,45.099006,0.0],[25.788933,45.098981,0.0],[25.788968,45.098955,0.0],[25.789,45.098928,0.0],[25.789032,45.0989,0.0],[25.789061,45.098871,0.0],[25.789089,45.098841,0.0],[25.789115,45.09881,0.0],[25.78914,45.098779,0.0],[25.789163,45.098747,0.0],[25.789184,45.098714,0.0],[25.789203,45.098681,0.0],[25.78922,45.098648,0.0],[25.789235,45.098614,0.0],[25.789249,45.098579,0.0],[25.78926,45.098544,0.0],[25.78927,45.098509,0.0],[25.789277,45.098474,0.0],[25.789283,45.098438,0.0],[25.789286,45.098402,0.0],[25.789288,45.098367,0.0],[25.789287,45.098331,0.0],[25.789285,45.098295,0.0],[25.78928,45.098259,0.0],[25.789274,45.098224,0.0],[25.789265,45.098189,0.0],[25.789255,45.098154,0.0],[25.789242,45.098119,0.0],[25.789228,45.098085,0.0],[25.789212,45.098051,0.0],[25.789194,45.098017,0.0],[25.789174,45.097984,0.0],[25.789152,45.097952,0.0],[25.789128,45.097921,0.0],[25.789103,45.09789,0.0],[25.789076,45.097859,0.0],[25.789047,45.09783,0.0],[25.789016,45.097801,0.0],[25.788984,45.097774,0.0],[25.788951,45.097747,0.0],[25.788916,45.097721,0.0],[25.788879,45.097696,0.0],[25.788842,45.097673,0.0],[25.788802,45.09765,0.0],[25.788762,45.097628,0.0],[25.788721,45.097608,0.0],[25.788678,45.097589,0.0],[25.788634,45.097571,0.0],[25.78859,45.097554,0.0],[25.788544,45.097539,0.0],[25.788498,45.097524,0.0],[25.788451,45.097512,0.0],[25.788403,45.0975,0.0],[25.788354,45.09749,0.0],[25.788305,45.097481,0.0],[25.788256,45.097474,0.0],[25.788206,45.097468,0.0],[25.788156,45.097463,0.0],[25.788106,45.09746,0.0],[25.788055,45.097458,0.0],[25.788005,45.097458,0.0],[25.787954,45.097459,0.0],[25.787904,45.097461,0.0],[25.787854,45.097465,0.0],[25.787804,45.09747,0.0],[25.787754,45.097477,0.0],[25.787705,45.097485,0.0],[25.787656,45.097495,0.0],[25.787608,45.097506,0.0],[25.78756,45.097518,0.0],[25.787514,45.097531,0.0],[25.787468,45.097546,0.0],[25.787423,45.097562,0.0],[25.787378,45.09758,0.0],[25.787335,45.097598,0.0],[25.787293,45.097618,0.0],[25.787252,45.097639,0.0],[25.787212,45.097661,0.0],[25.787174,45.097684,0.0],[25.787137,45.097709,0.0],[25.787101,45.097734,0.0],[25.787067,45.09776,0.0],[25.787034,45.097787,0.0],[25.787003,45.097815,0.0],[25.786973,45.097844,0.0],[25.786945,45.097874,0.0],[25.786919,45.097905,0.0],[25.786894,45.097936,0.0],[25.786872,45.097968,0.0],[25.786851,45.098001,0.0],[25.786832,45.098034,0.0],[25.786814,45.098067,0.0],[25.786799,45.098102,0.0],[25.786786,45.098136,0.0],[25.786774,45.098171,0.0],[25.786765,45.098206,0.0],[25.786757,45.098241,0.0],[25.786752,45.098277,0.0],[25.786748,45.098313,0.0],[25.786747,45.098348,0.0],[25.786747,45.098384,0.0],[25.78675,45.09842,0.0],[25.786754,45.098456,0.0],[25.786761,45.098491,0.0],[25.786769,45.098526,0.0],[25.78678,45.098561,0.0],[25.786792,45.098596,0.0],[25.786806,45.09863,0.0],[25.786823,45.098664,0.0],[25.786841,45.098698,0.0],[25.786861,45.098731,0.0],[25.786883,45.098763,0.0],[25.786906,45.098794,0.0],[25.786932,45.098825,0.0],[25.786959,45.098856,0.0],[25.786988,45.098885,0.0],[25.787018,45.098914,0.0],[25.78705,45.098941,0.0],[25.787084,45.098968,0.0],[25.787119,45.098994,0.0],[25.787155,45.099019,0.0],[25.787193,45.099042,0.0],[25.787232,45.099065,0.0],[25.787272,45.099087,0.0],[25.787314,45.099107,0.0],[25.787356,45.099126,0.0],[25.7874,45.099144,0.0],[25.787445,45.099161,0.0],[25.78749,45.099176,0.0],[25.787537,45.099191,0.0],[25.787584,45.099204,0.0],[25.787632,45.099215,0.0],[25.78768,45.099225,0.0],[25.787729,45.099234,0.0],[25.787778,45.099241,0.0],[25.787828,45.099247,0.0],[25.787878,45.099252,0.0],[25.787929,45.099255,0.0],[25.787979,45.099257,0.0],[25.78803,45.099257,0.0],[25.78808,45.099256,0.0],[25.788131,45.099254,0.0],[25.788181,45.09925,0.0],[25.788231,45.099245,0.0],[25.78828,45.099238,0.0],[25.78833,45.09923,0.0],[25.788378,45.09922,0.0],[25.788426,45.09921,0.0],[25.788474,45.099197,0.0]]],[[[25.723899,45.106905,0.0],[25.723876,45.105105,0.0],[25.722606,45.105113,0.0],[25.721335,45.105121,0.0],[25.721358,45.106921,0.0],[25.722629,45.106913,0.0],[25.723899,45.106905,0.0]]],[[[25.71674,45.111342,0.0],[25.718011,45.111333,0.0],[25.717988,45.109534,0.0],[25.716717,45.109542,0.0],[25.715446,45.10955,0.0],[25.715469,45.11135,0.0],[25.71674,45.111342,0.0]]],[[[25.730822,45.114768,0.0],[25.730501,45.114985,0.0],[25.730142,45.115226,0.0],[25.730136,45.11523,0.0],[25.73013,45.115236,0.0],[25.730125,45.115243,0.0],[25.730122,45.115251,0.0],[25.730122,45.115259,0.0],[25.730123,45.115267,0.0],[25.730126,45.115274,0.0],[25.73013,45.115281,0.0],[25.730137,45.115288,0.0],[25.730145,45.115293,0.0],[25.730154,45.115298,0.0],[25.730164,45.115301,0.0],[25.730175,45.115303,0.0],[25.730186,45.115303,0.0],[25.730197,45.115303,0.0],[25.730207,45.1153,0.0],[25.730217,45.115297,0.0],[25.730226,45.115293,0.0],[25.730229,45.115291,0.0],[25.730589,45.11505,0.0],[25.73091,45.114834,0.0],[25.731263,45.114598,0.0],[25.731546,45.114407,0.0],[25.731956,45.11413,0.0],[25.731962,45.114126,0.0],[25.731968,45.11412,0.0],[25.731972,45.114112,0.0],[25.731975,45.114105,0.0],[25.731976,45.114097,0.0],[25.731975,45.114089,0.0],[25.731972,45.114082,0.0],[25.731967,45.114075,0.0],[25.731961,45.114068,0.0],[25.731953,45.114063,0.0],[25.731944,45.114058,0.0],[25.731934,45.114055,0.0],[25.731923,45.114053,0.0],[25.731912,45.114052,0.0],[25.731901,45.114053,0.0],[25.73189,45.114055,0.0],[25.73188,45.114059,0.0],[25.731871,45.114063,0.0],[25.731869,45.114065,0.0],[25.731458,45.114342,0.0],[25.731175,45.114532,0.0],[25.730822,45.114768,0.0]]],[[[25.740195,45.117995,0.0],[25.740185,45.117992,0.0],[25.740174,45.11799,0.0],[25.740163,45.117989,0.0],[25.740152,45.11799,0.0],[25.740143,45.117992,0.0],[25.740135,45.117994,0.0],[25.740133,45.117994,0.0],[25.740123,45.117998,0.0],[25.740114,45.118002,0.0],[25.740106,45.118008,0.0],[25.7401,45.118014,0.0],[25.740099,45.118015,0.0],[25.740071,45.118053,0.0],[25.739967,45.117946,0.0],[25.739963,45.117942,0.0],[25.739956,45.117937,0.0],[25.739636,45.117744,0.0],[25.739626,45.11774,0.0],[25.739616,45.117737,0.0],[25.739606,45.117735,0.0],[25.739594,45.117734,0.0],[25.739583,45.117735,0.0],[25.739573,45.117737,0.0],[25.739563,45.11774,0.0],[25.739553,45.117745,0.0],[25.739434,45.11782,0.0],[25.739427,45.117825,0.0],[25.739421,45.117831,0.0],[25.739417,45.117838,0.0],[25.739414,45.117846,0.0],[25.739413,45.117854,0.0],[25.739414,45.117862,0.0],[25.739417,45.117869,0.0],[25.739422,45.117876,0.0],[25.739428,45.117883,0.0],[25.739436,45.117888,0.0],[25.739445,45.117893,0.0],[25.739455,45.117896,0.0],[25.739466,45.117898,0.0],[25.739477,45.117898,0.0],[25.739488,45.117898,0.0],[25.739499,45.117895,0.0],[25.739509,45.117892,0.0],[25.739518,45.117887,0.0],[25.739596,45.117839,0.0],[25.739867,45.118002,0.0],[25.740025,45.118165,0.0],[25.740029,45.118169,0.0],[25.740037,45.118175,0.0],[25.740046,45.118179,0.0],[25.740056,45.118182,0.0],[25.740067,45.118184,0.0],[25.740078,45.118185,0.0],[25.740089,45.118184,0.0],[25.7401,45.118182,0.0],[25.74011,45.118179,0.0],[25.740119,45.118174,0.0],[25.740127,45.118168,0.0],[25.740131,45.118164,0.0],[25.740134,45.118161,0.0],[25.740136,45.118158,0.0],[25.740137,45.118157,0.0],[25.740202,45.11807,0.0],[25.740209,45.118066,0.0],[25.740215,45.118062,0.0],[25.740219,45.118057,0.0],[25.740224,45.118049,0.0],[25.740226,45.118042,0.0],[25.740227,45.118034,0.0],[25.740226,45.118026,0.0],[25.740223,45.118019,0.0],[25.740218,45.118012,0.0],[25.740212,45.118005,0.0],[25.740204,45.118,0.0],[25.740195,45.117995,0.0]]],[[[25.739738,45.120176,0.0],[25.739731,45.120183,0.0],[25.739727,45.12019,0.0],[25.739724,45.120198,0.0],[25.739723,45.120205,0.0],[25.739724,45.120213,0.0],[25.739727,45.120221,0.0],[25.739732,45.120228,0.0],[25.739738,45.120234,0.0],[25.739747,45.12024,0.0],[25.739752,45.120243,0.0],[25.739826,45.120285,0.0],[25.739829,45.12029,0.0],[25.739833,45.120298,0.0],[25.73984,45.120304,0.0],[25.739848,45.120309,0.0],[25.739857,45.120314,0.0],[25.739867,45.120317,0.0],[25.739878,45.120319,0.0],[25.739889,45.12032,0.0],[25.7399,45.120319,0.0],[25.73991,45.120317,0.0],[25.73992,45.120313,0.0],[25.739929,45.120309,0.0],[25.739937,45.120303,0.0],[25.73994,45.1203,0.0],[25.739948,45.120292,0.0],[25.739951,45.120289,0.0],[25.739956,45.120282,0.0],[25.739959,45.120274,0.0],[25.73996,45.120266,0.0],[25.739959,45.120261,0.0],[25.741959,45.120384,0.0],[25.741967,45.120992,0.0],[25.743238,45.120984,0.0],[25.744509,45.120975,0.0],[25.744507,45.120808,0.0],[25.744679,45.120872,0.0],[25.744832,45.12076,0.0],[25.745206,45.120911,0.0],[25.745593,45.120487,0.0],[25.745257,45.120332,0.0],[25.745258,45.120326,0.0],[25.745257,45.120318,0.0],[25.745254,45.120311,0.0],[25.745249,45.120304,0.0],[25.745243,45.120297,0.0],[25.745235,45.120292,0.0],[25.745226,45.120287,0.0],[25.745223,45.120286,0.0],[25.744945,45.120188,0.0],[25.745133,45.119973,0.0],[25.745138,45.119967,0.0],[25.745141,45.119961,0.0],[25.745142,45.119954,0.0],[25.745183,45.119666,0.0],[25.745555,45.119818,0.0],[25.745563,45.119822,0.0],[25.745565,45.119823,0.0],[25.745746,45.1199,0.0],[25.745747,45.1199,0.0],[25.745758,45.119904,0.0],[25.745768,45.119906,0.0],[25.745779,45.119906,0.0],[25.74579,45.119905,0.0],[25.745801,45.119903,0.0],[25.745811,45.1199,0.0],[25.745817,45.119897,0.0],[25.745909,45.119848,0.0],[25.745919,45.119845,0.0],[25.745928,45.11984,0.0],[25.745936,45.119835,0.0],[25.745942,45.119828,0.0],[25.745947,45.119821,0.0],[25.74595,45.119813,0.0],[25.745951,45.119806,0.0],[25.745949,45.119798,0.0],[25.745947,45.11979,0.0],[25.745942,45.119783,0.0],[25.745935,45.119777,0.0],[25.745927,45.119771,0.0],[25.745918,45.119767,0.0],[25.745908,45.119764,0.0],[25.745897,45.119762,0.0],[25.745886,45.119761,0.0],[25.745875,45.119762,0.0],[25.745871,45.119762,0.0],[25.745863,45.119764,0.0],[25.745855,45.119766,0.0],[25.745847,45.119768,0.0],[25.745841,45.119772,0.0],[25.745775,45.119807,0.0],[25.745631,45.119746,0.0],[25.745622,45.119742,0.0],[25.74562,45.119741,0.0],[25.745162,45.119553,0.0],[25.745161,45.119552,0.0],[25.74483,45.119409,0.0],[25.744829,45.119409,0.0],[25.744818,45.119405,0.0],[25.744808,45.119404,0.0],[25.744797,45.119403,0.0],[25.744786,45.119404,0.0],[25.744775,45.119406,0.0],[25.744765,45.119409,0.0],[25.744756,45.119414,0.0],[25.744748,45.119419,0.0],[25.744744,45.119423,0.0],[25.744537,45.119646,0.0],[25.744493,45.119695,0.0],[25.744486,45.119175,0.0],[25.743215,45.119184,0.0],[25.741944,45.119192,0.0],[25.741958,45.120294,0.0],[25.739797,45.12016,0.0],[25.739792,45.12016,0.0],[25.739786,45.12016,0.0],[25.739775,45.120161,0.0],[25.739765,45.120163,0.0],[25.739755,45.120166,0.0],[25.739745,45.120171,0.0],[25.739738,45.120176,0.0]],[[25.744794,45.120222,0.0],[25.744799,45.120229,0.0],[25.744805,45.120235,0.0],[25.744813,45.120241,0.0],[25.744822,45.120245,0.0],[25.744825,45.120246,0.0],[25.74488,45.120266,0.0],[25.744506,45.120713,0.0],[25.744495,45.119857,0.0],[25.744643,45.119696,0.0],[25.744817,45.119509,0.0],[25.745062,45.119615,0.0],[25.745017,45.119935,0.0],[25.7448,45.120182,0.0],[25.744798,45.120184,0.0],[25.744794,45.120191,0.0],[25.744791,45.120199,0.0],[25.74479,45.120207,0.0],[25.744791,45.120214,0.0],[25.744794,45.120222,0.0]]],[[[25.732139,45.121964,0.0],[25.732146,45.121923,0.0],[25.732129,45.121884,0.0],[25.732103,45.121858,0.0],[25.731884,45.121721,0.0],[25.73182,45.121681,0.0],[25.731792,45.121661,0.0],[25.731707,45.121752,0.0],[25.731674,45.121784,0.0],[25.731749,45.121821,0.0],[25.731794,45.121843,0.0],[25.731735,45.121907,0.0],[25.731671,45.121974,0.0],[25.731662,45.121983,0.0],[25.731397,45.122259,0.0],[25.73128,45.122201,0.0],[25.731184,45.122153,0.0],[25.73096,45.122039,0.0],[25.730847,45.121982,0.0],[25.730782,45.121951,0.0],[25.730745,45.12193,0.0],[25.730729,45.121921,0.0],[25.730662,45.122003,0.0],[25.730619,45.122074,0.0],[25.730609,45.122103,0.0],[25.730598,45.122133,0.0],[25.73063,45.122143,0.0],[25.730636,45.122162,0.0],[25.73066,45.122139,0.0],[25.730713,45.122164,0.0],[25.730699,45.122179,0.0],[25.73101,45.122327,0.0],[25.73099,45.122345,0.0],[25.731012,45.122353,0.0],[25.730916,45.122467,0.0],[25.730871,45.122448,0.0],[25.730818,45.122509,0.0],[25.73079,45.122496,0.0],[25.730698,45.122454,0.0],[25.730529,45.122384,0.0],[25.73052,45.122417,0.0],[25.730484,45.122505,0.0],[25.730449,45.122546,0.0],[25.730384,45.1226,0.0],[25.730238,45.12267,0.0],[25.730111,45.122726,0.0],[25.730421,45.122869,0.0],[25.730377,45.122915,0.0],[25.730097,45.12319,0.0],[25.730183,45.12324,0.0],[25.730217,45.123259,0.0],[25.730257,45.123283,0.0],[25.730264,45.123285,0.0],[25.730327,45.123319,0.0],[25.730359,45.123344,0.0],[25.73047,45.123246,0.0],[25.730472,45.123246,0.0],[25.730526,45.1232,0.0],[25.730632,45.123122,0.0],[25.73069,45.123069,0.0],[25.73074,45.123029,0.0],[25.730851,45.122932,0.0],[25.731087,45.123047,0.0],[25.731121,45.123016,0.0],[25.731556,45.122565,0.0],[25.731605,45.122521,0.0],[25.731618,45.122507,0.0],[25.731798,45.12232,0.0],[25.731836,45.12228,0.0],[25.731853,45.122261,0.0],[25.732078,45.122028,0.0],[25.732106,45.122001,0.0],[25.732139,45.121964,0.0]]],[[[25.778468,45.12249,0.0],[25.777197,45.122498,0.0],[25.777209,45.123355,0.0],[25.776232,45.123361,0.0],[25.776256,45.125161,0.0],[25.777527,45.125153,0.0],[25.778799,45.125144,0.0],[25.778787,45.124288,0.0],[25.779764,45.124281,0.0],[25.779739,45.122481,0.0],[25.778468,45.12249,0.0]]],[[[25.791726,45.127708,0.0],[25.791774,45.127695,0.0],[25.791821,45.127682,0.0],[25.791867,45.127667,0.0],[25.791912,45.127651,0.0],[25.791956,45.127634,0.0],[25.791999,45.127615,0.0],[25.792041,45.127595,0.0],[25.792082,45.127574,0.0],[25.792122,45.127552,0.0],[25.79216,45.127529,0.0],[25.792198,45.127505,0.0],[25.792233,45.127479,0.0],[25.792268,45.127453,0.0],[25.7923,45.127426,0.0],[25.792332,45.127398,0.0],[25.792361,45.127369,0.0],[25.792389,45.127339,0.0],[25.792416,45.127308,0.0],[25.79244,45.127277,0.0],[25.792463,45.127245,0.0],[25.792484,45.127212,0.0],[25.792503,45.127179,0.0],[25.79252,45.127146,0.0],[25.792536,45.127112,0.0],[25.792549,45.127077,0.0],[25.79256,45.127042,0.0],[25.79257,45.127007,0.0],[25.792577,45.126972,0.0],[25.792583,45.126936,0.0],[25.792586,45.1269,0.0],[25.792588,45.126865,0.0],[25.792588,45.126829,0.0],[25.792585,45.126793,0.0],[25.79258,45.126757,0.0],[25.792574,45.126722,0.0],[25.792565,45.126687,0.0],[25.792555,45.126652,0.0],[25.792543,45.126617,0.0],[25.792528,45.126583,0.0],[25.792512,45.126549,0.0],[25.792494,45.126515,0.0],[25.792474,45.126483,0.0],[25.792452,45.12645,0.0],[25.792428,45.126419,0.0],[25.792403,45.126388,0.0],[25.792376,45.126358,0.0],[25.792347,45.126328,0.0],[25.792316,45.1263,0.0],[25.792284,45.126272,0.0],[25.792251,45.126245,0.0],[25.792216,45.126219,0.0],[25.792179,45.126194,0.0],[25.792142,45.126171,0.0],[25.792102,45.126148,0.0],[25.792062,45.126127,0.0],[25.792021,45.126106,0.0],[25.791978,45.126087,0.0],[25.791934,45.126069,0.0],[25.791889,45.126052,0.0],[25.791844,45.126037,0.0],[25.791798,45.126022,0.0],[25.79175,45.12601,0.0],[25.791702,45.125998,0.0],[25.791654,45.125988,0.0],[25.791605,45.125979,0.0],[25.791556,45.125972,0.0],[25.791506,45.125966,0.0],[25.791456,45.125961,0.0],[25.791405,45.125958,0.0],[25.791355,45.125956,0.0],[25.791304,45.125956,0.0],[25.791254,45.125957,0.0],[25.791203,45.125959,0.0],[25.791153,45.125963,0.0],[25.791103,45.125968,0.0],[25.791053,45.125975,0.0],[25.791004,45.125983,0.0],[25.790955,45.125993,0.0],[25.790907,45.126004,0.0],[25.79086,45.126016,0.0],[25.790813,45.126029,0.0],[25.790767,45.126044,0.0],[25.790722,45.12606,0.0],[25.790678,45.126078,0.0],[25.790634,45.126096,0.0],[25.790592,45.126116,0.0],[25.790551,45.126137,0.0],[25.790512,45.126159,0.0],[25.790473,45.126182,0.0],[25.790436,45.126207,0.0],[25.7904,45.126232,0.0],[25.790366,45.126258,0.0],[25.790333,45.126285,0.0],[25.790302,45.126314,0.0],[25.790272,45.126343,0.0],[25.790244,45.126372,0.0],[25.790218,45.126403,0.0],[25.790193,45.126434,0.0],[25.790171,45.126466,0.0],[25.79015,45.126499,0.0],[25.790131,45.126532,0.0],[25.790113,45.126566,0.0],[25.790098,45.1266,0.0],[25.790085,45.126634,0.0],[25.790073,45.126669,0.0],[25.790064,45.126704,0.0],[25.790056,45.12674,0.0],[25.790051,45.126775,0.0],[25.790047,45.126811,0.0],[25.790046,45.126847,0.0],[25.790046,45.126882,0.0],[25.790049,45.126918,0.0],[25.790053,45.126954,0.0],[25.79006,45.126989,0.0],[25.790068,45.127025,0.0],[25.790079,45.12706,0.0],[25.790091,45.127094,0.0],[25.790105,45.127129,0.0],[25.790122,45.127162,0.0],[25.79014,45.127196,0.0],[25.79016,45.127229,0.0],[25.790182,45.127261,0.0],[25.790205,45.127293,0.0],[25.790231,45.127323,0.0],[25.790258,45.127354,0.0],[25.790287,45.127383,0.0],[25.790317,45.127412,0.0],[25.790349,45.127439,0.0],[25.790383,45.127466,0.0],[25.790418,45.127492,0.0],[25.790454,45.127517,0.0],[25.790492,45.12754,0.0],[25.790531,45.127563,0.0],[25.790571,45.127585,0.0],[25.790613,45.127605,0.0],[25.790656,45.127624,0.0],[25.790699,45.127642,0.0],[25.790744,45.127659,0.0],[25.79079,45.127675,0.0],[25.790836,45.127689,0.0],[25.790883,45.127702,0.0],[25.790931,45.127713,0.0],[25.790979,45.127723,0.0],[25.791028,45.127732,0.0],[25.791078,45.12774,0.0],[25.791128,45.127746,0.0],[25.791178,45.12775,0.0],[25.791228,45.127753,0.0],[25.791279,45.127755,0.0],[25.791329,45.127756,0.0],[25.79138,45.127754,0.0],[25.79143,45.127752,0.0],[25.791481,45.127748,0.0],[25.791531,45.127743,0.0],[25.79158,45.127736,0.0],[25.791629,45.127728,0.0],[25.791678,45.127718,0.0],[25.791726,45.127708,0.0]]],[[[25.787879,45.127853,0.0],[25.787926,45.127841,0.0],[25.787973,45.127827,0.0],[25.788019,45.127812,0.0],[25.788064,45.127796,0.0],[25.788109,45.127779,0.0],[25.788152,45.12776,0.0],[25.788194,45.12774,0.0],[25.788235,45.12772,0.0],[25.788275,45.127697,0.0],[25.788313,45.127674,0.0],[25.78835,45.12765,0.0],[25.788386,45.127625,0.0],[25.78842,45.127598,0.0],[25.788453,45.127571,0.0],[25.788484,45.127543,0.0],[25.788514,45.127514,0.0],[25.788542,45.127484,0.0],[25.788568,45.127454,0.0],[25.788593,45.127422,0.0],[25.788616,45.12739,0.0],[25.788637,45.127358,0.0],[25.788656,45.127325,0.0],[25.788673,45.127291,0.0],[25.788688,45.127257,0.0],[25.788702,45.127222,0.0],[25.788713,45.127188,0.0],[25.788723,45.127152,0.0],[25.78873,45.127117,0.0],[25.788736,45.127081,0.0],[25.788739,45.127046,0.0],[25.788741,45.12701,0.0],[25.78874,45.126974,0.0],[25.788738,45.126938,0.0],[25.788733,45.126903,0.0],[25.788727,45.126867,0.0],[25.788718,45.126832,0.0],[25.788708,45.126797,0.0],[25.788695,45.126762,0.0],[25.788681,45.126728,0.0],[25.788665,45.126694,0.0],[25.788646,45.126661,0.0],[25.788626,45.126628,0.0],[25.788605,45.126596,0.0],[25.788581,45.126564,0.0],[25.788555,45.126533,0.0],[25.788528,45.126503,0.0],[25.7885,45.126473,0.0],[25.788469,45.126445,0.0],[25.788437,45.126417,0.0],[25.788404,45.12639,0.0],[25.788369,45.126365,0.0],[25.788332,45.12634,0.0],[25.788294,45.126316,0.0],[25.788255,45.126293,0.0],[25.788215,45.126272,0.0],[25.788173,45.126251,0.0],[25.788131,45.126232,0.0],[25.788087,45.126214,0.0],[25.788042,45.126197,0.0],[25.787997,45.126182,0.0],[25.78795,45.126168,0.0],[25.787903,45.126155,0.0],[25.787855,45.126143,0.0],[25.787807,45.126133,0.0],[25.787758,45.126124,0.0],[25.787708,45.126117,0.0],[25.787659,45.126111,0.0],[25.787608,45.126106,0.0],[25.787558,45.126103,0.0],[25.787508,45.126101,0.0],[25.787457,45.126101,0.0],[25.787406,45.126102,0.0],[25.787356,45.126105,0.0],[25.787306,45.126108,0.0],[25.787256,45.126114,0.0],[25.787206,45.12612,0.0],[25.787157,45.126129,0.0],[25.787108,45.126138,0.0],[25.78706,45.126149,0.0],[25.787012,45.126161,0.0],[25.786966,45.126175,0.0],[25.78692,45.126189,0.0],[25.786875,45.126206,0.0],[25.78683,45.126223,0.0],[25.786787,45.126242,0.0],[25.786745,45.126261,0.0],[25.786704,45.126282,0.0],[25.786664,45.126304,0.0],[25.786626,45.126328,0.0],[25.786589,45.126352,0.0],[25.786553,45.126377,0.0],[25.786519,45.126404,0.0],[25.786486,45.126431,0.0],[25.786455,45.126459,0.0],[25.786425,45.126488,0.0],[25.786397,45.126518,0.0],[25.786371,45.126548,0.0],[25.786346,45.12658,0.0],[25.786323,45.126612,0.0],[25.786302,45.126644,0.0],[25.786283,45.126677,0.0],[25.786266,45.126711,0.0],[25.786251,45.126745,0.0],[25.786237,45.126779,0.0],[25.786226,45.126814,0.0],[25.786216,45.126849,0.0],[25.786209,45.126885,0.0],[25.786203,45.12692,0.0],[25.7862,45.126956,0.0],[25.786198,45.126992,0.0],[25.786199,45.127028,0.0],[25.786201,45.127063,0.0],[25.786206,45.127099,0.0],[25.786212,45.127135,0.0],[25.786221,45.12717,0.0],[25.786231,45.127205,0.0],[25.786244,45.12724,0.0],[25.786258,45.127274,0.0],[25.786274,45.127308,0.0],[25.786292,45.127341,0.0],[25.786312,45.127374,0.0],[25.786334,45.127406,0.0],[25.786358,45.127438,0.0],[25.786383,45.127469,0.0],[25.786411,45.127499,0.0],[25.786439,45.127528,0.0],[25.78647,45.127557,0.0],[25.786502,45.127585,0.0],[25.786535,45.127611,0.0],[25.78657,45.127637,0.0],[25.786607,45.127662,0.0],[25.786645,45.127686,0.0],[25.786684,45.127708,0.0],[25.786724,45.12773,0.0],[25.786766,45.12775,0.0],[25.786808,45.12777,0.0],[25.786852,45.127788,0.0],[25.786897,45.127804,0.0],[25.786942,45.12782,0.0],[25.786989,45.127834,0.0],[25.787036,45.127847,0.0],[25.787084,45.127858,0.0],[25.787132,45.127869,0.0],[25.787181,45.127877,0.0],[25.787231,45.127885,0.0],[25.78728,45.127891,0.0],[25.787331,45.127896,0.0],[25.787381,45.127899,0.0],[25.787431,45.127901,0.0],[25.787482,45.127901,0.0],[25.787532,45.1279,0.0],[25.787583,45.127897,0.0],[25.787633,45.127893,0.0],[25.787683,45.127888,0.0],[25.787733,45.127881,0.0],[25.787782,45.127873,0.0],[25.787831,45.127864,0.0],[25.787879,45.127853,0.0]]],[[[25.796338,45.134866,0.0],[25.796465,45.134866,0.0],[25.796466,45.134915,0.0],[25.797707,45.134907,0.0],[25.797718,45.135676,0.0],[25.798249,45.135672,0.0],[25.798255,45.136124,0.0],[25.799526,45.136115,0.0],[25.799806,45.136113,0.0],[25.799807,45.136236,0.0],[25.801079,45.136227,0.0],[25.801877,45.136221,0.0],[25.801883,45.136651,0.0],[25.803155,45.136642,0.0],[25.804426,45.136633,0.0],[25.804419,45.136148,0.0],[25.805478,45.136141,0.0],[25.805452,45.134341,0.0],[25.804181,45.13435,0.0],[25.80291,45.134359,0.0],[25.802916,45.134844,0.0],[25.802331,45.134848,0.0],[25.802325,45.134418,0.0],[25.801053,45.134427,0.0],[25.800774,45.134429,0.0],[25.800773,45.134306,0.0],[25.800242,45.13431,0.0],[25.800235,45.133858,0.0],[25.798995,45.133867,0.0],[25.798984,45.133098,0.0],[25.797712,45.133107,0.0],[25.797585,45.133108,0.0],[25.797585,45.133058,0.0],[25.796634,45.133064,0.0],[25.796628,45.132638,0.0],[25.795357,45.132647,0.0],[25.794359,45.132654,0.0],[25.794344,45.131593,0.0],[25.793073,45.131602,0.0],[25.791802,45.131611,0.0],[25.791827,45.133411,0.0],[25.793098,45.133402,0.0],[25.793546,45.133399,0.0],[25.793566,45.134863,0.0],[25.794838,45.134854,0.0],[25.795067,45.134852,0.0],[25.795067,45.134875,0.0],[25.796338,45.134866,0.0]]],[[[25.798476,45.089705,0.0],[25.798442,45.08975,0.0],[25.798417,45.089798,0.0],[25.798403,45.089849,0.0],[25.798398,45.0899,0.0],[25.798404,45.089951,0.0],[25.79842,45.090001,0.0],[25.798446,45.090049,0.0],[25.798481,45.090094,0.0],[25.798526,45.090135,0.0],[25.798577,45.090171,0.0],[25.798637,45.090202,0.0],[25.798764,45.090257,0.0],[25.798974,45.090347,0.0],[25.799178,45.090434,0.0],[25.799324,45.090502,0.0],[25.799502,45.090582,0.0],[25.799609,45.090636,0.0],[25.799746,45.090705,0.0],[25.79987,45.090765,0.0],[25.800026,45.090846,0.0],[25.800037,45.090852,0.0],[25.800248,45.090955,0.0],[25.800264,45.090962,0.0],[25.800469,45.091055,0.0],[25.800795,45.091209,0.0],[25.801137,45.09137,0.0],[25.801272,45.091436,0.0],[25.801281,45.09144,0.0],[25.801424,45.091507,0.0],[25.801434,45.091512,0.0],[25.801589,45.09158,0.0],[25.801603,45.091586,0.0],[25.801717,45.091633,0.0],[25.801912,45.091725,0.0],[25.801921,45.091729,0.0],[25.802221,45.091866,0.0],[25.802229,45.091869,0.0],[25.802455,45.091967,0.0],[25.802679,45.092065,0.0],[25.802801,45.092119,0.0],[25.802939,45.09218,0.0],[25.803036,45.092226,0.0],[25.803046,45.092231,0.0],[25.803053,45.092233,0.0],[25.803123,45.092264,0.0],[25.803239,45.092321,0.0],[25.803348,45.092377,0.0],[25.803369,45.092386,0.0],[25.803521,45.092455,0.0],[25.803651,45.092517,0.0],[25.803745,45.092564,0.0],[25.803758,45.09257,0.0],[25.803893,45.092633,0.0],[25.804085,45.092721,0.0],[25.804285,45.09281,0.0],[25.804434,45.09288,0.0],[25.804442,45.092883,0.0],[25.804569,45.092941,0.0],[25.804663,45.092986,0.0],[25.804982,45.093141,0.0],[25.804998,45.093149,0.0],[25.805059,45.093176,0.0],[25.805267,45.093274,0.0],[25.805451,45.09336,0.0],[25.805547,45.093406,0.0],[25.805718,45.093488,0.0],[25.805843,45.093549,0.0],[25.805976,45.093613,0.0],[25.806096,45.093672,0.0],[25.806106,45.093677,0.0],[25.80619,45.093716,0.0],[25.806331,45.093801,0.0],[25.80639,45.093831,0.0],[25.806415,45.093842,0.0],[25.806668,45.093941,0.0],[25.806786,45.093994,0.0],[25.806971,45.09408,0.0],[25.80698,45.094085,0.0],[25.807218,45.09419,0.0],[25.807353,45.094254,0.0],[25.807689,45.094428,0.0],[25.807695,45.094431,0.0],[25.807727,45.094446,0.0],[25.807817,45.094497,0.0],[25.807984,45.094599,0.0],[25.807999,45.094609,0.0],[25.808086,45.094657,0.0],[25.808101,45.09467,0.0],[25.808112,45.094679,0.0],[25.808147,45.094704,0.0],[25.808287,45.094796,0.0],[25.808303,45.094807,0.0],[25.808362,45.094837,0.0],[25.808426,45.094861,0.0],[25.808494,45.094879,0.0],[25.808565,45.094889,0.0],[25.808637,45.094892,0.0],[25.80871,45.094888,0.0],[25.80878,45.094877,0.0],[25.808848,45.094858,0.0],[25.808911,45.094833,0.0],[25.808969,45.094802,0.0],[25.80902,45.094765,0.0],[25.809063,45.094724,0.0],[25.809097,45.094679,0.0],[25.809121,45.09463,0.0],[25.809136,45.09458,0.0],[25.809141,45.094529,0.0],[25.809135,45.094478,0.0],[25.809119,45.094428,0.0],[25.809093,45.09438,0.0],[25.809057,45.094335,0.0],[25.809013,45.094294,0.0],[25.808978,45.094269,0.0],[25.808862,45.094193,0.0],[25.808834,45.094168,0.0],[25.808817,45.094154,0.0],[25.808798,45.094141,0.0],[25.808779,45.094128,0.0],[25.808758,45.094116,0.0],[25.808639,45.094049,0.0],[25.808472,45.093947,0.0],[25.808457,45.093938,0.0],[25.808347,45.093876,0.0],[25.808325,45.093864,0.0],[25.808285,45.093844,0.0],[25.807943,45.093668,0.0],[25.807927,45.09366,0.0],[25.807777,45.093589,0.0],[25.807765,45.093583,0.0],[25.807525,45.093477,0.0],[25.80734,45.09339,0.0],[25.8072,45.093327,0.0],[25.807174,45.093316,0.0],[25.806951,45.093229,0.0],[25.806824,45.093153,0.0],[25.806774,45.093126,0.0],[25.806669,45.093077,0.0],[25.80655,45.093019,0.0],[25.806416,45.092955,0.0],[25.806291,45.092894,0.0],[25.806116,45.092809,0.0],[25.806014,45.092761,0.0],[25.80583,45.092675,0.0],[25.805619,45.092575,0.0],[25.805607,45.092569,0.0],[25.805548,45.092543,0.0],[25.805236,45.092392,0.0],[25.805134,45.092343,0.0],[25.805122,45.092337,0.0],[25.804992,45.092278,0.0],[25.804842,45.092207,0.0],[25.804832,45.092203,0.0],[25.804632,45.092114,0.0],[25.804448,45.09203,0.0],[25.804324,45.091972,0.0],[25.804232,45.091926,0.0],[25.804222,45.091921,0.0],[25.804082,45.091855,0.0],[25.804073,45.091851,0.0],[25.803927,45.091785,0.0],[25.803826,45.091734,0.0],[25.803694,45.091668,0.0],[25.803672,45.091658,0.0],[25.803666,45.091655,0.0],[25.80359,45.091622,0.0],[25.803496,45.091578,0.0],[25.803485,45.091573,0.0],[25.803339,45.091508,0.0],[25.803215,45.091453,0.0],[25.802988,45.091353,0.0],[25.802762,45.091256,0.0],[25.802473,45.091125,0.0],[25.802269,45.091028,0.0],[25.802257,45.091022,0.0],[25.802241,45.091016,0.0],[25.80212,45.090966,0.0],[25.801979,45.090904,0.0],[25.801845,45.090841,0.0],[25.801711,45.090776,0.0],[25.801703,45.090772,0.0],[25.801357,45.090609,0.0],[25.801028,45.090454,0.0],[25.80102,45.09045,0.0],[25.800819,45.090359,0.0],[25.80062,45.090262,0.0],[25.800465,45.090181,0.0],[25.800453,45.090175,0.0],[25.800328,45.090115,0.0],[25.800197,45.090049,0.0],[25.80008,45.08999,0.0],[25.800059,45.08998,0.0],[25.799876,45.089898,0.0],[25.799727,45.089828,0.0],[25.799719,45.089824,0.0],[25.79971,45.089821,0.0],[25.799499,45.089731,0.0],[25.799294,45.089643,0.0],[25.799174,45.08959,0.0],[25.799147,45.089579,0.0],[25.79912,45.08957,0.0],[25.799092,45.089561,0.0],[25.799063,45.089554,0.0],[25.799034,45.089548,0.0],[25.799004,45.089543,0.0],[25.798974,45.089539,0.0],[25.798901,45.089536,0.0],[25.798829,45.08954,0.0],[25.798758,45.089552,0.0],[25.798691,45.08957,0.0],[25.798627,45.089595,0.0],[25.79857,45.089627,0.0],[25.798519,45.089663,0.0],[25.798476,45.089705,0.0]]],[[[25.811369,45.096875,0.0],[25.811344,45.096923,0.0],[25.811329,45.096973,0.0],[25.811325,45.097025,0.0],[25.811331,45.097076,0.0],[25.811347,45.097126,0.0],[25.811373,45.097174,0.0],[25.811408,45.097219,0.0],[25.811452,45.09726,0.0],[25.811504,45.097296,0.0],[25.811563,45.097326,0.0],[25.81161,45.097345,0.0],[25.811879,45.097438,0.0],[25.812015,45.097485,0.0],[25.812193,45.097552,0.0],[25.812224,45.097562,0.0],[25.812245,45.097569,0.0],[25.812255,45.097571,0.0],[25.81233,45.097614,0.0],[25.812365,45.097632,0.0],[25.812559,45.097725,0.0],[25.812567,45.097729,0.0],[25.812578,45.097734,0.0],[25.812584,45.097737,0.0],[25.812626,45.097757,0.0],[25.812748,45.097818,0.0],[25.812774,45.09783,0.0],[25.812803,45.097843,0.0],[25.812947,45.097911,0.0],[25.813059,45.097969,0.0],[25.813067,45.097973,0.0],[25.813116,45.097998,0.0],[25.813179,45.098028,0.0],[25.813196,45.098036,0.0],[25.81326,45.09806,0.0],[25.813328,45.098078,0.0],[25.813399,45.098088,0.0],[25.813471,45.098091,0.0],[25.813544,45.098087,0.0],[25.813614,45.098075,0.0],[25.813682,45.098057,0.0],[25.813745,45.098032,0.0],[25.813803,45.098001,0.0],[25.813854,45.097964,0.0],[25.813896,45.097923,0.0],[25.813931,45.097877,0.0],[25.813955,45.097829,0.0],[25.81397,45.097779,0.0],[25.813974,45.097727,0.0],[25.813968,45.097676,0.0],[25.813952,45.097626,0.0],[25.813926,45.097578,0.0],[25.813891,45.097533,0.0],[25.813847,45.097493,0.0],[25.813795,45.097457,0.0],[25.813753,45.097434,0.0],[25.813697,45.097407,0.0],[25.813657,45.097387,0.0],[25.81354,45.097326,0.0],[25.81352,45.097316,0.0],[25.813359,45.09724,0.0],[25.813346,45.097234,0.0],[25.813323,45.097224,0.0],[25.813206,45.097165,0.0],[25.81319,45.097158,0.0],[25.813143,45.097136,0.0],[25.813134,45.097131,0.0],[25.81295,45.097044,0.0],[25.812831,45.096975,0.0],[25.812806,45.096962,0.0],[25.81278,45.09695,0.0],[25.812753,45.096939,0.0],[25.812726,45.096929,0.0],[25.812697,45.096921,0.0],[25.812642,45.096905,0.0],[25.812484,45.096846,0.0],[25.812472,45.096842,0.0],[25.812328,45.096791,0.0],[25.812056,45.096698,0.0],[25.812031,45.09669,0.0],[25.812006,45.096683,0.0],[25.81198,45.096676,0.0],[25.811954,45.096671,0.0],[25.811927,45.096667,0.0],[25.8119,45.096664,0.0],[25.811828,45.096661,0.0],[25.811756,45.096665,0.0],[25.811685,45.096677,0.0],[25.811617,45.096695,0.0],[25.811554,45.09672,0.0],[25.811496,45.096751,0.0],[25.811446,45.096788,0.0],[25.811403,45.09683,0.0],[25.811369,45.096875,0.0]]],[[[25.825391,45.099743,0.0],[25.82532,45.099748,0.0],[25.825293,45.099746,0.0],[25.825266,45.099745,0.0],[25.825198,45.099744,0.0],[25.825124,45.09974,0.0],[25.825081,45.099739,0.0],[25.825009,45.099743,0.0],[25.824938,45.099755,0.0],[25.824871,45.099773,0.0],[25.824807,45.099798,0.0],[25.82475,45.09983,0.0],[25.824699,45.099866,0.0],[25.824656,45.099908,0.0],[25.824622,45.099953,0.0],[25.824598,45.100001,0.0],[25.824583,45.100052,0.0],[25.824578,45.100103,0.0],[25.824584,45.100154,0.0],[25.8246,45.100204,0.0],[25.824626,45.100252,0.0],[25.824662,45.100297,0.0],[25.824706,45.100338,0.0],[25.824758,45.100374,0.0],[25.824816,45.100404,0.0],[25.82488,45.100428,0.0],[25.824948,45.100446,0.0],[25.825019,45.100456,0.0],[25.825049,45.100458,0.0],[25.825136,45.100463,0.0],[25.825162,45.100464,0.0],[25.82523,45.100465,0.0],[25.825261,45.100466,0.0],[25.82527,45.100467,0.0],[25.825298,45.100468,0.0],[25.825332,45.100469,0.0],[25.825374,45.100467,0.0],[25.825477,45.10046,0.0],[25.825503,45.100459,0.0],[25.825536,45.100458,0.0],[25.825591,45.100454,0.0],[25.825623,45.100451,0.0],[25.825661,45.100446,0.0],[25.825691,45.100441,0.0],[25.825724,45.100435,0.0],[25.825792,45.100416,0.0],[25.825855,45.100391,0.0],[25.825913,45.10036,0.0],[25.825963,45.100323,0.0],[25.826006,45.100282,0.0],[25.82604,45.100237,0.0],[25.826065,45.100188,0.0],[25.82608,45.100138,0.0],[25.826084,45.100087,0.0],[25.826078,45.100035,0.0],[25.826062,45.099985,0.0],[25.826036,45.099937,0.0],[25.826,45.099893,0.0],[25.825956,45.099852,0.0],[25.825905,45.099816,0.0],[25.825846,45.099786,0.0],[25.825782,45.099761,0.0],[25.825714,45.099744,0.0],[25.825643,45.099734,0.0],[25.82557,45.09973,0.0],[25.825498,45.099735,0.0],[25.82546,45.09974,0.0],[25.82545,45.09974,0.0],[25.825441,45.099741,0.0],[25.825404,45.099742,0.0],[25.825391,45.099743,0.0]]],[[[25.811333,45.119131,0.0],[25.81138,45.119119,0.0],[25.811427,45.119106,0.0],[25.811473,45.119091,0.0],[25.811518,45.119075,0.0],[25.811562,45.119057,0.0],[25.811606,45.119039,0.0],[25.811648,45.119019,0.0],[25.811689,45.118998,0.0],[25.811728,45.118976,0.0],[25.811767,45.118952,0.0],[25.811804,45.118928,0.0],[25.81184,45.118903,0.0],[25.811874,45.118877,0.0],[25.811907,45.118849,0.0],[25.811938,45.118821,0.0],[25.811968,45.118792,0.0],[25.811996,45.118762,0.0],[25.812022,45.118732,0.0],[25.812046,45.118701,0.0],[25.812069,45.118669,0.0],[25.81209,45.118636,0.0],[25.812109,45.118603,0.0],[25.812126,45.118569,0.0],[25.812142,45.118535,0.0],[25.812155,45.118501,0.0],[25.812167,45.118466,0.0],[25.812176,45.118431,0.0],[25.812184,45.118395,0.0],[25.812189,45.11836,0.0],[25.812193,45.118324,0.0],[25.812194,45.118288,0.0],[25.812194,45.118252,0.0],[25.812191,45.118217,0.0],[25.812187,45.118181,0.0],[25.81218,45.118146,0.0],[25.812171,45.11811,0.0],[25.812161,45.118075,0.0],[25.812149,45.118041,0.0],[25.812134,45.118006,0.0],[25.812118,45.117972,0.0],[25.8121,45.117939,0.0],[25.81208,45.117906,0.0],[25.812058,45.117874,0.0],[25.812034,45.117842,0.0],[25.812009,45.117811,0.0],[25.811982,45.117781,0.0],[25.811953,45.117752,0.0],[25.811922,45.117723,0.0],[25.81189,45.117695,0.0],[25.811857,45.117669,0.0],[25.811822,45.117643,0.0],[25.811785,45.117618,0.0],[25.811747,45.117594,0.0],[25.811708,45.117572,0.0],[25.811668,45.11755,0.0],[25.811626,45.11753,0.0],[25.811584,45.117511,0.0],[25.81154,45.117493,0.0],[25.811495,45.117476,0.0],[25.81145,45.11746,0.0],[25.811403,45.117446,0.0],[25.811356,45.117433,0.0],[25.811308,45.117422,0.0],[25.81126,45.117412,0.0],[25.811211,45.117403,0.0],[25.811161,45.117395,0.0],[25.811112,45.117389,0.0],[25.811062,45.117385,0.0],[25.811011,45.117382,0.0],[25.810961,45.11738,0.0],[25.81091,45.117379,0.0],[25.81086,45.117381,0.0],[25.810809,45.117383,0.0],[25.810759,45.117387,0.0],[25.810709,45.117392,0.0],[25.810659,45.117399,0.0],[25.81061,45.117407,0.0],[25.810561,45.117417,0.0],[25.810513,45.117427,0.0],[25.810466,45.11744,0.0],[25.810419,45.117453,0.0],[25.810373,45.117468,0.0],[25.810328,45.117484,0.0],[25.810284,45.117502,0.0],[25.81024,45.11752,0.0],[25.810198,45.11754,0.0],[25.810157,45.117561,0.0],[25.810118,45.117583,0.0],[25.810079,45.117606,0.0],[25.810042,45.117631,0.0],[25.810006,45.117656,0.0],[25.809972,45.117682,0.0],[25.809939,45.117709,0.0],[25.809908,45.117738,0.0],[25.809878,45.117767,0.0],[25.809851,45.117796,0.0],[25.809824,45.117827,0.0],[25.8098,45.117858,0.0],[25.809777,45.11789,0.0],[25.809756,45.117923,0.0],[25.809737,45.117956,0.0],[25.80972,45.11799,0.0],[25.809704,45.118024,0.0],[25.809691,45.118058,0.0],[25.809679,45.118093,0.0],[25.80967,45.118128,0.0],[25.809662,45.118164,0.0],[25.809657,45.118199,0.0],[25.809653,45.118235,0.0],[25.809652,45.118271,0.0],[25.809652,45.118306,0.0],[25.809655,45.118342,0.0],[25.80966,45.118378,0.0],[25.809666,45.118413,0.0],[25.809675,45.118449,0.0],[25.809685,45.118484,0.0],[25.809697,45.118518,0.0],[25.809712,45.118553,0.0],[25.809728,45.118586,0.0],[25.809746,45.11862,0.0],[25.809766,45.118653,0.0],[25.809788,45.118685,0.0],[25.809812,45.118717,0.0],[25.809837,45.118747,0.0],[25.809864,45.118778,0.0],[25.809893,45.118807,0.0],[25.809924,45.118836,0.0],[25.809956,45.118863,0.0],[25.809989,45.11889,0.0],[25.810024,45.118916,0.0],[25.810061,45.118941,0.0],[25.810099,45.118964,0.0],[25.810138,45.118987,0.0],[25.810178,45.119009,0.0],[25.81022,45.119029,0.0],[25.810262,45.119048,0.0],[25.810306,45.119066,0.0],[25.810351,45.119083,0.0],[25.810396,45.119098,0.0],[25.810443,45.119113,0.0],[25.81049,45.119125,0.0],[25.810538,45.119137,0.0],[25.810586,45.119147,0.0],[25.810635,45.119156,0.0],[25.810685,45.119163,0.0],[25.810734,45.119169,0.0],[25.810784,45.119174,0.0],[25.810835,45.119177,0.0],[25.810885,45.119179,0.0],[25.810936,45.119179,0.0],[25.810986,45.119178,0.0],[25.811037,45.119176,0.0],[25.811087,45.119172,0.0],[25.811137,45.119166,0.0],[25.811187,45.11916,0.0],[25.811236,45.119152,0.0],[25.811285,45.119142,0.0],[25.811333,45.119131,0.0]]],[[[25.80713,45.116804,0.0],[25.805859,45.116813,0.0],[25.804588,45.116822,0.0],[25.804605,45.118035,0.0],[25.804101,45.118039,0.0],[25.804127,45.119839,0.0],[25.805398,45.11983,0.0],[25.806669,45.119821,0.0],[25.806652,45.118607,0.0],[25.807156,45.118604,0.0],[25.80713,45.116804,0.0]]],[[[25.819092,45.1218,0.0],[25.819085,45.121351,0.0],[25.819317,45.121349,0.0],[25.819296,45.119896,0.0],[25.819485,45.119895,0.0],[25.819511,45.121672,0.0],[25.820782,45.121663,0.0],[25.822053,45.121654,0.0],[25.822042,45.120872,0.0],[25.822543,45.120869,0.0],[25.822526,45.119718,0.0],[25.822801,45.119716,0.0],[25.822775,45.117916,0.0],[25.822199,45.11792,0.0],[25.82218,45.11664,0.0],[25.820909,45.116649,0.0],[25.819638,45.116658,0.0],[25.819659,45.118094,0.0],[25.819535,45.118094,0.0],[25.818264,45.118104,0.0],[25.818284,45.119556,0.0],[25.81802,45.119558,0.0],[25.816749,45.119567,0.0],[25.816755,45.120017,0.0],[25.816527,45.120018,0.0],[25.81652,45.119519,0.0],[25.816697,45.119518,0.0],[25.817968,45.119509,0.0],[25.817943,45.117709,0.0],[25.816671,45.117718,0.0],[25.816233,45.117721,0.0],[25.81622,45.116815,0.0],[25.814949,45.116824,0.0],[25.813678,45.116834,0.0],[25.813695,45.118064,0.0],[25.81286,45.11807,0.0],[25.812886,45.11987,0.0],[25.813783,45.119863,0.0],[25.813795,45.120658,0.0],[25.813994,45.120657,0.0],[25.814003,45.121261,0.0],[25.815274,45.121251,0.0],[25.816541,45.121242,0.0],[25.816549,45.121818,0.0],[25.817821,45.121809,0.0],[25.819092,45.1218,0.0]],[[25.815417,45.118847,0.0],[25.815414,45.118847,0.0],[25.815411,45.118621,0.0],[25.815413,45.118621,0.0],[25.815417,45.118847,0.0]]],[[[25.833829,45.138462,0.0],[25.8351,45.138453,0.0],[25.835074,45.136653,0.0],[25.833802,45.136662,0.0],[25.832531,45.136672,0.0],[25.832557,45.138472,0.0],[25.833829,45.138462,0.0]]]],"type":"MultiPolygon"},"properties":{"fid":1.0,"layer":"Difference","path":"MultiPolygonZ?crs=EPSG:3844&uid={9ec01841-1f78-41ca-8d64-3ed0dc6fea67}","_s":{"f":"#de9000","fo":0.0,"s":"#d98d00","so":1.0,"w":3.78,"r":5.0}}}]}