{"type":"FeatureCollection","features":[{"type":"Feature","geometry":{"coordinates":[[[[25.688466,45.168294],[25.688492,45.168257],[25.688707,45.168085],[25.688729,45.168065],[25.688735,45.168046],[25.688722,45.167991],[25.688731,45.167973],[25.688956,45.167775],[25.688967,45.167751],[25.688969,45.167665],[25.688978,45.167646],[25.689026,45.167587],[25.689037,45.167568],[25.689042,45.16749],[25.689053,45.16746],[25.68908,45.167421],[25.689097,45.167404],[25.689188,45.167351],[25.689207,45.167336],[25.689214,45.167323],[25.689218,45.167278],[25.689223,45.167265],[25.689236,45.167254],[25.689278,45.16723],[25.689288,45.167219],[25.68929,45.1672],[25.689281,45.167182],[25.689186,45.167102],[25.689175,45.16709],[25.689169,45.167077],[25.689176,45.167053],[25.689205,45.166989],[25.689209,45.166969],[25.68919,45.166849],[25.68919,45.166824],[25.689197,45.166812],[25.689228,45.166791],[25.689234,45.166772],[25.689232,45.166543],[25.689236,45.166512],[25.689248,45.166495],[25.689298,45.166454],[25.689305,45.16644],[25.68931,45.166409],[25.689318,45.166397],[25.689369,45.166366],[25.689381,45.166354],[25.689404,45.166287],[25.689415,45.166268],[25.689526,45.166183],[25.68954,45.166165],[25.689584,45.166078],[25.689652,45.166033],[25.689657,45.166019],[25.689663,45.165971],[25.689706,45.165938],[25.689728,45.165877],[25.689736,45.165864],[25.689745,45.165858],[25.689771,45.16585],[25.689778,45.165845],[25.689789,45.16581],[25.689828,45.165791],[25.689843,45.165753],[25.689881,45.165737],[25.689911,45.165681],[25.689955,45.165653],[25.689966,45.16564],[25.690036,45.165512],[25.690153,45.165406],[25.690168,45.165376],[25.690206,45.165256],[25.690219,45.16524],[25.690248,45.165222],[25.690257,45.16521],[25.69026,45.165184],[25.690258,45.164986],[25.690263,45.164971],[25.690297,45.164936],[25.690302,45.164922],[25.690299,45.164897],[25.690258,45.164734],[25.690253,45.164696],[25.690251,45.164423],[25.690256,45.164402],[25.690288,45.164342],[25.690296,45.164316],[25.690277,45.164204],[25.690277,45.164184],[25.690285,45.164165],[25.690316,45.164127],[25.690321,45.164112],[25.690321,45.163988],[25.690325,45.163962],[25.690366,45.163906],[25.690372,45.163846],[25.690377,45.163831],[25.69043,45.163763],[25.690439,45.163744],[25.69044,45.163729],[25.690425,45.163676],[25.690424,45.163655],[25.690434,45.163637],[25.690479,45.163582],[25.690493,45.163558],[25.69052,45.163361],[25.690561,45.163273],[25.690572,45.163261],[25.690601,45.163243],[25.69061,45.163232],[25.690611,45.163214],[25.690596,45.163152],[25.690595,45.163132],[25.690607,45.163108],[25.690685,45.162992],[25.69069,45.162965],[25.69069,45.162895],[25.690697,45.16287],[25.690976,45.162501],[25.690994,45.162487],[25.691047,45.162478],[25.69106,45.162472],[25.691075,45.162425],[25.691146,45.162362],[25.691272,45.162167],[25.691293,45.162139],[25.691324,45.162116],[25.691465,45.162028],[25.691489,45.162016],[25.691535,45.162004],[25.691551,45.161978],[25.691566,45.161968],[25.691731,45.161914],[25.691759,45.161901],[25.691764,45.161889],[25.691751,45.161839],[25.691754,45.16182],[25.691864,45.161676],[25.691893,45.161652],[25.692014,45.161577],[25.692029,45.16156],[25.692058,45.16151],[25.692072,45.161493],[25.692129,45.161474],[25.69218,45.161429],[25.692201,45.161415],[25.692277,45.161396],[25.692298,45.161386],[25.692311,45.161369],[25.692338,45.16131],[25.69235,45.161292],[25.692364,45.161281],[25.692423,45.161258],[25.692443,45.161245],[25.692449,45.161232],[25.692456,45.161178],[25.692496,45.161134],[25.692503,45.161051],[25.692514,45.161032],[25.692562,45.160973],[25.692571,45.160954],[25.692573,45.160849],[25.692578,45.160824],[25.692722,45.160503],[25.692765,45.160314],[25.692769,45.160265],[25.692766,45.159995],[25.692759,45.159959],[25.692694,45.15984],[25.692682,45.159828],[25.692642,45.159804],[25.692633,45.159791],[25.692591,45.159654],[25.69258,45.159629],[25.69256,45.159607],[25.692499,45.159554],[25.692485,45.159537],[25.69248,45.159517],[25.692479,45.159438],[25.692475,45.159413],[25.692463,45.159394],[25.692414,45.159336],[25.692404,45.159317],[25.692403,45.159285],[25.692423,45.159027],[25.692433,45.158997],[25.692495,45.158872],[25.692499,45.158758],[25.692507,45.158746],[25.692536,45.158728],[25.692546,45.158716],[25.692574,45.158602],[25.692642,45.15851],[25.692646,45.158484],[25.692645,45.158301],[25.692658,45.158276],[25.692741,45.158168],[25.692767,45.158054],[25.692781,45.158038],[25.692829,45.158011],[25.692845,45.157995],[25.692915,45.157783],[25.69293,45.157767],[25.692984,45.157736],[25.693005,45.157715],[25.693235,45.157347],[25.693241,45.157322],[25.693243,45.157223],[25.693253,45.157205],[25.693295,45.157171],[25.693309,45.157155],[25.69331,45.157141],[25.693297,45.157089],[25.693296,45.157068],[25.693333,45.157016],[25.69334,45.157002],[25.693358,45.156882],[25.693365,45.156857],[25.693384,45.156836],[25.693463,45.156779],[25.693484,45.156758],[25.693488,45.156744],[25.693492,45.156682],[25.6935,45.15667],[25.693522,45.156655],[25.693529,45.156645],[25.693521,45.156608],[25.693523,45.156594],[25.693536,45.156577],[25.693599,45.156519],[25.693618,45.156497],[25.693736,45.156278],[25.693766,45.156247],[25.693937,45.156098],[25.69396,45.156072],[25.693964,45.156047],[25.693965,45.155904],[25.693971,45.155891],[25.693999,45.155863],[25.694006,45.15585],[25.693993,45.155788],[25.693993,45.155774],[25.694002,45.155764],[25.694035,45.155742],[25.69405,45.155719],[25.694073,45.15567],[25.69408,45.155645],[25.69407,45.155602],[25.694071,45.15559],[25.694103,45.155565],[25.694109,45.155551],[25.694111,45.155417],[25.694116,45.155403],[25.694146,45.155364],[25.694154,45.155346],[25.69415,45.15532],[25.694111,45.155183],[25.69411,45.155167],[25.694123,45.155121],[25.694123,45.155107],[25.694111,45.155092],[25.694065,45.155065],[25.694044,45.155035],[25.693989,45.155023],[25.693986,45.155017],[25.693992,45.154991],[25.693991,45.154979],[25.693958,45.154954],[25.693951,45.154941],[25.693923,45.154705],[25.693942,45.154498],[25.693942,45.154466],[25.693908,45.154368],[25.693894,45.154339],[25.693878,45.154323],[25.693831,45.154297],[25.693825,45.154286],[25.69383,45.154273],[25.693854,45.154234],[25.693858,45.15422],[25.693854,45.154205],[25.693825,45.154162],[25.693818,45.154143],[25.693835,45.15405],[25.693836,45.154024],[25.693781,45.153428],[25.693794,45.153361],[25.693804,45.153333],[25.693815,45.153324],[25.693855,45.153312],[25.693866,45.153301],[25.693876,45.153283],[25.69388,45.153252],[25.693877,45.153138],[25.693865,45.153115],[25.693817,45.153078],[25.693802,45.153062],[25.693771,45.152925],[25.693709,45.152835],[25.693692,45.152819],[25.693675,45.15281],[25.693557,45.152767],[25.693545,45.152756],[25.693541,45.152742],[25.693542,45.152727],[25.693549,45.152716],[25.693559,45.152712],[25.693604,45.152704],[25.693612,45.152699],[25.693623,45.152683],[25.69363,45.15268],[25.693649,45.152685],[25.693664,45.152698],[25.693672,45.152747],[25.693679,45.152758],[25.693701,45.152763],[25.693728,45.152762],[25.693741,45.152754],[25.693746,45.152741],[25.693746,45.152699],[25.693738,45.152676],[25.693718,45.152663],[25.693631,45.152633],[25.693609,45.152623],[25.693602,45.152613],[25.693606,45.152589],[25.693604,45.152581],[25.693557,45.15254],[25.693547,45.152528],[25.693546,45.152503],[25.69358,45.152381],[25.693583,45.152356],[25.693571,45.152338],[25.693508,45.152293],[25.693498,45.152279],[25.693506,45.15227],[25.693546,45.152246],[25.693555,45.152235],[25.693554,45.152211],[25.693538,45.152144],[25.693541,45.152113],[25.693603,45.151903],[25.693615,45.151887],[25.693646,45.151877],[25.693657,45.151863],[25.693658,45.151741],[25.693666,45.151725],[25.693693,45.151715],[25.693698,45.15171],[25.693686,45.151665],[25.693688,45.151644],[25.693746,45.151426],[25.693752,45.151389],[25.693703,45.151141],[25.693694,45.151121],[25.693662,45.151083],[25.693656,45.15107],[25.693669,45.151017],[25.693668,45.150996],[25.693572,45.150637],[25.69357,45.150611],[25.693586,45.150539],[25.693587,45.150514],[25.69358,45.150493],[25.693546,45.150434],[25.693539,45.150413],[25.693514,45.150191],[25.693515,45.150155],[25.693533,45.150126],[25.693759,45.14986],[25.693784,45.149827],[25.693861,45.149558],[25.693976,45.149369],[25.693979,45.149348],[25.693964,45.14929],[25.693963,45.14927],[25.693973,45.149251],[25.694026,45.149183],[25.694038,45.149108],[25.694096,45.149055],[25.694094,45.149019],[25.694127,45.148991],[25.694133,45.14893],[25.694137,45.148917],[25.694176,45.148898],[25.694184,45.148852],[25.694189,45.148839],[25.694223,45.148814],[25.694239,45.148767],[25.694277,45.148742],[25.694294,45.148725],[25.694416,45.148535],[25.694437,45.148507],[25.694669,45.148307],[25.6947,45.148284],[25.694718,45.148277],[25.694775,45.148271],[25.694795,45.148265],[25.694929,45.14817],[25.694958,45.148153],[25.694977,45.148149],[25.695052,45.148143],[25.695065,45.148134],[25.695083,45.148109],[25.695094,45.148098],[25.695153,45.148088],[25.695164,45.148083],[25.695189,45.148062],[25.695205,45.148054],[25.695332,45.148018],[25.695354,45.148],[25.695403,45.147929],[25.695425,45.147909],[25.695461,45.147892],[25.695606,45.147835],[25.695629,45.147823],[25.695636,45.147816],[25.695639,45.147803],[25.695623,45.147732],[25.695624,45.147719],[25.69563,45.147713],[25.695662,45.147706],[25.69579,45.147695],[25.695811,45.14769],[25.695826,45.147681],[25.695941,45.147522],[25.695962,45.14751],[25.696024,45.147495],[25.696039,45.147488],[25.696045,45.147476],[25.696048,45.147437],[25.696054,45.147423],[25.696114,45.147381],[25.696125,45.147336],[25.696138,45.147319],[25.696245,45.147238],[25.696261,45.147214],[25.696345,45.147064],[25.696444,45.146967],[25.696457,45.146931],[25.696512,45.146692],[25.696523,45.14667],[25.696537,45.146663],[25.696557,45.146661],[25.69673,45.146661],[25.696771,45.146655],[25.696799,45.146634],[25.696869,45.146555],[25.696883,45.14652],[25.696942,45.146284],[25.696958,45.146248],[25.696984,45.14621],[25.697005,45.146189],[25.697125,45.146129],[25.697146,45.146111],[25.69715,45.146086],[25.697146,45.145908],[25.697149,45.145878],[25.697158,45.145865],[25.697186,45.145847],[25.697194,45.145835],[25.697196,45.145748],[25.6972,45.145729],[25.697207,45.145721],[25.697236,45.145703],[25.697248,45.145692],[25.697287,45.145614],[25.697297,45.145579],[25.697318,45.145431],[25.697326,45.145418],[25.697359,45.145396],[25.697372,45.14538],[25.697417,45.145227],[25.697433,45.145212],[25.697505,45.145183],[25.697528,45.14517],[25.697589,45.145118],[25.697612,45.145092],[25.697619,45.145073],[25.697624,45.145017],[25.697695,45.144921],[25.697737,45.144785],[25.69775,45.144754],[25.698038,45.144299],[25.698049,45.144262],[25.698116,45.143916],[25.698237,45.143681],[25.698312,45.14338],[25.698325,45.143362],[25.698373,45.143315],[25.698386,45.143296],[25.698475,45.143026],[25.69834,45.142996],[25.698298,45.143073],[25.698135,45.143015],[25.69813,45.143071],[25.698124,45.143086],[25.698092,45.143117],[25.698083,45.143135],[25.698102,45.143254],[25.698102,45.143279],[25.698094,45.143292],[25.698052,45.143326],[25.698039,45.143342],[25.698038,45.143356],[25.69805,45.143396],[25.698051,45.143417],[25.69804,45.143442],[25.697962,45.14357],[25.697958,45.143596],[25.697958,45.143666],[25.697953,45.143687],[25.697933,45.143715],[25.697748,45.143936],[25.697725,45.143956],[25.697668,45.14399],[25.697656,45.144014],[25.697626,45.143978],[25.697604,45.143974],[25.697593,45.143976],[25.697586,45.143981],[25.697581,45.144004],[25.697583,45.144108],[25.697579,45.144134],[25.697565,45.144158],[25.697494,45.144247],[25.69748,45.144272],[25.697358,45.144622],[25.697315,45.144689],[25.69729,45.14472],[25.697275,45.14473],[25.697225,45.144747],[25.697211,45.144757],[25.697198,45.14478],[25.697159,45.144887],[25.697144,45.144904],[25.6971,45.144937],[25.697088,45.144954],[25.697084,45.144985],[25.697087,45.145119],[25.697081,45.145144],[25.697065,45.145161],[25.697007,45.145203],[25.69699,45.14522],[25.69698,45.14524],[25.696967,45.145287],[25.696956,45.145306],[25.696899,45.145341],[25.696887,45.145352],[25.696838,45.14546],[25.696826,45.145471],[25.696777,45.145488],[25.696762,45.145498],[25.696733,45.145555],[25.696697,45.14558],[25.69669,45.145588],[25.696677,45.145631],[25.696645,45.145652],[25.696636,45.145664],[25.696627,45.145694],[25.69659,45.145883],[25.69658,45.145899],[25.696549,45.145909],[25.696542,45.145915],[25.69653,45.145975],[25.6965,45.146007],[25.696492,45.14602],[25.696493,45.146045],[25.696508,45.146113],[25.696507,45.146132],[25.696498,45.146143],[25.69647,45.146161],[25.696464,45.146169],[25.696442,45.14625],[25.696432,45.146269],[25.696307,45.146376],[25.696288,45.146404],[25.696247,45.14668],[25.696238,45.14671],[25.696227,45.146722],[25.696179,45.146749],[25.696162,45.146764],[25.696084,45.146918],[25.696069,45.14694],[25.696055,45.146949],[25.696021,45.146958],[25.69601,45.146969],[25.695954,45.147102],[25.69594,45.147125],[25.695925,45.147135],[25.695875,45.147152],[25.695859,45.147162],[25.695787,45.14725],[25.695766,45.14727],[25.695748,45.147276],[25.695699,45.147282],[25.695685,45.14729],[25.695668,45.147313],[25.695593,45.147449],[25.695571,45.147469],[25.695477,45.147526],[25.695467,45.147539],[25.695461,45.147569],[25.695454,45.147581],[25.695439,45.147588],[25.695367,45.147601],[25.69535,45.147607],[25.695364,45.147621],[25.695467,45.14768],[25.695476,45.147688],[25.695474,45.147692],[25.695446,45.147694],[25.695292,45.147695],[25.695256,45.1477],[25.695133,45.147765],[25.694999,45.147787],[25.694982,45.147794],[25.694957,45.147816],[25.694941,45.147824],[25.694797,45.147859],[25.694785,45.147868],[25.694771,45.14789],[25.694729,45.147904],[25.694686,45.147941],[25.69467,45.14795],[25.694636,45.147959],[25.694512,45.147981],[25.694494,45.147986],[25.694487,45.147992],[25.694488,45.148008],[25.694519,45.148067],[25.694519,45.148076],[25.694511,45.148089],[25.694397,45.148171],[25.694374,45.148182],[25.694335,45.148193],[25.69432,45.148221],[25.694304,45.148238],[25.694156,45.148345],[25.69413,45.14837],[25.69412,45.148433],[25.694114,45.14844],[25.694085,45.148458],[25.694073,45.148469],[25.69403,45.148557],[25.694001,45.148717],[25.693986,45.148733],[25.693928,45.148756],[25.693909,45.148768],[25.693907,45.148787],[25.693922,45.148844],[25.693917,45.148869],[25.693875,45.148931],[25.693853,45.148958],[25.69379,45.148996],[25.693777,45.149007],[25.693765,45.149031],[25.693736,45.149119],[25.693726,45.149138],[25.693714,45.149149],[25.693665,45.149176],[25.693651,45.149188],[25.693612,45.149251],[25.693597,45.149267],[25.693572,45.149274],[25.693468,45.149285],[25.693434,45.149292],[25.693414,45.149306],[25.693374,45.149355],[25.693357,45.149364],[25.693321,45.149377],[25.693309,45.149385],[25.693307,45.149397],[25.693314,45.149433],[25.693306,45.149445],[25.693278,45.149473],[25.693268,45.149492],[25.693197,45.149729],[25.693002,45.150103],[25.692888,45.150553],[25.692885,45.150584],[25.692901,45.150605],[25.692955,45.150642],[25.692985,45.150657],[25.693029,45.150666],[25.693049,45.150685],[25.693132,45.150818],[25.693137,45.150838],[25.693138,45.150917],[25.693142,45.150942],[25.693183,45.150986],[25.693199,45.151034],[25.69323,45.151055],[25.693235,45.151063],[25.693237,45.151082],[25.693221,45.151166],[25.69322,45.151192],[25.693273,45.151516],[25.693272,45.151667],[25.693213,45.151787],[25.693204,45.151812],[25.693205,45.151838],[25.693223,45.151939],[25.693217,45.151958],[25.693187,45.151989],[25.693182,45.152003],[25.693198,45.152091],[25.693198,45.152111],[25.693191,45.152124],[25.69316,45.152156],[25.693153,45.152191],[25.693158,45.152426],[25.693166,45.152444],[25.693195,45.152471],[25.693204,45.152484],[25.693209,45.15251],[25.693211,45.152605],[25.693221,45.152622],[25.69325,45.15264],[25.693257,45.152647],[25.693262,45.152666],[25.693263,45.152703],[25.693254,45.152723],[25.693244,45.152727],[25.693182,45.152736],[25.693161,45.152748],[25.693144,45.152763],[25.693135,45.152787],[25.693137,45.152845],[25.693146,45.152876],[25.693208,45.153008],[25.693209,45.153028],[25.693196,45.153079],[25.693199,45.153099],[25.693351,45.153312],[25.693368,45.153341],[25.693375,45.153372],[25.693398,45.153589],[25.693393,45.153608],[25.693376,45.153623],[25.693088,45.15377],[25.693051,45.153795],[25.693017,45.153863],[25.692967,45.153905],[25.692954,45.153921],[25.692953,45.153935],[25.692965,45.153985],[25.692959,45.153998],[25.692926,45.154034],[25.692922,45.154053],[25.692922,45.154084],[25.692929,45.154109],[25.692972,45.15419],[25.692976,45.154289],[25.69298,45.154309],[25.692989,45.154322],[25.693019,45.154348],[25.693029,45.154367],[25.693052,45.15454],[25.693062,45.15457],[25.693153,45.154662],[25.693186,45.15469],[25.693223,45.154708],[25.693414,45.154787],[25.693434,45.154801],[25.69344,45.154815],[25.693442,45.154856],[25.693437,45.154887],[25.693426,45.154906],[25.693378,45.154965],[25.693366,45.15499],[25.693342,45.155225],[25.693325,45.155254],[25.693261,45.155334],[25.69325,45.155358],[25.693259,45.155392],[25.693293,45.155454],[25.6933,45.155452],[25.693329,45.155411],[25.693385,45.155376],[25.693393,45.155363],[25.693404,45.155324],[25.693436,45.155302],[25.693445,45.15529],[25.693453,45.15526],[25.693491,45.154976],[25.693496,45.15496],[25.693508,45.154942],[25.693528,45.154922],[25.693541,45.154914],[25.693552,45.154912],[25.693568,45.154915],[25.693584,45.154922],[25.693591,45.154929],[25.6936,45.154954],[25.693622,45.155092],[25.693634,45.15511],[25.693678,45.155143],[25.693692,45.155159],[25.693691,45.155183],[25.693676,45.155217],[25.693663,45.155228],[25.693611,45.155248],[25.693605,45.155255],[25.693602,45.155269],[25.693617,45.155349],[25.693626,45.155379],[25.693636,45.155391],[25.693665,45.155409],[25.693674,45.155421],[25.693678,45.15549],[25.693682,45.15551],[25.693693,45.155521],[25.693745,45.155552],[25.693754,45.155569],[25.693755,45.15559],[25.69375,45.155604],[25.693714,45.15564],[25.693706,45.155659],[25.693707,45.15585],[25.693704,45.155882],[25.693651,45.156016],[25.693636,45.156046],[25.693618,45.156061],[25.69356,45.156084],[25.693546,45.156093],[25.693541,45.156105],[25.69355,45.156137],[25.693546,45.156149],[25.693534,45.15616],[25.693461,45.156204],[25.693448,45.156222],[25.693412,45.156295],[25.693401,45.156305],[25.693372,45.156315],[25.693396,45.156344],[25.693396,45.15636],[25.693379,45.156377],[25.693344,45.156386],[25.693331,45.156395],[25.693284,45.156515],[25.693271,45.156524],[25.693216,45.156534],[25.693199,45.15656],[25.693166,45.156581],[25.693155,45.156593],[25.693038,45.156891],[25.693028,45.156904],[25.69299,45.156929],[25.692973,45.156955],[25.692943,45.156967],[25.692943,45.156982],[25.692973,45.157045],[25.692976,45.157067],[25.69296,45.157082],[25.692897,45.157118],[25.692881,45.157135],[25.692781,45.157417],[25.692437,45.157919],[25.692308,45.158343],[25.692171,45.158643],[25.692154,45.158666],[25.692107,45.158714],[25.692094,45.158732],[25.692089,45.158757],[25.69209,45.158835],[25.692084,45.158855],[25.692074,45.158867],[25.692031,45.1589],[25.69202,45.158917],[25.69202,45.158937],[25.692039,45.159037],[25.692003,45.15915],[25.691999,45.159176],[25.692003,45.159189],[25.692029,45.159222],[25.692033,45.159234],[25.692005,45.159268],[25.692004,45.159281],[25.692013,45.159299],[25.692064,45.159369],[25.692076,45.1594],[25.69212,45.159579],[25.692119,45.159599],[25.692109,45.159633],[25.69211,45.159646],[25.692122,45.159655],[25.69218,45.159677],[25.692202,45.159691],[25.692219,45.159718],[25.692251,45.159787],[25.692326,45.160078],[25.692334,45.160126],[25.692337,45.160464],[25.692329,45.160483],[25.692294,45.16053],[25.69229,45.160551],[25.692289,45.160603],[25.692282,45.160623],[25.692207,45.160694],[25.692192,45.160716],[25.692192,45.160729],[25.692198,45.16074],[25.692228,45.16075],[25.692237,45.160758],[25.692241,45.160796],[25.692233,45.16082],[25.6922,45.160851],[25.692192,45.160865],[25.692167,45.161022],[25.692157,45.161034],[25.692126,45.161056],[25.692109,45.161102],[25.692094,45.161109],[25.692041,45.161122],[25.692028,45.16113],[25.692026,45.161141],[25.692033,45.161167],[25.692028,45.161175],[25.692005,45.161179],[25.691923,45.161181],[25.691867,45.161196],[25.691835,45.161209],[25.691819,45.161219],[25.691794,45.161254],[25.691783,45.161264],[25.691739,45.161279],[25.691725,45.161296],[25.691685,45.161359],[25.691565,45.161435],[25.691523,45.161504],[25.691508,45.161522],[25.691487,45.161535],[25.691401,45.161575],[25.69139,45.161586],[25.691382,45.161608],[25.691371,45.16162],[25.691288,45.161671],[25.691266,45.161693],[25.691204,45.161773],[25.691182,45.161794],[25.691124,45.161819],[25.691104,45.161825],[25.691086,45.161826],[25.691065,45.161815],[25.69102,45.161775],[25.691013,45.161771],[25.691007,45.161772],[25.69098,45.161844],[25.690963,45.161859],[25.690915,45.161887],[25.690902,45.161904],[25.690861,45.162034],[25.690853,45.162049],[25.690815,45.162088],[25.690815,45.162102],[25.690825,45.162142],[25.690823,45.162154],[25.690809,45.162161],[25.69075,45.162176],[25.690738,45.162185],[25.690738,45.162208],[25.690753,45.162281],[25.690749,45.162299],[25.690736,45.162307],[25.690694,45.162322],[25.690683,45.162333],[25.690664,45.162403],[25.690655,45.162422],[25.69061,45.162455],[25.690588,45.162516],[25.69058,45.162529],[25.690571,45.162534],[25.690539,45.162544],[25.690529,45.162555],[25.690492,45.162657],[25.69048,45.162681],[25.690457,45.162701],[25.690383,45.162754],[25.690363,45.162775],[25.690351,45.162825],[25.69032,45.162857],[25.690311,45.16287],[25.690308,45.162891],[25.690308,45.162944],[25.690304,45.162964],[25.690289,45.162979],[25.690243,45.163007],[25.690232,45.163024],[25.690211,45.163226],[25.690201,45.163245],[25.690169,45.163276],[25.690161,45.163295],[25.69016,45.163507],[25.690151,45.163526],[25.690099,45.163589],[25.690082,45.163618],[25.689946,45.16402],[25.689944,45.164046],[25.689961,45.164133],[25.689957,45.164146],[25.689929,45.164173],[25.689922,45.164186],[25.689923,45.164206],[25.689937,45.164277],[25.689933,45.16429],[25.68991,45.164313],[25.689903,45.164325],[25.68991,45.16434],[25.689937,45.164374],[25.689943,45.164394],[25.689945,45.164606],[25.689899,45.16469],[25.689895,45.164816],[25.689887,45.164828],[25.68986,45.164849],[25.689866,45.164882],[25.689862,45.164896],[25.689774,45.165032],[25.689725,45.165219],[25.68971,45.165244],[25.689631,45.165347],[25.689626,45.165368],[25.689625,45.165425],[25.689618,45.165444],[25.689595,45.165464],[25.689501,45.165532],[25.689484,45.165548],[25.68948,45.165566],[25.689495,45.165633],[25.689495,45.165651],[25.689486,45.165662],[25.689457,45.16568],[25.689447,45.165692],[25.689409,45.165783],[25.689395,45.165806],[25.689288,45.165904],[25.689283,45.165917],[25.689292,45.165964],[25.689256,45.166008],[25.689247,45.166066],[25.689229,45.166077],[25.689164,45.166094],[25.689156,45.166101],[25.689139,45.166128],[25.689061,45.166165],[25.689053,45.166177],[25.689049,45.166221],[25.689041,45.16624],[25.688971,45.166294],[25.688957,45.166311],[25.68896,45.166335],[25.688993,45.166415],[25.688993,45.166433],[25.688983,45.166443],[25.688941,45.166467],[25.688929,45.166479],[25.688921,45.166498],[25.6889,45.166592],[25.688886,45.166609],[25.688843,45.166642],[25.688835,45.166654],[25.688837,45.166672],[25.688867,45.166736],[25.688871,45.166759],[25.68886,45.166777],[25.688801,45.16683],[25.688783,45.166852],[25.688778,45.166877],[25.688779,45.166979],[25.68877,45.167009],[25.688734,45.167056],[25.688719,45.167064],[25.688693,45.167071],[25.688689,45.167076],[25.688696,45.167089],[25.688709,45.167097],[25.688763,45.167105],[25.688776,45.167112],[25.688782,45.167129],[25.688783,45.167166],[25.688777,45.167191],[25.688741,45.167226],[25.688734,45.16724],[25.688731,45.167438],[25.68871,45.167505],[25.6887,45.167517],[25.688671,45.167535],[25.688663,45.167547],[25.68866,45.167604],[25.688655,45.167624],[25.688635,45.167644],[25.688526,45.167724],[25.688515,45.167736],[25.6885,45.167764],[25.688462,45.16778],[25.688459,45.167783],[25.688466,45.168294]],[[25.697007,45.145484],[25.697024,45.145457],[25.697038,45.145453],[25.697053,45.145455],[25.697061,45.14546],[25.697065,45.145473],[25.697065,45.145494],[25.697059,45.145509],[25.696972,45.145593],[25.696961,45.145613],[25.69694,45.145675],[25.69693,45.145687],[25.696901,45.145708],[25.696903,45.14572],[25.69693,45.145762],[25.696937,45.145783],[25.696933,45.145814],[25.696921,45.14585],[25.696911,45.145863],[25.6969,45.145868],[25.696821,45.145882],[25.6968,45.14589],[25.696797,45.145907],[25.696813,45.14597],[25.696806,45.146],[25.696799,45.146014],[25.696783,45.146026],[25.696767,45.146029],[25.696741,45.14603],[25.696738,45.145852],[25.696743,45.145822],[25.696754,45.145811],[25.696784,45.145793],[25.696795,45.14578],[25.696847,45.145669],[25.696861,45.145646],[25.696875,45.145637],[25.696908,45.145627],[25.696919,45.145616],[25.696954,45.145532],[25.696965,45.145513],[25.697007,45.145484]]]],"type":"MultiPolygon"},"properties":{"fid":8.0,"tt":1.0,"Id":3199,"IFCID":3199,"localId":"1.298.131103","namespace":"RO.Ancpi.AU","versionId":"20140402141652","country":"RO","natLevel":"3rdOrder","natLevName":"Oras","natCode":"131103","name":"BREAZA","resOfAut":"BREAZA DE JOS","beginVers":"2014-04-02","endVersion":null,"Shape_Leng":40870.065889,"Shape_Area":50479760.7843,"Jud_ID":"1.298","Jud_name":"PRAHOVA","_s":{"f":"#4daf4a","fo":1.0,"s":"#3388ff","so":1.0,"w":1.0,"r":5.0}}},{"type":"Feature","geometry":{"coordinates":[[[[25.717815,45.133014],[25.717818,45.133029],[25.717825,45.13304],[25.717858,45.133052],[25.717865,45.133064],[25.71787,45.133245],[25.717877,45.133256],[25.717892,45.133259],[25.717993,45.133247],[25.718022,45.133247],[25.718103,45.13327],[25.718114,45.133271],[25.718122,45.133269],[25.71813,45.133257],[25.718151,45.133196],[25.718189,45.13317],[25.718199,45.133158],[25.718228,45.133082],[25.718278,45.13304],[25.718289,45.133025],[25.718277,45.133004],[25.718192,45.132922],[25.718174,45.132894],[25.718173,45.132868],[25.718188,45.132739],[25.718192,45.132719],[25.718199,45.132705],[25.718264,45.132663],[25.718291,45.132623],[25.718305,45.132614],[25.718338,45.132608],[25.718503,45.132596],[25.718547,45.132589],[25.718682,45.132529],[25.718701,45.132525],[25.718747,45.132528],[25.718758,45.13252],[25.718767,45.132503],[25.718767,45.132485],[25.718756,45.132475],[25.718647,45.132423],[25.718633,45.132413],[25.718628,45.132405],[25.718627,45.132386],[25.71864,45.132314],[25.718635,45.1323],[25.718609,45.132272],[25.718645,45.132259],[25.718656,45.132249],[25.718668,45.132231],[25.718677,45.132194],[25.71869,45.132099],[25.718684,45.1321],[25.718647,45.132131],[25.718635,45.132131],[25.718629,45.132119],[25.718661,45.132073],[25.718666,45.132058],[25.718666,45.131939],[25.71867,45.131914],[25.718679,45.131901],[25.718708,45.131873],[25.718716,45.13186],[25.718742,45.131709],[25.718803,45.131602],[25.718814,45.131577],[25.718839,45.131395],[25.718846,45.131382],[25.718875,45.131354],[25.718882,45.131341],[25.718881,45.131322],[25.718868,45.131266],[25.718869,45.131249],[25.718875,45.131244],[25.718912,45.131231],[25.718932,45.131208],[25.718937,45.131187],[25.718936,45.131117],[25.718941,45.131097],[25.718954,45.131078],[25.719001,45.131031],[25.719014,45.131012],[25.719075,45.13085],[25.71908,45.130824],[25.719068,45.130786],[25.719068,45.130772],[25.719104,45.130733],[25.719115,45.130708],[25.719203,45.13033],[25.719203,45.130143],[25.719207,45.130111],[25.719226,45.130061],[25.719238,45.130049],[25.719271,45.130028],[25.71928,45.13001],[25.719299,45.129803],[25.719292,45.129777],[25.719258,45.129696],[25.719256,45.129678],[25.719268,45.129664],[25.719314,45.129636],[25.719326,45.129613],[25.719368,45.129141],[25.719378,45.12911],[25.719429,45.128999],[25.719438,45.128973],[25.719433,45.128949],[25.719399,45.128875],[25.719396,45.128856],[25.719407,45.128826],[25.71948,45.128682],[25.719489,45.128651],[25.719486,45.128614],[25.719477,45.128602],[25.719444,45.12857],[25.719438,45.128548],[25.71942,45.128626],[25.719394,45.12884],[25.719374,45.128988],[25.71928,45.129493],[25.719225,45.12992],[25.719189,45.130055],[25.719074,45.130564],[25.719041,45.130651],[25.718976,45.130899],[25.718896,45.131129],[25.718818,45.131287],[25.718712,45.131481],[25.71861,45.131665],[25.718422,45.131968],[25.717812,45.132761],[25.717815,45.133014]]],[[[25.719589,45.128169],[25.719604,45.128168],[25.71961,45.128162],[25.719616,45.128144],[25.719627,45.12806],[25.719584,45.128168],[25.719589,45.128169]]],[[[25.719676,45.127961],[25.719688,45.127943],[25.719756,45.127735],[25.719742,45.127759],[25.719663,45.127971],[25.719661,45.127976],[25.719676,45.127961]]],[[[25.720304,45.12682],[25.720375,45.126717],[25.72038,45.126691],[25.72038,45.126639],[25.720239,45.126882],[25.720304,45.12682]]],[[[25.720654,45.126332],[25.720725,45.126209],[25.720717,45.126218],[25.72049,45.126496],[25.720654,45.126332]]],[[[25.721925,45.124723],[25.721959,45.124722],[25.72197,45.124718],[25.721968,45.124709],[25.721957,45.124697],[25.72195,45.124691],[25.721921,45.124723],[25.721925,45.124723]]],[[[25.724948,45.121241],[25.724963,45.121217],[25.724983,45.121203],[25.725058,45.12117],[25.725079,45.121157],[25.725087,45.121144],[25.725097,45.121106],[25.725111,45.121096],[25.725169,45.121072],[25.725186,45.121063],[25.725201,45.121045],[25.725229,45.120996],[25.725245,45.120979],[25.725263,45.120972],[25.725338,45.120953],[25.725386,45.120912],[25.725402,45.120903],[25.725502,45.120884],[25.725519,45.120876],[25.725548,45.120856],[25.725587,45.120856],[25.725603,45.120835],[25.725642,45.120825],[25.72566,45.120816],[25.725745,45.120757],[25.725767,45.120744],[25.725786,45.120739],[25.72585,45.120736],[25.72587,45.120733],[25.725887,45.120725],[25.725951,45.120686],[25.725978,45.120679],[25.726071,45.120667],[25.726092,45.120659],[25.726113,45.120629],[25.72616,45.120611],[25.726174,45.120601],[25.726197,45.120553],[25.726207,45.120541],[25.72623,45.120532],[25.726293,45.120518],[25.726317,45.120507],[25.726432,45.120424],[25.726447,45.120408],[25.726462,45.12038],[25.726502,45.120364],[25.72652,45.120338],[25.726569,45.120231],[25.726587,45.120209],[25.726622,45.12019],[25.726868,45.120082],[25.726903,45.120063],[25.726923,45.120041],[25.726986,45.119949],[25.727005,45.119926],[25.727021,45.119916],[25.727096,45.119884],[25.727122,45.119842],[25.72721,45.119787],[25.727377,45.119586],[25.727399,45.119574],[25.727469,45.119558],[25.72749,45.119546],[25.727564,45.119441],[25.727584,45.119419],[25.7276,45.11941],[25.727663,45.119387],[25.727718,45.119339],[25.727739,45.119327],[25.727766,45.119326],[25.727855,45.119334],[25.727873,45.11933],[25.727893,45.119317],[25.72791,45.119296],[25.727915,45.119241],[25.727926,45.119224],[25.728076,45.119127],[25.728089,45.119115],[25.728109,45.119083],[25.72812,45.119073],[25.728181,45.11906],[25.728196,45.119032],[25.728207,45.11902],[25.728289,45.118958],[25.728307,45.118942],[25.728313,45.118928],[25.728318,45.118897],[25.728326,45.118885],[25.728354,45.118871],[25.72844,45.11884],[25.728462,45.118828],[25.728478,45.118806],[25.72851,45.118737],[25.728525,45.11872],[25.728557,45.118702],[25.728594,45.118689],[25.728689,45.118685],[25.728706,45.118681],[25.728701,45.118674],[25.72866,45.118642],[25.728651,45.11863],[25.728652,45.118612],[25.728664,45.11859],[25.728677,45.118581],[25.728706,45.118573],[25.728715,45.118568],[25.728745,45.118514],[25.728754,45.118509],[25.728789,45.118499],[25.728799,45.118493],[25.728863,45.118425],[25.728873,45.118419],[25.72891,45.118407],[25.72893,45.118377],[25.728984,45.118342],[25.728992,45.118329],[25.728998,45.118294],[25.72901,45.118275],[25.729146,45.118162],[25.729173,45.118146],[25.729215,45.118135],[25.729247,45.118096],[25.729256,45.118092],[25.729275,45.118091],[25.72934,45.118097],[25.729382,45.118104],[25.729399,45.118112],[25.729424,45.118134],[25.729441,45.118143],[25.729497,45.118161],[25.729539,45.11817],[25.729519,45.118155],[25.729348,45.11805],[25.729336,45.11804],[25.729333,45.118029],[25.729356,45.118007],[25.729556,45.117862],[25.729567,45.11785],[25.729579,45.117817],[25.72959,45.117805],[25.729716,45.117709],[25.729728,45.117691],[25.729746,45.117645],[25.72976,45.117627],[25.729879,45.117541],[25.729902,45.11753],[25.729941,45.117519],[25.729957,45.117492],[25.729971,45.117482],[25.73006,45.117438],[25.730071,45.117427],[25.730083,45.117401],[25.730091,45.117394],[25.730187,45.117348],[25.730199,45.117332],[25.730203,45.117288],[25.730209,45.117276],[25.730231,45.117266],[25.7303,45.11725],[25.730333,45.117231],[25.730358,45.117213],[25.730372,45.117196],[25.73038,45.117161],[25.730386,45.117148],[25.730445,45.117121],[25.730461,45.117076],[25.730483,45.117067],[25.730546,45.117053],[25.730569,45.117042],[25.730588,45.117027],[25.730599,45.117015],[25.730606,45.11698],[25.730613,45.116969],[25.730623,45.116965],[25.730674,45.116956],[25.730691,45.116942],[25.730717,45.116897],[25.730732,45.11688],[25.730748,45.116874],[25.73079,45.116869],[25.730767,45.116854],[25.730757,45.116838],[25.730754,45.116803],[25.730762,45.116779],[25.730806,45.116743],[25.730857,45.116711],[25.73089,45.116702],[25.730997,45.11668],[25.731025,45.116668],[25.731032,45.11665],[25.731034,45.116576],[25.731042,45.116563],[25.731069,45.116542],[25.731068,45.116516],[25.731086,45.116514],[25.731172,45.116523],[25.731196,45.116522],[25.731203,45.116518],[25.731215,45.116494],[25.731228,45.116483],[25.731329,45.116432],[25.731349,45.116419],[25.731368,45.116386],[25.731398,45.116364],[25.731404,45.116352],[25.731388,45.116263],[25.731388,45.116249],[25.731392,45.116242],[25.731414,45.116237],[25.731445,45.11624],[25.731455,45.11625],[25.731463,45.116278],[25.731469,45.116285],[25.73149,45.116291],[25.731523,45.116286],[25.731549,45.116274],[25.731556,45.116262],[25.73154,45.116185],[25.731544,45.11617],[25.731557,45.116166],[25.731574,45.116168],[25.73161,45.116189],[25.731646,45.116166],[25.731722,45.116147],[25.731744,45.116135],[25.731784,45.116092],[25.731805,45.116059],[25.731807,45.116039],[25.731793,45.115987],[25.731795,45.115974],[25.731826,45.115975],[25.731835,45.115972],[25.731862,45.115935],[25.73188,45.115919],[25.732076,45.115807],[25.732091,45.11579],[25.732116,45.115738],[25.732155,45.115722],[25.732169,45.1157],[25.732181,45.115689],[25.732253,45.115656],[25.732272,45.115623],[25.73228,45.115615],[25.732349,45.115571],[25.732355,45.11556],[25.732351,45.115539],[25.732353,45.115528],[25.732404,45.115494],[25.73242,45.115465],[25.732428,45.115458],[25.732475,45.11544],[25.73249,45.115431],[25.73253,45.115369],[25.732541,45.115357],[25.732551,45.115352],[25.732587,45.115343],[25.732597,45.115337],[25.732668,45.115258],[25.732752,45.115197],[25.732776,45.115185],[25.732856,45.115165],[25.732864,45.115158],[25.732873,45.115137],[25.732883,45.115125],[25.732965,45.115074],[25.732984,45.115059],[25.733006,45.115021],[25.733074,45.114991],[25.733089,45.114981],[25.733095,45.114963],[25.733091,45.114939],[25.733078,45.114929],[25.73303,45.114912],[25.733021,45.114901],[25.733017,45.114876],[25.733016,45.114818],[25.733018,45.114805],[25.733024,45.114796],[25.733059,45.114797],[25.733069,45.114795],[25.733087,45.114784],[25.733105,45.114763],[25.733111,45.11474],[25.733099,45.114688],[25.733104,45.114685],[25.733114,45.114686],[25.733204,45.114708],[25.733218,45.114708],[25.733235,45.114702],[25.733261,45.114681],[25.733269,45.114656],[25.733267,45.11464],[25.733261,45.114627],[25.733234,45.114608],[25.733294,45.114604],[25.73331,45.114599],[25.733328,45.114576],[25.733357,45.114563],[25.733354,45.114539],[25.733361,45.114529],[25.733383,45.114519],[25.733469,45.114488],[25.73349,45.114475],[25.7335,45.114457],[25.73352,45.114382],[25.73353,45.11437],[25.733559,45.114352],[25.733567,45.11434],[25.733571,45.114267],[25.733588,45.114233],[25.733788,45.113946],[25.733815,45.113921],[25.733894,45.113864],[25.733913,45.113844],[25.733914,45.113825],[25.733899,45.113763],[25.7339,45.113745],[25.733911,45.113736],[25.733969,45.113722],[25.73398,45.113716],[25.733976,45.113708],[25.733954,45.113686],[25.733948,45.113672],[25.733962,45.113578],[25.733961,45.113558],[25.733926,45.113511],[25.733921,45.113498],[25.73393,45.113457],[25.733955,45.113385],[25.733968,45.11336],[25.733995,45.113336],[25.734154,45.113221],[25.734168,45.113203],[25.734186,45.113157],[25.734198,45.113139],[25.734313,45.113067],[25.734331,45.113044],[25.73439,45.112948],[25.734409,45.112933],[25.734468,45.1129],[25.734487,45.112885],[25.734521,45.112818],[25.734613,45.112759],[25.734622,45.112745],[25.73464,45.112699],[25.734653,45.112681],[25.734807,45.112551],[25.734823,45.112533],[25.734867,45.112459],[25.734886,45.112444],[25.734954,45.112404],[25.734961,45.112396],[25.73498,45.112362],[25.735028,45.11234],[25.735048,45.112334],[25.735067,45.112332],[25.735084,45.112338],[25.735131,45.112368],[25.735155,45.112379],[25.73523,45.112391],[25.73525,45.112393],[25.735264,45.11239],[25.735266,45.112381],[25.735261,45.112368],[25.735239,45.112342],[25.735145,45.1123],[25.735126,45.112287],[25.735119,45.112269],[25.735119,45.112234],[25.735124,45.11222],[25.735141,45.112204],[25.735256,45.112133],[25.735285,45.112111],[25.735303,45.112076],[25.735334,45.112054],[25.73534,45.112047],[25.735347,45.111993],[25.735358,45.111975],[25.73561,45.111807],[25.735627,45.11179],[25.735671,45.111735],[25.735739,45.111705],[25.735746,45.111692],[25.735751,45.111662],[25.735761,45.11165],[25.73587,45.111581],[25.735895,45.111563],[25.735911,45.11154],[25.735969,45.111431],[25.735989,45.111419],[25.736061,45.1114],[25.736071,45.111389],[25.736077,45.111361],[25.736083,45.111354],[25.736113,45.111344],[25.736126,45.111335],[25.736172,45.111251],[25.736185,45.111242],[25.736218,45.111232],[25.736229,45.111222],[25.736264,45.111137],[25.736275,45.111119],[25.736295,45.111105],[25.736363,45.111075],[25.736372,45.111063],[25.736377,45.111039],[25.736383,45.111028],[25.736419,45.111015],[25.736431,45.111005],[25.736489,45.110896],[25.736506,45.110873],[25.736525,45.110859],[25.736546,45.110848],[25.736591,45.110849],[25.736593,45.110841],[25.736582,45.110798],[25.73659,45.110781],[25.736617,45.110765],[25.736753,45.1107],[25.736787,45.110681],[25.736795,45.110674],[25.736806,45.110647],[25.736816,45.110635],[25.736899,45.110584],[25.736952,45.110522],[25.736993,45.11051],[25.737009,45.110502],[25.737064,45.110441],[25.73708,45.110432],[25.73709,45.110435],[25.737093,45.110445],[25.737069,45.110482],[25.737067,45.110491],[25.737083,45.110494],[25.737101,45.110487],[25.737119,45.110454],[25.737227,45.11014],[25.737244,45.110116],[25.737351,45.110006],[25.737445,45.109824],[25.737457,45.109814],[25.737501,45.109799],[25.737513,45.109787],[25.737541,45.109738],[25.737556,45.10972],[25.737615,45.109686],[25.737634,45.109671],[25.737806,45.109438],[25.73783,45.109411],[25.737981,45.109314],[25.737998,45.109299],[25.738013,45.109271],[25.738052,45.109255],[25.738081,45.109219],[25.738124,45.109204],[25.738139,45.10919],[25.738227,45.109011],[25.738249,45.108875],[25.738257,45.108845],[25.738343,45.10872],[25.738357,45.10871],[25.738403,45.108696],[25.738434,45.108661],[25.738456,45.108622],[25.738513,45.108469],[25.738529,45.108442],[25.738575,45.108424],[25.738602,45.108385],[25.738619,45.108368],[25.738722,45.108292],[25.738756,45.108274],[25.738798,45.108269],[25.738865,45.108271],[25.738884,45.108276],[25.738923,45.108295],[25.738941,45.1083],[25.738974,45.108295],[25.738993,45.108287],[25.738996,45.108281],[25.738994,45.108274],[25.73896,45.108227],[25.738954,45.108182],[25.738949,45.10817],[25.738936,45.108163],[25.738898,45.108158],[25.738887,45.108152],[25.738886,45.108139],[25.738891,45.10812],[25.738898,45.108106],[25.738909,45.108095],[25.738927,45.10809],[25.738977,45.108083],[25.739024,45.108062],[25.739032,45.108063],[25.739056,45.108079],[25.739066,45.108082],[25.739091,45.10808],[25.739116,45.108072],[25.739127,45.108066],[25.739138,45.108054],[25.739179,45.107972],[25.739198,45.107962],[25.739232,45.107961],[25.739274,45.10797],[25.739305,45.107982],[25.739319,45.107998],[25.739327,45.10802],[25.739325,45.108028],[25.739318,45.108034],[25.739269,45.108051],[25.739255,45.108062],[25.739227,45.108106],[25.739218,45.108133],[25.739228,45.108139],[25.739246,45.108141],[25.739298,45.108141],[25.739323,45.108137],[25.739331,45.108132],[25.739348,45.108104],[25.739415,45.108074],[25.739426,45.108065],[25.739422,45.108048],[25.739398,45.108011],[25.739397,45.108],[25.739415,45.107992],[25.739503,45.107976],[25.739537,45.107959],[25.73955,45.107947],[25.739559,45.107934],[25.739563,45.10789],[25.73957,45.107874],[25.739585,45.10787],[25.739639,45.107866],[25.739654,45.107862],[25.73966,45.107855],[25.739669,45.107824],[25.739675,45.107818],[25.739704,45.107807],[25.739721,45.107784],[25.73978,45.107766],[25.7399,45.107692],[25.739928,45.107679],[25.739942,45.107679],[25.739966,45.107695],[25.739983,45.107698],[25.740017,45.107695],[25.740048,45.107686],[25.740056,45.107678],[25.740052,45.107659],[25.740083,45.107676],[25.740102,45.107683],[25.740138,45.107685],[25.74016,45.107679],[25.740165,45.107672],[25.740172,45.107644],[25.740181,45.107633],[25.740266,45.107609],[25.740282,45.107598],[25.740309,45.107573],[25.740383,45.107493],[25.740386,45.10748],[25.740382,45.107454],[25.740411,45.107443],[25.740425,45.107422],[25.740433,45.107417],[25.740488,45.107406],[25.740505,45.10738],[25.740533,45.107359],[25.740533,45.107349],[25.740524,45.107337],[25.740407,45.107227],[25.740399,45.107209],[25.740407,45.107169],[25.740402,45.107164],[25.740388,45.107162],[25.740367,45.107169],[25.740341,45.107189],[25.74033,45.107193],[25.740274,45.1072],[25.740254,45.107206],[25.740129,45.107278],[25.740068,45.107295],[25.740035,45.107334],[25.74,45.10735],[25.740002,45.107374],[25.739995,45.107385],[25.739951,45.107409],[25.739968,45.107392],[25.739972,45.107383],[25.739946,45.107359],[25.739944,45.107336],[25.739975,45.107231],[25.739986,45.107206],[25.740004,45.10719],[25.740071,45.10715],[25.740081,45.107138],[25.740091,45.107117],[25.740099,45.107111],[25.740163,45.107094],[25.740179,45.107086],[25.740186,45.107069],[25.740189,45.107013],[25.740199,45.107004],[25.740242,45.106998],[25.74025,45.106994],[25.740252,45.106984],[25.740245,45.106953],[25.740253,45.106943],[25.740322,45.106914],[25.740345,45.1069],[25.740465,45.106786],[25.74049,45.106767],[25.740522,45.106756],[25.740612,45.106734],[25.740636,45.106724],[25.740655,45.106709],[25.7407,45.106655],[25.74072,45.106641],[25.740753,45.106636],[25.740773,45.106638],[25.740783,45.106641],[25.74079,45.106653],[25.740792,45.106668],[25.740792,45.106852],[25.740725,45.107082],[25.740729,45.107107],[25.740763,45.107188],[25.740764,45.107205],[25.740759,45.10721],[25.74075,45.107212],[25.74073,45.107208],[25.740719,45.107197],[25.740694,45.10715],[25.740685,45.107145],[25.740668,45.107143],[25.740646,45.107149],[25.74062,45.10717],[25.740604,45.107177],[25.740472,45.107194],[25.740456,45.107199],[25.740452,45.107207],[25.740459,45.107218],[25.740472,45.107227],[25.740525,45.107235],[25.740535,45.107239],[25.740541,45.107246],[25.740548,45.107273],[25.740558,45.107281],[25.740589,45.107279],[25.740723,45.107256],[25.740757,45.107253],[25.740768,45.107256],[25.740775,45.107261],[25.740796,45.107304],[25.740811,45.107317],[25.74083,45.10732],[25.740874,45.107321],[25.740941,45.10732],[25.740964,45.107316],[25.740968,45.107311],[25.740967,45.107304],[25.740938,45.10725],[25.740937,45.107237],[25.740998,45.10724],[25.741012,45.107233],[25.741042,45.107207],[25.741057,45.107198],[25.74111,45.10719],[25.74112,45.107186],[25.741126,45.107179],[25.741135,45.107148],[25.741142,45.107142],[25.741165,45.107133],[25.741163,45.107124],[25.74114,45.107094],[25.741143,45.107087],[25.741179,45.107084],[25.741369,45.107083],[25.741405,45.107079],[25.741433,45.107064],[25.741549,45.106983],[25.741567,45.106976],[25.74161,45.106972],[25.741628,45.106967],[25.741661,45.106928],[25.74167,45.106923],[25.741705,45.106913],[25.741714,45.106907],[25.74176,45.106855],[25.7418,45.106842],[25.741813,45.106834],[25.741827,45.106811],[25.74187,45.106714],[25.741886,45.106692],[25.741943,45.106673],[25.742013,45.106613],[25.742034,45.1066],[25.742088,45.106584],[25.742161,45.106509],[25.742172,45.106505],[25.742213,45.1065],[25.742229,45.106495],[25.742249,45.106465],[25.742306,45.106426],[25.742321,45.106379],[25.742336,45.106371],[25.742379,45.106355],[25.742396,45.10634],[25.742406,45.106318],[25.742406,45.10631],[25.7424,45.106305],[25.742369,45.106301],[25.74231,45.106303],[25.742291,45.106308],[25.742257,45.10633],[25.742218,45.10633],[25.742206,45.106349],[25.742193,45.106357],[25.742107,45.106373],[25.742081,45.106382],[25.741999,45.106448],[25.741966,45.106482],[25.741959,45.106501],[25.741957,45.106564],[25.74195,45.106578],[25.741922,45.106609],[25.741923,45.106644],[25.741904,45.106652],[25.741853,45.10666],[25.741825,45.106662],[25.741811,45.106657],[25.741801,45.106641],[25.74179,45.106599],[25.741785,45.106568],[25.741787,45.106554],[25.741794,45.106541],[25.741805,45.106532],[25.741815,45.106529],[25.741847,45.106532],[25.741856,45.106529],[25.741862,45.106522],[25.741873,45.106494],[25.741873,45.106477],[25.741868,45.106471],[25.741839,45.106461],[25.741834,45.106455],[25.741834,45.106445],[25.741841,45.10644],[25.741874,45.106443],[25.741885,45.106441],[25.741916,45.106424],[25.74193,45.106402],[25.741931,45.106356],[25.741927,45.106353],[25.741907,45.106368],[25.74189,45.106372],[25.741809,45.106365],[25.741789,45.106366],[25.741778,45.10637],[25.741753,45.106386],[25.741744,45.106379],[25.741729,45.106357],[25.741714,45.106327],[25.741711,45.106314],[25.741715,45.106306],[25.741739,45.106288],[25.741743,45.106281],[25.741733,45.106233],[25.741734,45.106225],[25.74174,45.10622],[25.741763,45.106216],[25.741877,45.106216],[25.741913,45.106213],[25.74193,45.106207],[25.741961,45.106185],[25.741994,45.106175],[25.742001,45.106169],[25.742002,45.106154],[25.741993,45.106145],[25.741975,45.106139],[25.741901,45.106128],[25.741891,45.106124],[25.741885,45.106118],[25.741887,45.106095],[25.741913,45.106017],[25.741924,45.105992],[25.741935,45.105979],[25.741967,45.10596],[25.741991,45.105953],[25.741997,45.105955],[25.742,45.105962],[25.742006,45.106004],[25.742011,45.10601],[25.742021,45.106014],[25.742054,45.106017],[25.742228,45.106015],[25.742246,45.106019],[25.742256,45.106028],[25.742258,45.106046],[25.742254,45.106059],[25.742246,45.106065],[25.742212,45.106075],[25.742193,45.106093],[25.742185,45.106111],[25.742181,45.106142],[25.742174,45.106154],[25.742151,45.106159],[25.742072,45.106162],[25.742101,45.106185],[25.742107,45.106219],[25.742101,45.106249],[25.74207,45.10628],[25.742157,45.106251],[25.742191,45.106235],[25.742195,45.106229],[25.742193,45.106223],[25.742172,45.106202],[25.742232,45.106207],[25.742311,45.106182],[25.742353,45.106188],[25.74242,45.106209],[25.742427,45.106216],[25.742429,45.106223],[25.742422,45.106257],[25.742431,45.106261],[25.742463,45.106258],[25.742612,45.106233],[25.742639,45.106226],[25.742657,45.106217],[25.742825,45.106094],[25.742836,45.106081],[25.742849,45.106049],[25.742865,45.106033],[25.743051,45.105912],[25.743063,45.1059],[25.743075,45.105868],[25.743091,45.105851],[25.743444,45.105611],[25.743466,45.105591],[25.74348,45.105563],[25.743509,45.105553],[25.743516,45.105547],[25.743528,45.105523],[25.74354,45.105511],[25.7437,45.105407],[25.743717,45.105391],[25.743732,45.105364],[25.743761,45.105353],[25.743768,45.105348],[25.743779,45.105323],[25.743792,45.105311],[25.743926,45.105226],[25.743943,45.10521],[25.743953,45.105182],[25.743963,45.10517],[25.744072,45.105101],[25.744087,45.105084],[25.744149,45.104983],[25.744175,45.104966],[25.744262,45.104926],[25.744277,45.104915],[25.744287,45.104902],[25.744323,45.104831],[25.744324,45.104731],[25.744332,45.104711],[25.744348,45.104706],[25.744397,45.1047],[25.744447,45.104675],[25.744467,45.104669],[25.744733,45.10465],[25.74476,45.104643],[25.74479,45.104623],[25.744802,45.104606],[25.744811,45.104566],[25.744818,45.104558],[25.744844,45.10454],[25.744849,45.104533],[25.744846,45.104503],[25.744829,45.104456],[25.744804,45.104432],[25.744756,45.104402],[25.744736,45.104395],[25.744661,45.104384],[25.744636,45.104377],[25.744626,45.104363],[25.744632,45.104349],[25.74466,45.104343],[25.744707,45.104345],[25.74472,45.104351],[25.744732,45.104369],[25.74474,45.104374],[25.744806,45.104385],[25.744876,45.104424],[25.744887,45.104425],[25.744937,45.10442],[25.745021,45.104441],[25.745028,45.104438],[25.745038,45.104422],[25.745045,45.104417],[25.74513,45.104407],[25.745144,45.104398],[25.745188,45.104361],[25.745245,45.104341],[25.745261,45.104332],[25.745287,45.104301],[25.745302,45.104272],[25.745302,45.104257],[25.745292,45.104223],[25.745294,45.10421],[25.74531,45.104194],[25.745341,45.10417],[25.745369,45.104152],[25.745387,45.104144],[25.745412,45.104141],[25.745427,45.104145],[25.745433,45.104157],[25.74544,45.104187],[25.745448,45.104201],[25.745487,45.10423],[25.745514,45.104242],[25.745547,45.104237],[25.745684,45.104196],[25.745762,45.104191],[25.745787,45.104186],[25.745833,45.104153],[25.745908,45.104129],[25.745931,45.104118],[25.745948,45.104091],[25.745956,45.104085],[25.745981,45.104078],[25.746046,45.104066],[25.746063,45.104059],[25.746076,45.104043],[25.746092,45.104003],[25.746107,45.103986],[25.746287,45.103884],[25.746317,45.103862],[25.746331,45.103839],[25.746367,45.103748],[25.746381,45.103731],[25.7464,45.103716],[25.746417,45.103707],[25.746436,45.103703],[25.746525,45.1037],[25.746552,45.103695],[25.746578,45.103679],[25.746592,45.103663],[25.746599,45.103608],[25.746609,45.103593],[25.746633,45.103585],[25.746669,45.103579],[25.74669,45.103578],[25.746709,45.103582],[25.746739,45.103602],[25.746745,45.103611],[25.746749,45.103624],[25.746746,45.103638],[25.74674,45.103646],[25.746695,45.103674],[25.746686,45.103684],[25.74669,45.103701],[25.746714,45.103739],[25.746715,45.10375],[25.746703,45.103758],[25.746664,45.103773],[25.746642,45.103802],[25.746603,45.103813],[25.746581,45.103825],[25.746463,45.103922],[25.746446,45.103931],[25.746408,45.103939],[25.746392,45.103947],[25.746334,45.104012],[25.746315,45.104028],[25.746222,45.10407],[25.746211,45.10408],[25.746226,45.104087],[25.746261,45.104093],[25.746282,45.104094],[25.7463,45.104091],[25.746358,45.104044],[25.746447,45.104015],[25.746472,45.104004],[25.746485,45.103992],[25.746533,45.103932],[25.746683,45.103836],[25.746695,45.103824],[25.746707,45.103798],[25.746714,45.103791],[25.746769,45.103767],[25.746786,45.103722],[25.746845,45.103695],[25.746851,45.103682],[25.746853,45.103667],[25.746849,45.103507],[25.746853,45.103478],[25.746862,45.103468],[25.74689,45.103461],[25.746905,45.103452],[25.746941,45.103407],[25.746955,45.103396],[25.747003,45.103377],[25.747018,45.103369],[25.747033,45.10334],[25.747046,45.10333],[25.747147,45.103279],[25.747171,45.103262],[25.747184,45.103207],[25.747237,45.103138],[25.747247,45.103114],[25.747243,45.103088],[25.747207,45.102972],[25.747204,45.102946],[25.747219,45.102925],[25.747259,45.102897],[25.747283,45.102888],[25.747307,45.102888],[25.74732,45.102894],[25.747334,45.102912],[25.747367,45.102911],[25.747376,45.102914],[25.74739,45.102933],[25.747393,45.10295],[25.747389,45.102957],[25.747368,45.102972],[25.747369,45.102976],[25.747411,45.102991],[25.747425,45.103001],[25.74745,45.103049],[25.747461,45.10306],[25.747484,45.103064],[25.747511,45.103062],[25.747544,45.103047],[25.74756,45.103018],[25.747572,45.103007],[25.747689,45.102959],[25.747696,45.102949],[25.747692,45.102926],[25.747701,45.102918],[25.747732,45.102911],[25.747887,45.102884],[25.74791,45.102874],[25.747935,45.102853],[25.747951,45.102848],[25.747969,45.102848],[25.747984,45.102854],[25.748011,45.102888],[25.748034,45.102839],[25.74805,45.102823],[25.748088,45.102805],[25.748194,45.102763],[25.748215,45.102757],[25.748274,45.10275],[25.748278,45.102745],[25.748276,45.102723],[25.748313,45.102709],[25.748342,45.102684],[25.74836,45.102674],[25.748406,45.102656],[25.748441,45.102647],[25.748537,45.102643],[25.74856,45.102638],[25.748572,45.102617],[25.748588,45.10252],[25.748594,45.102507],[25.748603,45.102502],[25.748626,45.1025],[25.748649,45.102508],[25.748679,45.102532],[25.748703,45.102557],[25.748706,45.102565],[25.748704,45.102571],[25.748681,45.102589],[25.748676,45.102601],[25.748682,45.10263],[25.748695,45.102651],[25.748705,45.102655],[25.748717,45.102655],[25.748795,45.102647],[25.748817,45.10265],[25.748878,45.102669],[25.748896,45.10267],[25.74891,45.102659],[25.748914,45.102643],[25.748901,45.102628],[25.748864,45.102598],[25.748858,45.102591],[25.748858,45.102584],[25.748877,45.102564],[25.748925,45.10253],[25.748955,45.102515],[25.749038,45.102495],[25.749073,45.102468],[25.749084,45.102463],[25.749104,45.10246],[25.749187,45.102459],[25.749215,45.102456],[25.749226,45.102451],[25.749257,45.102429],[25.749289,45.102419],[25.749294,45.102414],[25.749293,45.102386],[25.749257,45.102243],[25.749248,45.102219],[25.749236,45.102208],[25.749188,45.102191],[25.749174,45.102182],[25.749165,45.102164],[25.749143,45.102088],[25.749128,45.102071],[25.749084,45.102038],[25.749071,45.102022],[25.749061,45.101934],[25.749006,45.101842],[25.748995,45.101818],[25.748999,45.101798],[25.74903,45.101745],[25.749021,45.101688],[25.749038,45.101668],[25.749125,45.101602],[25.749146,45.101564],[25.7492,45.101539],[25.749218,45.101514],[25.749226,45.10151],[25.74925,45.101509],[25.749354,45.101519],[25.74939,45.101519],[25.749424,45.10151],[25.749517,45.101477],[25.749543,45.101472],[25.749577,45.101478],[25.74967,45.10151],[25.749686,45.101513],[25.749692,45.10151],[25.749694,45.1015],[25.749688,45.101489],[25.749638,45.101468],[25.74963,45.101462],[25.749627,45.10145],[25.749635,45.101411],[25.749632,45.1014],[25.749581,45.101389],[25.749583,45.101381],[25.749604,45.101349],[25.749601,45.101344],[25.749581,45.101337],[25.749575,45.101332],[25.749574,45.101319],[25.749584,45.101263],[25.749578,45.101251],[25.749551,45.101233],[25.749542,45.101221],[25.749538,45.101197],[25.749541,45.101172],[25.749549,45.10116],[25.749581,45.101138],[25.749596,45.101116],[25.749609,45.101117],[25.749652,45.101133],[25.749667,45.101132],[25.749696,45.101112],[25.749726,45.101102],[25.74973,45.101097],[25.749729,45.101074],[25.749745,45.101071],[25.749759,45.101075],[25.749764,45.101082],[25.749764,45.10111],[25.749755,45.101122],[25.749714,45.101138],[25.749701,45.101146],[25.7497,45.101158],[25.749707,45.101175],[25.749721,45.101187],[25.74976,45.101188],[25.749775,45.101222],[25.749785,45.101219],[25.749798,45.10121],[25.749821,45.101185],[25.749944,45.100812],[25.749403,45.101075],[25.749107,45.101219],[25.749,45.101271],[25.748485,45.101749],[25.748312,45.101836],[25.747126,45.102548],[25.746294,45.10312],[25.745553,45.103514],[25.744921,45.103885],[25.744775,45.103968],[25.743888,45.104495],[25.742224,45.105478],[25.740142,45.106714],[25.738959,45.107419],[25.738499,45.107902],[25.737792,45.108686],[25.737111,45.109446],[25.73675,45.109844],[25.73645,45.11017],[25.736023,45.110658],[25.735736,45.110974],[25.734651,45.112136],[25.733918,45.112937],[25.733329,45.113618],[25.732716,45.11429],[25.732544,45.114467],[25.732548,45.114469],[25.732554,45.114477],[25.732564,45.114508],[25.732578,45.114593],[25.732573,45.114606],[25.732564,45.114611],[25.732505,45.114626],[25.732489,45.114633],[25.732468,45.114671],[25.732394,45.11473],[25.732387,45.114748],[25.732398,45.114802],[25.732394,45.114809],[25.732365,45.114831],[25.732348,45.114875],[25.732297,45.114891],[25.73222,45.114943],[25.732196,45.114952],[25.732161,45.114955],[25.732123,45.114953],[25.732115,45.114947],[25.732115,45.114943],[25.731914,45.115168],[25.73165,45.115452],[25.731384,45.115729],[25.731006,45.116166],[25.730807,45.116393],[25.730672,45.116478],[25.730032,45.116941],[25.729465,45.11734],[25.728887,45.117752],[25.728411,45.11809],[25.72815,45.118282],[25.727561,45.118693],[25.726132,45.119713],[25.725214,45.120377],[25.724467,45.120915],[25.724906,45.121324],[25.724948,45.121241]],[[25.748424,45.102111],[25.748466,45.102079],[25.748492,45.102062],[25.748505,45.102059],[25.748514,45.102066],[25.748521,45.102079],[25.748532,45.102126],[25.748486,45.102302],[25.74842,45.102339],[25.748389,45.102351],[25.748365,45.10235],[25.74835,45.102343],[25.748343,45.102337],[25.748341,45.102324],[25.748346,45.102304],[25.748408,45.102128],[25.748424,45.102111]],[[25.743688,45.105234],[25.743671,45.105286],[25.743626,45.105265],[25.743604,45.10525],[25.743597,45.105237],[25.743591,45.105209],[25.743581,45.105202],[25.743559,45.105204],[25.743528,45.105215],[25.743515,45.105226],[25.743494,45.105257],[25.743481,45.105266],[25.743464,45.105268],[25.743449,45.105264],[25.743443,45.105254],[25.743445,45.105241],[25.743451,45.105233],[25.743466,45.105223],[25.743552,45.105183],[25.743563,45.105171],[25.743575,45.105145],[25.743594,45.105131],[25.743852,45.105015],[25.743876,45.105006],[25.743888,45.105005],[25.743885,45.105021],[25.743871,45.105042],[25.743855,45.105052],[25.743815,45.105066],[25.74381,45.105071],[25.74384,45.105111],[25.743837,45.105136],[25.743824,45.105165],[25.743817,45.105173],[25.7438,45.105182],[25.743724,45.105206],[25.743701,45.105217],[25.743688,45.105234]],[[25.742494,45.105807],[25.742631,45.105724],[25.742662,45.105711],[25.742683,45.10571],[25.74275,45.105718],[25.742777,45.105719],[25.742793,45.105713],[25.742827,45.105683],[25.742841,45.105676],[25.74286,45.105674],[25.742926,45.10568],[25.742934,45.105676],[25.742948,45.105656],[25.742964,45.105652],[25.743005,45.105654],[25.743037,45.105674],[25.743046,45.105642],[25.743053,45.105636],[25.743078,45.105626],[25.743075,45.105597],[25.743091,45.105578],[25.743106,45.105568],[25.743124,45.105562],[25.743193,45.105558],[25.743207,45.105553],[25.74321,45.105537],[25.743198,45.10548],[25.743203,45.105477],[25.743229,45.105478],[25.743236,45.105475],[25.74325,45.105439],[25.743278,45.105428],[25.743285,45.105423],[25.743295,45.105385],[25.743305,45.105373],[25.743337,45.105355],[25.743367,45.105347],[25.743397,45.105355],[25.743429,45.105372],[25.743438,45.105383],[25.743439,45.105398],[25.74342,45.105474],[25.743414,45.105483],[25.7434,45.105493],[25.743325,45.105527],[25.743306,45.105539],[25.743302,45.105551],[25.74331,45.105583],[25.743305,45.105593],[25.743284,45.105602],[25.743202,45.105623],[25.743181,45.105632],[25.743178,45.105638],[25.743182,45.10565],[25.743205,45.105677],[25.74316,45.105659],[25.743141,45.105655],[25.743123,45.105658],[25.743104,45.105667],[25.743102,45.105677],[25.743112,45.10569],[25.743125,45.105695],[25.743161,45.105694],[25.743166,45.105699],[25.743168,45.105712],[25.743161,45.105732],[25.743132,45.105743],[25.743125,45.105749],[25.743115,45.105781],[25.743106,45.105791],[25.743088,45.105797],[25.743009,45.105812],[25.742992,45.10582],[25.742963,45.105841],[25.742939,45.105839],[25.742847,45.105807],[25.742823,45.105803],[25.742811,45.105808],[25.742793,45.105832],[25.742782,45.105841],[25.742765,45.105843],[25.742728,45.105839],[25.742716,45.105843],[25.742714,45.105852],[25.742717,45.105859],[25.742729,45.105865],[25.742764,45.105868],[25.742886,45.105867],[25.742903,45.10587],[25.742909,45.105879],[25.742901,45.1059],[25.742887,45.105915],[25.742826,45.105924],[25.742804,45.105935],[25.742721,45.106019],[25.742699,45.106024],[25.742651,45.10602],[25.742644,45.106023],[25.742633,45.10604],[25.742626,45.106045],[25.742601,45.106049],[25.742572,45.106047],[25.742534,45.106033],[25.742409,45.10596],[25.742386,45.105847],[25.742385,45.105833],[25.74239,45.105822],[25.742411,45.105816],[25.742474,45.105813],[25.742494,45.105807]],[[25.741655,45.106563],[25.741653,45.106516],[25.741638,45.106494],[25.741577,45.106451],[25.741575,45.106469],[25.741564,45.10648],[25.741552,45.106482],[25.741533,45.106478],[25.741517,45.106472],[25.74151,45.106466],[25.741511,45.106456],[25.741524,45.106444],[25.741533,45.106442],[25.741567,45.106444],[25.741578,45.106442],[25.74162,45.106408],[25.741636,45.106403],[25.74167,45.106408],[25.741726,45.106424],[25.741747,45.106435],[25.741754,45.106448],[25.741758,45.106625],[25.741755,45.106653],[25.74175,45.106658],[25.741741,45.106659],[25.741677,45.10664],[25.741663,45.10664],[25.741657,45.106649],[25.741653,45.106689],[25.741645,45.106695],[25.74162,45.106687],[25.741589,45.106669],[25.74158,45.106652],[25.741578,45.106626],[25.74158,45.106612],[25.741587,45.106602],[25.741597,45.106598],[25.741636,45.106593],[25.741649,45.106586],[25.741655,45.106563]],[[25.740894,45.106566],[25.74092,45.106551],[25.740946,45.106549],[25.741033,45.106559],[25.741059,45.106558],[25.741074,45.106551],[25.741099,45.106531],[25.741111,45.106527],[25.741254,45.106507],[25.741267,45.106499],[25.741281,45.106475],[25.741301,45.106464],[25.741331,45.106458],[25.741341,45.10646],[25.741347,45.106465],[25.741357,45.106499],[25.741371,45.106603],[25.741361,45.106619],[25.741314,45.106647],[25.7413,45.106663],[25.741275,45.106783],[25.74126,45.106797],[25.741205,45.106817],[25.741184,45.106837],[25.741137,45.106909],[25.741133,45.106923],[25.74114,45.106951],[25.741136,45.106957],[25.74112,45.106962],[25.741048,45.106975],[25.741032,45.106982],[25.741027,45.106989],[25.741023,45.107013],[25.741028,45.107036],[25.741037,45.107045],[25.741064,45.107055],[25.741066,45.107065],[25.741062,45.107096],[25.741066,45.107103],[25.741086,45.107119],[25.741064,45.107121],[25.741038,45.107117],[25.741,45.107096],[25.74099,45.107102],[25.740959,45.107142],[25.74094,45.107152],[25.740902,45.107147],[25.740873,45.107134],[25.740845,45.107103],[25.740826,45.107068],[25.740828,45.107037],[25.740868,45.106834],[25.740844,45.106677],[25.740842,45.106618],[25.740894,45.106566]]]],"type":"MultiPolygon"},"properties":{"fid":9.0,"tt":1.0,"Id":812,"IFCID":812,"localId":"1.298.131256","namespace":"RO.Ancpi.AU","versionId":"20140402141640","country":"RO","natLevel":"3rdOrder","natLevName":"Municipiu, altul decat resedinta de judet","natCode":"131256","name":"CÃ‚MPINA","resOfAut":"CÃ‚MPINA","beginVers":"2014-04-02","endVersion":null,"Shape_Leng":23327.899646,"Shape_Area":24225626.0071,"Jud_ID":"1.298","Jud_name":"PRAHOVA","_s":{"f":"#4daf4a","fo":1.0,"s":"#3388ff","so":1.0,"w":1.0,"r":5.0}}},{"type":"Feature","geometry":{"coordinates":[[[[25.712321,45.136989],[25.712318,45.137004],[25.712306,45.137023],[25.712275,45.137059],[25.712177,45.13777],[25.712205,45.137777],[25.712216,45.137783],[25.712212,45.137791],[25.712191,45.137813],[25.712188,45.137822],[25.712198,45.137873],[25.712197,45.137887],[25.71217,45.137921],[25.712181,45.137924],[25.712215,45.137925],[25.712252,45.137924],[25.712269,45.137921],[25.712274,45.137915],[25.712275,45.137907],[25.712263,45.137863],[25.712266,45.137843],[25.712338,45.137748],[25.712351,45.137724],[25.712351,45.137704],[25.712335,45.137638],[25.712334,45.137617],[25.712378,45.137503],[25.712379,45.137317],[25.712388,45.137296],[25.712416,45.137253],[25.712421,45.137238],[25.712415,45.137214],[25.712384,45.13715],[25.712381,45.137126],[25.712394,45.137102],[25.712461,45.137006],[25.712474,45.136975],[25.712493,45.136385],[25.712503,45.136366],[25.712559,45.136305],[25.71256,45.136286],[25.712548,45.136241],[25.712552,45.136228],[25.712571,45.136214],[25.712623,45.136184],[25.71264,45.136169],[25.712648,45.136144],[25.712661,45.136075],[25.712669,45.136059],[25.712683,45.136054],[25.712745,45.136061],[25.712757,45.13606],[25.712766,45.136057],[25.712796,45.136004],[25.71283,45.135988],[25.712828,45.135964],[25.712834,45.135953],[25.712905,45.135909],[25.712923,45.135893],[25.712993,45.135783],[25.71302,45.135767],[25.713156,45.135719],[25.713187,45.135705],[25.713205,45.135689],[25.713241,45.135642],[25.713261,45.135629],[25.713382,45.135596],[25.713398,45.135587],[25.713423,45.135566],[25.713433,45.135562],[25.713509,45.135556],[25.713529,45.135552],[25.713621,45.13551],[25.713639,45.13551],[25.713659,45.135517],[25.713666,45.135527],[25.713665,45.135552],[25.713676,45.135555],[25.71369,45.135553],[25.713698,45.135544],[25.713708,45.135505],[25.713718,45.135492],[25.713737,45.135477],[25.713773,45.135461],[25.713863,45.135439],[25.713882,45.135436],[25.713896,45.135437],[25.713901,45.135443],[25.713908,45.13547],[25.713918,45.135479],[25.713941,45.135482],[25.713969,45.135478],[25.71401,45.135464],[25.714041,45.13545],[25.714052,45.135439],[25.714062,45.135419],[25.714075,45.13541],[25.714215,45.135387],[25.71438,45.135314],[25.714413,45.135302],[25.71445,45.135299],[25.714484,45.135304],[25.714499,45.135313],[25.714533,45.135343],[25.714549,45.135351],[25.714585,45.135353],[25.71462,45.135347],[25.714649,45.135331],[25.714904,45.13516],[25.714945,45.135136],[25.714992,45.13512],[25.715408,45.135],[25.715454,45.134983],[25.715491,45.134959],[25.715518,45.134936],[25.715556,45.134863],[25.715606,45.134832],[25.715618,45.134821],[25.715629,45.134783],[25.715634,45.134776],[25.715644,45.134773],[25.715697,45.134764],[25.715756,45.134721],[25.715822,45.134709],[25.715859,45.134667],[25.715913,45.134651],[25.715983,45.134603],[25.715999,45.134586],[25.716013,45.134558],[25.716043,45.134548],[25.716054,45.134539],[25.716075,45.134464],[25.716085,45.134447],[25.716106,45.134434],[25.716192,45.134403],[25.716218,45.134389],[25.716222,45.134378],[25.716213,45.134341],[25.716219,45.134328],[25.716241,45.134308],[25.71633,45.134245],[25.716351,45.134224],[25.716356,45.134205],[25.716357,45.134173],[25.716355,45.134125],[25.716349,45.134108],[25.716338,45.134102],[25.716317,45.134104],[25.71631,45.134109],[25.716299,45.134126],[25.716286,45.13413],[25.716262,45.134127],[25.716245,45.134121],[25.716236,45.134115],[25.716232,45.134107],[25.716232,45.134083],[25.716244,45.133998],[25.716254,45.133964],[25.716293,45.133934],[25.716309,45.133888],[25.716349,45.133858],[25.716358,45.133839],[25.716372,45.133792],[25.716383,45.133772],[25.716468,45.133688],[25.716484,45.133634],[25.71652,45.133609],[25.716529,45.133596],[25.716549,45.133533],[25.716561,45.133508],[25.716727,45.133267],[25.71675,45.13324],[25.716793,45.133211],[25.71681,45.133159],[25.716876,45.133101],[25.71692,45.132995],[25.716935,45.132966],[25.717383,45.132317],[25.717409,45.132292],[25.71748,45.132263],[25.7175,45.13225],[25.717513,45.132226],[25.717542,45.13215],[25.717559,45.132129],[25.717586,45.132113],[25.717672,45.132072],[25.717695,45.132055],[25.717702,45.132025],[25.7177,45.131852],[25.717729,45.132269],[25.717735,45.132282],[25.717743,45.132287],[25.717788,45.132293],[25.717798,45.132297],[25.717804,45.132304],[25.717807,45.132317],[25.717812,45.132761],[25.718422,45.131968],[25.71861,45.131665],[25.718712,45.131481],[25.718818,45.131287],[25.718896,45.131129],[25.718976,45.130899],[25.719041,45.130651],[25.719074,45.130564],[25.719189,45.130055],[25.719225,45.12992],[25.71928,45.129493],[25.719374,45.128988],[25.719394,45.12884],[25.71942,45.128626],[25.719438,45.128548],[25.719437,45.128545],[25.719434,45.128277],[25.719447,45.128192],[25.719456,45.128157],[25.719461,45.12815],[25.719469,45.128146],[25.719492,45.128148],[25.719584,45.128168],[25.719627,45.12806],[25.719634,45.128006],[25.719642,45.127992],[25.719661,45.127976],[25.719663,45.127971],[25.719742,45.127759],[25.719756,45.127735],[25.719778,45.127668],[25.719788,45.127648],[25.71982,45.12761],[25.71983,45.127592],[25.719832,45.12756],[25.719828,45.12735],[25.719821,45.127331],[25.719786,45.127307],[25.71978,45.127288],[25.719796,45.127095],[25.719801,45.12707],[25.71981,45.127057],[25.719826,45.127048],[25.719946,45.127006],[25.719982,45.127],[25.7201,45.126987],[25.720132,45.126978],[25.720162,45.126955],[25.720239,45.126882],[25.72038,45.126639],[25.72038,45.126621],[25.720389,45.126596],[25.72049,45.126496],[25.720717,45.126218],[25.720725,45.126209],[25.720828,45.126031],[25.720974,45.125884],[25.720987,45.12586],[25.721028,45.125748],[25.721039,45.125736],[25.721075,45.125715],[25.721087,45.125702],[25.721193,45.125521],[25.721209,45.125504],[25.721253,45.125475],[25.721284,45.125412],[25.721338,45.125366],[25.721349,45.125354],[25.72136,45.125311],[25.721367,45.125306],[25.721398,45.125296],[25.721405,45.125289],[25.721432,45.125218],[25.721465,45.125183],[25.721467,45.125172],[25.721439,45.125142],[25.721434,45.125128],[25.721448,45.12504],[25.721444,45.125016],[25.721426,45.125003],[25.721357,45.124973],[25.721337,45.124961],[25.721333,45.124949],[25.721339,45.124922],[25.721338,45.12491],[25.72131,45.124888],[25.721302,45.124877],[25.721301,45.124852],[25.721318,45.12466],[25.721316,45.124632],[25.721308,45.124625],[25.721261,45.12463],[25.72125,45.124629],[25.721242,45.124624],[25.721229,45.124602],[25.721203,45.124541],[25.721199,45.124527],[25.721201,45.124516],[25.721216,45.124511],[25.721259,45.12451],[25.721321,45.12451],[25.721349,45.124515],[25.721481,45.124588],[25.7215,45.124595],[25.721551,45.124606],[25.721623,45.124663],[25.721642,45.124668],[25.721707,45.124676],[25.721806,45.12472],[25.721842,45.124723],[25.721921,45.124723],[25.72195,45.124691],[25.721914,45.124661],[25.721896,45.124654],[25.721842,45.124647],[25.721834,45.124642],[25.721819,45.124622],[25.721789,45.12461],[25.72179,45.124595],[25.72182,45.124535],[25.721818,45.12451],[25.721793,45.124465],[25.721775,45.124442],[25.721752,45.124431],[25.721714,45.12442],[25.721867,45.124447],[25.721886,45.124448],[25.7219,45.124443],[25.721911,45.124422],[25.721949,45.124253],[25.721962,45.124237],[25.722004,45.124222],[25.722019,45.124214],[25.722026,45.124196],[25.722027,45.124149],[25.722031,45.124135],[25.722037,45.124128],[25.722068,45.124106],[25.722085,45.124062],[25.722114,45.124051],[25.722121,45.124046],[25.722126,45.124023],[25.722125,45.123948],[25.722128,45.123924],[25.722137,45.123915],[25.722162,45.123907],[25.722169,45.123901],[25.722177,45.123868],[25.722185,45.123855],[25.722228,45.123827],[25.72227,45.123809],[25.722296,45.12381],[25.722358,45.12383],[25.722379,45.123833],[25.72242,45.123828],[25.722445,45.123816],[25.722447,45.123798],[25.722434,45.123745],[25.722436,45.123726],[25.72245,45.123709],[25.722514,45.123651],[25.722526,45.123628],[25.722526,45.123368],[25.72253,45.12336],[25.722538,45.123354],[25.722581,45.123348],[25.722591,45.123342],[25.722589,45.123325],[25.722561,45.123267],[25.722558,45.12325],[25.722567,45.123241],[25.722609,45.123223],[25.722613,45.123214],[25.722609,45.123194],[25.722615,45.123183],[25.722689,45.123135],[25.722697,45.123122],[25.722703,45.123086],[25.722713,45.123074],[25.722811,45.123012],[25.722821,45.123],[25.72283,45.122979],[25.722838,45.122972],[25.72291,45.122953],[25.722926,45.122944],[25.722973,45.122874],[25.722987,45.122865],[25.723018,45.122855],[25.723033,45.122828],[25.723045,45.122816],[25.72317,45.122737],[25.723218,45.122677],[25.723232,45.122666],[25.723257,45.122657],[25.723314,45.122645],[25.723339,45.122635],[25.723507,45.122518],[25.723642,45.122474],[25.723671,45.122461],[25.72368,45.122449],[25.72369,45.12241],[25.723701,45.1224],[25.723749,45.122372],[25.723762,45.12236],[25.723828,45.122255],[25.723848,45.12224],[25.723922,45.122208],[25.723938,45.122179],[25.723949,45.122168],[25.724019,45.12214],[25.724079,45.122121],[25.724108,45.12212],[25.724182,45.122129],[25.724205,45.122127],[25.724212,45.122112],[25.724212,45.122071],[25.724217,45.122053],[25.724224,45.122048],[25.72425,45.122039],[25.724259,45.122034],[25.724285,45.121986],[25.724295,45.121982],[25.724326,45.121996],[25.724337,45.121995],[25.724365,45.121944],[25.724374,45.121939],[25.724409,45.121929],[25.724424,45.121916],[25.724431,45.121899],[25.724422,45.121867],[25.724424,45.121854],[25.724531,45.121739],[25.724537,45.121719],[25.724537,45.121667],[25.724544,45.121649],[25.724565,45.121638],[25.724635,45.121617],[25.724657,45.121605],[25.724667,45.121592],[25.724683,45.12154],[25.724691,45.121527],[25.724704,45.121517],[25.72474,45.121504],[25.724751,45.121497],[25.724748,45.12147],[25.724752,45.121463],[25.72477,45.121451],[25.724844,45.121418],[25.724868,45.121399],[25.724906,45.121324],[25.724467,45.120915],[25.725214,45.120377],[25.726132,45.119713],[25.727561,45.118693],[25.72815,45.118282],[25.728411,45.11809],[25.728887,45.117752],[25.729465,45.11734],[25.730032,45.116941],[25.730672,45.116478],[25.730807,45.116393],[25.731006,45.116166],[25.731384,45.115729],[25.73165,45.115452],[25.731914,45.115168],[25.732115,45.114943],[25.732116,45.114924],[25.732109,45.114921],[25.732092,45.11492],[25.732073,45.114923],[25.732046,45.114932],[25.731988,45.114957],[25.731967,45.114969],[25.731961,45.114976],[25.73196,45.114985],[25.73197,45.115022],[25.731967,45.115037],[25.731888,45.11514],[25.731861,45.115166],[25.731797,45.115211],[25.731773,45.115223],[25.731738,45.115231],[25.731731,45.115237],[25.731726,45.115254],[25.731723,45.115317],[25.731711,45.115342],[25.731687,45.115375],[25.731662,45.115393],[25.731572,45.115421],[25.731547,45.115432],[25.731513,45.115459],[25.731464,45.115505],[25.731456,45.115518],[25.731455,45.115528],[25.731471,45.115596],[25.731469,45.115606],[25.73146,45.115618],[25.73124,45.115777],[25.731216,45.115788],[25.731134,45.115809],[25.73112,45.115819],[25.731095,45.115852],[25.731058,45.115868],[25.731056,45.115879],[25.731065,45.115917],[25.731063,45.115928],[25.731007,45.11594],[25.731,45.115951],[25.730996,45.11599],[25.73099,45.116002],[25.730931,45.116029],[25.730913,45.116062],[25.730811,45.116128],[25.730788,45.116165],[25.730773,45.116172],[25.730719,45.116185],[25.730704,45.116193],[25.730698,45.116205],[25.730691,45.116251],[25.730684,45.116256],[25.730652,45.116266],[25.730643,45.116273],[25.730607,45.11633],[25.730595,45.116342],[25.730544,45.116359],[25.730506,45.116391],[25.730491,45.116398],[25.730473,45.116399],[25.730426,45.116393],[25.730403,45.1164],[25.730384,45.116413],[25.730374,45.116426],[25.730367,45.11648],[25.730361,45.11649],[25.730345,45.116495],[25.730285,45.116499],[25.73027,45.116506],[25.730258,45.116528],[25.730226,45.116651],[25.730212,45.116672],[25.730178,45.116684],[25.730163,45.116705],[25.730156,45.11671],[25.730083,45.116716],[25.73006,45.116725],[25.730035,45.11675],[25.729916,45.116887],[25.729893,45.116907],[25.729868,45.116916],[25.729795,45.116928],[25.72977,45.116936],[25.729757,45.116953],[25.729727,45.117028],[25.729713,45.11705],[25.729674,45.117065],[25.729652,45.117094],[25.729595,45.117117],[25.729563,45.117161],[25.729549,45.117172],[25.729395,45.117239],[25.729369,45.117257],[25.729275,45.117336],[25.729258,45.117345],[25.729221,45.117353],[25.72921,45.117358],[25.729191,45.117378],[25.729152,45.117435],[25.729136,45.11745],[25.729119,45.117456],[25.729066,45.117465],[25.729029,45.117509],[25.728971,45.117532],[25.728964,45.117539],[25.72895,45.11757],[25.728927,45.11759],[25.728331,45.11802],[25.728314,45.118037],[25.728298,45.118074],[25.728282,45.11809],[25.728,45.118279],[25.727983,45.118296],[25.727971,45.11832],[25.727964,45.118326],[25.727936,45.118336],[25.727918,45.118368],[25.727895,45.118389],[25.726352,45.119484],[25.726324,45.119508],[25.726309,45.119544],[25.726293,45.119561],[25.725965,45.119783],[25.725943,45.119803],[25.725928,45.119831],[25.725891,45.119842],[25.725881,45.119848],[25.725822,45.119914],[25.725804,45.11993],[25.725648,45.120013],[25.725633,45.12003],[25.725614,45.120075],[25.725604,45.120087],[25.725582,45.120099],[25.725501,45.120125],[25.725489,45.120135],[25.725475,45.120157],[25.72543,45.120171],[25.725386,45.120198],[25.725198,45.120335],[25.725188,45.120348],[25.725179,45.120387],[25.725169,45.120398],[25.725084,45.120422],[25.725037,45.120463],[25.725015,45.120474],[25.724861,45.120509],[25.72483,45.120523],[25.724737,45.120574],[25.724718,45.12058],[25.724654,45.120588],[25.724596,45.120632],[25.72453,45.120644],[25.724493,45.120683],[25.724459,45.120683],[25.724465,45.120716],[25.724463,45.120723],[25.72445,45.120731],[25.724396,45.120744],[25.724381,45.120751],[25.724374,45.120768],[25.724369,45.120829],[25.724363,45.120837],[25.724332,45.120859],[25.724315,45.120883],[25.724301,45.120885],[25.724257,45.120881],[25.724242,45.120886],[25.724228,45.120899],[25.724239,45.120859],[25.724236,45.120841],[25.724212,45.120829],[25.724193,45.120825],[25.724179,45.120827],[25.724173,45.120833],[25.724171,45.120846],[25.724172,45.120927],[25.724169,45.120951],[25.72416,45.12096],[25.724129,45.12097],[25.724119,45.120982],[25.724077,45.121129],[25.724065,45.121148],[25.724047,45.121164],[25.723925,45.121248],[25.723899,45.121256],[25.723825,45.121268],[25.723797,45.121275],[25.723773,45.121288],[25.723725,45.121322],[25.723703,45.121342],[25.72369,45.121374],[25.72368,45.121387],[25.723606,45.12143],[25.723588,45.121446],[25.723488,45.121584],[25.723326,45.121717],[25.723296,45.12173],[25.723186,45.121758],[25.723156,45.121771],[25.722772,45.122062],[25.722747,45.122069],[25.722676,45.122073],[25.722651,45.122081],[25.722519,45.122172],[25.722494,45.122182],[25.722419,45.122201],[25.722406,45.122211],[25.722381,45.122244],[25.722372,45.12225],[25.722337,45.122259],[25.722327,45.122265],[25.722306,45.122286],[25.722251,45.122357],[25.722231,45.122391],[25.722214,45.12249],[25.722218,45.122503],[25.722241,45.12252],[25.722244,45.122527],[25.722214,45.122545],[25.722192,45.122566],[25.722019,45.122798],[25.722004,45.122809],[25.72197,45.122818],[25.72196,45.122823],[25.721936,45.122857],[25.721923,45.122868],[25.721898,45.122878],[25.721835,45.122897],[25.721811,45.122908],[25.721796,45.122925],[25.721765,45.12298],[25.72175,45.122998],[25.721634,45.123087],[25.721616,45.123116],[25.721467,45.123409],[25.721452,45.123424],[25.721418,45.123433],[25.721405,45.123442],[25.721354,45.123537],[25.721244,45.123622],[25.721235,45.123635],[25.721228,45.123676],[25.721215,45.123694],[25.720982,45.123864],[25.720964,45.12388],[25.720946,45.123912],[25.720891,45.123925],[25.720889,45.123935],[25.720897,45.123967],[25.720888,45.123984],[25.72067,45.124161],[25.720657,45.124179],[25.720648,45.124217],[25.720641,45.124223],[25.720609,45.124232],[25.720596,45.124243],[25.720546,45.124324],[25.720528,45.124345],[25.720511,45.124351],[25.720457,45.124359],[25.720442,45.124368],[25.720404,45.124402],[25.720388,45.124412],[25.720222,45.124474],[25.720215,45.12448],[25.720214,45.124486],[25.720235,45.124509],[25.720234,45.124516],[25.720213,45.124522],[25.720148,45.124533],[25.720129,45.12454],[25.72011,45.12456],[25.720064,45.124638],[25.720046,45.12466],[25.720019,45.124678],[25.719909,45.124734],[25.719881,45.124751],[25.719861,45.124779],[25.719813,45.124886],[25.719798,45.12491],[25.71978,45.124925],[25.719701,45.124973],[25.719647,45.125053],[25.719631,45.125062],[25.719559,45.125081],[25.719534,45.125114],[25.719487,45.125132],[25.719473,45.125142],[25.71945,45.12519],[25.719436,45.125207],[25.719407,45.125221],[25.71932,45.125252],[25.719294,45.125268],[25.71928,45.125291],[25.719277,45.12531],[25.719283,45.125323],[25.719307,45.125344],[25.719219,45.125309],[25.719204,45.125305],[25.719197,45.125308],[25.719193,45.125324],[25.719193,45.125371],[25.719188,45.125386],[25.719172,45.125403],[25.719102,45.125458],[25.719095,45.125477],[25.71909,45.125538],[25.719081,45.125547],[25.719057,45.125556],[25.719059,45.125565],[25.71908,45.125591],[25.719082,45.125601],[25.719071,45.125608],[25.719037,45.125621],[25.719026,45.12563],[25.719025,45.125649],[25.71904,45.125717],[25.71904,45.125741],[25.719034,45.125749],[25.718998,45.125775],[25.718968,45.12583],[25.718933,45.125845],[25.718933,45.12587],[25.718903,45.125882],[25.718897,45.125893],[25.718895,45.125941],[25.718899,45.125971],[25.718905,45.125978],[25.718914,45.125981],[25.718975,45.125984],[25.718986,45.125987],[25.718993,45.125992],[25.719,45.126015],[25.719,45.126069],[25.718997,45.126085],[25.718989,45.126099],[25.718938,45.126151],[25.718927,45.126169],[25.718923,45.126307],[25.718836,45.126473],[25.718833,45.126493],[25.718843,45.126527],[25.718842,45.126538],[25.718835,45.126544],[25.718786,45.126565],[25.718773,45.126607],[25.718762,45.126619],[25.718683,45.126656],[25.718662,45.126669],[25.718654,45.126681],[25.718648,45.126711],[25.718639,45.126721],[25.718614,45.126727],[25.718501,45.126737],[25.718466,45.126743],[25.718453,45.126751],[25.71844,45.126769],[25.718406,45.126768],[25.718396,45.126771],[25.718386,45.12678],[25.71838,45.126792],[25.718381,45.126806],[25.718389,45.126821],[25.718419,45.126857],[25.718429,45.126862],[25.718441,45.126864],[25.718511,45.126856],[25.718515,45.126859],[25.718512,45.126877],[25.718516,45.12688],[25.718558,45.126876],[25.718654,45.126859],[25.718686,45.12685],[25.718694,45.126845],[25.718697,45.126837],[25.718686,45.126793],[25.718687,45.126779],[25.718703,45.126764],[25.718754,45.126735],[25.718764,45.126726],[25.718707,45.126717],[25.718691,45.126704],[25.718686,45.126689],[25.718696,45.126677],[25.718712,45.126667],[25.718747,45.126648],[25.718767,45.126641],[25.718773,45.126643],[25.718776,45.12665],[25.718779,45.126695],[25.718784,45.126714],[25.718796,45.126724],[25.718843,45.126741],[25.718853,45.126752],[25.718858,45.12681],[25.718852,45.12684],[25.718833,45.12685],[25.71874,45.126868],[25.718725,45.126877],[25.718701,45.1269],[25.718664,45.126916],[25.718225,45.127059],[25.718196,45.127075],[25.71818,45.1271],[25.718182,45.127114],[25.718194,45.12713],[25.718208,45.127137],[25.718226,45.127139],[25.718237,45.127136],[25.718244,45.127131],[25.718259,45.127092],[25.718272,45.127087],[25.718285,45.127089],[25.71829,45.127097],[25.718285,45.127131],[25.71829,45.127136],[25.718305,45.127138],[25.718322,45.127135],[25.718338,45.127127],[25.718409,45.127065],[25.718436,45.127052],[25.718471,45.127051],[25.718645,45.127063],[25.71867,45.127068],[25.718679,45.127077],[25.718679,45.127088],[25.718674,45.127094],[25.71862,45.127105],[25.718614,45.12711],[25.718612,45.127118],[25.718655,45.127276],[25.718654,45.127297],[25.71864,45.12735],[25.718641,45.12737],[25.718679,45.127422],[25.718687,45.127451],[25.718683,45.127514],[25.718645,45.127583],[25.718645,45.127597],[25.718656,45.127636],[25.718651,45.127655],[25.718607,45.127709],[25.718595,45.127721],[25.718578,45.127728],[25.718543,45.127728],[25.718392,45.127717],[25.718363,45.12772],[25.718331,45.127729],[25.718313,45.127741],[25.7183,45.127783],[25.718245,45.127807],[25.718236,45.127822],[25.718257,45.128033],[25.718264,45.12807],[25.718308,45.128131],[25.718316,45.128185],[25.718322,45.128198],[25.718357,45.128223],[25.718371,45.128247],[25.718378,45.128254],[25.718433,45.128273],[25.718448,45.128283],[25.718467,45.128306],[25.718489,45.12834],[25.718498,45.12837],[25.718519,45.128534],[25.71852,45.128555],[25.718514,45.128575],[25.718484,45.12863],[25.718464,45.128652],[25.718434,45.128667],[25.718315,45.128715],[25.718272,45.128723],[25.718105,45.128725],[25.71806,45.128728],[25.717834,45.128801],[25.717803,45.128815],[25.717806,45.128821],[25.71782,45.128828],[25.717928,45.128863],[25.717956,45.128864],[25.718003,45.128857],[25.718027,45.12886],[25.718056,45.12888],[25.718078,45.128919],[25.718112,45.128944],[25.718116,45.128967],[25.718101,45.129074],[25.718107,45.129087],[25.71813,45.12911],[25.718136,45.12912],[25.71813,45.129131],[25.718107,45.129154],[25.7181,45.129168],[25.718097,45.12929],[25.718087,45.129307],[25.718035,45.129353],[25.718032,45.129366],[25.71804,45.129394],[25.718039,45.129406],[25.718028,45.129416],[25.71797,45.129439],[25.717949,45.129452],[25.717933,45.129475],[25.717884,45.12957],[25.717863,45.129597],[25.717747,45.12968],[25.717552,45.129759],[25.717535,45.129768],[25.717524,45.129779],[25.71752,45.129809],[25.717523,45.129931],[25.717531,45.129946],[25.717561,45.129956],[25.717568,45.129961],[25.717575,45.129995],[25.717579,45.130406],[25.717578,45.130421],[25.717571,45.130432],[25.717542,45.130442],[25.717535,45.130451],[25.717549,45.130533],[25.717542,45.130543],[25.717518,45.13055],[25.717511,45.130556],[25.717497,45.130597],[25.717451,45.13063],[25.717385,45.130732],[25.717371,45.130738],[25.717336,45.130734],[25.717312,45.130739],[25.717231,45.130784],[25.717216,45.130795],[25.717206,45.130807],[25.717202,45.130831],[25.717206,45.130859],[25.717216,45.130868],[25.717244,45.130876],[25.717258,45.130884],[25.717271,45.130906],[25.717273,45.130924],[25.717264,45.130936],[25.717222,45.13097],[25.717207,45.130987],[25.717198,45.131017],[25.717155,45.131232],[25.717026,45.131438],[25.717011,45.131468],[25.717008,45.1315],[25.717011,45.131688],[25.717006,45.131712],[25.716996,45.131723],[25.716965,45.131741],[25.716953,45.131753],[25.716886,45.131858],[25.716872,45.131869],[25.716829,45.131893],[25.716817,45.131904],[25.716812,45.131917],[25.716809,45.131957],[25.716803,45.13197],[25.716791,45.131981],[25.716749,45.132005],[25.716739,45.132016],[25.716735,45.132036],[25.716736,45.132104],[25.716733,45.132129],[25.716693,45.132174],[25.716679,45.132222],[25.716642,45.132247],[25.716633,45.13226],[25.716595,45.13238],[25.716583,45.132405],[25.716521,45.132458],[25.716515,45.132472],[25.71651,45.132503],[25.716502,45.132516],[25.716416,45.132572],[25.716389,45.13263],[25.716378,45.132644],[25.716278,45.132705],[25.716257,45.132725],[25.716168,45.132897],[25.716156,45.13291],[25.716121,45.132931],[25.71611,45.132943],[25.71608,45.133025],[25.715964,45.133149],[25.715917,45.133277],[25.715901,45.133307],[25.715772,45.133477],[25.715754,45.133493],[25.71571,45.133517],[25.715693,45.133531],[25.715684,45.13357],[25.715676,45.133583],[25.715625,45.133614],[25.715608,45.133629],[25.715551,45.133751],[25.71554,45.133769],[25.715531,45.133775],[25.715514,45.133778],[25.715413,45.133767],[25.715393,45.133768],[25.715382,45.133772],[25.715369,45.133782],[25.715314,45.133842],[25.7153,45.133847],[25.715274,45.133845],[25.715262,45.133848],[25.71525,45.133869],[25.71522,45.133894],[25.715224,45.133922],[25.715219,45.133934],[25.715189,45.13396],[25.71515,45.133982],[25.715075,45.134002],[25.715012,45.134015],[25.714976,45.134015],[25.714882,45.134005],[25.714865,45.134006],[25.714857,45.13401],[25.714852,45.134032],[25.714853,45.134096],[25.714857,45.134115],[25.714867,45.134124],[25.714914,45.134128],[25.714952,45.134126],[25.71497,45.134123],[25.714978,45.134115],[25.714977,45.134102],[25.71497,45.134099],[25.714942,45.1341],[25.714933,45.134094],[25.71493,45.134076],[25.714934,45.134063],[25.714948,45.134056],[25.714975,45.134054],[25.714994,45.134057],[25.715007,45.134066],[25.715018,45.134091],[25.715026,45.134127],[25.715022,45.134138],[25.714994,45.134149],[25.714985,45.134157],[25.714987,45.134172],[25.714999,45.13418],[25.715101,45.134192],[25.715152,45.134193],[25.715176,45.134185],[25.715228,45.134152],[25.715222,45.134172],[25.715157,45.134302],[25.715137,45.134335],[25.715124,45.134346],[25.715059,45.134384],[25.714983,45.134477],[25.714962,45.134497],[25.714908,45.134513],[25.714852,45.13456],[25.714837,45.134569],[25.714819,45.134571],[25.714774,45.134566],[25.714759,45.13457],[25.714744,45.134589],[25.714717,45.134648],[25.714704,45.134665],[25.714675,45.134679],[25.71454,45.134723],[25.714525,45.134733],[25.714487,45.134768],[25.714466,45.13478],[25.714176,45.134858],[25.714134,45.134864],[25.714111,45.134858],[25.714064,45.134828],[25.714047,45.134821],[25.713941,45.134813],[25.713827,45.134775],[25.713799,45.134772],[25.713786,45.134784],[25.713756,45.134848],[25.713739,45.134866],[25.713715,45.134868],[25.713648,45.13486],[25.713627,45.13486],[25.713611,45.134866],[25.713573,45.134899],[25.713557,45.134906],[25.71353,45.134909],[25.71347,45.13491],[25.713444,45.134915],[25.71343,45.134924],[25.713386,45.134961],[25.713367,45.134968],[25.713304,45.134981],[25.713279,45.134992],[25.713141,45.135087],[25.713115,45.135095],[25.713051,45.135109],[25.713033,45.135117],[25.712967,45.135173],[25.712919,45.13519],[25.712901,45.135213],[25.712885,45.135218],[25.712844,45.135223],[25.712826,45.13523],[25.712746,45.135298],[25.712725,45.135312],[25.712546,45.13537],[25.712515,45.135384],[25.712501,45.1354],[25.712478,45.135449],[25.71244,45.135474],[25.71243,45.135486],[25.712411,45.135557],[25.712403,45.135576],[25.712364,45.135605],[25.712347,45.135631],[25.712307,45.135646],[25.712279,45.135683],[25.712257,45.13569],[25.712202,45.135694],[25.712184,45.135698],[25.712143,45.135727],[25.712065,45.135749],[25.712057,45.135755],[25.712047,45.135774],[25.712039,45.135779],[25.711961,45.135787],[25.711951,45.135792],[25.71192,45.135814],[25.711888,45.135824],[25.71188,45.135829],[25.711866,45.13585],[25.711833,45.135862],[25.711818,45.13589],[25.711805,45.1359],[25.711688,45.135961],[25.711678,45.135973],[25.71167,45.136007],[25.711661,45.136018],[25.711589,45.136037],[25.711573,45.136045],[25.711558,45.136068],[25.711499,45.136195],[25.711482,45.136212],[25.711424,45.136254],[25.711408,45.13627],[25.711406,45.136284],[25.711413,45.136311],[25.711412,45.136321],[25.711375,45.136336],[25.711342,45.136375],[25.711307,45.136385],[25.71129,45.136392],[25.711219,45.136452],[25.711194,45.136461],[25.71116,45.136469],[25.711116,45.136469],[25.710928,45.136443],[25.710908,45.136442],[25.710895,45.136447],[25.710882,45.13647],[25.710851,45.136495],[25.710854,45.13651],[25.710869,45.136523],[25.71091,45.136528],[25.711091,45.136527],[25.711107,45.13653],[25.711112,45.136538],[25.711104,45.136561],[25.711062,45.136642],[25.711053,45.136656],[25.711041,45.136666],[25.711009,45.136672],[25.710899,45.136673],[25.71088,45.136678],[25.710881,45.136705],[25.71086,45.136723],[25.710889,45.136732],[25.710901,45.136743],[25.710912,45.136764],[25.710912,45.136772],[25.710907,45.136778],[25.710877,45.136784],[25.710736,45.136795],[25.710694,45.136803],[25.710659,45.136822],[25.710608,45.136861],[25.710597,45.136874],[25.710587,45.136901],[25.710575,45.136911],[25.710544,45.136923],[25.710441,45.136955],[25.710417,45.136966],[25.71039,45.136991],[25.710225,45.137184],[25.710206,45.1372],[25.710148,45.137234],[25.710141,45.137246],[25.710137,45.137291],[25.710131,45.137304],[25.710074,45.137343],[25.710059,45.137372],[25.710047,45.137383],[25.710011,45.1374],[25.709741,45.137505],[25.709574,45.137606],[25.709549,45.137616],[25.709466,45.137636],[25.709427,45.137668],[25.709404,45.137681],[25.709242,45.137738],[25.709213,45.13774],[25.709157,45.137733],[25.709139,45.137733],[25.709132,45.137737],[25.709116,45.137763],[25.709101,45.137772],[25.709076,45.137779],[25.709032,45.137781],[25.708631,45.137768],[25.708602,45.137773],[25.708589,45.137792],[25.708583,45.137794],[25.708502,45.137767],[25.708347,45.137748],[25.708285,45.137722],[25.708244,45.137725],[25.708233,45.137724],[25.708183,45.137703],[25.708163,45.137703],[25.708106,45.137711],[25.708077,45.137711],[25.707977,45.137687],[25.707948,45.137684],[25.707852,45.137696],[25.707822,45.137696],[25.707665,45.137668],[25.707607,45.137668],[25.707415,45.137686],[25.706998,45.137757],[25.706821,45.137762],[25.706795,45.13777],[25.706735,45.137801],[25.70671,45.137811],[25.706603,45.137818],[25.706334,45.137898],[25.706306,45.137902],[25.706261,45.137894],[25.706233,45.137895],[25.706028,45.137946],[25.705886,45.13801],[25.705804,45.138024],[25.705769,45.13805],[25.705683,45.138074],[25.705642,45.138103],[25.70558,45.138112],[25.70556,45.138118],[25.705324,45.138251],[25.705143,45.138312],[25.705109,45.138333],[25.704929,45.138461],[25.704905,45.138471],[25.704866,45.138478],[25.704841,45.138488],[25.704641,45.138614],[25.704613,45.138622],[25.704525,45.138637],[25.704499,45.138646],[25.704318,45.138757],[25.704285,45.138765],[25.704141,45.138766],[25.70412,45.138768],[25.7041,45.138773],[25.704072,45.138789],[25.703909,45.138907],[25.70387,45.138932],[25.703816,45.138952],[25.703782,45.138961],[25.703761,45.138961],[25.703714,45.138955],[25.703692,45.13896],[25.703675,45.138975],[25.703615,45.13904],[25.70359,45.139058],[25.703556,45.139068],[25.703319,45.13912],[25.703278,45.139132],[25.703248,45.139154],[25.703123,45.139283],[25.703102,45.139301],[25.703094,45.139303],[25.703087,45.1393],[25.703051,45.139257],[25.703037,45.139248],[25.703013,45.139248],[25.702982,45.139257],[25.702972,45.139263],[25.702963,45.139275],[25.702946,45.139347],[25.702937,45.139366],[25.702917,45.139386],[25.702876,45.139415],[25.702832,45.139435],[25.702771,45.139455],[25.702742,45.139458],[25.70266,45.13946],[25.702633,45.139465],[25.702496,45.139542],[25.702477,45.139548],[25.702434,45.139552],[25.702416,45.139557],[25.702403,45.139572],[25.702384,45.139617],[25.702372,45.139629],[25.702301,45.139674],[25.70225,45.139703],[25.702232,45.139708],[25.702191,45.139706],[25.702174,45.139727],[25.702165,45.13973],[25.702147,45.139731],[25.702123,45.139724],[25.70207,45.139691],[25.702046,45.139682],[25.701987,45.139679],[25.701939,45.139683],[25.701931,45.139692],[25.701933,45.139706],[25.70194,45.139711],[25.701974,45.139721],[25.70199,45.13973],[25.702031,45.139774],[25.702046,45.1398],[25.702044,45.139807],[25.702031,45.139816],[25.701962,45.139846],[25.701946,45.139857],[25.701949,45.139864],[25.701976,45.139885],[25.701981,45.139904],[25.701977,45.139922],[25.70197,45.139928],[25.701942,45.139935],[25.701927,45.139944],[25.701872,45.140017],[25.701856,45.140032],[25.701798,45.140051],[25.701723,45.140115],[25.701701,45.140128],[25.701619,45.140152],[25.701615,45.140157],[25.701618,45.140178],[25.701614,45.140182],[25.701543,45.140188],[25.701517,45.140195],[25.701286,45.140342],[25.701253,45.140352],[25.701159,45.140364],[25.701125,45.140372],[25.701102,45.140384],[25.701001,45.140454],[25.700974,45.140463],[25.7009,45.140474],[25.700872,45.140482],[25.700773,45.140545],[25.700739,45.140548],[25.700606,45.140537],[25.700585,45.140539],[25.700564,45.140545],[25.700346,45.140631],[25.70032,45.140647],[25.700307,45.140672],[25.7003,45.140678],[25.700222,45.1407],[25.700182,45.140731],[25.700164,45.140739],[25.70005,45.14077],[25.700034,45.140779],[25.700005,45.140805],[25.699987,45.140813],[25.699701,45.140895],[25.699684,45.140903],[25.699655,45.140929],[25.699639,45.140939],[25.69946,45.140991],[25.699374,45.141043],[25.699347,45.141049],[25.699253,45.141061],[25.699227,45.141069],[25.699174,45.141111],[25.699125,45.141128],[25.699092,45.141169],[25.699075,45.141176],[25.69902,45.141189],[25.699005,45.141197],[25.698988,45.14124],[25.698955,45.141253],[25.698938,45.141279],[25.698908,45.141301],[25.698903,45.141308],[25.698903,45.141322],[25.69892,45.141361],[25.698928,45.141368],[25.698938,45.141371],[25.698964,45.141371],[25.699001,45.141355],[25.699166,45.141253],[25.699086,45.141357],[25.699066,45.141373],[25.699035,45.141387],[25.698994,45.1414],[25.698968,45.141401],[25.698943,45.141392],[25.698895,45.141368],[25.698878,45.141364],[25.698873,45.141372],[25.698872,45.141418],[25.698867,45.141437],[25.698855,45.141446],[25.698814,45.141462],[25.698802,45.141471],[25.698797,45.14149],[25.698796,45.141542],[25.69879,45.141563],[25.698681,45.141725],[25.698679,45.141739],[25.698691,45.141787],[25.698685,45.1418],[25.69865,45.141848],[25.698624,45.141957],[25.698614,45.141969],[25.69858,45.14199],[25.698571,45.142003],[25.69853,45.142146],[25.698519,45.142164],[25.698485,45.142185],[25.698471,45.142202],[25.698427,45.142336],[25.698415,45.142348],[25.698386,45.142366],[25.698376,45.142378],[25.698355,45.142471],[25.698347,45.142491],[25.698254,45.142584],[25.698245,45.142609],[25.698224,45.142708],[25.698155,45.142818],[25.698149,45.142849],[25.698135,45.143015],[25.698298,45.143073],[25.69834,45.142996],[25.699055,45.141676],[25.69932,45.141341],[25.699987,45.14094],[25.701747,45.140325],[25.705312,45.138595],[25.70618,45.138022],[25.706851,45.13786],[25.707828,45.137739],[25.708485,45.137846],[25.709276,45.137843],[25.709982,45.137482],[25.712466,45.135669],[25.712319,45.136739],[25.712321,45.136989]],[[25.721326,45.124244],[25.721335,45.124233],[25.721344,45.124228],[25.721362,45.124227],[25.721383,45.124229],[25.721494,45.124248],[25.721527,45.124256],[25.721536,45.124261],[25.721541,45.124269],[25.721547,45.124312],[25.72155,45.12432],[25.721558,45.124324],[25.72159,45.124325],[25.721733,45.124311],[25.72166,45.124323],[25.721635,45.12433],[25.721625,45.124341],[25.721616,45.124373],[25.721605,45.12438],[25.721589,45.12438],[25.721581,45.124377],[25.721567,45.124358],[25.721561,45.124356],[25.721487,45.124381],[25.721373,45.124384],[25.721352,45.12439],[25.72135,45.1244],[25.721361,45.124422],[25.721373,45.124433],[25.72139,45.124436],[25.721414,45.124433],[25.721444,45.12441],[25.721468,45.124403],[25.721579,45.1244],[25.7216,45.124402],[25.721616,45.124406],[25.721621,45.12442],[25.721615,45.12443],[25.721551,45.124442],[25.721533,45.12446],[25.721531,45.124477],[25.72156,45.124516],[25.721559,45.124521],[25.721512,45.124513],[25.721429,45.124492],[25.721408,45.124479],[25.721369,45.124438],[25.721242,45.124409],[25.721221,45.124398],[25.721216,45.124387],[25.721219,45.124376],[25.721226,45.124371],[25.721322,45.124361],[25.721359,45.124347],[25.72138,45.124332],[25.721381,45.124325],[25.721377,45.124317],[25.721325,45.124261],[25.721326,45.124244]]],[[[25.749966,45.100744],[25.75016,45.100316],[25.750184,45.100183],[25.750194,45.100151],[25.750428,45.099617],[25.750454,45.099479],[25.750464,45.099448],[25.750701,45.098908],[25.750767,45.098664],[25.750777,45.098639],[25.750789,45.098627],[25.750809,45.098612],[25.750905,45.098555],[25.750941,45.098537],[25.751349,45.098389],[25.752717,45.093159],[25.753009,45.092043],[25.753033,45.091449],[25.753068,45.090627],[25.753135,45.089019],[25.753094,45.08849],[25.752889,45.085856],[25.752711,45.085903],[25.750912,45.086378],[25.750768,45.08626],[25.750768,45.086261],[25.750778,45.08628],[25.750831,45.086343],[25.750846,45.086367],[25.75092,45.086585],[25.750921,45.086609],[25.750915,45.086619],[25.7509,45.086621],[25.750844,45.086614],[25.750826,45.086615],[25.750811,45.086628],[25.750802,45.086652],[25.750802,45.086667],[25.750808,45.086681],[25.750859,45.086764],[25.75087,45.086789],[25.75087,45.086809],[25.750856,45.086883],[25.750855,45.086903],[25.750863,45.086914],[25.750879,45.086921],[25.750905,45.086927],[25.750923,45.086926],[25.750947,45.086912],[25.750969,45.086882],[25.750971,45.086867],[25.750968,45.086852],[25.750928,45.086738],[25.750933,45.086707],[25.750948,45.086672],[25.750961,45.086696],[25.751016,45.086859],[25.751022,45.086884],[25.75102,45.086894],[25.751011,45.086907],[25.750949,45.086952],[25.750941,45.086963],[25.750984,45.086978],[25.751006,45.086997],[25.751018,45.087014],[25.75101,45.08702],[25.750978,45.087023],[25.750934,45.087022],[25.750911,45.087016],[25.750903,45.087],[25.750901,45.086953],[25.750897,45.086939],[25.750891,45.086931],[25.750875,45.086923],[25.750844,45.086918],[25.75076,45.086935],[25.750707,45.086952],[25.750689,45.086971],[25.750682,45.086998],[25.750692,45.087007],[25.750733,45.087021],[25.750662,45.087028],[25.750654,45.087033],[25.750643,45.087048],[25.750603,45.087017],[25.75059,45.087055],[25.750535,45.08708],[25.750514,45.087106],[25.750506,45.087107],[25.750491,45.087103],[25.750476,45.08709],[25.750468,45.087036],[25.750434,45.087121],[25.75042,45.087143],[25.750398,45.08715],[25.750304,45.087155],[25.750289,45.087163],[25.750276,45.087179],[25.750269,45.087215],[25.750272,45.087436],[25.750264,45.087452],[25.750232,45.087464],[25.750228,45.087475],[25.750326,45.087873],[25.750335,45.087882],[25.750345,45.087882],[25.75041,45.087862],[25.750435,45.087861],[25.750457,45.08787],[25.750475,45.087885],[25.750492,45.08792],[25.750508,45.087984],[25.750509,45.088088],[25.750499,45.088105],[25.75047,45.088123],[25.750458,45.088134],[25.750443,45.088169],[25.75044,45.088194],[25.750478,45.088262],[25.750474,45.0883],[25.750502,45.08832],[25.75051,45.088332],[25.750518,45.088404],[25.750556,45.088448],[25.75055,45.088493],[25.750554,45.0885],[25.750564,45.088506],[25.750632,45.088526],[25.750656,45.088536],[25.750666,45.088548],[25.750677,45.088586],[25.750734,45.088624],[25.75074,45.088642],[25.750728,45.088694],[25.750731,45.08871],[25.75074,45.088713],[25.750759,45.088715],[25.75085,45.088713],[25.750874,45.088706],[25.750899,45.088686],[25.75091,45.088681],[25.750937,45.088677],[25.750974,45.088676],[25.751008,45.088679],[25.751021,45.088686],[25.751031,45.088737],[25.751036,45.088743],[25.751044,45.088747],[25.751058,45.088747],[25.751064,45.088744],[25.751063,45.088721],[25.751072,45.088715],[25.75111,45.088712],[25.751141,45.088715],[25.751151,45.088724],[25.751154,45.088738],[25.751155,45.08883],[25.751159,45.088856],[25.75117,45.088874],[25.751182,45.088884],[25.751217,45.088896],[25.75119,45.088929],[25.751189,45.088944],[25.751196,45.088969],[25.751203,45.088983],[25.751214,45.088994],[25.751266,45.089002],[25.751279,45.089009],[25.751287,45.089055],[25.751294,45.089065],[25.751316,45.089071],[25.751382,45.089071],[25.751408,45.089076],[25.751423,45.089084],[25.751458,45.089114],[25.75148,45.089122],[25.751624,45.089124],[25.751585,45.089139],[25.751579,45.089147],[25.751585,45.089159],[25.751605,45.08918],[25.75164,45.089204],[25.751664,45.089204],[25.751722,45.089185],[25.751733,45.089184],[25.751706,45.08924],[25.751715,45.089246],[25.751751,45.08925],[25.75176,45.089257],[25.751756,45.089273],[25.751733,45.089318],[25.75173,45.089337],[25.751738,45.089349],[25.751775,45.089378],[25.751784,45.089388],[25.751783,45.089399],[25.751762,45.089421],[25.751758,45.089433],[25.751767,45.089451],[25.751813,45.089509],[25.751806,45.089512],[25.751766,45.089507],[25.751752,45.08951],[25.751742,45.089527],[25.751727,45.089574],[25.751718,45.089587],[25.751703,45.089597],[25.751639,45.089623],[25.751625,45.089639],[25.751623,45.089717],[25.751629,45.089745],[25.751649,45.089755],[25.751728,45.089769],[25.751738,45.089772],[25.751742,45.089778],[25.751736,45.089792],[25.751718,45.089801],[25.751698,45.089802],[25.751624,45.089793],[25.751608,45.089796],[25.751604,45.089802],[25.751604,45.089831],[25.75163,45.090023],[25.751728,45.09021],[25.751744,45.090227],[25.751793,45.090264],[25.751808,45.09028],[25.751832,45.090379],[25.751844,45.090403],[25.751877,45.090429],[25.75191,45.090447],[25.751929,45.090451],[25.751998,45.090455],[25.752008,45.090459],[25.752013,45.090465],[25.752017,45.090488],[25.752013,45.09051],[25.752005,45.090516],[25.751973,45.090516],[25.751968,45.090521],[25.751967,45.090532],[25.751975,45.09055],[25.752007,45.090588],[25.752017,45.090607],[25.752045,45.090802],[25.752055,45.090827],[25.752083,45.090877],[25.752089,45.090896],[25.75208,45.090913],[25.752018,45.090959],[25.75201,45.090971],[25.752033,45.090978],[25.752145,45.090989],[25.752164,45.090993],[25.752174,45.090999],[25.752189,45.091021],[25.752263,45.09119],[25.75228,45.091218],[25.752293,45.091229],[25.752343,45.091256],[25.752356,45.091267],[25.752409,45.091343],[25.752424,45.091351],[25.752468,45.091366],[25.75248,45.091375],[25.752492,45.091443],[25.752574,45.091546],[25.752587,45.091571],[25.75259,45.091602],[25.75259,45.091721],[25.752578,45.091757],[25.752456,45.092039],[25.752427,45.092093],[25.752373,45.092168],[25.752359,45.092178],[25.752308,45.092195],[25.752291,45.092203],[25.752219,45.09228],[25.752194,45.09229],[25.752128,45.092301],[25.752102,45.092308],[25.752088,45.092318],[25.752064,45.092353],[25.752049,45.092362],[25.751904,45.092396],[25.751888,45.092404],[25.751863,45.092426],[25.751847,45.092434],[25.751739,45.092455],[25.751676,45.092495],[25.751652,45.092505],[25.751609,45.092511],[25.751375,45.092524],[25.751344,45.09253],[25.751334,45.09254],[25.751329,45.092569],[25.751322,45.092583],[25.751298,45.092601],[25.751214,45.092652],[25.751189,45.09267],[25.751178,45.092683],[25.751153,45.092737],[25.751117,45.092762],[25.751111,45.09277],[25.751109,45.092795],[25.751129,45.092924],[25.751129,45.092947],[25.751121,45.092953],[25.751091,45.092951],[25.751081,45.092953],[25.751071,45.092961],[25.751068,45.09297],[25.751077,45.092976],[25.751121,45.092982],[25.751133,45.092991],[25.751142,45.09302],[25.751158,45.093117],[25.751151,45.093142],[25.751101,45.093237],[25.751096,45.093258],[25.7511,45.093263],[25.751128,45.093273],[25.751142,45.093296],[25.751155,45.093306],[25.751199,45.093325],[25.751229,45.093331],[25.751238,45.093325],[25.75124,45.093312],[25.751237,45.093174],[25.751232,45.093153],[25.7512,45.093105],[25.751195,45.093087],[25.751203,45.093075],[25.751231,45.093048],[25.751242,45.093029],[25.751297,45.092851],[25.751308,45.092827],[25.751326,45.092813],[25.751372,45.092795],[25.75138,45.092789],[25.751393,45.092764],[25.751402,45.092757],[25.751476,45.092724],[25.751512,45.092681],[25.751521,45.092678],[25.751552,45.092679],[25.75156,45.092676],[25.751584,45.092645],[25.751598,45.092637],[25.751639,45.092632],[25.751698,45.092634],[25.751715,45.09264],[25.751729,45.092655],[25.751731,45.092667],[25.751727,45.092675],[25.75171,45.09269],[25.751694,45.092699],[25.751667,45.092704],[25.751555,45.092708],[25.751542,45.092714],[25.751531,45.092733],[25.751524,45.09274],[25.751454,45.092759],[25.751447,45.092765],[25.751445,45.092772],[25.751451,45.092799],[25.751449,45.092811],[25.751437,45.092819],[25.751402,45.092833],[25.751429,45.092841],[25.751471,45.092845],[25.751488,45.092841],[25.751507,45.092825],[25.751496,45.092874],[25.751499,45.09288],[25.751511,45.092884],[25.751529,45.09288],[25.751547,45.092856],[25.751564,45.092851],[25.75159,45.09285],[25.751606,45.092855],[25.751622,45.092893],[25.751633,45.09289],[25.751682,45.092859],[25.75157,45.09301],[25.751546,45.093037],[25.751531,45.093047],[25.75148,45.093067],[25.751477,45.093073],[25.75148,45.093096],[25.751472,45.093105],[25.751393,45.093131],[25.751376,45.093142],[25.751378,45.093153],[25.751394,45.093172],[25.751407,45.093181],[25.751421,45.093183],[25.751469,45.093162],[25.751538,45.09315],[25.751552,45.09314],[25.751584,45.093099],[25.751598,45.09309],[25.751615,45.093089],[25.751647,45.093096],[25.75166,45.093104],[25.751663,45.093112],[25.751656,45.093154],[25.751642,45.093182],[25.751634,45.093187],[25.751599,45.093197],[25.751584,45.093207],[25.751516,45.09329],[25.7515,45.093306],[25.751485,45.093311],[25.75145,45.093309],[25.751434,45.093333],[25.751405,45.093355],[25.7514,45.093366],[25.751404,45.09338],[25.751411,45.093393],[25.751423,45.093402],[25.751448,45.093404],[25.751553,45.093394],[25.751566,45.0934],[25.751581,45.09342],[25.751589,45.093423],[25.751605,45.093423],[25.751617,45.093417],[25.751631,45.093396],[25.75168,45.093378],[25.751731,45.093334],[25.751746,45.093324],[25.751771,45.093322],[25.751833,45.093329],[25.751845,45.093324],[25.751849,45.093312],[25.75185,45.093265],[25.751854,45.093245],[25.751867,45.093227],[25.75191,45.093183],[25.751921,45.093165],[25.751922,45.093153],[25.751916,45.093144],[25.751885,45.093146],[25.75188,45.093143],[25.751879,45.093136],[25.751914,45.092999],[25.751921,45.092985],[25.751934,45.092975],[25.751953,45.092972],[25.751973,45.092973],[25.751984,45.092975],[25.751992,45.092981],[25.751997,45.092994],[25.751999,45.093041],[25.752004,45.093054],[25.752016,45.093064],[25.752063,45.093081],[25.752072,45.093093],[25.752077,45.093167],[25.752084,45.09318],[25.752093,45.093181],[25.752111,45.093177],[25.752159,45.093156],[25.752167,45.093146],[25.752165,45.093121],[25.752219,45.093108],[25.752236,45.093069],[25.752244,45.093068],[25.752259,45.093073],[25.752275,45.093085],[25.752279,45.09311],[25.752275,45.093131],[25.752253,45.093158],[25.752196,45.093206],[25.752175,45.093219],[25.752137,45.09323],[25.75212,45.093271],[25.752082,45.093283],[25.752072,45.093289],[25.752008,45.093357],[25.751998,45.093363],[25.751963,45.093372],[25.751953,45.093378],[25.751938,45.093394],[25.75191,45.093444],[25.751898,45.093456],[25.751875,45.093469],[25.751822,45.093489],[25.751801,45.093503],[25.751745,45.09359],[25.751536,45.09376],[25.751523,45.093779],[25.751505,45.093824],[25.751496,45.093838],[25.751482,45.093849],[25.751424,45.093882],[25.751404,45.093897],[25.751391,45.093914],[25.75135,45.093997],[25.751337,45.094008],[25.751288,45.094035],[25.751268,45.094049],[25.751131,45.09421],[25.751109,45.094223],[25.751057,45.094239],[25.751039,45.094248],[25.750893,45.09435],[25.75087,45.094362],[25.75082,45.094374],[25.750768,45.094417],[25.750683,45.094441],[25.750674,45.094452],[25.750667,45.09448],[25.750658,45.094489],[25.750592,45.094495],[25.750571,45.094503],[25.750558,45.094525],[25.750533,45.094603],[25.750521,45.094627],[25.750509,45.094638],[25.750467,45.094653],[25.750452,45.094661],[25.750446,45.094673],[25.750443,45.094718],[25.750438,45.094733],[25.750356,45.09483],[25.750353,45.094843],[25.750362,45.094876],[25.75036,45.094886],[25.750347,45.09489],[25.750272,45.094896],[25.750249,45.094907],[25.750233,45.094921],[25.750228,45.094933],[25.750233,45.094963],[25.750209,45.094996],[25.750219,45.094999],[25.750273,45.095001],[25.75029,45.095006],[25.750307,45.095025],[25.750317,45.095066],[25.75031,45.095084],[25.75028,45.095122],[25.750275,45.095142],[25.7503,45.095487],[25.750294,45.095498],[25.75026,45.09551],[25.750249,45.095531],[25.750212,45.095846],[25.750208,45.095866],[25.7502,45.095875],[25.750185,45.095875],[25.750167,45.09587],[25.750067,45.095834],[25.750047,45.095819],[25.750021,45.095787],[25.750007,45.095763],[25.750004,45.095742],[25.750021,45.095597],[25.75002,45.095571],[25.750009,45.095555],[25.749958,45.095525],[25.749947,45.095503],[25.749945,45.095287],[25.749949,45.095284],[25.74997,45.0953],[25.749994,45.095307],[25.750028,45.095306],[25.750039,45.095303],[25.750046,45.095296],[25.750055,45.095271],[25.750087,45.095109],[25.750089,45.095083],[25.750065,45.095103],[25.749925,45.095251],[25.749913,45.095286],[25.749876,45.095544],[25.749881,45.095555],[25.749911,45.095564],[25.749923,45.095573],[25.749941,45.095618],[25.749944,45.095639],[25.749942,45.095655],[25.749911,45.095714],[25.749914,45.095719],[25.749935,45.095726],[25.74994,45.095731],[25.749932,45.095771],[25.749937,45.09579],[25.749969,45.095838],[25.749994,45.095868],[25.750007,45.095876],[25.750041,45.095873],[25.750045,45.095876],[25.750037,45.095909],[25.750038,45.095923],[25.750095,45.096001],[25.750098,45.096014],[25.750094,45.096042],[25.75012,45.096063],[25.750124,45.09607],[25.750119,45.096098],[25.750089,45.096174],[25.750072,45.096196],[25.750016,45.096241],[25.750009,45.096255],[25.750008,45.096281],[25.750017,45.096324],[25.750038,45.096369],[25.750126,45.096452],[25.750134,45.096466],[25.750145,45.096504],[25.750152,45.096509],[25.750175,45.096516],[25.75018,45.096521],[25.750178,45.096537],[25.750147,45.096611],[25.750148,45.096625],[25.75016,45.096658],[25.750155,45.096682],[25.750147,45.096695],[25.750136,45.096705],[25.750088,45.096718],[25.750061,45.096736],[25.749733,45.097004],[25.749719,45.097022],[25.749711,45.097056],[25.749705,45.097068],[25.749672,45.09708],[25.749652,45.097111],[25.749607,45.097139],[25.749595,45.097149],[25.74959,45.097163],[25.749585,45.097212],[25.749576,45.097226],[25.749558,45.097241],[25.749452,45.097315],[25.749435,45.097323],[25.749397,45.097332],[25.749386,45.097337],[25.749337,45.09739],[25.749328,45.097393],[25.749294,45.097392],[25.749281,45.09741],[25.749273,45.097414],[25.749219,45.097422],[25.749194,45.09743],[25.749047,45.097522],[25.749016,45.097544],[25.748998,45.097572],[25.748965,45.097661],[25.748998,45.097634],[25.749009,45.097629],[25.749019,45.097634],[25.749027,45.097649],[25.74902,45.097672],[25.748987,45.097713],[25.748962,45.097739],[25.748939,45.097752],[25.74888,45.097775],[25.748866,45.097785],[25.74886,45.097798],[25.748859,45.097845],[25.748855,45.09786],[25.748848,45.097863],[25.748821,45.097862],[25.748814,45.097865],[25.748811,45.097872],[25.748809,45.097967],[25.748788,45.09794],[25.748778,45.097936],[25.748755,45.097947],[25.748735,45.097968],[25.748722,45.098004],[25.748638,45.09831],[25.748641,45.098432],[25.748648,45.098443],[25.748676,45.098452],[25.748681,45.098461],[25.748648,45.098542],[25.748643,45.098562],[25.748662,45.098683],[25.748663,45.098706],[25.748655,45.098715],[25.748627,45.098725],[25.748613,45.098748],[25.748602,45.098759],[25.748511,45.098802],[25.748487,45.09882],[25.748326,45.099084],[25.748318,45.099115],[25.748317,45.099232],[25.748307,45.09925],[25.748273,45.099281],[25.748259,45.099311],[25.748202,45.099498],[25.748201,45.099519],[25.748212,45.099559],[25.748207,45.099564],[25.74818,45.099574],[25.748173,45.099585],[25.748172,45.099691],[25.748169,45.099717],[25.7481,45.099869],[25.748073,45.099901],[25.747861,45.100113],[25.747853,45.100118],[25.747846,45.100117],[25.747822,45.100101],[25.747805,45.100095],[25.747778,45.100092],[25.747744,45.100094],[25.747726,45.100102],[25.747715,45.100121],[25.747708,45.100127],[25.747631,45.100149],[25.747616,45.100164],[25.747592,45.100211],[25.747583,45.100216],[25.747548,45.100225],[25.747527,45.100237],[25.74737,45.100384],[25.747301,45.100512],[25.747289,45.100525],[25.747253,45.100546],[25.747242,45.100558],[25.747194,45.100703],[25.747119,45.100787],[25.747067,45.100906],[25.747046,45.100928],[25.746901,45.101049],[25.746887,45.101073],[25.746856,45.101166],[25.746844,45.10119],[25.746827,45.101205],[25.746778,45.101232],[25.746758,45.101258],[25.746729,45.101322],[25.746719,45.101352],[25.746679,45.101688],[25.746674,45.101709],[25.746665,45.101722],[25.746563,45.101787],[25.746553,45.101799],[25.746541,45.101826],[25.746528,45.101836],[25.746342,45.101913],[25.746329,45.101923],[25.746313,45.10195],[25.746267,45.101963],[25.746244,45.101975],[25.745945,45.102174],[25.745915,45.102189],[25.745877,45.102197],[25.745867,45.102201],[25.745854,45.102213],[25.745815,45.102264],[25.745781,45.102292],[25.745586,45.102432],[25.745562,45.102443],[25.745531,45.102449],[25.745517,45.102456],[25.745483,45.102522],[25.745346,45.102626],[25.745279,45.102727],[25.745099,45.102892],[25.745086,45.102911],[25.74506,45.102971],[25.745043,45.102988],[25.74498,45.103034],[25.744963,45.103051],[25.744925,45.103129],[25.744913,45.103147],[25.744893,45.10316],[25.744825,45.10319],[25.744802,45.103227],[25.744736,45.103269],[25.74459,45.103456],[25.744458,45.103556],[25.744443,45.103573],[25.744429,45.103601],[25.744413,45.103607],[25.744385,45.103609],[25.743937,45.103628],[25.743766,45.103661],[25.743738,45.103659],[25.74367,45.103638],[25.743658,45.103637],[25.743648,45.103639],[25.743636,45.103649],[25.743605,45.103691],[25.74359,45.103702],[25.743463,45.103737],[25.743447,45.103746],[25.743418,45.103772],[25.743401,45.103782],[25.743254,45.103836],[25.743222,45.103851],[25.743152,45.103911],[25.743096,45.103931],[25.743063,45.10397],[25.743021,45.10398],[25.742997,45.103991],[25.74285,45.104082],[25.742826,45.104101],[25.742809,45.10413],[25.742775,45.104131],[25.74277,45.104136],[25.742762,45.104168],[25.74275,45.104178],[25.74272,45.104191],[25.742624,45.10422],[25.742594,45.104234],[25.742579,45.104251],[25.74254,45.104314],[25.742519,45.104328],[25.742451,45.104357],[25.742442,45.104369],[25.742433,45.104392],[25.742419,45.10441],[25.742282,45.104522],[25.74226,45.104534],[25.742223,45.104543],[25.742208,45.104551],[25.742151,45.104629],[25.742128,45.104647],[25.742088,45.10466],[25.741706,45.104747],[25.741665,45.104759],[25.74165,45.104768],[25.741613,45.104804],[25.741592,45.104818],[25.741316,45.104936],[25.741295,45.10495],[25.74124,45.105001],[25.741219,45.105015],[25.740989,45.105101],[25.740968,45.105115],[25.740931,45.10515],[25.740915,45.105158],[25.740873,45.105167],[25.740675,45.105194],[25.740639,45.105201],[25.740179,45.1054],[25.740138,45.105414],[25.740088,45.105418],[25.739985,45.105417],[25.739963,45.105409],[25.739938,45.105376],[25.739925,45.105368],[25.739885,45.105364],[25.739836,45.105368],[25.739792,45.105387],[25.739553,45.10552],[25.73952,45.105541],[25.73951,45.105554],[25.739499,45.10558],[25.739492,45.105588],[25.739424,45.105628],[25.739406,45.105644],[25.739357,45.105752],[25.739344,45.10576],[25.739299,45.105767],[25.739291,45.10577],[25.739291,45.10578],[25.73932,45.105834],[25.739322,45.105852],[25.739312,45.105862],[25.739276,45.105883],[25.739264,45.105894],[25.739249,45.10594],[25.739234,45.105949],[25.739191,45.105964],[25.739175,45.105974],[25.739086,45.106078],[25.73907,45.106086],[25.739023,45.106092],[25.739011,45.106099],[25.739011,45.106121],[25.739028,45.1062],[25.739026,45.106226],[25.739018,45.106245],[25.739006,45.106262],[25.738969,45.106275],[25.738962,45.10628],[25.738948,45.106318],[25.738911,45.10633],[25.738901,45.106336],[25.738842,45.106401],[25.738822,45.106416],[25.738586,45.106506],[25.738559,45.106523],[25.738456,45.106611],[25.738341,45.106666],[25.73833,45.106678],[25.738324,45.106713],[25.738317,45.106727],[25.738253,45.106779],[25.738238,45.106795],[25.738236,45.106803],[25.73824,45.106825],[25.738207,45.106824],[25.738196,45.106832],[25.738178,45.106858],[25.738165,45.106868],[25.738098,45.106885],[25.738083,45.106893],[25.738076,45.106905],[25.738074,45.106962],[25.738067,45.106981],[25.738045,45.107001],[25.73795,45.107068],[25.737928,45.107089],[25.737913,45.107124],[25.737764,45.107633],[25.73775,45.107663],[25.737733,45.107679],[25.737641,45.107748],[25.737632,45.107761],[25.737622,45.107789],[25.73761,45.107801],[25.73746,45.107898],[25.737444,45.107916],[25.737413,45.10797],[25.737398,45.107988],[25.737318,45.108024],[25.737306,45.108035],[25.737296,45.108054],[25.737288,45.108059],[25.737224,45.108065],[25.737213,45.108069],[25.737219,45.108081],[25.737261,45.108122],[25.737266,45.108135],[25.737263,45.108142],[25.737236,45.108169],[25.737227,45.108183],[25.737201,45.108292],[25.737187,45.108308],[25.737144,45.108342],[25.737131,45.108359],[25.737128,45.108384],[25.73713,45.10847],[25.737122,45.108493],[25.737102,45.108503],[25.737012,45.108525],[25.736988,45.108534],[25.736972,45.108549],[25.736949,45.108586],[25.736918,45.108613],[25.736892,45.10863],[25.736874,45.108638],[25.736818,45.108645],[25.7368,45.108651],[25.736783,45.108667],[25.73676,45.108701],[25.736752,45.10873],[25.736755,45.108741],[25.736762,45.108745],[25.736792,45.108741],[25.73689,45.108717],[25.736926,45.108714],[25.736945,45.108716],[25.73696,45.108724],[25.736974,45.10874],[25.736979,45.108754],[25.736979,45.108774],[25.73697,45.108786],[25.736902,45.108815],[25.736892,45.108824],[25.736898,45.108839],[25.736938,45.108877],[25.736952,45.108895],[25.736957,45.108915],[25.736956,45.108936],[25.736943,45.10896],[25.736865,45.109035],[25.736855,45.109081],[25.736848,45.109094],[25.736824,45.109113],[25.736719,45.109177],[25.736703,45.109194],[25.736684,45.109227],[25.736672,45.109238],[25.736628,45.109258],[25.73658,45.109272],[25.736542,45.109275],[25.736405,45.109276],[25.736353,45.109272],[25.736321,45.10926],[25.736203,45.109202],[25.736171,45.109191],[25.736151,45.109192],[25.736115,45.109198],[25.736037,45.109215],[25.736011,45.109224],[25.736011,45.109232],[25.73603,45.109251],[25.736031,45.109257],[25.736022,45.109264],[25.735981,45.109278],[25.735964,45.109293],[25.735887,45.109443],[25.73588,45.109461],[25.735881,45.109469],[25.735891,45.109467],[25.735911,45.109458],[25.735941,45.109439],[25.73595,45.109424],[25.735968,45.109366],[25.735978,45.109347],[25.736069,45.109265],[25.736083,45.109254],[25.736099,45.109248],[25.736118,45.109249],[25.736138,45.109254],[25.73628,45.109305],[25.7363,45.109319],[25.736325,45.109354],[25.736339,45.109362],[25.736366,45.109365],[25.73645,45.109365],[25.736476,45.10937],[25.736493,45.109389],[25.736499,45.109412],[25.736487,45.109426],[25.736439,45.109453],[25.736422,45.10947],[25.736286,45.109679],[25.736267,45.109695],[25.736218,45.109722],[25.736202,45.109737],[25.736046,45.110075],[25.736029,45.110104],[25.736006,45.110125],[25.735951,45.110163],[25.735928,45.110174],[25.735892,45.110184],[25.735893,45.110194],[25.735917,45.110231],[25.735922,45.110249],[25.735886,45.110293],[25.735877,45.110351],[25.735867,45.110362],[25.735843,45.110377],[25.735833,45.110389],[25.735813,45.110494],[25.735804,45.11052],[25.735782,45.11054],[25.735699,45.110601],[25.735682,45.110618],[25.735563,45.11089],[25.735543,45.110912],[25.735441,45.110989],[25.73543,45.111008],[25.735414,45.11106],[25.735403,45.111078],[25.735387,45.111086],[25.735343,45.111101],[25.735327,45.111111],[25.735252,45.111204],[25.735229,45.111223],[25.735197,45.111234],[25.735065,45.111258],[25.735041,45.111268],[25.735044,45.111282],[25.735059,45.111292],[25.735125,45.111289],[25.73513,45.111298],[25.735129,45.11131],[25.735119,45.111321],[25.735077,45.111346],[25.735064,45.111357],[25.735059,45.11137],[25.735055,45.111409],[25.735049,45.111422],[25.73499,45.111449],[25.734984,45.111462],[25.734978,45.111491],[25.734972,45.1115],[25.734906,45.11154],[25.734888,45.111555],[25.734882,45.111574],[25.734879,45.111619],[25.734874,45.111634],[25.734771,45.111769],[25.734758,45.11178],[25.734747,45.111785],[25.734698,45.11179],[25.734681,45.111797],[25.734665,45.111812],[25.734619,45.111878],[25.734601,45.111892],[25.734583,45.111896],[25.734528,45.111899],[25.734515,45.111903],[25.734512,45.111914],[25.734522,45.111952],[25.73452,45.111963],[25.734464,45.111976],[25.734458,45.111983],[25.734452,45.112017],[25.734444,45.112031],[25.73441,45.112065],[25.734368,45.112101],[25.734351,45.11211],[25.734296,45.112117],[25.734283,45.112124],[25.734279,45.112142],[25.734276,45.112211],[25.734268,45.112223],[25.734246,45.112238],[25.734239,45.112248],[25.734245,45.112293],[25.734236,45.112303],[25.734193,45.112327],[25.734174,45.112342],[25.734133,45.112397],[25.73411,45.112436],[25.734105,45.112462],[25.734106,45.112521],[25.734101,45.11254],[25.734082,45.112551],[25.734003,45.112564],[25.733981,45.112575],[25.733969,45.112598],[25.73394,45.112698],[25.733929,45.112722],[25.733915,45.112733],[25.733857,45.112757],[25.733837,45.112769],[25.733821,45.112822],[25.733732,45.112894],[25.733718,45.112917],[25.733689,45.112981],[25.733676,45.112999],[25.733656,45.113014],[25.733597,45.113046],[25.733578,45.113061],[25.733498,45.113189],[25.733479,45.113211],[25.733463,45.11322],[25.73342,45.113235],[25.733405,45.113244],[25.733376,45.113301],[25.73334,45.113327],[25.733334,45.113335],[25.733323,45.11339],[25.73331,45.113397],[25.733264,45.113403],[25.733246,45.113416],[25.733182,45.113533],[25.73313,45.11357],[25.733097,45.113638],[25.733011,45.113722],[25.733005,45.113736],[25.733,45.113791],[25.732987,45.113808],[25.732949,45.113838],[25.732935,45.113854],[25.732924,45.113915],[25.732916,45.11392],[25.732905,45.113923],[25.732807,45.113925],[25.732786,45.11393],[25.732781,45.113946],[25.732797,45.114019],[25.732797,45.114043],[25.732786,45.114052],[25.732751,45.114065],[25.732739,45.114073],[25.732737,45.114084],[25.732747,45.114117],[25.732745,45.114132],[25.732728,45.114161],[25.732685,45.114222],[25.732661,45.114241],[25.732616,45.114268],[25.732576,45.114291],[25.732551,45.114299],[25.732517,45.114297],[25.732403,45.114275],[25.732384,45.114276],[25.732384,45.114294],[25.73242,45.11438],[25.732419,45.114404],[25.732402,45.114423],[25.732363,45.114435],[25.73235,45.114444],[25.732338,45.114467],[25.732311,45.11455],[25.732297,45.114573],[25.732281,45.114583],[25.732222,45.114606],[25.732203,45.11462],[25.732192,45.114644],[25.732162,45.114751],[25.732159,45.114784],[25.732169,45.114788],[25.732187,45.114785],[25.732212,45.114778],[25.732228,45.114768],[25.732246,45.114745],[25.73232,45.114627],[25.732339,45.114615],[25.732379,45.11461],[25.732393,45.114605],[25.732396,45.114594],[25.732386,45.114556],[25.732388,45.114544],[25.732402,45.114536],[25.732455,45.114523],[25.732471,45.114516],[25.732477,45.114504],[25.732481,45.114465],[25.732484,45.114458],[25.732491,45.114454],[25.732507,45.114455],[25.732532,45.114461],[25.732544,45.114467],[25.732716,45.11429],[25.733329,45.113618],[25.733918,45.112937],[25.734651,45.112136],[25.735736,45.110974],[25.736023,45.110658],[25.73645,45.11017],[25.73675,45.109844],[25.737111,45.109446],[25.737792,45.108686],[25.738499,45.107902],[25.738959,45.107419],[25.740142,45.106714],[25.742224,45.105478],[25.743888,45.104495],[25.744775,45.103968],[25.744921,45.103885],[25.745553,45.103514],[25.746294,45.10312],[25.747126,45.102548],[25.748312,45.101836],[25.748485,45.101749],[25.749,45.101271],[25.749107,45.101219],[25.749403,45.101075],[25.749944,45.100812],[25.749966,45.100744]],[[25.75158,45.086774],[25.751542,45.086744],[25.751527,45.086696],[25.751491,45.08666],[25.751482,45.086647],[25.751459,45.086527],[25.751458,45.086513],[25.751463,45.086503],[25.751477,45.086501],[25.751497,45.086504],[25.751611,45.086527],[25.751634,45.086538],[25.751655,45.086559],[25.751674,45.086588],[25.751683,45.086608],[25.751686,45.086678],[25.751681,45.086703],[25.751675,45.086711],[25.751649,45.086729],[25.751646,45.08674],[25.751655,45.086758],[25.751687,45.086801],[25.751614,45.086815],[25.751598,45.086814],[25.751591,45.08681],[25.75158,45.086774]],[[25.751856,45.09003],[25.75186,45.090013],[25.751868,45.090009],[25.751886,45.090009],[25.751936,45.090018],[25.751954,45.090025],[25.751982,45.090046],[25.751989,45.090035],[25.752002,45.089962],[25.752011,45.089937],[25.752022,45.089925],[25.752049,45.08991],[25.752071,45.089902],[25.752084,45.089904],[25.752099,45.089923],[25.752105,45.089947],[25.752099,45.089961],[25.752085,45.089976],[25.752048,45.089988],[25.752042,45.089993],[25.752041,45.09001],[25.752056,45.090071],[25.752052,45.090087],[25.752043,45.090091],[25.752023,45.090093],[25.751924,45.090094],[25.751997,45.090113],[25.752016,45.090137],[25.752024,45.090141],[25.752042,45.090141],[25.752107,45.090132],[25.752124,45.090133],[25.752099,45.090165],[25.752101,45.090196],[25.752089,45.090204],[25.752055,45.090216],[25.752044,45.090226],[25.752042,45.090245],[25.75206,45.090336],[25.75206,45.090362],[25.752052,45.090382],[25.752028,45.090416],[25.752015,45.090428],[25.751999,45.090433],[25.751982,45.090433],[25.75197,45.090427],[25.751961,45.09038],[25.751954,45.090368],[25.75194,45.090359],[25.751898,45.090344],[25.751887,45.090329],[25.751885,45.090304],[25.75189,45.090281],[25.751923,45.090255],[25.751927,45.090248],[25.751921,45.09021],[25.751926,45.090205],[25.751946,45.090197],[25.751935,45.090188],[25.751879,45.090157],[25.751869,45.090146],[25.751874,45.09013],[25.751909,45.090093],[25.751906,45.090076],[25.7519,45.090066],[25.751867,45.090054],[25.75186,45.090048],[25.751856,45.09003]],[[25.743229,45.104],[25.743296,45.103944],[25.743335,45.103931],[25.743386,45.103924],[25.743361,45.103944],[25.743008,45.104167],[25.742985,45.104188],[25.742918,45.104273],[25.742897,45.104294],[25.74288,45.104302],[25.742817,45.104316],[25.742791,45.104325],[25.742766,45.104343],[25.742677,45.10442],[25.742656,45.104432],[25.742618,45.104447],[25.742616,45.104465],[25.74261,45.104475],[25.742594,45.104482],[25.742579,45.10448],[25.742574,45.104471],[25.742575,45.104457],[25.742586,45.104427],[25.742599,45.104408],[25.742741,45.104303],[25.742782,45.104279],[25.742881,45.104243],[25.74291,45.104229],[25.742923,45.104218],[25.742948,45.104176],[25.742981,45.104148],[25.743061,45.104093],[25.743122,45.104075],[25.743171,45.104019],[25.743229,45.104]]]],"type":"MultiPolygon"},"properties":{"fid":10.0,"tt":1.0,"Id":3198,"IFCID":3198,"localId":"1.298.131274","namespace":"RO.Ancpi.AU","versionId":"20140402141652","country":"RO","natLevel":"3rdOrder","natLevName":"Comuna","natCode":"131274","name":"POIANA CÃ‚MPINA","resOfAut":"POIANA CÃ‚MPINA","beginVers":"2014-04-02","endVersion":null,"Shape_Leng":23770.8646317,"Shape_Area":15478691.1392,"Jud_ID":"1.298","Jud_name":"PRAHOVA","_s":{"f":"#4daf4a","fo":1.0,"s":"#3388ff","so":1.0,"w":1.0,"r":5.0}}},{"type":"Feature","geometry":{"coordinates":[[[[25.77035,45.067109],[25.769829,45.06883],[25.768833,45.071462],[25.766919,45.07439],[25.76265,45.077032],[25.758053,45.078295],[25.757687,45.078439],[25.757666,45.078443],[25.757636,45.078445],[25.757507,45.078446],[25.757503,45.078446],[25.756183,45.078808],[25.753709,45.081],[25.752812,45.083636],[25.752711,45.085903],[25.752889,45.085856],[25.753094,45.08849],[25.753135,45.089019],[25.753068,45.090627],[25.753033,45.091449],[25.753009,45.092043],[25.752717,45.093159],[25.751349,45.098389],[25.751944,45.098174],[25.751969,45.098164],[25.751982,45.098154],[25.751985,45.098131],[25.751969,45.098062],[25.751968,45.098037],[25.751977,45.098018],[25.75202,45.097975],[25.752033,45.097957],[25.752038,45.097931],[25.752037,45.097872],[25.752033,45.097858],[25.752021,45.097847],[25.751955,45.097821],[25.751934,45.097808],[25.751917,45.097781],[25.751918,45.097765],[25.75193,45.097757],[25.751955,45.097749],[25.752025,45.097732],[25.752052,45.097729],[25.752075,45.097736],[25.752123,45.097766],[25.752147,45.097777],[25.752213,45.097789],[25.752251,45.09779],[25.752256,45.097782],[25.752245,45.097753],[25.75226,45.097765],[25.752274,45.09777],[25.752305,45.097767],[25.752328,45.097758],[25.752337,45.097746],[25.752344,45.097718],[25.752349,45.097711],[25.752382,45.097698],[25.752399,45.097672],[25.752427,45.097651],[25.752426,45.097637],[25.752392,45.09759],[25.752388,45.097515],[25.752395,45.097497],[25.752427,45.097498],[25.752433,45.097494],[25.752447,45.097456],[25.752478,45.097434],[25.752487,45.097417],[25.752488,45.097388],[25.752483,45.097369],[25.752449,45.097344],[25.752443,45.097327],[25.752478,45.09719],[25.752489,45.097165],[25.752534,45.097121],[25.752556,45.097053],[25.752566,45.097034],[25.752662,45.096948],[25.75268,45.096927],[25.752685,45.096907],[25.752686,45.096814],[25.752695,45.096802],[25.752725,45.096784],[25.752738,45.096773],[25.752777,45.096703],[25.752783,45.096683],[25.752786,45.096609],[25.752792,45.096596],[25.752822,45.096557],[25.752827,45.096543],[25.752812,45.096475],[25.752812,45.096455],[25.752875,45.096355],[25.752885,45.096286],[25.752891,45.096278],[25.752922,45.096257],[25.752935,45.096232],[25.752943,45.096226],[25.753008,45.096209],[25.753021,45.096202],[25.753024,45.09619],[25.753013,45.09615],[25.753015,45.096137],[25.753025,45.096126],[25.753067,45.096098],[25.75307,45.096091],[25.753069,45.096067],[25.753118,45.096056],[25.753116,45.096048],[25.753094,45.09602],[25.753089,45.096007],[25.753092,45.095993],[25.753117,45.09595],[25.753117,45.095938],[25.753105,45.095931],[25.75307,45.09592],[25.75309,45.095914],[25.753097,45.095908],[25.753111,45.095867],[25.753146,45.095842],[25.753159,45.095818],[25.753167,45.095813],[25.753192,45.095805],[25.753199,45.0958],[25.753204,45.095782],[25.753202,45.095696],[25.753207,45.095674],[25.753214,45.09567],[25.753226,45.095669],[25.753307,45.095678],[25.753342,45.095676],[25.753369,45.095664],[25.75339,45.095634],[25.753444,45.095623],[25.753453,45.095614],[25.753453,45.095603],[25.753444,45.095593],[25.753377,45.095577],[25.753355,45.095566],[25.753339,45.095538],[25.75333,45.095502],[25.753335,45.095476],[25.753371,45.09535],[25.75337,45.095329],[25.753357,45.095283],[25.753357,45.095269],[25.75337,45.095253],[25.753412,45.09522],[25.753421,45.095202],[25.753399,45.094997],[25.753407,45.094966],[25.75342,45.094937],[25.753431,45.094925],[25.75346,45.094907],[25.753467,45.094895],[25.753467,45.09487],[25.753446,45.094722],[25.753489,45.094485],[25.753507,45.094428],[25.753521,45.094405],[25.753537,45.094396],[25.753596,45.094373],[25.75362,45.09436],[25.753666,45.094319],[25.753688,45.094292],[25.753692,45.094262],[25.753689,45.094091],[25.753694,45.094068],[25.753707,45.094061],[25.75377,45.094052],[25.753795,45.094038],[25.753803,45.094027],[25.753765,45.094015],[25.75372,45.093979],[25.753704,45.093972],[25.753675,45.093969],[25.753631,45.093969],[25.75361,45.09397],[25.753595,45.093975],[25.753589,45.093986],[25.753589,45.094001],[25.753612,45.094203],[25.75361,45.094233],[25.753604,45.09424],[25.753574,45.094262],[25.75356,45.094286],[25.753547,45.094294],[25.753453,45.094307],[25.753402,45.09431],[25.7534,45.094303],[25.75343,45.094263],[25.753436,45.094243],[25.753436,45.094098],[25.753434,45.094078],[25.753427,45.094065],[25.753395,45.094043],[25.753385,45.094027],[25.753382,45.093949],[25.753385,45.093912],[25.753401,45.093879],[25.753407,45.093873],[25.753416,45.09387],[25.753448,45.093875],[25.753552,45.093906],[25.753581,45.093909],[25.753594,45.093896],[25.753633,45.09382],[25.753647,45.093811],[25.753693,45.093805],[25.753703,45.093798],[25.753695,45.093773],[25.753685,45.093763],[25.753676,45.09376],[25.753651,45.093762],[25.753627,45.09377],[25.753615,45.09378],[25.753604,45.093798],[25.753596,45.093802],[25.753568,45.093799],[25.753546,45.093791],[25.75354,45.093775],[25.753551,45.093719],[25.753545,45.093704],[25.753518,45.09366],[25.753517,45.093643],[25.753535,45.093625],[25.753552,45.09362],[25.753562,45.093627],[25.75358,45.093651],[25.753588,45.093655],[25.753597,45.093656],[25.753611,45.093652],[25.753621,45.093643],[25.753619,45.093618],[25.753623,45.093614],[25.753636,45.093612],[25.753649,45.093616],[25.753664,45.093635],[25.75367,45.093638],[25.753689,45.093634],[25.753699,45.093625],[25.753697,45.093604],[25.753669,45.093544],[25.753664,45.093525],[25.753667,45.093511],[25.753696,45.093469],[25.753694,45.093435],[25.75375,45.093423],[25.75376,45.093412],[25.753778,45.093373],[25.753788,45.093361],[25.75385,45.093334],[25.753857,45.093312],[25.753856,45.093226],[25.753861,45.093203],[25.7539,45.093184],[25.753909,45.093152],[25.753918,45.09314],[25.753941,45.09313],[25.754003,45.093111],[25.754024,45.093099],[25.75404,45.093053],[25.754072,45.09303],[25.75408,45.093018],[25.754082,45.092998],[25.754077,45.092985],[25.75407,45.09298],[25.754054,45.092978],[25.754038,45.092982],[25.754031,45.092989],[25.75401,45.093033],[25.753999,45.093042],[25.753983,45.093044],[25.753964,45.093041],[25.753947,45.093035],[25.753938,45.093025],[25.753944,45.092998],[25.753963,45.092977],[25.754049,45.092936],[25.754065,45.092927],[25.754061,45.09292],[25.754022,45.092907],[25.754009,45.092897],[25.754004,45.092878],[25.754008,45.09286],[25.754027,45.092848],[25.754088,45.092833],[25.754098,45.092828],[25.754104,45.092815],[25.754104,45.092797],[25.754097,45.092787],[25.754088,45.092786],[25.75405,45.09279],[25.754032,45.09279],[25.754019,45.092782],[25.75401,45.09277],[25.754006,45.092756],[25.754006,45.092741],[25.754024,45.092669],[25.754038,45.092656],[25.754079,45.092653],[25.7541,45.092657],[25.754145,45.092678],[25.754161,45.092681],[25.75419,45.092672],[25.754213,45.092657],[25.754216,45.092651],[25.754214,45.092644],[25.754194,45.092623],[25.754236,45.092628],[25.754243,45.092625],[25.754193,45.092562],[25.754187,45.092549],[25.754187,45.09254],[25.7542,45.092524],[25.754263,45.092465],[25.754271,45.092452],[25.754272,45.092442],[25.754265,45.092417],[25.754253,45.092395],[25.754241,45.09239],[25.754215,45.092392],[25.754212,45.09239],[25.754236,45.092348],[25.754239,45.092332],[25.754226,45.092325],[25.754166,45.092311],[25.754156,45.092305],[25.754151,45.092298],[25.754148,45.092279],[25.754156,45.092263],[25.754166,45.092259],[25.754212,45.092252],[25.754219,45.092247],[25.754222,45.092236],[25.754216,45.092226],[25.754179,45.092215],[25.754164,45.092205],[25.754138,45.092173],[25.754122,45.092143],[25.754046,45.091767],[25.754035,45.09173],[25.753983,45.091643],[25.753962,45.091616],[25.7539,45.091578],[25.753875,45.091545],[25.753842,45.091532],[25.753835,45.091521],[25.753832,45.09142],[25.753834,45.091382],[25.753842,45.091362],[25.75387,45.091319],[25.753876,45.091299],[25.753868,45.091273],[25.753816,45.091155],[25.753805,45.091124],[25.753822,45.090878],[25.753816,45.090863],[25.753784,45.090815],[25.753775,45.090795],[25.753771,45.090709],[25.753766,45.090689],[25.753705,45.090599],[25.753696,45.090575],[25.753713,45.090277],[25.753708,45.090258],[25.75367,45.090207],[25.753669,45.090187],[25.753683,45.09012],[25.753683,45.0901],[25.753676,45.09008],[25.753645,45.090025],[25.75364,45.089999],[25.753775,45.089454],[25.753786,45.089429],[25.753818,45.089391],[25.753828,45.089373],[25.753832,45.089264],[25.75384,45.089252],[25.753863,45.089237],[25.753871,45.089227],[25.753868,45.089203],[25.753836,45.089116],[25.753828,45.089085],[25.753846,45.088819],[25.753843,45.088811],[25.753835,45.088806],[25.753775,45.088799],[25.753757,45.088791],[25.753737,45.088778],[25.753719,45.088756],[25.753691,45.088685],[25.753655,45.08866],[25.753649,45.088652],[25.753648,45.088628],[25.753664,45.088526],[25.753661,45.088494],[25.753648,45.088452],[25.753638,45.088433],[25.753599,45.088408],[25.753587,45.088392],[25.753564,45.088287],[25.753571,45.088245],[25.753586,45.088205],[25.753598,45.088196],[25.753624,45.088188],[25.753634,45.088179],[25.753637,45.088149],[25.753634,45.088089],[25.753628,45.088075],[25.753614,45.088059],[25.7536,45.088051],[25.753568,45.088041],[25.753549,45.088018],[25.753534,45.088014],[25.753474,45.088011],[25.753464,45.088007],[25.753459,45.088],[25.753455,45.087977],[25.75346,45.087947],[25.753491,45.087913],[25.753492,45.087907],[25.753482,45.0879],[25.753446,45.087889],[25.753429,45.08788],[25.753408,45.087859],[25.753383,45.08782],[25.753373,45.087783],[25.75335,45.087601],[25.753349,45.087461],[25.753398,45.087354],[25.753438,45.087043],[25.753446,45.087011],[25.753455,45.086998],[25.753486,45.086971],[25.753495,45.086957],[25.753533,45.08682],[25.753545,45.086796],[25.753558,45.086786],[25.753595,45.086773],[25.753609,45.086765],[25.753621,45.086729],[25.753626,45.086723],[25.753641,45.086721],[25.753703,45.086728],[25.753719,45.086724],[25.753739,45.086699],[25.753766,45.086642],[25.753769,45.086612],[25.753765,45.086582],[25.753756,45.086571],[25.753731,45.086554],[25.753729,45.086547],[25.753739,45.086532],[25.753781,45.086489],[25.75379,45.086465],[25.753765,45.086188],[25.753766,45.086156],[25.753775,45.08614],[25.753783,45.086132],[25.75379,45.086132],[25.753817,45.086148],[25.753834,45.086147],[25.753894,45.086127],[25.753908,45.086116],[25.753913,45.086104],[25.75391,45.086094],[25.753897,45.086089],[25.753817,45.086098],[25.753794,45.086096],[25.753786,45.086081],[25.753789,45.086057],[25.753796,45.086049],[25.753813,45.086039],[25.753874,45.086018],[25.753911,45.086012],[25.754017,45.08601],[25.754033,45.086005],[25.754039,45.085991],[25.754033,45.085979],[25.754024,45.085973],[25.753934,45.085945],[25.753912,45.085933],[25.753895,45.08591],[25.753844,45.085817],[25.753828,45.085802],[25.753792,45.08579],[25.753775,45.085752],[25.753752,45.085758],[25.753701,45.085789],[25.753688,45.0858],[25.753673,45.085826],[25.753665,45.085826],[25.75365,45.085822],[25.753628,45.085806],[25.753558,45.085652],[25.753548,45.085638],[25.753509,45.085599],[25.753508,45.085585],[25.753518,45.085545],[25.753516,45.085532],[25.75348,45.085508],[25.753465,45.08549],[25.753379,45.085316],[25.753373,45.085285],[25.753388,45.08518],[25.753383,45.085167],[25.753357,45.08514],[25.753353,45.085129],[25.753372,45.085103],[25.753409,45.085072],[25.753426,45.085067],[25.753472,45.085072],[25.753489,45.085071],[25.7535,45.085062],[25.753522,45.085034],[25.753554,45.085022],[25.753525,45.085004],[25.753513,45.084985],[25.753475,45.084864],[25.753471,45.084833],[25.753486,45.084812],[25.753579,45.084743],[25.753589,45.084725],[25.75359,45.084705],[25.753575,45.084666],[25.753541,45.084604],[25.753528,45.084593],[25.753478,45.084576],[25.753466,45.084567],[25.75346,45.084537],[25.753463,45.084497],[25.753469,45.08449],[25.753477,45.084487],[25.753498,45.084488],[25.753505,45.084493],[25.753517,45.08451],[25.753529,45.084514],[25.75356,45.084509],[25.753581,45.084499],[25.753591,45.084481],[25.753607,45.084402],[25.753617,45.084378],[25.753636,45.084363],[25.75371,45.08432],[25.753729,45.084298],[25.753768,45.084241],[25.753785,45.084207],[25.753789,45.084118],[25.753799,45.084108],[25.753824,45.0841],[25.75383,45.084095],[25.753842,45.084042],[25.75388,45.084023],[25.753893,45.08398],[25.75393,45.08394],[25.753935,45.08392],[25.753935,45.083855],[25.75394,45.083829],[25.754051,45.083662],[25.754052,45.083643],[25.75404,45.083609],[25.754039,45.083594],[25.754046,45.083569],[25.754071,45.083515],[25.754093,45.083483],[25.754186,45.083402],[25.7542,45.083381],[25.754189,45.083354],[25.754136,45.083286],[25.754114,45.083276],[25.754071,45.083273],[25.75405,45.083268],[25.754017,45.08325],[25.753985,45.083224],[25.753979,45.083211],[25.753981,45.083196],[25.753988,45.083194],[25.754018,45.083195],[25.75403,45.083189],[25.754043,45.083162],[25.754045,45.083139],[25.754035,45.08313],[25.753986,45.083113],[25.75397,45.083103],[25.75394,45.083073],[25.753908,45.083033],[25.753933,45.083046],[25.753946,45.08305],[25.753958,45.083043],[25.75399,45.083003],[25.754004,45.082992],[25.754036,45.082986],[25.754086,45.082987],[25.754107,45.082991],[25.75414,45.083003],[25.754268,45.083058],[25.754296,45.083074],[25.754304,45.083087],[25.754307,45.083102],[25.754307,45.083144],[25.754303,45.083164],[25.754287,45.083187],[25.754219,45.083262],[25.754208,45.083285],[25.754212,45.083303],[25.754224,45.083313],[25.754261,45.083322],[25.754272,45.083322],[25.75428,45.083318],[25.754289,45.083302],[25.754302,45.083245],[25.754311,45.083227],[25.754356,45.083193],[25.754379,45.083127],[25.754388,45.083113],[25.754445,45.083079],[25.754462,45.083063],[25.754474,45.08304],[25.754476,45.083022],[25.754457,45.083001],[25.754376,45.082946],[25.754352,45.082935],[25.754307,45.082926],[25.754291,45.082918],[25.754175,45.082813],[25.754165,45.082801],[25.754162,45.082791],[25.754179,45.082782],[25.754228,45.082774],[25.754249,45.082774],[25.754273,45.082783],[25.754392,45.082853],[25.754411,45.082869],[25.754452,45.082919],[25.754461,45.082925],[25.754496,45.082935],[25.754506,45.08294],[25.75453,45.082972],[25.754545,45.08295],[25.754602,45.082925],[25.754612,45.082913],[25.75463,45.082874],[25.75464,45.082863],[25.754685,45.082849],[25.754738,45.082808],[25.754779,45.082796],[25.754812,45.082757],[25.754848,45.082744],[25.754855,45.082739],[25.754868,45.082715],[25.754899,45.082694],[25.754906,45.082686],[25.75491,45.082667],[25.754911,45.082619],[25.754918,45.0826],[25.754994,45.082541],[25.755007,45.082524],[25.755008,45.082511],[25.755002,45.082499],[25.754988,45.082491],[25.75495,45.082479],[25.754936,45.082469],[25.754927,45.082451],[25.754904,45.082376],[25.754867,45.08234],[25.754858,45.082327],[25.754854,45.082307],[25.754853,45.082249],[25.754858,45.082217],[25.754871,45.08221],[25.754912,45.082205],[25.754928,45.082198],[25.754943,45.082182],[25.754972,45.082133],[25.75499,45.082119],[25.755023,45.082113],[25.755181,45.082102],[25.755216,45.082097],[25.755236,45.082086],[25.755254,45.082053],[25.755283,45.081983],[25.755302,45.081891],[25.755296,45.081873],[25.755262,45.08183],[25.755255,45.081811],[25.755252,45.081555],[25.755261,45.081538],[25.755312,45.081507],[25.755322,45.081496],[25.755329,45.081413],[25.755368,45.08135],[25.755376,45.081329],[25.755423,45.080998],[25.755538,45.080671],[25.755538,45.08065],[25.755525,45.080611],[25.755524,45.080596],[25.755566,45.080505],[25.755588,45.080239],[25.755597,45.080213],[25.755631,45.08016],[25.755639,45.080139],[25.755661,45.079969],[25.75567,45.07995],[25.755706,45.079914],[25.755711,45.079895],[25.755712,45.079837],[25.755718,45.079816],[25.755809,45.079669],[25.755842,45.07964],[25.756065,45.079478],[25.756081,45.079461],[25.756096,45.079433],[25.756124,45.079423],[25.756131,45.079417],[25.75614,45.079386],[25.756146,45.079379],[25.756162,45.079374],[25.756211,45.079368],[25.756242,45.079351],[25.756251,45.079336],[25.756226,45.079304],[25.75623,45.079296],[25.756243,45.079291],[25.756258,45.07929],[25.756284,45.079306],[25.756291,45.079306],[25.756329,45.07928],[25.756431,45.079245],[25.756455,45.079226],[25.756517,45.079146],[25.756538,45.079128],[25.756548,45.079126],[25.756565,45.07913],[25.756657,45.079173],[25.756683,45.079181],[25.756689,45.079178],[25.756691,45.079172],[25.756696,45.079131],[25.756704,45.079123],[25.756728,45.079124],[25.756829,45.079144],[25.756862,45.079147],[25.756879,45.079137],[25.756885,45.079123],[25.756882,45.079116],[25.756861,45.079101],[25.756865,45.079096],[25.757043,45.079066],[25.757071,45.079058],[25.757089,45.079049],[25.757142,45.079011],[25.757164,45.078991],[25.757171,45.078977],[25.757179,45.078936],[25.757199,45.078915],[25.757333,45.078819],[25.757352,45.078811],[25.757389,45.078803],[25.7574,45.078798],[25.757444,45.078745],[25.757459,45.078734],[25.757523,45.078707],[25.757537,45.078698],[25.757541,45.078686],[25.757535,45.078659],[25.757536,45.078648],[25.757549,45.078641],[25.7576,45.078628],[25.757611,45.078622],[25.757607,45.078613],[25.757591,45.078598],[25.757591,45.078592],[25.757611,45.078589],[25.757744,45.078586],[25.75777,45.078578],[25.757848,45.07854],[25.757869,45.078538],[25.757945,45.078545],[25.757955,45.078542],[25.757991,45.078518],[25.758018,45.078515],[25.758115,45.078512],[25.758132,45.078506],[25.758162,45.078482],[25.758181,45.078475],[25.758381,45.078444],[25.758421,45.078431],[25.758501,45.078376],[25.758529,45.078352],[25.758539,45.078333],[25.758555,45.078267],[25.758563,45.078248],[25.758575,45.078236],[25.758631,45.078201],[25.758657,45.078148],[25.758672,45.078135],[25.758713,45.078131],[25.758856,45.078132],[25.758892,45.078137],[25.758996,45.078161],[25.759032,45.078165],[25.759421,45.078163],[25.759489,45.07816],[25.759691,45.07813],[25.759735,45.078127],[25.759786,45.078134],[25.759819,45.078144],[25.759834,45.078159],[25.759858,45.078205],[25.759873,45.078212],[25.759894,45.078214],[25.7611,45.078187],[25.76126,45.078159],[25.761308,45.078146],[25.761444,45.078068],[25.761464,45.078062],[25.761507,45.078058],[25.761524,45.078053],[25.761534,45.078042],[25.761554,45.077999],[25.761566,45.077992],[25.761599,45.077992],[25.761765,45.078016],[25.761799,45.078016],[25.761812,45.078009],[25.761835,45.077973],[25.761848,45.077961],[25.761893,45.077934],[25.76193,45.077918],[25.761964,45.077918],[25.762071,45.077939],[25.762104,45.077942],[25.762119,45.077935],[25.762154,45.07789],[25.762174,45.077878],[25.762208,45.077874],[25.762365,45.077874],[25.762401,45.077871],[25.762417,45.077865],[25.762442,45.077844],[25.762459,45.077837],[25.76267,45.077816],[25.762892,45.077747],[25.762928,45.077744],[25.76306,45.077741],[25.763076,45.077735],[25.763105,45.077709],[25.763121,45.077699],[25.763209,45.07766],[25.763236,45.077653],[25.763293,45.077647],[25.763303,45.077643],[25.763329,45.077623],[25.763346,45.077617],[25.763425,45.077614],[25.76345,45.077609],[25.763466,45.077594],[25.763492,45.077549],[25.763506,45.077532],[25.763554,45.077514],[25.763581,45.077475],[25.763597,45.077458],[25.763725,45.077365],[25.763754,45.077349],[25.763799,45.077335],[25.763815,45.077292],[25.763829,45.077284],[25.763873,45.077269],[25.763889,45.077259],[25.763972,45.077175],[25.763992,45.077167],[25.764044,45.077172],[25.764055,45.07717],[25.764063,45.077165],[25.764079,45.077143],[25.764136,45.077037],[25.764155,45.077008],[25.764169,45.076998],[25.764212,45.076982],[25.764226,45.076974],[25.764243,45.076929],[25.764303,45.076902],[25.764313,45.07689],[25.764332,45.076845],[25.764342,45.076831],[25.764414,45.076777],[25.764437,45.076766],[25.764483,45.076757],[25.764502,45.076749],[25.764633,45.076669],[25.764664,45.076654],[25.764706,45.076646],[25.764966,45.076612],[25.765154,45.076545],[25.765182,45.076528],[25.765246,45.07647],[25.765271,45.076452],[25.765374,45.076419],[25.765404,45.076404],[25.765618,45.076219],[25.765649,45.076206],[25.765783,45.07617],[25.765813,45.076158],[25.765822,45.076141],[25.765824,45.076089],[25.765831,45.076071],[25.765845,45.076061],[25.765902,45.076038],[25.765911,45.076032],[25.765915,45.076025],[25.76591,45.076007],[25.765877,45.075946],[25.765871,45.075909],[25.765874,45.075834],[25.76591,45.075776],[25.765917,45.075756],[25.765896,45.075592],[25.765899,45.075583],[25.765909,45.07557],[25.765966,45.075528],[25.765996,45.075513],[25.766035,45.075506],[25.766052,45.075498],[25.766146,45.07542],[25.766161,45.07541],[25.766166,45.075411],[25.766175,45.075427],[25.766183,45.075431],[25.766199,45.075434],[25.766218,45.075432],[25.766249,45.075418],[25.766363,45.075347],[25.766399,45.075329],[25.766434,45.075321],[25.766632,45.075294],[25.766674,45.075286],[25.766797,45.07522],[25.766893,45.075195],[25.766944,45.075158],[25.767115,45.075108],[25.767131,45.075098],[25.76716,45.075072],[25.767178,45.075064],[25.767603,45.074941],[25.767632,45.074925],[25.767736,45.074849],[25.767764,45.074833],[25.767899,45.074796],[25.767914,45.074787],[25.76795,45.074759],[25.768018,45.074742],[25.768036,45.074735],[25.768069,45.074705],[25.768092,45.074693],[25.768323,45.0746],[25.768342,45.074586],[25.76837,45.074547],[25.768379,45.074542],[25.768422,45.074532],[25.768445,45.074519],[25.768729,45.074313],[25.768742,45.074296],[25.768748,45.074254],[25.768759,45.074231],[25.768775,45.074217],[25.768814,45.074206],[25.768825,45.074195],[25.768859,45.074098],[25.768869,45.07408],[25.768881,45.074071],[25.768916,45.074061],[25.768935,45.074044],[25.76894,45.074031],[25.768938,45.074016],[25.768905,45.073948],[25.768902,45.07393],[25.768911,45.073921],[25.768961,45.0739],[25.768967,45.073888],[25.768966,45.073875],[25.768945,45.073849],[25.768849,45.073772],[25.768827,45.073751],[25.768821,45.073733],[25.768832,45.073687],[25.76883,45.073674],[25.768819,45.073664],[25.768777,45.07364],[25.768767,45.073629],[25.768761,45.073599],[25.768759,45.073439],[25.76876,45.073418],[25.768765,45.073404],[25.768783,45.073389],[25.768841,45.073357],[25.768861,45.073341],[25.76892,45.073245],[25.768938,45.073223],[25.769031,45.073164],[25.769044,45.073146],[25.769073,45.073082],[25.769088,45.073059],[25.769176,45.072988],[25.769193,45.072936],[25.769208,45.072928],[25.769269,45.072913],[25.769283,45.072905],[25.769292,45.072881],[25.769305,45.072812],[25.769313,45.072794],[25.769327,45.072785],[25.769387,45.072771],[25.769402,45.072763],[25.769405,45.072742],[25.769388,45.07267],[25.769392,45.07265],[25.769413,45.072616],[25.769437,45.072589],[25.769511,45.072545],[25.769528,45.07253],[25.769533,45.072517],[25.769536,45.072477],[25.769541,45.072463],[25.769554,45.072453],[25.76959,45.072432],[25.7696,45.072421],[25.769602,45.072408],[25.769591,45.072369],[25.769594,45.072358],[25.76965,45.072345],[25.769664,45.072325],[25.769672,45.07232],[25.769738,45.072309],[25.769827,45.072252],[25.769881,45.072236],[25.769917,45.072192],[25.769975,45.072168],[25.769993,45.072142],[25.77,45.072137],[25.770022,45.072136],[25.770039,45.072141],[25.770083,45.072177],[25.770068,45.0721],[25.77007,45.072082],[25.770095,45.072067],[25.770194,45.072031],[25.77022,45.072014],[25.770263,45.071966],[25.770286,45.071933],[25.770307,45.071851],[25.770315,45.071832],[25.770334,45.071819],[25.770398,45.071793],[25.770407,45.071786],[25.770415,45.071772],[25.770434,45.071591],[25.770362,45.07135],[25.770362,45.071329],[25.770376,45.071282],[25.770377,45.071262],[25.770368,45.071238],[25.770355,45.071219],[25.770342,45.071209],[25.770288,45.071178],[25.77028,45.071166],[25.770277,45.071151],[25.770278,45.071127],[25.770283,45.071115],[25.77029,45.071109],[25.770329,45.071096],[25.77034,45.071087],[25.770343,45.071078],[25.77034,45.071075],[25.77033,45.071075],[25.770275,45.071083],[25.770254,45.071082],[25.770237,45.071076],[25.770217,45.071063],[25.770204,45.071046],[25.770197,45.07101],[25.770189,45.070997],[25.770129,45.07096],[25.770094,45.0709],[25.770085,45.070895],[25.770057,45.070887],[25.770045,45.070878],[25.770029,45.070839],[25.770024,45.070802],[25.770042,45.070767],[25.770069,45.070738],[25.770085,45.070735],[25.770129,45.07074],[25.770138,45.070738],[25.770144,45.070733],[25.770146,45.070706],[25.77014,45.070684],[25.770126,45.070677],[25.770087,45.070673],[25.770076,45.070669],[25.77007,45.070659],[25.770071,45.070645],[25.770082,45.070627],[25.770146,45.070569],[25.770163,45.070547],[25.770171,45.070465],[25.770208,45.07042],[25.770201,45.070384],[25.770203,45.070372],[25.770216,45.070365],[25.770269,45.070353],[25.770282,45.070346],[25.770282,45.070334],[25.770254,45.07028],[25.770252,45.070263],[25.770285,45.070234],[25.770296,45.070179],[25.770303,45.070173],[25.770328,45.070165],[25.770337,45.070156],[25.770343,45.070091],[25.770351,45.070079],[25.770379,45.070061],[25.770385,45.070053],[25.77039,45.070034],[25.770393,45.069954],[25.770432,45.069885],[25.770431,45.069871],[25.770424,45.069856],[25.770329,45.0697],[25.770316,45.06967],[25.77032,45.069651],[25.770351,45.069603],[25.770359,45.069582],[25.770377,45.069437],[25.770378,45.069407],[25.770373,45.069398],[25.770365,45.069391],[25.770296,45.069363],[25.77029,45.069356],[25.770289,45.069349],[25.770296,45.069338],[25.770308,45.069329],[25.770363,45.069321],[25.770379,45.069315],[25.770392,45.069298],[25.770402,45.069274],[25.770405,45.069247],[25.770404,45.069112],[25.770447,45.069003],[25.770445,45.068989],[25.770432,45.068949],[25.770432,45.068929],[25.770522,45.068638],[25.770521,45.068461],[25.770525,45.06843],[25.770566,45.068329],[25.770576,45.068317],[25.770604,45.068299],[25.770612,45.068288],[25.770603,45.068231],[25.770611,45.06822],[25.770633,45.068205],[25.770641,45.068193],[25.770644,45.0681],[25.770648,45.06808],[25.770661,45.068062],[25.770719,45.068001],[25.770763,45.06789],[25.770767,45.067859],[25.770764,45.067637],[25.770768,45.067594],[25.770835,45.067309],[25.77091,45.067154],[25.770918,45.067105],[25.77035,45.067109]],[[25.75302,45.094933],[25.753036,45.094929],[25.753056,45.094933],[25.753077,45.094963],[25.753132,45.094998],[25.753142,45.095015],[25.753144,45.095041],[25.753142,45.095137],[25.753134,45.095157],[25.753098,45.095216],[25.753092,45.095299],[25.753076,45.095319],[25.753045,45.095342],[25.753021,45.095216],[25.753059,45.095067],[25.753063,45.095041],[25.753058,45.095027],[25.753045,45.095011],[25.753031,45.095003],[25.753004,45.094996],[25.752998,45.094991],[25.752997,45.094983],[25.753003,45.094958],[25.753013,45.09494],[25.75302,45.094933]]]],"type":"MultiPolygon"},"properties":{"fid":20.0,"tt":1.0,"Id":762,"IFCID":762,"localId":"1.298.132315","namespace":"RO.Ancpi.AU","versionId":"20140402141640","country":"RO","natLevel":"3rdOrder","natLevName":"Comuna","natCode":"132315","name":"BANESTI","resOfAut":"BÃƒNEÂªTI","beginVers":"2014-04-02","endVersion":null,"Shape_Leng":23619.5643456,"Shape_Area":21395855.3904,"Jud_ID":"1.298","Jud_name":"PRAHOVA","_s":{"f":"#4daf4a","fo":1.0,"s":"#3388ff","so":1.0,"w":1.0,"r":5.0}}},{"type":"Feature","geometry":{"coordinates":[[[[25.698478,45.143016],[25.69849,45.142999],[25.698532,45.14297],[25.698541,45.142951],[25.698561,45.142875],[25.698597,45.142839],[25.698606,45.142826],[25.69861,45.142801],[25.69861,45.142635],[25.698678,45.142483],[25.698705,45.142452],[25.698789,45.14238],[25.698811,45.142368],[25.698848,45.14236],[25.698861,45.142351],[25.698936,45.14222],[25.699007,45.142164],[25.699024,45.142154],[25.699043,45.142148],[25.699068,45.142147],[25.699079,45.14215],[25.699087,45.142157],[25.699134,45.142261],[25.699149,45.142278],[25.699205,45.142323],[25.699223,45.142376],[25.699244,45.142386],[25.699269,45.142391],[25.699284,45.14239],[25.699292,45.14238],[25.699311,45.142266],[25.699309,45.142235],[25.699293,45.142213],[25.699208,45.142131],[25.699189,45.142108],[25.699146,45.141989],[25.699138,45.141953],[25.699149,45.14193],[25.699217,45.141856],[25.699234,45.141833],[25.699294,45.141689],[25.699308,45.141665],[25.699334,45.141649],[25.699426,45.141615],[25.699456,45.141601],[25.699472,45.141584],[25.699507,45.141537],[25.699525,45.14152],[25.69971,45.141386],[25.69975,45.141363],[25.69981,45.141341],[25.699845,45.141332],[25.699979,45.14133],[25.700013,45.141326],[25.700047,45.141308],[25.700227,45.141178],[25.700258,45.141165],[25.700351,45.141148],[25.700364,45.141139],[25.700377,45.141116],[25.700404,45.141101],[25.700666,45.141023],[25.700704,45.14102],[25.700802,45.141019],[25.70083,45.141013],[25.700953,45.140948],[25.701101,45.140915],[25.701134,45.140904],[25.701303,45.140799],[25.701339,45.140781],[25.70169,45.140694],[25.701721,45.140681],[25.70179,45.140638],[25.701919,45.140612],[25.702073,45.140535],[25.7021,45.140527],[25.702157,45.140521],[25.702167,45.140516],[25.702203,45.14049],[25.702284,45.140469],[25.7023,45.14046],[25.702338,45.140425],[25.702359,45.140411],[25.70252,45.140352],[25.702562,45.140341],[25.70268,45.140328],[25.702714,45.140321],[25.702755,45.140293],[25.702792,45.14028],[25.702809,45.140257],[25.702835,45.140247],[25.702839,45.140242],[25.702837,45.140222],[25.702886,45.140226],[25.702904,45.140224],[25.702924,45.140211],[25.702979,45.140162],[25.703005,45.140144],[25.703037,45.140134],[25.703151,45.14011],[25.703176,45.140101],[25.703194,45.140086],[25.703236,45.140037],[25.703254,45.140021],[25.703301,45.140007],[25.703335,45.139986],[25.703373,45.139986],[25.703386,45.139967],[25.703399,45.139959],[25.703486,45.139935],[25.70352,45.139914],[25.703627,45.139836],[25.703655,45.139819],[25.703675,45.139814],[25.703697,45.139813],[25.703832,45.139812],[25.703866,45.139806],[25.703898,45.139784],[25.704059,45.139654],[25.704092,45.139634],[25.704133,45.139629],[25.70418,45.139633],[25.704193,45.139642],[25.704205,45.139665],[25.704213,45.139691],[25.704213,45.139712],[25.704177,45.139833],[25.704174,45.139848],[25.704178,45.139859],[25.704192,45.139863],[25.704261,45.139867],[25.704316,45.13989],[25.704321,45.139882],[25.704322,45.139868],[25.704318,45.13965],[25.704322,45.139635],[25.704329,45.139628],[25.704355,45.139617],[25.704372,45.139618],[25.704389,45.139626],[25.70447,45.139682],[25.704493,45.139694],[25.704526,45.1397],[25.704585,45.1397],[25.704627,45.139693],[25.704662,45.139681],[25.704668,45.139669],[25.704657,45.139626],[25.704659,45.139615],[25.70469,45.139602],[25.704704,45.139579],[25.704715,45.139569],[25.704738,45.139559],[25.704758,45.139555],[25.704778,45.139555],[25.704793,45.13956],[25.7048,45.139571],[25.7048,45.13959],[25.704789,45.139607],[25.704732,45.139631],[25.704727,45.139643],[25.704729,45.139654],[25.704737,45.139659],[25.704755,45.139662],[25.704852,45.139662],[25.705084,45.139643],[25.70511,45.139636],[25.705154,45.139613],[25.70518,45.139607],[25.705596,45.13962],[25.705641,45.139619],[25.705675,45.139613],[25.7057,45.139604],[25.705711,45.139595],[25.705728,45.139566],[25.705742,45.139558],[25.705767,45.139552],[25.705811,45.139554],[25.705984,45.139578],[25.706018,45.139577],[25.706032,45.139569],[25.706066,45.139539],[25.706081,45.13953],[25.706215,45.139508],[25.706271,45.139479],[25.706291,45.139474],[25.706679,45.139471],[25.706723,45.139468],[25.70675,45.139454],[25.706815,45.139396],[25.706841,45.139378],[25.707141,45.139276],[25.707161,45.139262],[25.707193,45.13922],[25.70721,45.139212],[25.707285,45.139193],[25.707367,45.139128],[25.707462,45.139102],[25.707483,45.139088],[25.707523,45.139051],[25.707544,45.139038],[25.707632,45.139028],[25.707672,45.139004],[25.70769,45.139003],[25.70771,45.139007],[25.70776,45.139021],[25.707785,45.139031],[25.707804,45.139051],[25.707844,45.139128],[25.707853,45.139134],[25.707864,45.139138],[25.7079,45.139139],[25.707921,45.139136],[25.707946,45.139125],[25.708121,45.139017],[25.708148,45.139009],[25.708222,45.138997],[25.708239,45.138991],[25.708264,45.138958],[25.7083,45.138945],[25.708358,45.138938],[25.70866,45.138935],[25.708682,45.138927],[25.708707,45.138895],[25.708719,45.138888],[25.708744,45.13889],[25.708834,45.13891],[25.708852,45.138911],[25.708862,45.138908],[25.708893,45.138887],[25.708926,45.138877],[25.708933,45.138871],[25.708937,45.138858],[25.708939,45.138826],[25.708937,45.138794],[25.708932,45.138781],[25.708924,45.138776],[25.708906,45.138773],[25.708803,45.138773],[25.708776,45.138771],[25.708763,45.138765],[25.708752,45.138747],[25.708744,45.138742],[25.708668,45.138734],[25.708658,45.138725],[25.708655,45.138711],[25.708656,45.138696],[25.708665,45.138683],[25.708698,45.138664],[25.708846,45.1386],[25.708866,45.138595],[25.70893,45.138592],[25.708955,45.138587],[25.708972,45.138573],[25.709004,45.138531],[25.709019,45.13852],[25.709146,45.138485],[25.709162,45.138476],[25.70919,45.13845],[25.709208,45.13844],[25.709343,45.13839],[25.709376,45.13838],[25.70938,45.138383],[25.709376,45.138392],[25.709331,45.138458],[25.709318,45.138483],[25.709315,45.138569],[25.709306,45.138592],[25.709269,45.138613],[25.70924,45.13862],[25.709222,45.138617],[25.70918,45.138601],[25.709165,45.1386],[25.70915,45.13861],[25.709139,45.138632],[25.709142,45.138655],[25.709154,45.138665],[25.709245,45.138693],[25.709271,45.138708],[25.70928,45.138721],[25.709284,45.138734],[25.709278,45.138747],[25.709257,45.138776],[25.709255,45.138786],[25.709261,45.138792],[25.709277,45.138797],[25.709295,45.138801],[25.709309,45.138799],[25.709317,45.138785],[25.709319,45.138732],[25.709328,45.138715],[25.709341,45.138708],[25.709355,45.138706],[25.709355,45.138728],[25.709367,45.138732],[25.709385,45.138731],[25.709414,45.138719],[25.709439,45.138696],[25.709442,45.138683],[25.709438,45.138671],[25.709431,45.138666],[25.709403,45.138656],[25.709398,45.138645],[25.70941,45.138579],[25.709416,45.138565],[25.709428,45.138555],[25.709469,45.138545],[25.709528,45.13854],[25.709545,45.138544],[25.709566,45.138559],[25.70957,45.138516],[25.709573,45.138509],[25.70958,45.138506],[25.709596,45.138509],[25.709649,45.138525],[25.709674,45.138526],[25.709749,45.138482],[25.709825,45.138464],[25.709844,45.138457],[25.709863,45.138442],[25.709904,45.138393],[25.709922,45.138379],[25.709939,45.138375],[25.710003,45.138383],[25.71003,45.138381],[25.710071,45.138362],[25.710149,45.138313],[25.710176,45.138281],[25.710194,45.138247],[25.710185,45.138196],[25.710189,45.138188],[25.710213,45.138171],[25.710218,45.138159],[25.710207,45.138114],[25.710209,45.138096],[25.710231,45.138075],[25.710344,45.137995],[25.710372,45.13797],[25.710385,45.137946],[25.710416,45.137853],[25.710429,45.137829],[25.710448,45.137814],[25.710532,45.137763],[25.710544,45.137752],[25.71056,45.137724],[25.710576,45.13772],[25.710625,45.137714],[25.710657,45.137696],[25.710674,45.137675],[25.710684,45.13763],[25.710741,45.137592],[25.710758,45.137557],[25.710774,45.13754],[25.710863,45.137477],[25.710881,45.137469],[25.710926,45.137459],[25.710948,45.137447],[25.711064,45.137349],[25.711074,45.137335],[25.711084,45.137307],[25.711094,45.137295],[25.711203,45.137227],[25.711226,45.137199],[25.711298,45.137093],[25.711304,45.137073],[25.711305,45.137015],[25.711312,45.136998],[25.711328,45.13699],[25.711383,45.136978],[25.711409,45.136969],[25.711484,45.136905],[25.711504,45.136891],[25.711523,45.136886],[25.711574,45.136882],[25.711602,45.136875],[25.711727,45.136824],[25.71177,45.136803],[25.711811,45.136775],[25.711832,45.136755],[25.711855,45.136688],[25.711863,45.136676],[25.711877,45.136671],[25.711938,45.136678],[25.711954,45.136676],[25.711961,45.136662],[25.711963,45.136605],[25.711974,45.136587],[25.712155,45.13647],[25.71218,45.136451],[25.712189,45.136437],[25.712196,45.136417],[25.712258,45.136157],[25.712272,45.136133],[25.712302,45.136114],[25.712309,45.136119],[25.712312,45.136142],[25.712319,45.136739],[25.712466,45.135669],[25.709982,45.137482],[25.709276,45.137843],[25.708485,45.137846],[25.707828,45.137739],[25.706851,45.13786],[25.70618,45.138022],[25.705312,45.138595],[25.701747,45.140325],[25.699987,45.14094],[25.69932,45.141341],[25.699055,45.141676],[25.69834,45.142996],[25.698475,45.143026],[25.698478,45.143016]],[[25.709524,45.138289],[25.709561,45.138277],[25.709606,45.138243],[25.709895,45.138154],[25.709968,45.138115],[25.709989,45.138108],[25.709984,45.138129],[25.709966,45.138147],[25.709906,45.138158],[25.70989,45.138166],[25.709836,45.138239],[25.70982,45.138256],[25.709804,45.138264],[25.709732,45.138284],[25.709724,45.13829],[25.709713,45.138309],[25.709706,45.138314],[25.709682,45.138318],[25.709585,45.138318],[25.709552,45.138322],[25.709537,45.138335],[25.709517,45.138379],[25.70951,45.138386],[25.709499,45.138389],[25.709472,45.138392],[25.709437,45.138391],[25.709419,45.138386],[25.709411,45.13838],[25.709396,45.138354],[25.709396,45.138346],[25.709402,45.13834],[25.709418,45.138334],[25.709477,45.138324],[25.709502,45.138317],[25.70951,45.138311],[25.709524,45.138289]],[[25.708888,45.138234],[25.708923,45.138225],[25.709057,45.138203],[25.709084,45.1382],[25.709097,45.138202],[25.709096,45.13821],[25.709088,45.138221],[25.709068,45.138233],[25.70894,45.138261],[25.708915,45.13827],[25.708902,45.13828],[25.708878,45.138314],[25.708863,45.138321],[25.708832,45.138327],[25.708808,45.138339],[25.708668,45.138438],[25.708636,45.138449],[25.708602,45.138451],[25.708583,45.138413],[25.708582,45.138398],[25.708596,45.138382],[25.708627,45.138362],[25.708814,45.138291],[25.708835,45.138278],[25.708872,45.138242],[25.708888,45.138234]],[[25.707141,45.13873],[25.707124,45.138757],[25.707116,45.138763],[25.707085,45.138766],[25.707064,45.138761],[25.707062,45.138751],[25.707066,45.138738],[25.707074,45.138725],[25.707087,45.138715],[25.707115,45.138711],[25.707181,45.138711],[25.707182,45.138694],[25.707192,45.138681],[25.707261,45.138669],[25.70734,45.13863],[25.707366,45.138622],[25.707403,45.13862],[25.707601,45.138619],[25.707626,45.138622],[25.707636,45.138632],[25.707637,45.13866],[25.707631,45.138667],[25.707615,45.138673],[25.707432,45.138691],[25.707409,45.1387],[25.707384,45.13872],[25.707367,45.138725],[25.707332,45.138724],[25.70721,45.138714],[25.707181,45.138714],[25.707156,45.138721],[25.707141,45.13873]],[[25.70735,45.138894],[25.707337,45.13888],[25.707334,45.138855],[25.707334,45.138764],[25.707536,45.138748],[25.707578,45.138749],[25.707593,45.138757],[25.707607,45.138774],[25.707629,45.138814],[25.707631,45.138832],[25.707619,45.138842],[25.707602,45.138851],[25.707475,45.138902],[25.707432,45.138908],[25.70738,45.138905],[25.70735,45.138894]]],[[[25.71217,45.137177],[25.712148,45.13721],[25.712144,45.137242],[25.712126,45.137552],[25.712127,45.137725],[25.712131,45.13775],[25.712136,45.137758],[25.712146,45.137763],[25.712177,45.13777],[25.712275,45.137059],[25.71217,45.137177]]]],"type":"MultiPolygon"},"properties":{"fid":24.0,"tt":1.0,"Id":3197,"IFCID":3197,"localId":"1.298.132805","namespace":"RO.Ancpi.AU","versionId":"20140402141652","country":"RO","natLevel":"3rdOrder","natLevName":"Comuna","natCode":"132805","name":"CORNU","resOfAut":"CORNU DE JOS","beginVers":"2014-04-02","endVersion":null,"Shape_Leng":19501.3738956,"Shape_Area":15112596.7481,"Jud_ID":"1.298","Jud_name":"PRAHOVA","_s":{"f":"#4daf4a","fo":1.0,"s":"#3388ff","so":1.0,"w":1.0,"r":5.0}}},{"type":"Feature","geometry":{"coordinates":[[[[25.769075,45.067118],[25.769004,45.06716],[25.768985,45.067175],[25.768974,45.067194],[25.768954,45.067256],[25.768912,45.067301],[25.768911,45.06732],[25.768928,45.067391],[25.768928,45.067417],[25.768845,45.067678],[25.768841,45.067702],[25.768847,45.067713],[25.76887,45.067722],[25.769057,45.067763],[25.769094,45.067766],[25.76924,45.067764],[25.769275,45.067766],[25.769284,45.06777],[25.769288,45.067781],[25.769274,45.067852],[25.769277,45.067865],[25.769297,45.067864],[25.769359,45.067846],[25.769385,45.067843],[25.7694,45.067848],[25.769426,45.067866],[25.769438,45.067869],[25.769544,45.067871],[25.769572,45.067874],[25.769605,45.067892],[25.769615,45.067903],[25.769617,45.067911],[25.769609,45.067927],[25.769596,45.067937],[25.769534,45.067946],[25.76951,45.067956],[25.769413,45.06804],[25.7694,45.068063],[25.769398,45.06812],[25.769393,45.06814],[25.769356,45.06818],[25.769342,45.068229],[25.769311,45.06825],[25.769305,45.068258],[25.769291,45.0683],[25.769277,45.068308],[25.769235,45.068324],[25.769223,45.068335],[25.769177,45.068471],[25.769168,45.068475],[25.769131,45.068459],[25.769117,45.068462],[25.769094,45.068485],[25.769058,45.068531],[25.76905,45.068556],[25.769047,45.068648],[25.769012,45.068718],[25.769006,45.068739],[25.769018,45.068801],[25.769013,45.068807],[25.768993,45.068813],[25.769015,45.068828],[25.769022,45.06884],[25.769022,45.068865],[25.769012,45.06893],[25.769001,45.068965],[25.768966,45.068994],[25.768967,45.069024],[25.768927,45.069056],[25.768888,45.069133],[25.768872,45.069156],[25.76877,45.069233],[25.768731,45.069257],[25.768711,45.069262],[25.76869,45.069263],[25.768671,45.069261],[25.768663,45.069257],[25.76866,45.069246],[25.768669,45.069199],[25.768663,45.069194],[25.768647,45.069191],[25.768588,45.06919],[25.768551,45.069194],[25.768424,45.069236],[25.768408,45.069239],[25.768401,45.069236],[25.768397,45.06922],[25.768402,45.069204],[25.768408,45.069201],[25.768441,45.069201],[25.768445,45.069196],[25.768446,45.069185],[25.768437,45.069167],[25.76839,45.06912],[25.768383,45.069105],[25.768399,45.069095],[25.768481,45.069069],[25.768493,45.069058],[25.768497,45.069044],[25.768498,45.069013],[25.768493,45.068989],[25.768484,45.06898],[25.768454,45.06897],[25.768447,45.068959],[25.768443,45.068906],[25.768447,45.068875],[25.76846,45.068857],[25.768523,45.068811],[25.768544,45.068789],[25.768585,45.068659],[25.768598,45.068635],[25.768617,45.06862],[25.768675,45.068588],[25.768688,45.068576],[25.768692,45.068567],[25.768692,45.068345],[25.768751,45.068134],[25.768763,45.068103],[25.768773,45.068091],[25.768806,45.06807],[25.768823,45.068044],[25.768853,45.068034],[25.768865,45.068025],[25.768875,45.068006],[25.768914,45.067899],[25.768933,45.067878],[25.768974,45.06785],[25.768991,45.067843],[25.769019,45.067842],[25.769229,45.06787],[25.768986,45.067798],[25.768947,45.067791],[25.768937,45.067794],[25.768901,45.067817],[25.768843,45.067827],[25.768832,45.067838],[25.768809,45.067886],[25.768772,45.067912],[25.768766,45.067919],[25.768762,45.067939],[25.768761,45.068009],[25.768755,45.068029],[25.768607,45.068262],[25.768591,45.068292],[25.768566,45.068497],[25.768556,45.068522],[25.768526,45.068565],[25.768504,45.068586],[25.768405,45.068647],[25.768399,45.068659],[25.768406,45.068691],[25.768405,45.068702],[25.768398,45.068708],[25.768349,45.068729],[25.768343,45.068742],[25.768338,45.068767],[25.76833,45.06878],[25.768279,45.068811],[25.768263,45.068826],[25.768215,45.068917],[25.768202,45.068928],[25.768154,45.068956],[25.768142,45.068967],[25.768129,45.068991],[25.768102,45.069074],[25.768089,45.069096],[25.768074,45.069102],[25.768018,45.069109],[25.768,45.069117],[25.767981,45.06913],[25.767963,45.069152],[25.767946,45.06921],[25.767935,45.069229],[25.767915,45.069242],[25.76784,45.069276],[25.767821,45.069289],[25.767815,45.069308],[25.767814,45.069354],[25.767807,45.06937],[25.767776,45.06938],[25.767761,45.069389],[25.767724,45.069434],[25.76771,45.069445],[25.767655,45.069466],[25.767641,45.069475],[25.767628,45.069498],[25.767599,45.069586],[25.767588,45.069604],[25.767568,45.069615],[25.767492,45.069634],[25.767471,45.069648],[25.76742,45.069692],[25.767372,45.06971],[25.767366,45.069717],[25.767356,45.069754],[25.767295,45.069797],[25.76728,45.069844],[25.767221,45.069871],[25.767215,45.069883],[25.76721,45.069914],[25.767204,45.069929],[25.76712,45.070043],[25.767109,45.070111],[25.767097,45.070121],[25.767051,45.070139],[25.767042,45.07015],[25.767039,45.070169],[25.76704,45.070238],[25.767035,45.070256],[25.767017,45.070266],[25.766944,45.070279],[25.766926,45.070284],[25.766918,45.07029],[25.766905,45.070315],[25.766874,45.070336],[25.766868,45.070344],[25.766863,45.070379],[25.766868,45.070523],[25.766875,45.070537],[25.766911,45.070572],[25.766926,45.070652],[25.767004,45.070774],[25.767015,45.070799],[25.767011,45.070818],[25.766983,45.070862],[25.766976,45.070882],[25.766995,45.070993],[25.766995,45.071014],[25.766983,45.07103],[25.76694,45.071064],[25.766925,45.07108],[25.766884,45.071193],[25.76687,45.071216],[25.766811,45.071255],[25.766795,45.071283],[25.766787,45.07129],[25.766712,45.071312],[25.766704,45.071318],[25.766691,45.071343],[25.766683,45.07135],[25.766587,45.071397],[25.766575,45.071413],[25.766577,45.071429],[25.766585,45.071434],[25.766595,45.071435],[25.766619,45.071432],[25.766641,45.07142],[25.766692,45.071376],[25.766708,45.071371],[25.766742,45.071373],[25.766763,45.071347],[25.766817,45.071323],[25.766836,45.07129],[25.766911,45.071241],[25.766934,45.071208],[25.766949,45.071207],[25.766992,45.071212],[25.767008,45.071206],[25.767027,45.071186],[25.767106,45.071082],[25.767123,45.071066],[25.76713,45.071066],[25.767158,45.071084],[25.767192,45.071094],[25.767199,45.071099],[25.767205,45.071128],[25.767202,45.071186],[25.767194,45.071199],[25.767166,45.071217],[25.76716,45.071224],[25.76715,45.071281],[25.767103,45.071319],[25.767058,45.071422],[25.767045,45.071433],[25.766997,45.07145],[25.766985,45.07146],[25.766981,45.071474],[25.766978,45.071531],[25.766972,45.071545],[25.766943,45.071576],[25.766944,45.071609],[25.766913,45.07162],[25.766902,45.071631],[25.766867,45.071716],[25.766856,45.071731],[25.766841,45.071734],[25.766816,45.071728],[25.766782,45.071716],[25.766761,45.071703],[25.766754,45.071684],[25.766759,45.071661],[25.766767,45.071655],[25.766796,45.071644],[25.766802,45.071634],[25.766796,45.07162],[25.766786,45.071617],[25.766767,45.071615],[25.766742,45.071618],[25.766732,45.071628],[25.766728,45.071647],[25.766729,45.071716],[25.766724,45.071733],[25.766704,45.071724],[25.766685,45.071705],[25.766676,45.07165],[25.766669,45.071639],[25.766653,45.071634],[25.766626,45.071633],[25.7666,45.071635],[25.766586,45.07164],[25.766583,45.071646],[25.766585,45.07166],[25.766621,45.071758],[25.766621,45.07177],[25.766611,45.071777],[25.766565,45.07178],[25.766522,45.071775],[25.766443,45.071745],[25.76641,45.071727],[25.766404,45.071715],[25.766404,45.071695],[25.766416,45.071631],[25.766426,45.071608],[25.766435,45.071603],[25.766447,45.0716],[25.766545,45.071599],[25.766562,45.071595],[25.766557,45.071588],[25.766517,45.071556],[25.766508,45.07154],[25.766515,45.071522],[25.766557,45.07146],[25.766563,45.071444],[25.766559,45.071439],[25.766549,45.071437],[25.766514,45.071437],[25.766493,45.071442],[25.766461,45.071456],[25.76642,45.071479],[25.766402,45.071494],[25.766397,45.071514],[25.766395,45.071589],[25.766389,45.071602],[25.76636,45.07163],[25.766352,45.071643],[25.766344,45.071702],[25.766329,45.071718],[25.766258,45.071762],[25.76624,45.071811],[25.766211,45.071817],[25.766094,45.071819],[25.766077,45.071824],[25.76607,45.07183],[25.766062,45.071855],[25.766025,45.072036],[25.766014,45.072055],[25.765981,45.072086],[25.765973,45.072105],[25.765972,45.072142],[25.765976,45.072168],[25.765983,45.072181],[25.766007,45.072204],[25.766012,45.072214],[25.766,45.072227],[25.765939,45.072263],[25.765928,45.07228],[25.76593,45.072306],[25.765947,45.0724],[25.765946,45.072418],[25.765939,45.072427],[25.765904,45.072441],[25.765874,45.072496],[25.765836,45.072522],[25.765829,45.072533],[25.76583,45.072545],[25.765835,45.072552],[25.765845,45.072555],[25.765883,45.07256],[25.765892,45.072565],[25.765886,45.072581],[25.765844,45.072642],[25.765836,45.072661],[25.765839,45.072674],[25.765869,45.072712],[25.765878,45.07273],[25.765881,45.072798],[25.765879,45.072834],[25.765875,45.072843],[25.765862,45.072855],[25.765804,45.072888],[25.765787,45.072902],[25.765782,45.072916],[25.76578,45.072969],[25.765775,45.072988],[25.765765,45.073001],[25.76571,45.073047],[25.765682,45.073104],[25.765669,45.073113],[25.765618,45.073121],[25.765608,45.07313],[25.765604,45.073232],[25.765598,45.073246],[25.76557,45.073273],[25.765563,45.073286],[25.765576,45.073363],[25.765573,45.073372],[25.765543,45.073407],[25.765546,45.073421],[25.765574,45.073469],[25.765565,45.073475],[25.765527,45.07348],[25.765511,45.073487],[25.765498,45.073509],[25.765487,45.073545],[25.765487,45.073577],[25.765509,45.073752],[25.765508,45.073783],[25.765497,45.073802],[25.765441,45.073875],[25.765413,45.073988],[25.765407,45.073995],[25.765396,45.073998],[25.765342,45.074007],[25.765329,45.074016],[25.765318,45.074033],[25.765313,45.074063],[25.765315,45.074196],[25.765312,45.074212],[25.765305,45.074226],[25.765276,45.074256],[25.765247,45.074279],[25.76523,45.074287],[25.765201,45.074294],[25.765192,45.074299],[25.765161,45.074361],[25.765112,45.074401],[25.765068,45.074428],[25.765019,45.074441],[25.765008,45.074452],[25.764991,45.074478],[25.764977,45.074488],[25.7649,45.07451],[25.764893,45.074516],[25.76488,45.074541],[25.764868,45.074552],[25.76475,45.074612],[25.764735,45.074629],[25.764716,45.074673],[25.764706,45.074685],[25.764689,45.074692],[25.764634,45.074705],[25.764617,45.074713],[25.764607,45.074725],[25.76459,45.074764],[25.76458,45.074776],[25.764563,45.074783],[25.764498,45.074801],[25.76449,45.074807],[25.764478,45.074832],[25.764464,45.074842],[25.764347,45.074892],[25.764318,45.074908],[25.764311,45.074919],[25.764313,45.074933],[25.76432,45.074936],[25.764347,45.074934],[25.764353,45.07494],[25.764347,45.074967],[25.764334,45.074988],[25.764319,45.074991],[25.764281,45.074987],[25.764265,45.074989],[25.764255,45.074998],[25.764235,45.07504],[25.764228,45.075047],[25.764217,45.075051],[25.76419,45.075053],[25.764093,45.075053],[25.76406,45.075059],[25.764041,45.075072],[25.763996,45.075126],[25.763978,45.075137],[25.76396,45.075136],[25.7639,45.075118],[25.763884,45.075118],[25.763874,45.075126],[25.763867,45.07514],[25.763862,45.075171],[25.763868,45.075176],[25.763879,45.075176],[25.763967,45.075167],[25.763971,45.075171],[25.763966,45.07518],[25.763939,45.075206],[25.763929,45.075212],[25.763909,45.075216],[25.763842,45.075218],[25.763814,45.075221],[25.763804,45.075226],[25.763773,45.075249],[25.763753,45.075253],[25.763746,45.075252],[25.763745,45.07525],[25.763783,45.075226],[25.763789,45.07522],[25.763789,45.075215],[25.763773,45.075207],[25.763755,45.075205],[25.763718,45.075217],[25.763637,45.075255],[25.763617,45.075268],[25.763619,45.075271],[25.763648,45.075278],[25.763661,45.075287],[25.763668,45.075302],[25.763661,45.075311],[25.763631,45.075323],[25.763433,45.075381],[25.763284,45.075465],[25.763265,45.075471],[25.763211,45.075478],[25.763203,45.075483],[25.7632,45.075491],[25.763196,45.075534],[25.763174,45.075519],[25.763151,45.075514],[25.763071,45.075522],[25.763035,45.07553],[25.763031,45.075536],[25.763032,45.075544],[25.763062,45.075603],[25.763063,45.075611],[25.763059,45.075616],[25.763028,45.075619],[25.763,45.075615],[25.762982,45.075607],[25.762936,45.075578],[25.762928,45.075575],[25.762923,45.075577],[25.762919,45.075601],[25.762925,45.075626],[25.762932,45.075629],[25.762959,45.075628],[25.762958,45.075648],[25.762963,45.075654],[25.763007,45.075672],[25.762993,45.075676],[25.762914,45.075686],[25.762887,45.075692],[25.762878,45.075697],[25.762873,45.075704],[25.762873,45.075717],[25.762877,45.075725],[25.762896,45.075736],[25.762919,45.075739],[25.762982,45.075712],[25.763024,45.075708],[25.763058,45.07571],[25.763071,45.075717],[25.763075,45.07573],[25.763074,45.07575],[25.763064,45.075761],[25.763041,45.07577],[25.762962,45.075787],[25.762919,45.075795],[25.76289,45.075797],[25.762846,45.075792],[25.762815,45.075783],[25.762807,45.075775],[25.762809,45.075754],[25.762805,45.075749],[25.762782,45.075746],[25.762754,45.075749],[25.762738,45.075756],[25.762724,45.075767],[25.762711,45.075784],[25.762706,45.075796],[25.762715,45.075809],[25.762757,45.075831],[25.762698,45.075811],[25.762675,45.075809],[25.762665,45.075818],[25.762646,45.075861],[25.762639,45.075868],[25.762621,45.075875],[25.761986,45.075951],[25.761564,45.076086],[25.76153,45.076091],[25.761492,45.076086],[25.761475,45.076088],[25.761407,45.076125],[25.761356,45.076125],[25.761327,45.076145],[25.761311,45.076152],[25.761192,45.076171],[25.761175,45.076179],[25.76114,45.076207],[25.761014,45.076243],[25.760998,45.076251],[25.760968,45.076275],[25.760949,45.076279],[25.760906,45.076283],[25.76088,45.076291],[25.760706,45.076383],[25.76068,45.076389],[25.760624,45.076392],[25.760607,45.076395],[25.760599,45.0764],[25.760583,45.076427],[25.760556,45.07644],[25.760514,45.07645],[25.760291,45.076485],[25.759962,45.076618],[25.759935,45.076626],[25.759872,45.076634],[25.759858,45.076642],[25.759841,45.076668],[25.759829,45.076678],[25.759771,45.076688],[25.759755,45.076696],[25.75973,45.076718],[25.759706,45.076729],[25.759395,45.076828],[25.759371,45.076839],[25.759319,45.076874],[25.759302,45.076882],[25.759237,45.076889],[25.759217,45.076893],[25.759095,45.07695],[25.759062,45.076961],[25.758741,45.077009],[25.758691,45.07702],[25.758273,45.077195],[25.75823,45.077202],[25.757996,45.077219],[25.757955,45.077231],[25.757755,45.077302],[25.757728,45.077306],[25.757674,45.077299],[25.757655,45.077301],[25.757606,45.077324],[25.757549,45.077331],[25.75753,45.077337],[25.75747,45.077389],[25.757448,45.077402],[25.757415,45.077411],[25.757308,45.077433],[25.757265,45.077437],[25.757146,45.077426],[25.75712,45.077426],[25.757107,45.077432],[25.757097,45.077451],[25.757086,45.077462],[25.757064,45.077471],[25.757044,45.077475],[25.756999,45.077474],[25.756817,45.077463],[25.756782,45.077465],[25.756763,45.077476],[25.756735,45.077513],[25.756723,45.077522],[25.75671,45.077522],[25.756677,45.077508],[25.756669,45.077539],[25.756661,45.077552],[25.75664,45.077565],[25.756577,45.077593],[25.756556,45.077605],[25.756548,45.077618],[25.756538,45.077657],[25.75647,45.077703],[25.756431,45.077767],[25.756416,45.077781],[25.756391,45.077784],[25.756297,45.077774],[25.756261,45.077773],[25.75607,45.077803],[25.756044,45.077812],[25.756009,45.077838],[25.755948,45.077851],[25.755934,45.077871],[25.755926,45.077876],[25.755901,45.07788],[25.755828,45.077882],[25.755807,45.077886],[25.755691,45.07794],[25.755659,45.077951],[25.755564,45.077955],[25.755538,45.07796],[25.755521,45.077975],[25.755493,45.078012],[25.755479,45.078022],[25.755461,45.078026],[25.755398,45.07803],[25.755379,45.078034],[25.755297,45.078089],[25.755273,45.078099],[25.755229,45.078104],[25.754979,45.078118],[25.754937,45.078124],[25.754891,45.078155],[25.754797,45.078173],[25.75477,45.078182],[25.754677,45.078242],[25.754657,45.078247],[25.7546,45.078254],[25.754583,45.078261],[25.754514,45.078304],[25.754379,45.078341],[25.754364,45.07835],[25.754316,45.078391],[25.754221,45.078417],[25.754152,45.07846],[25.754128,45.07847],[25.753962,45.078501],[25.753941,45.078501],[25.753902,45.078495],[25.753883,45.078494],[25.753801,45.078518],[25.75378,45.078522],[25.753647,45.078511],[25.753612,45.078512],[25.753539,45.07854],[25.753519,45.078544],[25.753332,45.07856],[25.753299,45.078565],[25.753286,45.078572],[25.753272,45.078594],[25.753236,45.078606],[25.753206,45.078629],[25.753195,45.078633],[25.753167,45.078637],[25.753084,45.078637],[25.753056,45.078642],[25.753023,45.078661],[25.752893,45.078771],[25.752881,45.078789],[25.752877,45.078834],[25.752869,45.078849],[25.752808,45.078861],[25.752771,45.078905],[25.752706,45.078932],[25.752691,45.078948],[25.752659,45.079002],[25.752646,45.079014],[25.752628,45.079021],[25.752563,45.079032],[25.752538,45.079039],[25.752512,45.079071],[25.75242,45.079097],[25.752302,45.079176],[25.752275,45.079182],[25.752176,45.079184],[25.752147,45.079187],[25.752123,45.079197],[25.752024,45.079251],[25.752004,45.079255],[25.75194,45.079258],[25.751921,45.079262],[25.7519,45.079275],[25.751855,45.079316],[25.751839,45.079325],[25.75182,45.079329],[25.751764,45.079331],[25.75174,45.079338],[25.751722,45.079353],[25.751681,45.079402],[25.751662,45.079416],[25.751643,45.07942],[25.75158,45.079423],[25.751563,45.079429],[25.751546,45.079444],[25.751491,45.079505],[25.751473,45.079513],[25.75141,45.079527],[25.751385,45.079536],[25.751358,45.079555],[25.751226,45.079663],[25.751209,45.079671],[25.75117,45.079679],[25.751152,45.079685],[25.751077,45.079736],[25.751044,45.079764],[25.75103,45.079801],[25.751016,45.079819],[25.750859,45.079946],[25.750833,45.079972],[25.750765,45.080088],[25.750757,45.08017],[25.750752,45.080177],[25.750725,45.080187],[25.750721,45.080192],[25.750725,45.080208],[25.750755,45.080263],[25.750756,45.080273],[25.750752,45.080287],[25.750737,45.080312],[25.750718,45.080333],[25.750703,45.080342],[25.750673,45.080349],[25.750662,45.080358],[25.750651,45.080382],[25.750616,45.080509],[25.750607,45.080522],[25.750574,45.080544],[25.750566,45.080556],[25.750562,45.080675],[25.750553,45.080684],[25.750511,45.080695],[25.750482,45.080711],[25.750429,45.08075],[25.750415,45.080772],[25.750416,45.080784],[25.750426,45.080793],[25.750471,45.080799],[25.750487,45.080806],[25.750519,45.080859],[25.750528,45.080864],[25.750555,45.080872],[25.750562,45.080877],[25.750567,45.080895],[25.750569,45.080963],[25.750572,45.080981],[25.750582,45.08099],[25.750606,45.080998],[25.750613,45.081007],[25.750602,45.081062],[25.750603,45.081075],[25.750615,45.081081],[25.750658,45.081087],[25.750669,45.081096],[25.750676,45.081191],[25.750713,45.081261],[25.750719,45.081281],[25.750709,45.081305],[25.750659,45.08138],[25.750657,45.081395],[25.750667,45.081428],[25.750666,45.08144],[25.750632,45.081465],[25.750622,45.081477],[25.750578,45.081577],[25.750535,45.08161],[25.750533,45.081628],[25.750544,45.081669],[25.750545,45.081689],[25.75054,45.081696],[25.750513,45.081714],[25.750502,45.081726],[25.750483,45.081783],[25.750478,45.081826],[25.75048,45.081927],[25.750489,45.081942],[25.750517,45.081952],[25.750524,45.081961],[25.750511,45.082056],[25.750519,45.082076],[25.750549,45.082131],[25.750555,45.082157],[25.750545,45.082213],[25.750534,45.082249],[25.75052,45.082267],[25.750478,45.082311],[25.750472,45.082326],[25.750485,45.082335],[25.750501,45.082336],[25.750506,45.082331],[25.750518,45.082293],[25.750531,45.082284],[25.750551,45.082279],[25.750559,45.082282],[25.750568,45.082293],[25.75058,45.082331],[25.750573,45.08234],[25.750548,45.082348],[25.750536,45.082357],[25.750506,45.082414],[25.750455,45.082445],[25.750443,45.082456],[25.750433,45.082495],[25.750425,45.082508],[25.750375,45.082539],[25.750365,45.08255],[25.75036,45.082576],[25.750362,45.082717],[25.750368,45.08275],[25.750376,45.082754],[25.750387,45.082755],[25.750435,45.082747],[25.750457,45.082737],[25.750464,45.082724],[25.750462,45.08265],[25.750456,45.082636],[25.750423,45.082615],[25.750415,45.082603],[25.750411,45.082574],[25.750415,45.08255],[25.750422,45.082543],[25.750438,45.082534],[25.750547,45.082491],[25.750558,45.08248],[25.750569,45.082445],[25.750603,45.082459],[25.750618,45.08246],[25.750633,45.082454],[25.75068,45.082424],[25.750692,45.082419],[25.750711,45.082416],[25.750735,45.08242],[25.750766,45.082443],[25.75079,45.08245],[25.750863,45.08245],[25.750881,45.082447],[25.750889,45.082441],[25.750893,45.082423],[25.750889,45.082403],[25.750857,45.082368],[25.750855,45.082362],[25.750879,45.082339],[25.750879,45.082312],[25.750902,45.082302],[25.750906,45.082297],[25.750901,45.082268],[25.750902,45.082258],[25.750933,45.082246],[25.75094,45.082234],[25.750941,45.082219],[25.750934,45.082194],[25.750909,45.082165],[25.750885,45.082149],[25.750846,45.082138],[25.75084,45.082128],[25.750845,45.082113],[25.750902,45.082089],[25.750911,45.082074],[25.750906,45.082057],[25.750873,45.082036],[25.750865,45.082021],[25.75087,45.082006],[25.750899,45.081996],[25.750909,45.081987],[25.750912,45.081963],[25.750912,45.081904],[25.750906,45.081863],[25.750899,45.081856],[25.75087,45.081838],[25.750862,45.081826],[25.75086,45.08179],[25.750871,45.081766],[25.750893,45.081749],[25.750941,45.08174],[25.751019,45.081733],[25.751028,45.081735],[25.751035,45.081746],[25.751038,45.08181],[25.751043,45.081829],[25.751056,45.081839],[25.751098,45.081853],[25.751055,45.081856],[25.751035,45.081861],[25.751008,45.081876],[25.750992,45.081892],[25.750982,45.081918],[25.750969,45.081998],[25.750967,45.082019],[25.750972,45.082032],[25.750986,45.082041],[25.751005,45.082048],[25.751062,45.082063],[25.751091,45.082068],[25.751128,45.082067],[25.751232,45.082055],[25.751257,45.082056],[25.751264,45.082061],[25.751268,45.082068],[25.751271,45.08212],[25.751275,45.082133],[25.751283,45.082138],[25.751294,45.082141],[25.75133,45.08214],[25.75135,45.082135],[25.751367,45.082126],[25.751397,45.082105],[25.751409,45.082092],[25.751406,45.082087],[25.751397,45.082084],[25.751325,45.082073],[25.751304,45.082064],[25.7513,45.082047],[25.751307,45.082015],[25.751316,45.081993],[25.751326,45.081988],[25.751356,45.082004],[25.751476,45.082089],[25.751488,45.082101],[25.751491,45.08211],[25.751481,45.082159],[25.751484,45.08217],[25.751499,45.082175],[25.751539,45.082179],[25.751555,45.082187],[25.751588,45.082228],[25.751601,45.082258],[25.751603,45.082447],[25.751595,45.082466],[25.751567,45.082493],[25.751558,45.082506],[25.751554,45.082548],[25.75156,45.08258],[25.751566,45.082583],[25.751575,45.082581],[25.751597,45.082569],[25.751609,45.08253],[25.751615,45.082523],[25.751637,45.082517],[25.751665,45.082518],[25.751644,45.082534],[25.751639,45.082541],[25.751638,45.08256],[25.751651,45.082631],[25.751645,45.082643],[25.751618,45.082661],[25.75161,45.082674],[25.751607,45.082699],[25.751615,45.082724],[25.751625,45.082736],[25.751637,45.082743],[25.751673,45.082742],[25.751669,45.082775],[25.751675,45.082784],[25.751698,45.082787],[25.751722,45.082784],[25.751728,45.082778],[25.75173,45.082766],[25.751714,45.082699],[25.751715,45.082673],[25.751726,45.082656],[25.751738,45.082646],[25.751762,45.082643],[25.751779,45.082646],[25.751791,45.082657],[25.7518,45.082671],[25.751865,45.082803],[25.751942,45.082886],[25.751957,45.082899],[25.751964,45.0829],[25.751966,45.082838],[25.751962,45.082797],[25.751953,45.082785],[25.751925,45.082767],[25.751919,45.082759],[25.751914,45.082745],[25.751911,45.082699],[25.751907,45.082687],[25.751899,45.082681],[25.751874,45.082674],[25.751865,45.082665],[25.751857,45.082552],[25.751787,45.082413],[25.751785,45.082392],[25.7518,45.082313],[25.751799,45.082289],[25.751794,45.082282],[25.751757,45.082257],[25.751732,45.082209],[25.751721,45.082197],[25.751669,45.082176],[25.751658,45.082167],[25.751657,45.082149],[25.751671,45.082087],[25.751668,45.082069],[25.75164,45.082047],[25.751356,45.081895],[25.751339,45.081873],[25.751322,45.08182],[25.751312,45.081801],[25.751261,45.08176],[25.751251,45.081746],[25.751254,45.081738],[25.751284,45.081703],[25.75129,45.081654],[25.751297,45.081644],[25.751312,45.081642],[25.751367,45.081649],[25.751386,45.081648],[25.751421,45.081625],[25.751455,45.081615],[25.751466,45.081605],[25.751483,45.081522],[25.751485,45.081487],[25.751476,45.081478],[25.751431,45.081472],[25.751415,45.081465],[25.751403,45.081448],[25.751394,45.081419],[25.751397,45.081408],[25.751405,45.081405],[25.751466,45.081401],[25.751485,45.081397],[25.751497,45.081388],[25.751504,45.081376],[25.751501,45.08136],[25.751472,45.081333],[25.75146,45.081314],[25.751442,45.08124],[25.751442,45.081213],[25.751454,45.081206],[25.751512,45.081202],[25.751525,45.081198],[25.751527,45.081188],[25.751519,45.081156],[25.751523,45.081142],[25.751588,45.08108],[25.751601,45.081062],[25.751603,45.081049],[25.751594,45.081016],[25.751598,45.081005],[25.751613,45.080996],[25.751665,45.080975],[25.751681,45.080965],[25.75169,45.080952],[25.751707,45.080913],[25.751718,45.080903],[25.751775,45.080892],[25.751788,45.080883],[25.751801,45.080849],[25.751806,45.080812],[25.7518,45.080798],[25.751774,45.080765],[25.751771,45.080749],[25.751831,45.080696],[25.751857,45.080624],[25.751867,45.080613],[25.751897,45.080601],[25.751895,45.08058],[25.751899,45.080578],[25.751958,45.080582],[25.752005,45.080563],[25.752019,45.080586],[25.752031,45.080596],[25.752064,45.080613],[25.752085,45.080616],[25.752099,45.08061],[25.752137,45.080576],[25.75216,45.080565],[25.752263,45.08054],[25.752284,45.08054],[25.752289,45.080549],[25.752287,45.080559],[25.752279,45.080564],[25.752225,45.080572],[25.752202,45.080582],[25.752145,45.080631],[25.752121,45.080657],[25.752116,45.08067],[25.75212,45.080688],[25.752151,45.080713],[25.752153,45.080719],[25.752143,45.080734],[25.752063,45.080802],[25.75204,45.080828],[25.751976,45.081026],[25.751973,45.081044],[25.751979,45.08105],[25.752001,45.081046],[25.752034,45.081034],[25.752052,45.081025],[25.752065,45.081014],[25.752073,45.080994],[25.752093,45.0809],[25.75211,45.080877],[25.752181,45.080811],[25.752189,45.080797],[25.752194,45.080766],[25.7522,45.080753],[25.752214,45.080745],[25.752258,45.08073],[25.752274,45.080721],[25.752344,45.080647],[25.752366,45.08063],[25.752388,45.08063],[25.752408,45.080638],[25.752417,45.080651],[25.75242,45.080676],[25.752424,45.080973],[25.752422,45.080994],[25.752413,45.081014],[25.752333,45.081129],[25.75232,45.081142],[25.752288,45.081159],[25.752276,45.08117],[25.752248,45.081247],[25.752233,45.081263],[25.75219,45.081297],[25.752173,45.081313],[25.752127,45.081405],[25.752076,45.081442],[25.752054,45.081502],[25.752046,45.081515],[25.752008,45.081531],[25.751991,45.081574],[25.751936,45.081598],[25.751913,45.081634],[25.751861,45.081669],[25.751857,45.081681],[25.751864,45.081707],[25.751862,45.081717],[25.751854,45.081721],[25.751811,45.081728],[25.751802,45.081733],[25.751796,45.081746],[25.751779,45.081912],[25.751782,45.081921],[25.751792,45.081934],[25.751809,45.081946],[25.751822,45.081948],[25.751832,45.081941],[25.751849,45.081916],[25.751862,45.081908],[25.75189,45.081904],[25.75198,45.081902],[25.751991,45.081899],[25.751997,45.081894],[25.751998,45.081866],[25.751976,45.08177],[25.751956,45.081814],[25.751945,45.081827],[25.75191,45.081842],[25.751893,45.081844],[25.751884,45.08184],[25.751887,45.08182],[25.751913,45.081753],[25.751925,45.081729],[25.751937,45.081716],[25.75202,45.081654],[25.752046,45.081642],[25.75205,45.081652],[25.752045,45.081665],[25.751996,45.081697],[25.751985,45.081708],[25.751985,45.081725],[25.751998,45.081747],[25.75201,45.08173],[25.752047,45.081717],[25.752063,45.081704],[25.752074,45.08168],[25.75208,45.081638],[25.752097,45.081617],[25.752117,45.081604],[25.752134,45.081601],[25.752157,45.081607],[25.75217,45.081615],[25.752174,45.081629],[25.752173,45.081645],[25.752156,45.081741],[25.752146,45.08176],[25.752106,45.0818],[25.752085,45.081876],[25.752077,45.081895],[25.75204,45.081924],[25.752045,45.081971],[25.752027,45.081983],[25.751912,45.082019],[25.751896,45.082026],[25.75189,45.082032],[25.751892,45.082042],[25.751926,45.082089],[25.751931,45.082152],[25.751937,45.082172],[25.751956,45.082191],[25.75197,45.082199],[25.751979,45.0822],[25.751991,45.082193],[25.752023,45.082152],[25.752042,45.082137],[25.752097,45.082123],[25.752116,45.082122],[25.752126,45.082124],[25.752131,45.08213],[25.752134,45.082143],[25.752135,45.082218],[25.752141,45.082243],[25.752156,45.082259],[25.752181,45.082277],[25.7522,45.082287],[25.75221,45.082287],[25.752217,45.082266],[25.752231,45.082148],[25.752239,45.082123],[25.752255,45.08211],[25.75227,45.082106],[25.752277,45.082107],[25.752295,45.082147],[25.75231,45.082151],[25.75233,45.082147],[25.75234,45.082132],[25.752356,45.082052],[25.752367,45.08203],[25.75239,45.082018],[25.752465,45.081995],[25.75248,45.081986],[25.752488,45.081963],[25.752487,45.081874],[25.752496,45.081849],[25.752531,45.081803],[25.75254,45.081796],[25.752575,45.081787],[25.752584,45.081781],[25.752614,45.081728],[25.752623,45.081722],[25.752649,45.081714],[25.752656,45.081709],[25.75266,45.081696],[25.752663,45.081644],[25.75267,45.081633],[25.752678,45.08163],[25.752698,45.081631],[25.752704,45.081636],[25.752706,45.081644],[25.752666,45.081844],[25.752682,45.081946],[25.752691,45.081977],[25.752697,45.081986],[25.752711,45.081994],[25.752741,45.082],[25.752759,45.081996],[25.752806,45.081977],[25.75283,45.081977],[25.752871,45.081993],[25.752883,45.082003],[25.752887,45.082011],[25.752886,45.082025],[25.752876,45.082043],[25.752865,45.082054],[25.752853,45.082058],[25.752826,45.082059],[25.752807,45.082056],[25.752799,45.082051],[25.752788,45.082032],[25.752775,45.082026],[25.752711,45.082023],[25.752681,45.082025],[25.752662,45.08203],[25.752635,45.082046],[25.75262,45.082062],[25.752614,45.082087],[25.752617,45.082116],[25.752624,45.082127],[25.752646,45.082133],[25.752705,45.082133],[25.752739,45.082127],[25.752754,45.082118],[25.752788,45.082087],[25.752805,45.08208],[25.752845,45.082077],[25.752856,45.082079],[25.752862,45.082085],[25.752856,45.082117],[25.75281,45.08224],[25.752798,45.082263],[25.75279,45.08227],[25.752779,45.082273],[25.752711,45.082279],[25.752702,45.082282],[25.752697,45.082288],[25.752698,45.082299],[25.752707,45.082307],[25.752753,45.082314],[25.752766,45.082321],[25.752773,45.082344],[25.752768,45.08237],[25.752752,45.08239],[25.752738,45.082397],[25.752717,45.082397],[25.752644,45.082389],[25.752632,45.08239],[25.752625,45.082394],[25.752611,45.082416],[25.752582,45.082441],[25.752587,45.082474],[25.752581,45.082487],[25.752478,45.082598],[25.752467,45.082649],[25.752455,45.082668],[25.752334,45.08277],[25.752311,45.082782],[25.752267,45.082797],[25.752255,45.082805],[25.752259,45.082852],[25.752228,45.082877],[25.752212,45.082924],[25.752192,45.082934],[25.752164,45.08294],[25.752156,45.082937],[25.752158,45.082917],[25.752149,45.082911],[25.752111,45.082911],[25.752099,45.082915],[25.752092,45.082922],[25.752078,45.082951],[25.752076,45.082975],[25.752084,45.082986],[25.752125,45.08301],[25.752132,45.083019],[25.752127,45.083029],[25.752087,45.083061],[25.752078,45.083073],[25.752077,45.083088],[25.752093,45.083149],[25.752086,45.083187],[25.752073,45.083223],[25.752062,45.083235],[25.752034,45.083256],[25.752036,45.08328],[25.752032,45.083284],[25.752003,45.083284],[25.7519,45.083274],[25.75188,45.083277],[25.751879,45.083287],[25.751887,45.083314],[25.751885,45.083328],[25.751872,45.083346],[25.751834,45.083385],[25.751827,45.083399],[25.751831,45.083423],[25.751847,45.083444],[25.751863,45.083453],[25.751937,45.083471],[25.751946,45.083481],[25.751944,45.083496],[25.751931,45.083502],[25.751892,45.083508],[25.751879,45.083515],[25.751867,45.083557],[25.751856,45.08357],[25.751797,45.08362],[25.751747,45.083715],[25.751698,45.083748],[25.751658,45.08381],[25.751647,45.083822],[25.751606,45.083838],[25.751589,45.083879],[25.751556,45.083892],[25.751537,45.083922],[25.751465,45.083968],[25.751333,45.084125],[25.751318,45.084135],[25.751306,45.08414],[25.751206,45.084154],[25.751188,45.084158],[25.751181,45.084163],[25.751179,45.084169],[25.751186,45.084196],[25.751185,45.084209],[25.751175,45.084219],[25.75114,45.084241],[25.751128,45.084251],[25.751113,45.0843],[25.751101,45.08431],[25.751058,45.084334],[25.751045,45.084345],[25.750989,45.084433],[25.750813,45.084594],[25.750797,45.084611],[25.750786,45.084631],[25.750703,45.08483],[25.750702,45.08485],[25.750715,45.084889],[25.750715,45.084909],[25.750658,45.085024],[25.750651,45.085049],[25.75067,45.085161],[25.750671,45.085187],[25.75066,45.085212],[25.750593,45.08532],[25.750579,45.08535],[25.750576,45.085381],[25.750578,45.085476],[25.75063,45.085735],[25.750642,45.08576],[25.750704,45.085849],[25.750709,45.085869],[25.750714,45.08596],[25.750751,45.086019],[25.75076,45.086038],[25.750768,45.08626],[25.750912,45.086378],[25.752711,45.085903],[25.752812,45.083636],[25.753709,45.081],[25.756183,45.078808],[25.757503,45.078446],[25.757486,45.078444],[25.757511,45.078434],[25.757873,45.078325],[25.757893,45.078313],[25.757909,45.078285],[25.757923,45.078276],[25.758176,45.078197],[25.758196,45.078185],[25.758209,45.078161],[25.758222,45.078153],[25.758327,45.078138],[25.758352,45.07813],[25.758379,45.078108],[25.758425,45.078048],[25.758431,45.078024],[25.75843,45.07799],[25.758378,45.077965],[25.758367,45.077956],[25.758382,45.077955],[25.758398,45.077959],[25.758425,45.077978],[25.75844,45.077984],[25.758468,45.077984],[25.758527,45.077976],[25.758546,45.077976],[25.758553,45.07798],[25.758557,45.077988],[25.758556,45.078012],[25.758548,45.078024],[25.75851,45.078051],[25.75848,45.078106],[25.758471,45.078112],[25.758435,45.07812],[25.758419,45.078129],[25.758335,45.078201],[25.758309,45.078218],[25.75829,45.078223],[25.758231,45.078228],[25.758197,45.078238],[25.758053,45.078295],[25.76265,45.077032],[25.766919,45.07439],[25.768833,45.071462],[25.769829,45.06883],[25.77035,45.067109],[25.769075,45.067118]],[[25.768465,45.069569],[25.768456,45.069557],[25.768447,45.069525],[25.76844,45.06952],[25.76843,45.069518],[25.768415,45.06952],[25.768408,45.069525],[25.768393,45.069565],[25.768379,45.069569],[25.768363,45.069568],[25.768351,45.069559],[25.768341,45.06954],[25.768331,45.069503],[25.768333,45.069484],[25.768352,45.069472],[25.768437,45.06944],[25.768465,45.069426],[25.768474,45.069414],[25.768478,45.069371],[25.768484,45.06936],[25.768505,45.069357],[25.768592,45.069367],[25.768626,45.069365],[25.768647,45.069353],[25.768697,45.069308],[25.768682,45.069347],[25.768657,45.069396],[25.768641,45.069411],[25.768589,45.069442],[25.768581,45.069455],[25.768573,45.069495],[25.768559,45.069511],[25.768529,45.069534],[25.768529,45.069568],[25.768525,45.069579],[25.768517,45.069583],[25.768488,45.069578],[25.768465,45.069569]],[[25.76761,45.070466],[25.767615,45.070461],[25.767626,45.070458],[25.76766,45.070459],[25.767678,45.070465],[25.7677,45.070482],[25.767707,45.070481],[25.76773,45.070449],[25.767745,45.070412],[25.767741,45.070408],[25.767726,45.070407],[25.767652,45.070421],[25.767629,45.07043],[25.767605,45.070433],[25.767585,45.070428],[25.767565,45.070415],[25.767555,45.070403],[25.76755,45.070388],[25.767549,45.070357],[25.767554,45.070338],[25.76756,45.070331],[25.767574,45.070323],[25.767588,45.070321],[25.767595,45.070324],[25.7676,45.07034],[25.767604,45.07041],[25.767609,45.070417],[25.767618,45.07042],[25.767634,45.07042],[25.767643,45.070417],[25.767661,45.070393],[25.767689,45.070382],[25.767694,45.070376],[25.767694,45.070359],[25.767683,45.070317],[25.767685,45.070299],[25.767743,45.070272],[25.767758,45.070232],[25.767772,45.070238],[25.767792,45.070255],[25.767806,45.070299],[25.767811,45.070306],[25.767834,45.070312],[25.767906,45.070313],[25.767917,45.070315],[25.767924,45.07032],[25.767926,45.070333],[25.767923,45.070359],[25.767912,45.070424],[25.767903,45.070448],[25.767889,45.070457],[25.767828,45.070471],[25.767811,45.070479],[25.767801,45.070491],[25.767785,45.07053],[25.767772,45.070548],[25.767688,45.0706],[25.767652,45.070648],[25.767643,45.070653],[25.767626,45.070655],[25.767616,45.070653],[25.767609,45.070648],[25.767607,45.070632],[25.767615,45.070621],[25.767641,45.070602],[25.767647,45.070586],[25.767612,45.070488],[25.76761,45.070466]],[[25.76516,45.074402],[25.765168,45.074391],[25.765182,45.074387],[25.765225,45.074391],[25.765239,45.074388],[25.765274,45.074323],[25.765358,45.074255],[25.765365,45.074237],[25.765368,45.074197],[25.765374,45.074186],[25.765388,45.074182],[25.765403,45.074184],[25.76541,45.074189],[25.765425,45.07421],[25.76548,45.074221],[25.765508,45.074249],[25.765532,45.074252],[25.765554,45.07425],[25.765532,45.074235],[25.765528,45.074227],[25.765536,45.074178],[25.765532,45.07416],[25.765513,45.074146],[25.76546,45.074117],[25.765447,45.074106],[25.765442,45.074097],[25.765439,45.074073],[25.765443,45.074048],[25.765451,45.074036],[25.765476,45.074019],[25.765479,45.074011],[25.765475,45.073998],[25.765451,45.073961],[25.76545,45.07395],[25.765473,45.073938],[25.765575,45.073912],[25.765588,45.073902],[25.765596,45.073889],[25.765635,45.073722],[25.765633,45.073701],[25.765618,45.07365],[25.765619,45.073635],[25.765632,45.07361],[25.765699,45.073514],[25.765709,45.073489],[25.765687,45.073336],[25.765688,45.07331],[25.7657,45.07328],[25.765713,45.073263],[25.765765,45.073232],[25.765776,45.073222],[25.765778,45.073208],[25.765765,45.073156],[25.765765,45.073136],[25.76579,45.073113],[25.765951,45.073009],[25.765979,45.072997],[25.765996,45.072998],[25.76605,45.073033],[25.766076,45.073057],[25.766073,45.073073],[25.766044,45.073115],[25.766047,45.073135],[25.76606,45.073157],[25.766073,45.073168],[25.766105,45.073177],[25.766132,45.07318],[25.766156,45.073177],[25.7661,45.073262],[25.766091,45.073287],[25.766091,45.073308],[25.766096,45.073321],[25.766103,45.073326],[25.766128,45.073334],[25.766134,45.073339],[25.766132,45.073361],[25.766122,45.073385],[25.766112,45.073398],[25.766045,45.073424],[25.765992,45.073467],[25.765974,45.073473],[25.765914,45.073476],[25.765904,45.07348],[25.765925,45.073506],[25.765903,45.073515],[25.765896,45.073521],[25.765882,45.073559],[25.765852,45.073572],[25.765854,45.073614],[25.765818,45.073629],[25.765793,45.073663],[25.76578,45.073674],[25.765717,45.073701],[25.765699,45.073714],[25.765703,45.073736],[25.765734,45.073784],[25.765746,45.073792],[25.765779,45.07379],[25.765784,45.073793],[25.765781,45.073807],[25.765754,45.073866],[25.765752,45.073882],[25.765762,45.073888],[25.765808,45.073893],[25.765824,45.073901],[25.765839,45.073921],[25.765841,45.073946],[25.765827,45.074008],[25.765816,45.074032],[25.765798,45.074047],[25.76571,45.074101],[25.765705,45.074112],[25.76571,45.074137],[25.765709,45.074145],[25.765672,45.074185],[25.765646,45.074255],[25.765635,45.074261],[25.765606,45.07426],[25.765599,45.074265],[25.765603,45.074284],[25.765633,45.074305],[25.765638,45.074316],[25.76563,45.074344],[25.765603,45.074397],[25.765587,45.07441],[25.76555,45.074418],[25.765532,45.074426],[25.765447,45.074486],[25.765424,45.074499],[25.765397,45.074504],[25.765309,45.074507],[25.765371,45.07452],[25.765391,45.074531],[25.765396,45.074544],[25.765397,45.074569],[25.765394,45.074582],[25.765385,45.074591],[25.765319,45.074597],[25.765301,45.074602],[25.765268,45.074642],[25.765248,45.074648],[25.765225,45.074644],[25.765197,45.07461],[25.76519,45.074606],[25.765182,45.074608],[25.765159,45.074624],[25.765072,45.074699],[25.765046,45.074715],[25.765021,45.074715],[25.764962,45.074696],[25.764949,45.074696],[25.764946,45.074709],[25.764961,45.07477],[25.76496,45.074787],[25.764949,45.074794],[25.76489,45.074798],[25.764875,45.074803],[25.76487,45.07481],[25.764863,45.074837],[25.764853,45.074847],[25.764828,45.074851],[25.764752,45.074851],[25.764724,45.074854],[25.764708,45.074862],[25.764665,45.074898],[25.76464,45.074905],[25.76448,45.074907],[25.764459,45.074906],[25.764445,45.074902],[25.764442,45.074895],[25.764445,45.074883],[25.764464,45.074858],[25.764482,45.074851],[25.764556,45.074838],[25.764582,45.07483],[25.764594,45.074817],[25.764611,45.07478],[25.764697,45.07472],[25.764715,45.074712],[25.764754,45.074701],[25.76477,45.074657],[25.764784,45.074647],[25.764853,45.074617],[25.764865,45.074605],[25.764883,45.074578],[25.764894,45.074567],[25.764918,45.074558],[25.765004,45.074542],[25.765024,45.074528],[25.765065,45.074479],[25.765082,45.074473],[25.765117,45.074469],[25.765134,45.074464],[25.765144,45.074453],[25.76516,45.074402]],[[25.761583,45.076215],[25.762408,45.076096],[25.762506,45.076077],[25.762402,45.076115],[25.762361,45.076127],[25.762056,45.076161],[25.762028,45.076167],[25.76204,45.076175],[25.76208,45.076189],[25.762122,45.076197],[25.762159,45.076193],[25.762276,45.076171],[25.762308,45.07617],[25.762317,45.076176],[25.762317,45.076187],[25.762312,45.076194],[25.762296,45.0762],[25.762169,45.076214],[25.762116,45.076217],[25.76198,45.076192],[25.761953,45.07619],[25.761943,45.076191],[25.761935,45.076197],[25.76191,45.07623],[25.761901,45.076235],[25.761886,45.076237],[25.761878,45.076235],[25.761874,45.076231],[25.761876,45.076211],[25.761871,45.076206],[25.761855,45.076203],[25.761835,45.076204],[25.761817,45.076208],[25.761786,45.076231],[25.761769,45.076237],[25.761657,45.076241],[25.761629,45.076246],[25.761518,45.076306],[25.761466,45.076323],[25.761369,45.076345],[25.761349,45.076344],[25.761311,45.076339],[25.7613,45.07634],[25.761279,45.076351],[25.761263,45.076366],[25.761251,45.076409],[25.761246,45.076415],[25.761231,45.076418],[25.761161,45.07641],[25.761129,45.076417],[25.761088,45.076441],[25.761072,45.07647],[25.761065,45.076476],[25.76104,45.076483],[25.760974,45.076494],[25.760955,45.076501],[25.760907,45.076541],[25.760891,45.07655],[25.760776,45.076573],[25.760702,45.076616],[25.760656,45.076616],[25.760643,45.076634],[25.76063,45.07664],[25.760555,45.076645],[25.760527,45.076652],[25.760313,45.076744],[25.760287,45.076747],[25.760244,45.076743],[25.760183,45.076769],[25.760116,45.076772],[25.760257,45.076689],[25.760276,45.076684],[25.760335,45.076679],[25.760356,45.076674],[25.760577,45.07658],[25.760605,45.076573],[25.760656,45.076569],[25.760676,45.076564],[25.760739,45.076524],[25.760762,45.076513],[25.761019,45.076443],[25.761049,45.076429],[25.761185,45.076349],[25.761525,45.076226],[25.761583,45.076215]],[[25.752336,45.079421],[25.75235,45.079414],[25.752467,45.079401],[25.752486,45.079401],[25.752497,45.079406],[25.752495,45.079427],[25.75246,45.079531],[25.752464,45.079551],[25.752501,45.079614],[25.752499,45.07963],[25.752482,45.079667],[25.752413,45.079693],[25.752391,45.079697],[25.752395,45.079654],[25.752367,45.079633],[25.752362,45.079621],[25.752374,45.079571],[25.752374,45.07955],[25.752333,45.079432],[25.752336,45.079421]],[[25.752249,45.081612],[25.752232,45.081609],[25.752214,45.081594],[25.75219,45.081561],[25.752184,45.081547],[25.752187,45.081533],[25.752321,45.081382],[25.752334,45.081358],[25.752363,45.081269],[25.752375,45.081246],[25.752383,45.081239],[25.752394,45.081235],[25.752434,45.081235],[25.752444,45.081239],[25.752449,45.081245],[25.752449,45.081257],[25.752445,45.081265],[25.752396,45.081285],[25.752391,45.08129],[25.752395,45.081299],[25.752424,45.08133],[25.752428,45.081351],[25.752425,45.081371],[25.75241,45.081387],[25.752357,45.081417],[25.75234,45.081431],[25.752338,45.081442],[25.752345,45.081452],[25.752355,45.081459],[25.752368,45.081459],[25.752371,45.081461],[25.752366,45.081479],[25.752332,45.081548],[25.752316,45.081561],[25.752279,45.081577],[25.752277,45.081595],[25.752267,45.081609],[25.752249,45.081612]],[[25.751181,45.085462],[25.751181,45.085442],[25.751174,45.085425],[25.751203,45.085427],[25.751224,45.085401],[25.751281,45.085378],[25.751291,45.08536],[25.751307,45.085294],[25.751316,45.085275],[25.751335,45.08526],[25.751409,45.085217],[25.751469,45.085125],[25.751677,45.084972],[25.751697,45.084959],[25.751709,45.084956],[25.751717,45.084963],[25.751723,45.084982],[25.751766,45.085186],[25.751746,45.085565],[25.751738,45.085584],[25.751707,45.085623],[25.751697,45.085642],[25.751679,45.085779],[25.751671,45.085803],[25.751652,45.085815],[25.75155,45.085841],[25.751533,45.085848],[25.751524,45.085855],[25.751494,45.085937],[25.751475,45.085959],[25.751416,45.086012],[25.751403,45.08603],[25.751395,45.086108],[25.751344,45.086049],[25.751258,45.085999],[25.751244,45.085988],[25.751231,45.085969],[25.751145,45.085801],[25.751147,45.085776],[25.751165,45.085724],[25.751124,45.085616],[25.75112,45.085593],[25.751126,45.085584],[25.751155,45.085574],[25.751165,45.085558],[25.751181,45.085462]]],[[[25.725044,45.067408],[25.725041,45.067414],[25.725033,45.067426],[25.725024,45.067433],[25.725023,45.067437],[25.725015,45.067444],[25.724995,45.067456],[25.724985,45.067462],[25.724977,45.067468],[25.724973,45.067474],[25.724973,45.06748],[25.724979,45.067485],[25.724988,45.06749],[25.725,45.067496],[25.725006,45.067499],[25.725061,45.067521],[25.725065,45.067523],[25.725065,45.067524],[25.725073,45.067529],[25.725075,45.067533],[25.72508,45.067537],[25.725091,45.067547],[25.725099,45.06756],[25.725104,45.067574],[25.725108,45.067589],[25.725109,45.067604],[25.725109,45.06762],[25.725107,45.067635],[25.725103,45.067648],[25.725097,45.06766],[25.725088,45.06767],[25.725075,45.067676],[25.725059,45.067679],[25.725043,45.06768],[25.724973,45.067676],[25.724958,45.067675],[25.724944,45.067677],[25.724932,45.067683],[25.724924,45.067691],[25.724919,45.067702],[25.724917,45.067714],[25.724917,45.067727],[25.72492,45.067741],[25.724925,45.067754],[25.724932,45.067765],[25.724941,45.067777],[25.72497,45.067812],[25.72498,45.067823],[25.725,45.067846],[25.725008,45.067856],[25.725014,45.067863],[25.725023,45.067875],[25.72503,45.067889],[25.725035,45.067903],[25.725039,45.067918],[25.725042,45.067934],[25.725042,45.067937],[25.725047,45.067959],[25.725053,45.067987],[25.725055,45.068001],[25.725055,45.068016],[25.725052,45.06803],[25.725043,45.068057],[25.725038,45.068071],[25.725032,45.068085],[25.725018,45.068111],[25.725011,45.068124],[25.725003,45.068136],[25.724994,45.068147],[25.724982,45.068156],[25.724957,45.068172],[25.724934,45.068184],[25.724927,45.06819],[25.724925,45.068197],[25.724928,45.068201],[25.724937,45.068207],[25.724951,45.068216],[25.72498,45.068231],[25.724994,45.068239],[25.725008,45.068248],[25.725013,45.068251],[25.725016,45.068253],[25.72503,45.06826],[25.725043,45.068269],[25.725055,45.068277],[25.725065,45.068287],[25.725073,45.068297],[25.725078,45.068307],[25.72508,45.068318],[25.725079,45.068328],[25.725073,45.068345],[25.725072,45.068353],[25.725074,45.068368],[25.725072,45.068376],[25.725068,45.068384],[25.725061,45.068393],[25.725039,45.06842],[25.725034,45.06843],[25.725025,45.068446],[25.725019,45.068452],[25.725018,45.068456],[25.725012,45.06846],[25.724993,45.068466],[25.724982,45.06847],[25.724972,45.068476],[25.724964,45.068484],[25.724959,45.068493],[25.724955,45.068504],[25.724954,45.068509],[25.724951,45.068519],[25.724945,45.068529],[25.724937,45.068538],[25.724926,45.068547],[25.724914,45.068554],[25.724901,45.068562],[25.724888,45.06857],[25.724878,45.068579],[25.724869,45.068589],[25.724864,45.0686],[25.724861,45.068613],[25.72486,45.068625],[25.72486,45.068638],[25.72486,45.068651],[25.724859,45.068656],[25.724859,45.068656],[25.724857,45.06867],[25.724853,45.068682],[25.724847,45.068694],[25.724846,45.068695],[25.724845,45.068698],[25.724841,45.068702],[25.724839,45.068706],[25.72483,45.068716],[25.724828,45.068718],[25.724824,45.068723],[25.724813,45.068733],[25.724801,45.068743],[25.724789,45.068752],[25.724776,45.068761],[25.724769,45.068765],[25.724759,45.068773],[25.724745,45.068782],[25.724731,45.06879],[25.724715,45.068797],[25.724681,45.068809],[25.724652,45.068822],[25.724628,45.068837],[25.724603,45.068855],[25.724591,45.068864],[25.724584,45.068869],[25.724574,45.068877],[25.724574,45.068877],[25.724573,45.068878],[25.724559,45.068886],[25.724528,45.0689],[25.724522,45.068903],[25.724499,45.068914],[25.724485,45.068922],[25.724459,45.06894],[25.724445,45.068948],[25.724429,45.068954],[25.72441,45.068959],[25.72437,45.068967],[25.724358,45.06897],[25.724321,45.06898],[25.724303,45.068985],[25.72427,45.068998],[25.724266,45.069],[25.724264,45.069],[25.72425,45.069008],[25.724236,45.069016],[25.724221,45.069024],[25.724205,45.069031],[25.724171,45.069042],[25.724166,45.069044],[25.724145,45.069054],[25.72413,45.069062],[25.7241,45.069076],[25.724083,45.069083],[25.724066,45.069089],[25.724054,45.069094],[25.724049,45.069097],[25.724046,45.069098],[25.724004,45.069122],[25.723975,45.069138],[25.723974,45.069138],[25.723953,45.069151],[25.723941,45.069159],[25.72393,45.069166],[25.723921,45.069174],[25.723914,45.069181],[25.723911,45.069189],[25.723911,45.069209],[25.723908,45.069214],[25.723901,45.069217],[25.723882,45.069223],[25.723871,45.069228],[25.72386,45.069235],[25.723852,45.069245],[25.723846,45.069257],[25.723841,45.069271],[25.723832,45.0693],[25.723826,45.069314],[25.723826,45.069315],[25.723824,45.06932],[25.723817,45.069333],[25.723807,45.069345],[25.723797,45.069356],[25.723785,45.069366],[25.723772,45.069375],[25.723761,45.069381],[25.72375,45.069389],[25.723723,45.069406],[25.723717,45.069409],[25.723708,45.069416],[25.723699,45.069424],[25.723693,45.069433],[25.72369,45.06944],[25.723692,45.069448],[25.723699,45.069455],[25.72371,45.069461],[25.723725,45.069465],[25.723741,45.069468],[25.723755,45.06947],[25.723774,45.069473],[25.723804,45.069477],[25.723825,45.069481],[25.723835,45.069483],[25.723837,45.069483],[25.723858,45.069487],[25.723877,45.069491],[25.723895,45.069497],[25.723909,45.069505],[25.723913,45.069507],[25.723914,45.069508],[25.723928,45.069516],[25.723941,45.069526],[25.723964,45.069546],[25.723975,45.069556],[25.723985,45.069567],[25.723994,45.069579],[25.723996,45.069581],[25.724,45.069586],[25.72401,45.069597],[25.724017,45.069608],[25.724023,45.069621],[25.724029,45.069633],[25.724032,45.069645],[25.724032,45.069651],[25.724032,45.069652],[25.724032,45.069665],[25.72403,45.069678],[25.724021,45.069705],[25.72401,45.069732],[25.724006,45.069747],[25.724002,45.069762],[25.724,45.069779],[25.723999,45.069796],[25.723999,45.069813],[25.723999,45.06983],[25.723999,45.069847],[25.724001,45.06986],[25.724005,45.069874],[25.724009,45.069889],[25.724013,45.069905],[25.724021,45.069954],[25.724024,45.06997],[25.724029,45.069986],[25.724039,45.070015],[25.724049,45.070045],[25.724055,45.07006],[25.724061,45.070073],[25.72407,45.070085],[25.724088,45.070109],[25.724096,45.07012],[25.724108,45.07014],[25.724119,45.070154],[25.724121,45.070157],[25.724133,45.070171],[25.724142,45.070182],[25.72415,45.070195],[25.72417,45.070235],[25.724176,45.070249],[25.72418,45.070263],[25.724183,45.070278],[25.724185,45.070292],[25.724186,45.070305],[25.724187,45.070316],[25.724184,45.070327],[25.724178,45.070337],[25.72417,45.070347],[25.72416,45.070356],[25.72415,45.070366],[25.724145,45.070369],[25.724123,45.070393],[25.7241,45.070413],[25.724089,45.070423],[25.724067,45.070443],[25.724047,45.070465],[25.724036,45.070476],[25.724016,45.070498],[25.723988,45.070533],[25.723962,45.070569],[25.723938,45.070605],[25.72393,45.070618],[25.723927,45.070624],[25.723919,45.07065],[25.723916,45.070665],[25.723915,45.070681],[25.723914,45.070696],[25.723915,45.070712],[25.723917,45.070727],[25.72392,45.070741],[25.723924,45.070754],[25.723927,45.070767],[25.723929,45.070779],[25.723929,45.07079],[25.723927,45.070799],[25.723921,45.070807],[25.72391,45.070812],[25.723895,45.070817],[25.72386,45.070825],[25.723841,45.070829],[25.723824,45.070834],[25.72381,45.070842],[25.723799,45.070852],[25.72379,45.070864],[25.723784,45.070877],[25.723778,45.070891],[25.723769,45.070912],[25.723761,45.070937],[25.723759,45.070946],[25.723751,45.070991],[25.723747,45.071006],[25.723745,45.071013],[25.723744,45.071016],[25.72374,45.071031],[25.723738,45.071037],[25.723731,45.071067],[25.723727,45.071082],[25.723722,45.071097],[25.723715,45.07111],[25.723706,45.071122],[25.723697,45.071133],[25.723697,45.071133],[25.723691,45.07114],[25.723661,45.071173],[25.723652,45.071184],[25.723645,45.071196],[25.72364,45.071209],[25.723637,45.071223],[25.723637,45.071238],[25.723638,45.071252],[25.723641,45.071267],[25.723649,45.071295],[25.723653,45.071309],[25.723657,45.071333],[25.723658,45.071334],[25.723658,45.071335],[25.723658,45.071336],[25.723658,45.071339],[25.723659,45.071345],[25.72366,45.071347],[25.72366,45.071348],[25.72366,45.071349],[25.72366,45.071356],[25.723659,45.07136],[25.723659,45.07136],[25.723658,45.071361],[25.723657,45.071366],[25.723656,45.071367],[25.723654,45.071371],[25.723646,45.07138],[25.723635,45.071389],[25.723624,45.071398],[25.723611,45.071406],[25.723611,45.071406],[25.723571,45.071437],[25.723549,45.071455],[25.723529,45.071473],[25.723518,45.07148],[25.723505,45.071485],[25.723491,45.071486],[25.723449,45.071486],[25.723436,45.071487],[25.723424,45.07149],[25.723413,45.071496],[25.723403,45.071503],[25.723393,45.071512],[25.723372,45.07153],[25.723369,45.071532],[25.723367,45.071534],[25.723359,45.071539],[25.723354,45.071542],[25.723339,45.071549],[25.723321,45.071555],[25.723302,45.071559],[25.72324,45.07157],[25.72322,45.071574],[25.723204,45.071578],[25.723191,45.071582],[25.723139,45.0716],[25.723122,45.071606],[25.723088,45.071618],[25.723071,45.071624],[25.723037,45.071636],[25.72302,45.071642],[25.722986,45.071654],[25.72297,45.071661],[25.722936,45.071673],[25.722901,45.071688],[25.722838,45.071718],[25.72281,45.071734],[25.722769,45.07176],[25.72274,45.071775],[25.722725,45.071782],[25.72272,45.071784],[25.722715,45.071787],[25.722699,45.071793],[25.722682,45.0718],[25.722663,45.071804],[25.722643,45.071808],[25.722578,45.071816],[25.722557,45.071819],[25.722555,45.07182],[25.72255,45.071821],[25.722533,45.071827],[25.722517,45.071834],[25.722504,45.071843],[25.722493,45.071853],[25.722482,45.071863],[25.722454,45.071894],[25.722439,45.071916],[25.72243,45.071928],[25.722414,45.071953],[25.722396,45.071976],[25.722387,45.071988],[25.722384,45.071991],[25.722381,45.071995],[25.722371,45.072006],[25.72236,45.072017],[25.722349,45.072026],[25.722335,45.072035],[25.72232,45.072041],[25.722303,45.072046],[25.722285,45.072049],[25.722278,45.07205],[25.722259,45.072054],[25.722245,45.072058],[25.722235,45.072064],[25.722229,45.072071],[25.722229,45.072079],[25.72223,45.072088],[25.722233,45.072096],[25.722234,45.072097],[25.72224,45.072106],[25.722244,45.072115],[25.722245,45.072125],[25.722241,45.072134],[25.722235,45.07214],[25.722234,45.072141],[25.722226,45.072149],[25.722214,45.072156],[25.722192,45.072168],[25.72218,45.072175],[25.722153,45.07219],[25.722141,45.072198],[25.72213,45.072205],[25.722126,45.072209],[25.722125,45.07221],[25.722122,45.072215],[25.72212,45.07222],[25.722119,45.072224],[25.722118,45.072231],[25.72212,45.07224],[25.722124,45.07225],[25.722129,45.072259],[25.722135,45.072267],[25.722139,45.072274],[25.722141,45.07228],[25.722138,45.072284],[25.722131,45.072286],[25.722121,45.072286],[25.722073,45.072284],[25.722044,45.072282],[25.722039,45.072281],[25.722031,45.072282],[25.72203,45.072282],[25.722018,45.072284],[25.722009,45.072288],[25.722006,45.072293],[25.722007,45.072294],[25.722012,45.072301],[25.722028,45.072316],[25.722037,45.072324],[25.722041,45.072328],[25.722051,45.072334],[25.722061,45.072341],[25.72207,45.072348],[25.722077,45.072356],[25.722078,45.072359],[25.722079,45.072359],[25.722083,45.072365],[25.722082,45.072371],[25.722075,45.072376],[25.722065,45.07238],[25.722053,45.072385],[25.722042,45.07239],[25.722032,45.072396],[25.722026,45.072404],[25.722024,45.072413],[25.722025,45.07242],[25.722034,45.072432],[25.722038,45.072441],[25.722041,45.072448],[25.722038,45.072456],[25.722032,45.072463],[25.722022,45.07247],[25.722011,45.072477],[25.721986,45.07249],[25.721982,45.072492],[25.721963,45.072507],[25.721957,45.072514],[25.721954,45.072521],[25.721954,45.072527],[25.721956,45.072532],[25.721961,45.072538],[25.721964,45.072544],[25.721964,45.072551],[25.721959,45.072558],[25.721952,45.072566],[25.721936,45.072584],[25.721928,45.072595],[25.721913,45.072619],[25.721893,45.072645],[25.721892,45.072646],[25.721883,45.072658],[25.721879,45.072665],[25.721868,45.072685],[25.721864,45.072695],[25.721861,45.072705],[25.721857,45.072716],[25.721851,45.072726],[25.721842,45.072735],[25.721833,45.072745],[25.721823,45.072755],[25.721814,45.072766],[25.721806,45.072777],[25.721791,45.072802],[25.721767,45.072839],[25.72174,45.072874],[25.72172,45.072896],[25.7217,45.072917],[25.721689,45.072928],[25.721677,45.072937],[25.721663,45.072946],[25.721649,45.072954],[25.721633,45.07296],[25.721615,45.072966],[25.721595,45.07297],[25.721569,45.072974],[25.721567,45.072975],[25.721558,45.072976],[25.721533,45.07298],[25.721513,45.072984],[25.721492,45.072987],[25.721454,45.072992],[25.721441,45.072994],[25.721413,45.072997],[25.721405,45.072998],[25.721385,45.073002],[25.721363,45.073005],[25.72133,45.073009],[25.721312,45.073012],[25.721273,45.073017],[25.721256,45.07302],[25.721235,45.073023],[25.721212,45.073026],[25.721206,45.073027],[25.721165,45.073035],[25.721146,45.073039],[25.721137,45.073042],[25.721134,45.073042],[25.721117,45.073049],[25.721102,45.073055],[25.721088,45.073063],[25.721076,45.073072],[25.721067,45.073082],[25.721059,45.073093],[25.721054,45.073106],[25.721052,45.073119],[25.721053,45.073133],[25.721056,45.073146],[25.721064,45.073168],[25.721075,45.073187],[25.721079,45.073199],[25.721082,45.07321],[25.721083,45.07322],[25.721082,45.073228],[25.721082,45.073228],[25.721082,45.073242],[25.72108,45.073256],[25.721076,45.07327],[25.721069,45.073282],[25.721066,45.073287],[25.721059,45.073298],[25.721043,45.073322],[25.721034,45.073334],[25.721005,45.073367],[25.720978,45.073403],[25.72097,45.073415],[25.720955,45.07344],[25.720948,45.073453],[25.720936,45.073484],[25.720936,45.073485],[25.720927,45.073511],[25.720924,45.073526],[25.720922,45.073543],[25.72092,45.073561],[25.720918,45.073587],[25.720916,45.073603],[25.720913,45.073619],[25.720909,45.073634],[25.720903,45.073648],[25.720895,45.07366],[25.720892,45.073664],[25.720892,45.073664],[25.720884,45.073676],[25.720874,45.073688],[25.720845,45.073721],[25.720835,45.073732],[25.720828,45.073745],[25.720813,45.073771],[25.720806,45.073783],[25.720793,45.07381],[25.720786,45.073823],[25.720777,45.073837],[25.720768,45.073858],[25.720761,45.073871],[25.720744,45.073894],[25.720736,45.073905],[25.720726,45.073915],[25.720715,45.073923],[25.720704,45.073929],[25.72069,45.073933],[25.720675,45.073933],[25.72066,45.073932],[25.720644,45.073929],[25.720628,45.073926],[25.720613,45.073923],[25.720598,45.07392],[25.720592,45.073919],[25.720588,45.073919],[25.720573,45.07392],[25.720559,45.073924],[25.720547,45.07393],[25.720536,45.073938],[25.720528,45.073949],[25.720521,45.073961],[25.720508,45.073986],[25.720493,45.07401],[25.720486,45.074021],[25.720478,45.07403],[25.720468,45.074037],[25.720457,45.074042],[25.720446,45.074044],[25.720433,45.074042],[25.72042,45.074039],[25.720399,45.074032],[25.720389,45.07403],[25.720375,45.074027],[25.720362,45.074026],[25.72035,45.074027],[25.720339,45.074031],[25.72033,45.074039],[25.720323,45.07405],[25.720311,45.074074],[25.720307,45.074082],[25.720307,45.074083],[25.720301,45.074097],[25.720294,45.074109],[25.720285,45.074121],[25.720274,45.074131],[25.720261,45.07414],[25.720246,45.074147],[25.720228,45.074153],[25.720208,45.074157],[25.720168,45.074165],[25.720149,45.074169],[25.720088,45.07418],[25.720069,45.074185],[25.720063,45.074187],[25.720062,45.074187],[25.720047,45.074194],[25.720034,45.074202],[25.720021,45.074211],[25.720009,45.07422],[25.719999,45.074229],[25.719991,45.07424],[25.719985,45.07425],[25.719982,45.074262],[25.719982,45.074268],[25.719984,45.074276],[25.719989,45.074303],[25.719992,45.074313],[25.72,45.07434],[25.720003,45.074353],[25.720003,45.074367],[25.720001,45.074381],[25.719996,45.074394],[25.719988,45.074405],[25.719976,45.074413],[25.719962,45.074421],[25.719946,45.074428],[25.71993,45.074434],[25.719848,45.074464],[25.719835,45.07447],[25.719825,45.074477],[25.719818,45.074485],[25.719816,45.074494],[25.719818,45.074504],[25.719822,45.074514],[25.719825,45.07452],[25.719839,45.074538],[25.719854,45.074555],[25.719863,45.074566],[25.719878,45.074587],[25.719883,45.074596],[25.719886,45.074605],[25.719885,45.074608],[25.719886,45.07461],[25.719883,45.074618],[25.719876,45.074625],[25.719873,45.074627],[25.71987,45.07463],[25.719858,45.074637],[25.719845,45.074644],[25.719831,45.074651],[25.719802,45.074664],[25.719789,45.074671],[25.719778,45.074679],[25.71977,45.074687],[25.719765,45.074695],[25.719766,45.074705],[25.71977,45.074714],[25.719778,45.074723],[25.719787,45.074732],[25.719797,45.074741],[25.719833,45.074769],[25.719857,45.074788],[25.719868,45.074799],[25.719878,45.07481],[25.719887,45.074822],[25.71991,45.074861],[25.719916,45.074874],[25.719933,45.074917],[25.719937,45.074932],[25.71994,45.074948],[25.719941,45.074952],[25.719941,45.074954],[25.719943,45.074971],[25.719945,45.074988],[25.719948,45.07504],[25.71995,45.075057],[25.719953,45.075073],[25.719957,45.075088],[25.719963,45.075102],[25.719971,45.075114],[25.719983,45.075124],[25.719996,45.075133],[25.72001,45.075141],[25.720025,45.075148],[25.720057,45.075161],[25.720059,45.075162],[25.720067,45.075165],[25.720083,45.075171],[25.720097,45.075178],[25.720115,45.075186],[25.720131,45.075193],[25.720145,45.075201],[25.720173,45.075217],[25.720186,45.075226],[25.720198,45.075235],[25.72021,45.075245],[25.720222,45.075255],[25.720231,45.075266],[25.72024,45.075278],[25.720247,45.075291],[25.720251,45.075306],[25.720255,45.075322],[25.720257,45.075339],[25.720258,45.075356],[25.720259,45.07538],[25.72026,45.075398],[25.72026,45.075434],[25.720259,45.075469],[25.720257,45.075486],[25.720255,45.075503],[25.720251,45.075519],[25.720247,45.075534],[25.720233,45.07556],[25.720226,45.075573],[25.72021,45.075596],[25.720198,45.07562],[25.720192,45.075634],[25.720188,45.075649],[25.720179,45.07568],[25.720174,45.075694],[25.720168,45.075707],[25.720159,45.075719],[25.720149,45.075729],[25.720137,45.075737],[25.720125,45.075745],[25.720104,45.075756],[25.720098,45.075762],[25.720097,45.075768],[25.720102,45.075774],[25.72011,45.075779],[25.720122,45.075784],[25.720151,45.075792],[25.720164,45.075796],[25.720174,45.075802],[25.720179,45.075809],[25.720179,45.075812],[25.720181,45.075815],[25.720181,45.075824],[25.720179,45.075834],[25.720175,45.075844],[25.720161,45.075866],[25.720153,45.075878],[25.720125,45.075911],[25.720106,45.075934],[25.720093,45.07595],[25.720091,45.075953],[25.720084,45.075966],[25.720077,45.075979],[25.720072,45.075994],[25.720068,45.076009],[25.720066,45.076026],[25.720059,45.076093],[25.720056,45.076109],[25.720052,45.076124],[25.720037,45.076167],[25.720031,45.076181],[25.720024,45.076194],[25.720015,45.076205],[25.720005,45.076216],[25.719994,45.076226],[25.719982,45.076236],[25.719957,45.076254],[25.719943,45.076263],[25.719929,45.076271],[25.719914,45.076278],[25.719898,45.076285],[25.71988,45.076291],[25.719862,45.076295],[25.719824,45.076305],[25.719805,45.076309],[25.719765,45.076317],[25.719746,45.076322],[25.719729,45.076328],[25.719713,45.076334],[25.719699,45.07634],[25.719688,45.076348],[25.719681,45.076358],[25.719677,45.07637],[25.719677,45.076382],[25.719688,45.076448],[25.71969,45.07646],[25.719689,45.076471],[25.719685,45.076482],[25.719679,45.076493],[25.719672,45.076503],[25.719662,45.076512],[25.71965,45.07652],[25.719637,45.076527],[25.719623,45.076532],[25.719607,45.076535],[25.71959,45.076536],[25.719553,45.076536],[25.719533,45.076537],[25.719513,45.076539],[25.719494,45.076542],[25.719477,45.076547],[25.719463,45.076554],[25.719453,45.076564],[25.719445,45.076577],[25.71944,45.07659],[25.719436,45.076605],[25.71943,45.076634],[25.719426,45.076647],[25.719421,45.076658],[25.719413,45.076667],[25.719403,45.076671],[25.71939,45.076672],[25.719375,45.076672],[25.719359,45.076671],[25.719342,45.076668],[25.719326,45.076664],[25.719309,45.076661],[25.719292,45.076659],[25.719276,45.076657],[25.719261,45.076657],[25.719245,45.076659],[25.719229,45.076662],[25.719213,45.076667],[25.719198,45.076673],[25.719183,45.076679],[25.71917,45.076687],[25.719159,45.076697],[25.71915,45.076707],[25.719144,45.07672],[25.719141,45.076731],[25.71914,45.076738],[25.71914,45.076738],[25.719141,45.076753],[25.719143,45.076767],[25.719143,45.076767],[25.719151,45.076795],[25.719151,45.076796],[25.719154,45.07681],[25.719154,45.07681],[25.719156,45.076824],[25.719162,45.076848],[25.719164,45.076861],[25.719164,45.076873],[25.719161,45.076885],[25.719154,45.076895],[25.719142,45.076903],[25.719129,45.07691],[25.719124,45.076913],[25.719123,45.076913],[25.719122,45.076913],[25.719068,45.076939],[25.719054,45.076947],[25.71904,45.076955],[25.719032,45.076963],[25.719027,45.076968],[25.719025,45.076972],[25.719019,45.076981],[25.719019,45.076983],[25.719015,45.076996],[25.719014,45.076997],[25.719012,45.07701],[25.719012,45.077016],[25.719012,45.077023],[25.719012,45.077036],[25.719015,45.077052],[25.719019,45.077066],[25.719025,45.07708],[25.719034,45.077092],[25.719044,45.077103],[25.719066,45.077123],[25.719077,45.077132],[25.719086,45.077142],[25.719095,45.07715],[25.719101,45.077159],[25.719104,45.077167],[25.719102,45.077175],[25.719096,45.077182],[25.719087,45.07719],[25.719075,45.077197],[25.719063,45.077205],[25.719049,45.077212],[25.719019,45.077226],[25.719005,45.077233],[25.718991,45.077241],[25.718966,45.077254],[25.718956,45.077261],[25.71895,45.077267],[25.718948,45.077273],[25.718951,45.077279],[25.71896,45.077283],[25.718974,45.077286],[25.719022,45.077294],[25.719036,45.077297],[25.719046,45.077302],[25.71905,45.077308],[25.719049,45.077314],[25.719044,45.077322],[25.719037,45.07733],[25.719028,45.077339],[25.718995,45.077366],[25.718972,45.077386],[25.718961,45.077397],[25.718951,45.077408],[25.718943,45.077421],[25.718936,45.077434],[25.718923,45.077461],[25.718921,45.077466],[25.718918,45.077483],[25.718915,45.0775],[25.718915,45.077516],[25.718915,45.077532],[25.718916,45.077549],[25.718918,45.077566],[25.71892,45.077582],[25.718924,45.077597],[25.718929,45.077612],[25.718942,45.077639],[25.718943,45.07764],[25.718955,45.077658],[25.718962,45.07767],[25.718967,45.077682],[25.718972,45.077693],[25.718973,45.077705],[25.718971,45.077716],[25.718965,45.077726],[25.718955,45.077735],[25.718943,45.077743],[25.718929,45.077751],[25.718925,45.077753],[25.71891,45.077761],[25.718881,45.077776],[25.718851,45.077791],[25.718838,45.077799],[25.718826,45.077807],[25.718816,45.077817],[25.718809,45.077828],[25.718806,45.07784],[25.718805,45.077853],[25.718807,45.07788],[25.718807,45.077883],[25.718808,45.077891],[25.71881,45.077906],[25.718811,45.077933],[25.71881,45.077945],[25.718807,45.077956],[25.7188,45.077965],[25.718791,45.077975],[25.71878,45.077983],[25.718768,45.077991],[25.718764,45.077994],[25.718755,45.078002],[25.718747,45.078012],[25.718742,45.078022],[25.71874,45.078032],[25.718741,45.078042],[25.718747,45.078052],[25.718754,45.078061],[25.718763,45.07807],[25.718791,45.078096],[25.718799,45.078105],[25.718804,45.078113],[25.718806,45.07812],[25.718805,45.078124],[25.718806,45.078126],[25.718802,45.078132],[25.718794,45.078137],[25.718788,45.078139],[25.718779,45.078142],[25.718768,45.078147],[25.718766,45.078147],[25.718764,45.078148],[25.718756,45.078155],[25.718751,45.078163],[25.71875,45.07817],[25.718751,45.078173],[25.718754,45.078179],[25.718767,45.078194],[25.71877,45.078196],[25.718779,45.078204],[25.718787,45.078213],[25.718793,45.078223],[25.718796,45.078234],[25.718796,45.07824],[25.718797,45.078245],[25.718796,45.078257],[25.718795,45.07827],[25.718793,45.078283],[25.71879,45.078297],[25.718785,45.078311],[25.718767,45.078351],[25.718759,45.078364],[25.71875,45.078376],[25.718739,45.078386],[25.718726,45.078394],[25.718711,45.078401],[25.718681,45.078412],[25.718669,45.078418],[25.71866,45.078425],[25.718655,45.078431],[25.718655,45.078439],[25.718659,45.078446],[25.718685,45.078471],[25.718693,45.078481],[25.718701,45.078492],[25.718706,45.078504],[25.718709,45.078517],[25.71871,45.078531],[25.718708,45.078545],[25.718698,45.078588],[25.718694,45.078602],[25.718688,45.078616],[25.718674,45.078642],[25.718667,45.078655],[25.718658,45.078667],[25.718647,45.078677],[25.718635,45.078687],[25.718621,45.078696],[25.718617,45.078698],[25.718617,45.078698],[25.718591,45.078717],[25.718565,45.078734],[25.718537,45.078751],[25.718529,45.078755],[25.718527,45.078756],[25.718502,45.078775],[25.718477,45.078794],[25.718465,45.078804],[25.718454,45.078814],[25.718433,45.078836],[25.718422,45.078846],[25.718419,45.078849],[25.718411,45.078859],[25.718401,45.07887],[25.718391,45.078883],[25.71838,45.078899],[25.718375,45.078908],[25.718373,45.078917],[25.718375,45.078926],[25.718381,45.078934],[25.71839,45.078942],[25.718403,45.078949],[25.718431,45.078963],[25.718462,45.078976],[25.718475,45.078983],[25.718488,45.07899],[25.7185,45.078997],[25.718509,45.079004],[25.718515,45.07901],[25.718516,45.079018],[25.718512,45.079025],[25.718505,45.079032],[25.718494,45.079039],[25.718468,45.079053],[25.71844,45.079068],[25.718411,45.079082],[25.718398,45.07909],[25.718387,45.079098],[25.718378,45.079107],[25.718372,45.079117],[25.718371,45.079128],[25.718373,45.07914],[25.718376,45.079152],[25.71838,45.079165],[25.718385,45.079178],[25.718391,45.07919],[25.718396,45.079202],[25.718401,45.079214],[25.718404,45.079225],[25.718404,45.079236],[25.718401,45.079246],[25.718394,45.079254],[25.718383,45.079259],[25.718368,45.079262],[25.718352,45.079263],[25.718319,45.079263],[25.718302,45.079263],[25.718286,45.079264],[25.718272,45.079266],[25.718263,45.07927],[25.71826,45.079275],[25.718261,45.079276],[25.718261,45.079276],[25.718272,45.079286],[25.718281,45.079294],[25.718291,45.079299],[25.718316,45.079314],[25.718329,45.079322],[25.718341,45.07933],[25.718362,45.079346],[25.71837,45.079354],[25.718374,45.079363],[25.718373,45.079373],[25.718371,45.079384],[25.718367,45.079396],[25.718362,45.079408],[25.718351,45.079434],[25.718345,45.079447],[25.718338,45.07946],[25.71832,45.079501],[25.718313,45.079515],[25.718307,45.079529],[25.718296,45.079557],[25.718289,45.079571],[25.718284,45.079585],[25.718275,45.079615],[25.71827,45.079629],[25.718264,45.079643],[25.718249,45.079687],[25.718242,45.0797],[25.718237,45.07971],[25.718234,45.079716],[25.718227,45.07973],[25.71822,45.079742],[25.71821,45.079753],[25.718198,45.079762],[25.718184,45.079769],[25.718167,45.079774],[25.718148,45.079777],[25.718129,45.079778],[25.718121,45.079778],[25.718083,45.079782],[25.718066,45.079785],[25.718052,45.079787],[25.718043,45.079791],[25.718041,45.079796],[25.718044,45.079801],[25.718051,45.079807],[25.71806,45.079814],[25.718095,45.079837],[25.718107,45.079846],[25.718118,45.079855],[25.718128,45.079864],[25.718134,45.079875],[25.718137,45.079887],[25.718137,45.0799],[25.718134,45.079912],[25.718131,45.079925],[25.718126,45.079939],[25.718121,45.079952],[25.7181,45.079991],[25.718093,45.080004],[25.718078,45.080034],[25.718077,45.080036],[25.718072,45.080049],[25.718058,45.080075],[25.71805,45.080088],[25.718042,45.0801],[25.718031,45.080111],[25.718019,45.080121],[25.718006,45.08013],[25.717993,45.080139],[25.717978,45.080147],[25.717962,45.080154],[25.717923,45.080174],[25.717919,45.080176],[25.717911,45.08018],[25.717909,45.080181],[25.717883,45.080196],[25.717873,45.080203],[25.717866,45.08021],[25.717862,45.080217],[25.717862,45.08022],[25.717864,45.080226],[25.717868,45.080232],[25.717886,45.080247],[25.717897,45.080255],[25.717907,45.080264],[25.717916,45.080273],[25.717924,45.080282],[25.71793,45.080292],[25.717933,45.080303],[25.717933,45.080307],[25.717933,45.080309],[25.717933,45.080309],[25.717933,45.080316],[25.717932,45.08032],[25.717932,45.08032],[25.71793,45.080332],[25.717926,45.080345],[25.717921,45.080357],[25.717914,45.080369],[25.717906,45.080381],[25.717897,45.080393],[25.717887,45.080403],[25.717876,45.080414],[25.717864,45.080423],[25.717852,45.080432],[25.717851,45.080432],[25.717851,45.080433],[25.717837,45.080441],[25.717824,45.080448],[25.717809,45.080455],[25.717794,45.080459],[25.717778,45.080462],[25.71776,45.080462],[25.717743,45.08046],[25.717725,45.080457],[25.717707,45.080454],[25.717696,45.080451],[25.717689,45.080449],[25.717685,45.080448],[25.717683,45.080448],[25.717644,45.080442],[25.717624,45.080441],[25.717604,45.08044],[25.717584,45.080441],[25.717565,45.080444],[25.717547,45.080448],[25.717528,45.080452],[25.71751,45.080457],[25.717493,45.080462],[25.717455,45.080472],[25.717437,45.080477],[25.717416,45.08048],[25.717395,45.080482],[25.717372,45.080484],[25.717349,45.080484],[25.717327,45.080484],[25.717304,45.080483],[25.717282,45.080481],[25.717261,45.080478],[25.71724,45.080476],[25.717171,45.08047],[25.717149,45.080468],[25.717127,45.080465],[25.717107,45.080461],[25.717089,45.080457],[25.717071,45.080451],[25.717064,45.080449],[25.717061,45.080448],[25.717044,45.080443],[25.717027,45.080437],[25.717011,45.080429],[25.717,45.080421],[25.716998,45.080419],[25.716972,45.080401],[25.71696,45.080391],[25.716947,45.080382],[25.716933,45.080374],[25.716917,45.080367],[25.716898,45.080362],[25.716879,45.080358],[25.716858,45.080355],[25.716819,45.080351],[25.716802,45.080349],[25.716788,45.080346],[25.71678,45.080343],[25.716778,45.080338],[25.716782,45.080333],[25.71679,45.080328],[25.716801,45.080322],[25.716827,45.080309],[25.716839,45.080302],[25.716845,45.080299],[25.716853,45.080294],[25.716863,45.080288],[25.71687,45.080282],[25.716875,45.080277],[25.716879,45.08027],[25.716881,45.080265],[25.716878,45.080257],[25.716872,45.080248],[25.716864,45.08024],[25.716854,45.080231],[25.716853,45.080231],[25.716844,45.080224],[25.716825,45.080212],[25.716813,45.080204],[25.716803,45.080195],[25.716801,45.080193],[25.716794,45.080188],[25.716776,45.080173],[25.716771,45.080167],[25.71677,45.08016],[25.716774,45.080153],[25.716794,45.080131],[25.716799,45.080123],[25.716801,45.080115],[25.716799,45.080108],[25.716793,45.080101],[25.716784,45.080095],[25.716772,45.080089],[25.716744,45.080081],[25.716744,45.080081],[25.716733,45.080077],[25.716733,45.080077],[25.716725,45.080073],[25.716722,45.080067],[25.716725,45.080061],[25.716732,45.080054],[25.716742,45.080048],[25.716777,45.080028],[25.716788,45.080021],[25.716797,45.080013],[25.716802,45.080005],[25.716803,45.079996],[25.7168,45.079988],[25.716794,45.079978],[25.716786,45.079969],[25.716767,45.079949],[25.716752,45.079933],[25.716746,45.079926],[25.716743,45.079923],[25.71673,45.079909],[25.716723,45.0799],[25.716717,45.079892],[25.716715,45.079884],[25.716716,45.079876],[25.716723,45.079869],[25.716732,45.079862],[25.716742,45.079856],[25.716763,45.079843],[25.71677,45.079837],[25.716773,45.079829],[25.71677,45.079822],[25.716763,45.079815],[25.716763,45.079815],[25.716753,45.079809],[25.716745,45.079804],[25.716706,45.079788],[25.716692,45.079782],[25.716679,45.079775],[25.716668,45.079769],[25.716661,45.079762],[25.716658,45.079753],[25.71666,45.079745],[25.716666,45.079737],[25.716671,45.079734],[25.716673,45.079732],[25.716679,45.079728],[25.716687,45.079722],[25.7167,45.079714],[25.716713,45.079707],[25.716741,45.079691],[25.716754,45.079683],[25.716765,45.079674],[25.716774,45.079664],[25.716781,45.079654],[25.716784,45.079646],[25.716784,45.079638],[25.716781,45.079627],[25.716777,45.079615],[25.716771,45.079602],[25.716767,45.079594],[25.716765,45.079591],[25.716742,45.079551],[25.716733,45.079539],[25.716709,45.079501],[25.716705,45.079494],[25.716685,45.079463],[25.716677,45.07945],[25.716665,45.079429],[25.71666,45.079422],[25.716656,45.079415],[25.716654,45.079412],[25.716647,45.0794],[25.716637,45.079382],[25.716612,45.079346],[25.716603,45.079334],[25.716579,45.079299],[25.716571,45.079288],[25.716565,45.079276],[25.716562,45.079264],[25.716562,45.079251],[25.716564,45.079239],[25.716568,45.079226],[25.716574,45.079214],[25.71658,45.079201],[25.716586,45.079189],[25.716592,45.079177],[25.716597,45.079165],[25.716601,45.079153],[25.716603,45.07914],[25.716602,45.079128],[25.716598,45.079116],[25.716594,45.079103],[25.716588,45.079091],[25.716568,45.079053],[25.71656,45.079041],[25.716551,45.07903],[25.716541,45.079019],[25.71653,45.07901],[25.716518,45.079003],[25.716504,45.078997],[25.716489,45.078994],[25.716473,45.078993],[25.716456,45.078995],[25.716438,45.078997],[25.716384,45.079002],[25.716367,45.079003],[25.716349,45.079001],[25.716341,45.079],[25.716337,45.079001],[25.716328,45.079],[25.716316,45.078997],[25.71629,45.078987],[25.716275,45.078981],[25.716246,45.078967],[25.716243,45.078965],[25.716221,45.078955],[25.716207,45.078949],[25.71618,45.078937],[25.716166,45.078932],[25.716154,45.078929],[25.716152,45.078929],[25.716138,45.078929],[25.716125,45.078932],[25.716114,45.078938],[25.716103,45.078946],[25.716093,45.078955],[25.716074,45.078975],[25.716053,45.078993],[25.716042,45.079001],[25.716032,45.079008],[25.716021,45.079013],[25.716009,45.079015],[25.715998,45.079014],[25.715987,45.079009],[25.715977,45.079002],[25.715966,45.078995],[25.715956,45.078987],[25.715946,45.07898],[25.715935,45.078975],[25.715924,45.078971],[25.715912,45.078971],[25.7159,45.078974],[25.715892,45.078977],[25.715888,45.078979],[25.715849,45.079005],[25.715842,45.079009],[25.715841,45.07901],[25.71582,45.079029],[25.715809,45.079037],[25.715798,45.079044],[25.715786,45.079049],[25.715775,45.079052],[25.715763,45.079051],[25.715752,45.079047],[25.715741,45.079041],[25.715731,45.079033],[25.715713,45.079014],[25.715696,45.078995],[25.715688,45.078988],[25.715685,45.078986],[25.715677,45.078984],[25.71567,45.078986],[25.715664,45.078993],[25.715659,45.079003],[25.715652,45.079027],[25.71565,45.079035],[25.715646,45.07905],[25.71564,45.079063],[25.715631,45.079075],[25.71562,45.079085],[25.715607,45.079094],[25.715592,45.079102],[25.715576,45.079109],[25.715543,45.079122],[25.715513,45.079137],[25.715498,45.079145],[25.715468,45.07916],[25.715451,45.079167],[25.715434,45.079173],[25.715415,45.079177],[25.715395,45.079181],[25.715365,45.079185],[25.715363,45.079185],[25.715345,45.079189],[25.715306,45.079196],[25.715287,45.0792],[25.71527,45.079204],[25.715255,45.07921],[25.715242,45.079216],[25.715233,45.079223],[25.715227,45.079232],[25.715227,45.079234],[25.715226,45.07924],[25.715226,45.079251],[25.715227,45.079263],[25.71523,45.079286],[25.715229,45.079298],[25.715225,45.079309],[25.715219,45.07932],[25.715211,45.079331],[25.715201,45.079341],[25.715191,45.07935],[25.715159,45.079379],[25.71515,45.079389],[25.715142,45.079399],[25.715136,45.079409],[25.715133,45.079418],[25.715132,45.079427],[25.715135,45.079433],[25.715138,45.079437],[25.71514,45.079439],[25.715147,45.079443],[25.715152,45.079446],[25.715163,45.07945],[25.715193,45.07946],[25.715207,45.079465],[25.715218,45.079471],[25.715225,45.07948],[25.715227,45.07949],[25.715226,45.0795],[25.715223,45.079511],[25.715218,45.079522],[25.715198,45.079558],[25.71519,45.079571],[25.715183,45.079584],[25.715169,45.079611],[25.715164,45.079625],[25.71516,45.07964],[25.71515,45.079688],[25.715145,45.079703],[25.71513,45.079745],[25.715124,45.079758],[25.715116,45.079769],[25.715106,45.079778],[25.715092,45.079784],[25.715077,45.079787],[25.715074,45.079787],[25.715073,45.079788],[25.715067,45.07979],[25.715057,45.07979],[25.715027,45.079786],[25.715009,45.079784],[25.71499,45.079781],[25.71499,45.079781],[25.714983,45.07978],[25.714944,45.079775],[25.714925,45.079774],[25.714906,45.079775],[25.714888,45.079778],[25.714872,45.079783],[25.714859,45.07979],[25.714847,45.079799],[25.714836,45.079809],[25.714826,45.07982],[25.714797,45.079853],[25.714787,45.079864],[25.714776,45.079874],[25.714764,45.079883],[25.714751,45.07989],[25.714735,45.079895],[25.714718,45.079898],[25.7147,45.079898],[25.714682,45.079897],[25.714633,45.079891],[25.714619,45.07989],[25.714607,45.079891],[25.714598,45.079895],[25.714593,45.079901],[25.714592,45.079907],[25.714596,45.079918],[25.714601,45.079931],[25.714607,45.079944],[25.714638,45.079995],[25.714644,45.080009],[25.71465,45.080023],[25.714655,45.08003],[25.714681,45.080068],[25.71469,45.080079],[25.714702,45.08009],[25.714714,45.080099],[25.71477,45.080134],[25.71481,45.08016],[25.714836,45.080175],[25.714848,45.080181],[25.71486,45.080186],[25.71487,45.080189],[25.71488,45.08019],[25.714888,45.080186],[25.714895,45.080179],[25.714899,45.080167],[25.714902,45.080154],[25.714904,45.08014],[25.714907,45.080109],[25.714909,45.080094],[25.714912,45.080081],[25.714917,45.08007],[25.714923,45.080062],[25.714931,45.080059],[25.714941,45.080059],[25.714952,45.080062],[25.714964,45.080067],[25.714976,45.080073],[25.714989,45.080081],[25.715001,45.080089],[25.715014,45.080098],[25.715026,45.080107],[25.715038,45.080116],[25.71505,45.080125],[25.715061,45.080134],[25.71507,45.080144],[25.715078,45.080154],[25.715083,45.080164],[25.715084,45.080174],[25.715082,45.080185],[25.715079,45.080197],[25.715074,45.080209],[25.715068,45.080221],[25.71505,45.080261],[25.715045,45.080273],[25.71504,45.080286],[25.715037,45.080298],[25.715036,45.080309],[25.715036,45.080319],[25.715041,45.080328],[25.71505,45.080336],[25.715062,45.080342],[25.715075,45.080348],[25.715091,45.080354],[25.715127,45.080364],[25.715179,45.08038],[25.715212,45.080393],[25.715227,45.080401],[25.71524,45.080409],[25.715249,45.080421],[25.715255,45.080434],[25.715259,45.080448],[25.715261,45.080464],[25.715262,45.080479],[25.715261,45.080495],[25.715259,45.08051],[25.715256,45.080525],[25.715253,45.080541],[25.715252,45.080557],[25.715251,45.080574],[25.715251,45.08059],[25.715252,45.080607],[25.715253,45.080622],[25.715257,45.080651],[25.715257,45.080664],[25.715255,45.080677],[25.715249,45.080689],[25.71524,45.080698],[25.715226,45.080705],[25.715208,45.08071],[25.715189,45.080712],[25.715167,45.080714],[25.715145,45.080715],[25.715123,45.080715],[25.715101,45.080714],[25.715061,45.080711],[25.715042,45.080711],[25.715023,45.080712],[25.715006,45.080716],[25.71499,45.080721],[25.714977,45.080726],[25.714957,45.080739],[25.71493,45.080756],[25.714915,45.080764],[25.714899,45.080771],[25.714882,45.080778],[25.714864,45.080784],[25.714846,45.080789],[25.714826,45.080793],[25.714805,45.080796],[25.714783,45.080798],[25.714761,45.0808],[25.714751,45.080802],[25.714729,45.080804],[25.714707,45.080806],[25.714684,45.080806],[25.714662,45.080806],[25.714639,45.080805],[25.714617,45.080803],[25.714597,45.0808],[25.714558,45.080793],[25.714521,45.080786],[25.714502,45.080784],[25.714483,45.080784],[25.714464,45.080785],[25.714428,45.080791],[25.714422,45.080793],[25.714403,45.080799],[25.714365,45.080808],[25.714347,45.080813],[25.714315,45.080821],[25.714301,45.080828],[25.714286,45.080835],[25.714272,45.080844],[25.71426,45.080854],[25.714239,45.080875],[25.71422,45.080898],[25.714209,45.080908],[25.714197,45.080917],[25.714183,45.080924],[25.714166,45.080928],[25.714148,45.08093],[25.71413,45.08093],[25.714112,45.080929],[25.714097,45.080925],[25.714086,45.080924],[25.714075,45.08092],[25.714075,45.08092],[25.714064,45.080914],[25.714064,45.080914],[25.714055,45.080905],[25.714055,45.080905],[25.714047,45.080897],[25.714045,45.080895],[25.714025,45.080881],[25.714016,45.080877],[25.714006,45.080877],[25.713997,45.080881],[25.713989,45.080886],[25.713981,45.080895],[25.713968,45.080914],[25.713959,45.080923],[25.71395,45.08093],[25.713939,45.080934],[25.713927,45.080936],[25.713915,45.080934],[25.713901,45.080931],[25.713856,45.080917],[25.713841,45.080911],[25.713825,45.080906],[25.713796,45.080897],[25.713783,45.080894],[25.713771,45.080892],[25.71376,45.080894],[25.713749,45.080899],[25.713746,45.080902],[25.71373,45.080917],[25.713712,45.080936],[25.713702,45.080944],[25.71369,45.080949],[25.713678,45.08095],[25.713665,45.08095],[25.713659,45.08095],[25.713655,45.080951],[25.71364,45.080951],[25.713625,45.080953],[25.713615,45.080954],[25.713605,45.080958],[25.713595,45.080962],[25.713584,45.080965],[25.713572,45.080967],[25.713559,45.080966],[25.713532,45.080963],[25.713517,45.080963],[25.713502,45.080964],[25.713478,45.080968],[25.713468,45.080972],[25.713457,45.080975],[25.713446,45.080976],[25.713434,45.080975],[25.713422,45.080972],[25.713414,45.08097],[25.713384,45.080965],[25.713372,45.080964],[25.713363,45.080966],[25.713352,45.080969],[25.713341,45.080973],[25.713331,45.080976],[25.713329,45.080976],[25.713326,45.080977],[25.713316,45.080977],[25.713307,45.080974],[25.713307,45.080974],[25.713299,45.080972],[25.713289,45.080969],[25.713279,45.080966],[25.713267,45.080966],[25.713267,45.080967],[25.713253,45.080969],[25.713253,45.080969],[25.713242,45.080973],[25.713241,45.080973],[25.71323,45.080978],[25.71323,45.080978],[25.713218,45.080982],[25.713218,45.080982],[25.713206,45.080985],[25.713194,45.080985],[25.71319,45.080985],[25.713189,45.080985],[25.713174,45.080985],[25.713147,45.080982],[25.713134,45.080981],[25.713122,45.080982],[25.71311,45.080985],[25.713099,45.080988],[25.713089,45.080992],[25.713079,45.080995],[25.713068,45.080996],[25.713057,45.080994],[25.713047,45.080991],[25.713037,45.080988],[25.713034,45.080987],[25.713031,45.080987],[25.713018,45.080989],[25.713005,45.080993],[25.712991,45.080997],[25.712977,45.081003],[25.712961,45.081008],[25.712944,45.081013],[25.712925,45.081017],[25.712904,45.08102],[25.712881,45.081022],[25.712858,45.081024],[25.712855,45.081024],[25.712824,45.081029],[25.712802,45.081032],[25.712779,45.081034],[25.712755,45.081036],[25.712731,45.081037],[25.712681,45.081038],[25.712639,45.081039],[25.712623,45.081041],[25.712606,45.081042],[25.7126,45.081042],[25.7126,45.081042],[25.712576,45.081044],[25.712552,45.081045],[25.712502,45.081046],[25.712452,45.081046],[25.712403,45.081045],[25.712379,45.081044],[25.712375,45.081044],[25.712374,45.081044],[25.712345,45.081046],[25.712328,45.081045],[25.712311,45.081043],[25.712296,45.08104],[25.712281,45.081036],[25.712268,45.081031],[25.712255,45.081028],[25.712252,45.081027],[25.712243,45.081025],[25.712243,45.081025],[25.712238,45.081025],[25.712228,45.081025],[25.712219,45.081027],[25.712208,45.08103],[25.712197,45.081034],[25.712187,45.081037],[25.712176,45.081038],[25.712165,45.081036],[25.712153,45.081034],[25.712142,45.081031],[25.71213,45.081028],[25.712116,45.081029],[25.712102,45.081032],[25.712089,45.081037],[25.712076,45.081044],[25.712061,45.081049],[25.712045,45.081055],[25.712026,45.081059],[25.712006,45.081061],[25.711995,45.081062],[25.711991,45.081062],[25.71197,45.081063],[25.71195,45.081063],[25.711928,45.081065],[25.711891,45.081069],[25.711873,45.08107],[25.711857,45.08107],[25.711815,45.081065],[25.711803,45.081062],[25.711791,45.081057],[25.71178,45.081052],[25.711768,45.081048],[25.711755,45.081045],[25.711742,45.081044],[25.711728,45.081046],[25.711712,45.081048],[25.711697,45.081052],[25.711648,45.081065],[25.711632,45.08107],[25.711618,45.081075],[25.711604,45.08108],[25.711589,45.081083],[25.711558,45.081086],[25.711541,45.081088],[25.711524,45.081091],[25.711475,45.081102],[25.711461,45.081106],[25.711446,45.081109],[25.711433,45.081111],[25.711422,45.081115],[25.711373,45.081134],[25.711355,45.08114],[25.7113,45.081154],[25.711282,45.081159],[25.711227,45.081169],[25.711209,45.081171],[25.711206,45.081171],[25.711205,45.081171],[25.711137,45.081177],[25.711115,45.08118],[25.711094,45.081183],[25.711075,45.081187],[25.711016,45.081197],[25.710998,45.081201],[25.710979,45.081203],[25.71096,45.081205],[25.710926,45.081206],[25.71091,45.081208],[25.710894,45.081211],[25.710877,45.081215],[25.710861,45.08122],[25.710844,45.081225],[25.710792,45.08124],[25.710773,45.081244],[25.710717,45.081255],[25.710698,45.081257],[25.710679,45.081259],[25.710661,45.081259],[25.710643,45.081258],[25.710624,45.081258],[25.710606,45.08126],[25.710589,45.081263],[25.710574,45.081268],[25.710559,45.081273],[25.710531,45.081284],[25.710518,45.081289],[25.710505,45.081292],[25.710491,45.081295],[25.710477,45.081299],[25.710464,45.081304],[25.710451,45.08131],[25.710439,45.081318],[25.710425,45.081325],[25.710408,45.081331],[25.710389,45.081335],[25.710369,45.081338],[25.710326,45.081344],[25.710305,45.081348],[25.710285,45.081351],[25.710211,45.08137],[25.710192,45.081374],[25.710156,45.081379],[25.710139,45.081381],[25.710121,45.081382],[25.710067,45.081378],[25.710038,45.081377],[25.710022,45.081378],[25.710004,45.081381],[25.709988,45.081386],[25.709974,45.081393],[25.709949,45.08141],[25.709938,45.081419],[25.709935,45.081421],[25.709932,45.081424],[25.709921,45.081432],[25.709911,45.08144],[25.7099,45.081446],[25.709887,45.081449],[25.709872,45.08145],[25.709845,45.08145],[25.709843,45.08145],[25.709825,45.08145],[25.709808,45.081451],[25.709793,45.081451],[25.70979,45.081452],[25.709774,45.081454],[25.709774,45.081454],[25.709759,45.081459],[25.709746,45.081467],[25.709735,45.081476],[25.709724,45.081485],[25.709715,45.081496],[25.709696,45.081519],[25.709678,45.081542],[25.709659,45.081565],[25.709654,45.081572],[25.709642,45.081587],[25.709631,45.0816],[25.709612,45.081622],[25.709611,45.081624],[25.709607,45.081629],[25.709587,45.081649],[25.709577,45.081657],[25.709566,45.081664],[25.709554,45.081668],[25.70954,45.08167],[25.709526,45.081669],[25.709511,45.081666],[25.709495,45.081662],[25.709444,45.081647],[25.709428,45.081642],[25.70941,45.081638],[25.709393,45.081634],[25.709376,45.081631],[25.709359,45.08163],[25.709343,45.081632],[25.709328,45.081636],[25.709314,45.081643],[25.709302,45.081651],[25.70929,45.08166],[25.709279,45.081669],[25.709268,45.081679],[25.709248,45.0817],[25.709228,45.081718],[25.709218,45.081726],[25.709209,45.081732],[25.7092,45.081736],[25.70919,45.081736],[25.70918,45.081732],[25.70916,45.08172],[25.709129,45.081698],[25.709111,45.081687],[25.709103,45.081685],[25.709096,45.081687],[25.709091,45.081692],[25.709087,45.081701],[25.70908,45.081723],[25.709077,45.081731],[25.709074,45.081741],[25.709069,45.081751],[25.709063,45.081758],[25.709055,45.081761],[25.709045,45.08176],[25.709034,45.081757],[25.709023,45.081752],[25.709011,45.081746],[25.708999,45.08174],[25.708987,45.081734],[25.708981,45.081731],[25.708972,45.081729],[25.708959,45.081729],[25.708946,45.081732],[25.708934,45.081737],[25.708923,45.081745],[25.708912,45.081753],[25.708905,45.081759],[25.708886,45.081781],[25.708876,45.081791],[25.708872,45.081794],[25.708871,45.081796],[25.708861,45.081805],[25.708852,45.081812],[25.708842,45.081817],[25.708839,45.081817],[25.708836,45.081819],[25.708824,45.08182],[25.708813,45.081818],[25.708801,45.081814],[25.708763,45.081798],[25.70875,45.081794],[25.708737,45.081791],[25.708724,45.081791],[25.708711,45.081794],[25.7087,45.0818],[25.70869,45.081807],[25.708679,45.081816],[25.70866,45.081837],[25.708647,45.08185],[25.708643,45.081854],[25.708623,45.081877],[25.708613,45.081887],[25.708601,45.081897],[25.708587,45.081905],[25.708572,45.081913],[25.708556,45.08192],[25.70854,45.081926],[25.708522,45.081932],[25.708511,45.081935],[25.708494,45.081941],[25.70844,45.081958],[25.708385,45.081973],[25.708313,45.081995],[25.70831,45.081995],[25.708307,45.081997],[25.708289,45.082003],[25.708236,45.082019],[25.708218,45.082024],[25.70818,45.082034],[25.708162,45.082039],[25.708104,45.082052],[25.708086,45.082057],[25.708067,45.082062],[25.708045,45.082066],[25.708035,45.082069],[25.708016,45.082073],[25.707988,45.082079],[25.707984,45.08208],[25.707976,45.082082],[25.707958,45.082086],[25.707938,45.08209],[25.707936,45.082091],[25.707926,45.082093],[25.707906,45.082097],[25.707864,45.082104],[25.707857,45.082106],[25.707856,45.082106],[25.70785,45.082107],[25.707831,45.082112],[25.707811,45.082116],[25.70777,45.082123],[25.707754,45.082126],[25.707741,45.082128],[25.70773,45.082131],[25.707726,45.082131],[25.707698,45.082137],[25.707678,45.082142],[25.707658,45.082146],[25.707656,45.082146],[25.707646,45.082149],[25.707626,45.082153],[25.707585,45.08216],[25.707565,45.082164],[25.707546,45.082168],[25.707507,45.082177],[25.707491,45.082181],[25.707476,45.082186],[25.707439,45.082195],[25.70743,45.082198],[25.707393,45.082211],[25.707343,45.082229],[25.707332,45.082234],[25.707318,45.082241],[25.707287,45.082256],[25.707273,45.082264],[25.707259,45.082272],[25.707219,45.082297],[25.707205,45.082305],[25.707191,45.082313],[25.707161,45.082329],[25.707151,45.082334],[25.707125,45.082352],[25.707097,45.082368],[25.707091,45.082371],[25.707079,45.082378],[25.707065,45.082386],[25.707044,45.082397],[25.70704,45.0824],[25.706999,45.082425],[25.706979,45.082437],[25.706977,45.082438],[25.706965,45.082447],[25.706944,45.082465],[25.706935,45.082474],[25.706927,45.082483],[25.70692,45.082492],[25.706915,45.0825],[25.706909,45.082508],[25.7069,45.082516],[25.706889,45.082523],[25.706876,45.082529],[25.706862,45.082534],[25.706848,45.082539],[25.706833,45.082542],[25.706803,45.082546],[25.706789,45.082549],[25.706775,45.082554],[25.706761,45.08256],[25.706747,45.082567],[25.706744,45.082569],[25.706735,45.082573],[25.706719,45.082581],[25.706708,45.082586],[25.706668,45.082605],[25.706661,45.082608],[25.706644,45.082617],[25.706613,45.082631],[25.706611,45.082632],[25.706603,45.082636],[25.706589,45.082644],[25.706559,45.082659],[25.706543,45.082666],[25.70652,45.082676],[25.706516,45.082678],[25.7065,45.082685],[25.706483,45.082691],[25.706465,45.082696],[25.706445,45.0827],[25.706406,45.082707],[25.706388,45.082711],[25.706387,45.082711],[25.706382,45.082714],[25.706374,45.082723],[25.70637,45.082733],[25.706366,45.082755],[25.706364,45.082768],[25.70636,45.082781],[25.706349,45.082806],[25.706343,45.082819],[25.706335,45.082831],[25.706325,45.082842],[25.706315,45.082853],[25.706312,45.082855],[25.706311,45.082856],[25.7063,45.082866],[25.706288,45.082876],[25.706275,45.082884],[25.706261,45.082893],[25.706249,45.082901],[25.706241,45.082907],[25.706216,45.082924],[25.706197,45.082942],[25.706188,45.082949],[25.706178,45.082954],[25.706164,45.082959],[25.706162,45.08296],[25.706153,45.082966],[25.706151,45.082967],[25.706144,45.082974],[25.706133,45.082989],[25.706131,45.08299],[25.706128,45.082994],[25.706119,45.083001],[25.706111,45.083008],[25.706103,45.083014],[25.706099,45.083021],[25.706096,45.083035],[25.706093,45.083041],[25.706089,45.083045],[25.706089,45.083048],[25.706086,45.083054],[25.706078,45.083059],[25.706067,45.083063],[25.706055,45.083067],[25.706044,45.083072],[25.706036,45.083077],[25.706033,45.083083],[25.706034,45.083089],[25.706037,45.083096],[25.706042,45.083103],[25.706047,45.08311],[25.706049,45.083118],[25.706048,45.083126],[25.706046,45.083144],[25.706047,45.083153],[25.706051,45.083162],[25.706057,45.083169],[25.706064,45.083177],[25.70607,45.083184],[25.706072,45.083192],[25.706069,45.083201],[25.706063,45.083209],[25.706058,45.083214],[25.706058,45.083214],[25.706048,45.083225],[25.70604,45.083233],[25.706034,45.083242],[25.706032,45.083248],[25.706032,45.083253],[25.706036,45.083262],[25.706042,45.083271],[25.706051,45.08328],[25.706061,45.083289],[25.706071,45.083298],[25.706093,45.083319],[25.706103,45.08333],[25.706109,45.083336],[25.706117,45.083345],[25.706126,45.083356],[25.706127,45.083358],[25.706132,45.083364],[25.70614,45.083377],[25.706146,45.08339],[25.70615,45.083405],[25.706152,45.083421],[25.706153,45.083436],[25.706152,45.083452],[25.706149,45.083467],[25.706147,45.083474],[25.706147,45.083477],[25.706144,45.083492],[25.70614,45.083507],[25.706133,45.08352],[25.706123,45.083531],[25.706112,45.083541],[25.706099,45.08355],[25.706085,45.083559],[25.706061,45.083575],[25.706055,45.08358],[25.706043,45.08359],[25.706033,45.083601],[25.706023,45.083612],[25.706015,45.083624],[25.706001,45.08365],[25.705993,45.083663],[25.70599,45.083666],[25.705988,45.08367],[25.705979,45.083682],[25.705968,45.083693],[25.705956,45.083702],[25.705941,45.08371],[25.705921,45.083718],[25.70592,45.083719],[25.70591,45.083723],[25.705885,45.083737],[25.705871,45.083745],[25.705859,45.083754],[25.705848,45.083764],[25.705838,45.083775],[25.705821,45.083799],[25.705802,45.083822],[25.705791,45.083832],[25.705779,45.083841],[25.705763,45.083848],[25.705745,45.083854],[25.705744,45.083854],[25.70574,45.083855],[25.705707,45.083863],[25.705695,45.083866],[25.70566,45.083877],[25.705643,45.083883],[25.705629,45.08389],[25.705619,45.083896],[25.705606,45.083905],[25.705593,45.083914],[25.705582,45.083924],[25.70556,45.083945],[25.705549,45.083955],[25.705542,45.083961],[25.705541,45.083962],[25.70551,45.083993],[25.705507,45.083997],[25.705504,45.084001],[25.705487,45.084024],[25.705479,45.084036],[25.70547,45.084054],[25.705462,45.084067],[25.705449,45.084093],[25.705441,45.084106],[25.705432,45.084117],[25.705422,45.084129],[25.705417,45.084133],[25.705416,45.084135],[25.705413,45.084138],[25.705412,45.084139],[25.70541,45.08414],[25.705404,45.084145],[25.705399,45.084148],[25.705384,45.084155],[25.705367,45.084161],[25.705348,45.084166],[25.705334,45.084169],[25.705317,45.084174],[25.705281,45.084183],[25.705255,45.084191],[25.705239,45.084198],[25.705224,45.084205],[25.70521,45.084213],[25.705183,45.08423],[25.705164,45.084247],[25.705153,45.084256],[25.705141,45.084266],[25.705117,45.084283],[25.705104,45.084291],[25.705091,45.084297],[25.705077,45.084303],[25.705063,45.084307],[25.705048,45.084308],[25.705033,45.084308],[25.705016,45.084306],[25.705,45.084305],[25.704986,45.084304],[25.704967,45.084304],[25.704947,45.084305],[25.704929,45.084307],[25.704912,45.084311],[25.704897,45.084318],[25.704884,45.084326],[25.704873,45.084335],[25.704867,45.084342],[25.70486,45.084355],[25.704855,45.084368],[25.704852,45.084383],[25.704851,45.084399],[25.70485,45.084415],[25.704851,45.084431],[25.704851,45.084437],[25.704854,45.084448],[25.704856,45.084463],[25.704856,45.084472],[25.704856,45.084475],[25.704857,45.084488],[25.704857,45.084491],[25.704857,45.084495],[25.704855,45.084508],[25.704851,45.084521],[25.704844,45.084532],[25.704835,45.084543],[25.704825,45.084553],[25.704814,45.084562],[25.704783,45.08459],[25.704782,45.08459],[25.704778,45.084596],[25.704772,45.084607],[25.704768,45.084618],[25.704768,45.08463],[25.704771,45.084642],[25.704773,45.08465],[25.704776,45.084659],[25.704785,45.084685],[25.704787,45.084698],[25.704788,45.084712],[25.704787,45.084726],[25.704784,45.084739],[25.704778,45.084752],[25.704771,45.084764],[25.704767,45.084771],[25.704766,45.084772],[25.704766,45.084772],[25.704763,45.084776],[25.704761,45.084779],[25.704758,45.084783],[25.704755,45.084785],[25.704754,45.084787],[25.704743,45.084797],[25.70472,45.084816],[25.704695,45.084835],[25.70467,45.084853],[25.704643,45.08487],[25.704616,45.084886],[25.704612,45.084889],[25.704587,45.084907],[25.704561,45.084924],[25.704547,45.084933],[25.704532,45.08494],[25.704516,45.084947],[25.704499,45.084953],[25.70448,45.084958],[25.70446,45.084962],[25.704417,45.084968],[25.70441,45.08497],[25.704389,45.084973],[25.704375,45.084976],[25.704343,45.084983],[25.704325,45.084988],[25.704307,45.084994],[25.704292,45.085002],[25.70428,45.085011],[25.704275,45.085016],[25.704268,45.085025],[25.704248,45.085064],[25.704239,45.0851],[25.704234,45.085114],[25.704227,45.085126],[25.704217,45.085135],[25.704205,45.085142],[25.704189,45.085145],[25.704173,45.085147],[25.704153,45.085148],[25.70414,45.085151],[25.704122,45.085156],[25.704105,45.085162],[25.704091,45.08517],[25.704081,45.085181],[25.704073,45.085193],[25.704067,45.085207],[25.704059,45.085229],[25.70406,45.085235],[25.70406,45.08525],[25.704059,45.085264],[25.704056,45.085279],[25.704051,45.085292],[25.704043,45.085303],[25.704034,45.085315],[25.704024,45.085325],[25.704013,45.085335],[25.703989,45.085354],[25.703961,45.085375],[25.70396,45.085376],[25.703937,45.085396],[25.703877,45.085444],[25.703855,45.085464],[25.703833,45.085485],[25.703811,45.085505],[25.703787,45.085524],[25.703762,45.085542],[25.703712,45.085579],[25.703687,45.085597],[25.703661,45.085615],[25.703634,45.085632],[25.70362,45.08564],[25.703606,45.085648],[25.703605,45.085649],[25.703603,45.08565],[25.70359,45.085657],[25.703577,45.085664],[25.703563,45.08567],[25.703549,45.085675],[25.703535,45.085678],[25.703504,45.085681],[25.703489,45.085683],[25.703483,45.085684],[25.703481,45.085685],[25.703465,45.085691],[25.703453,45.085699],[25.703453,45.0857],[25.703446,45.085709],[25.703444,45.085713],[25.70344,45.085719],[25.703431,45.085734],[25.703424,45.085746],[25.703414,45.085757],[25.703404,45.085767],[25.703393,45.085776],[25.703382,45.085784],[25.703371,45.085792],[25.70336,45.085798],[25.703338,45.085808],[25.703327,45.085814],[25.703318,45.085822],[25.7033,45.085842],[25.703279,45.085861],[25.703255,45.085879],[25.703193,45.085925],[25.703169,45.085944],[25.703159,45.085955],[25.703152,45.085967],[25.703148,45.085981],[25.703146,45.085995],[25.703145,45.086009],[25.703146,45.086024],[25.703148,45.086037],[25.703151,45.086049],[25.703155,45.08606],[25.703158,45.086069],[25.703158,45.086079],[25.703154,45.086088],[25.703148,45.086098],[25.703143,45.086109],[25.703132,45.086134],[25.703126,45.086147],[25.70312,45.08616],[25.703111,45.086188],[25.703106,45.086201],[25.7031,45.086213],[25.703087,45.086233],[25.703083,45.086243],[25.70308,45.086261],[25.703079,45.086267],[25.703078,45.086277],[25.703079,45.086288],[25.703081,45.086299],[25.703093,45.086336],[25.703098,45.086349],[25.703104,45.086363],[25.703119,45.086388],[25.703126,45.086401],[25.703132,45.086416],[25.703136,45.086431],[25.70314,45.086447],[25.703143,45.086463],[25.703148,45.086484],[25.703152,45.086499],[25.703158,45.086514],[25.703172,45.08654],[25.703179,45.086553],[25.703196,45.086577],[25.703204,45.086589],[25.703206,45.086591],[25.70322,45.086607],[25.703228,45.086613],[25.703239,45.086619],[25.703252,45.086622],[25.703265,45.086623],[25.703278,45.08662],[25.70329,45.086617],[25.703302,45.086614],[25.703314,45.086612],[25.703324,45.086611],[25.703334,45.086614],[25.703341,45.08662],[25.703347,45.08663],[25.703353,45.086641],[25.703364,45.086666],[25.703369,45.086681],[25.703372,45.086696],[25.703374,45.086706],[25.70338,45.086733],[25.703381,45.086736],[25.703385,45.086745],[25.703389,45.08676],[25.703391,45.086771],[25.703394,45.086778],[25.7034,45.086794],[25.703409,45.086819],[25.70341,45.086822],[25.703417,45.086835],[25.703434,45.08686],[25.703442,45.086871],[25.703472,45.0869],[25.703481,45.086908],[25.703497,45.086925],[25.703507,45.086935],[25.703507,45.086935],[25.703512,45.08694],[25.703521,45.08695],[25.703527,45.086959],[25.703532,45.086969],[25.703532,45.086973],[25.703533,45.086975],[25.703532,45.086984],[25.703528,45.086993],[25.703521,45.087002],[25.703516,45.087007],[25.703508,45.087018],[25.703499,45.087029],[25.703488,45.087038],[25.703477,45.087048],[25.703453,45.087067],[25.703426,45.087087],[25.703424,45.08709],[25.703401,45.08711],[25.703376,45.087128],[25.70335,45.087147],[25.703337,45.087156],[25.70333,45.087162],[25.703317,45.087171],[25.703303,45.087179],[25.703289,45.087187],[25.703272,45.087193],[25.703253,45.087198],[25.703216,45.087209],[25.703197,45.087213],[25.703156,45.087221],[25.703137,45.087225],[25.703119,45.087231],[25.703104,45.087239],[25.703092,45.087247],[25.703087,45.087251],[25.703078,45.087262],[25.703069,45.087274],[25.703061,45.087286],[25.703054,45.087299],[25.703049,45.087313],[25.703045,45.087326],[25.703041,45.08734],[25.703039,45.087353],[25.703041,45.087366],[25.703045,45.087379],[25.703051,45.087388],[25.703056,45.087394],[25.703059,45.087397],[25.703068,45.087404],[25.70307,45.087405],[25.703083,45.087413],[25.703113,45.087428],[25.703144,45.087441],[25.703158,45.087448],[25.703171,45.087456],[25.703183,45.087463],[25.703185,45.087464],[25.703187,45.087466],[25.70319,45.087469],[25.703193,45.087471],[25.703195,45.087472],[25.703196,45.087474],[25.703198,45.087475],[25.703201,45.087478],[25.703201,45.08748],[25.703203,45.087482],[25.703204,45.087487],[25.703204,45.08749],[25.703202,45.0875],[25.703201,45.087504],[25.703199,45.087507],[25.703194,45.087518],[25.703184,45.087536],[25.703173,45.087558],[25.703169,45.087572],[25.703165,45.087588],[25.703163,45.087599],[25.703163,45.087615],[25.703163,45.087631],[25.703166,45.087646],[25.70317,45.087661],[25.703176,45.087675],[25.703185,45.087687],[25.703197,45.087696],[25.703211,45.087704],[25.703226,45.087711],[25.703243,45.087717],[25.703277,45.087726],[25.703291,45.087731],[25.703301,45.087737],[25.703306,45.087744],[25.703306,45.087752],[25.703301,45.08776],[25.703293,45.087767],[25.703283,45.087774],[25.703271,45.087782],[25.703248,45.087796],[25.703239,45.087803],[25.70323,45.08781],[25.703226,45.087816],[25.703226,45.087822],[25.703232,45.087828],[25.703242,45.087834],[25.703253,45.08784],[25.703282,45.087851],[25.703295,45.087857],[25.703307,45.087866],[25.703315,45.087876],[25.70332,45.087888],[25.703322,45.0879],[25.703322,45.087913],[25.703318,45.087937],[25.703317,45.087948],[25.703317,45.087959],[25.703318,45.087967],[25.703319,45.087968],[25.703321,45.087969],[25.70334,45.087972],[25.703359,45.087974],[25.70338,45.087976],[25.7034,45.087976],[25.703408,45.087976],[25.70342,45.087975],[25.703437,45.087975],[25.703443,45.087976],[25.703452,45.087977],[25.703467,45.087981],[25.70348,45.087987],[25.703487,45.087991],[25.703496,45.087996],[25.703509,45.088004],[25.703521,45.088012],[25.703534,45.088021],[25.703543,45.088028],[25.703549,45.088032],[25.703555,45.088036],[25.70357,45.088043],[25.703586,45.08805],[25.703604,45.088055],[25.703623,45.088059],[25.703643,45.088063],[25.703649,45.088064],[25.703651,45.088064],[25.703651,45.088064],[25.703674,45.088065],[25.703678,45.088065],[25.703696,45.088065],[25.703716,45.088066],[25.703741,45.088065],[25.703765,45.088065],[25.703813,45.088062],[25.703824,45.088061],[25.703828,45.088061],[25.703839,45.08806],[25.703877,45.088056],[25.703897,45.088056],[25.703916,45.088056],[25.703916,45.088056],[25.703926,45.088056],[25.703941,45.088059],[25.703954,45.088064],[25.703966,45.088071],[25.703976,45.088079],[25.703983,45.088086],[25.703987,45.08809],[25.703997,45.0881],[25.704002,45.088107],[25.704009,45.088114],[25.704019,45.088125],[25.704028,45.088137],[25.704045,45.088161],[25.704053,45.088174],[25.704058,45.088184],[25.704066,45.088195],[25.70409,45.088233],[25.704104,45.088258],[25.704105,45.08826],[25.704114,45.088275],[25.704123,45.088288],[25.704134,45.088308],[25.704143,45.088321],[25.704169,45.088357],[25.704183,45.088375],[25.704192,45.088384],[25.704202,45.088395],[25.704222,45.088417],[25.70424,45.088437],[25.704248,45.088446],[25.704254,45.088455],[25.704258,45.088464],[25.704258,45.088474],[25.704254,45.088482],[25.704247,45.088491],[25.704231,45.088509],[25.704222,45.088517],[25.704217,45.088523],[25.704214,45.088531],[25.704214,45.08854],[25.704218,45.088548],[25.704224,45.088556],[25.704233,45.088562],[25.704244,45.088566],[25.704257,45.088568],[25.704296,45.088568],[25.704309,45.088567],[25.704334,45.088562],[25.704354,45.088559],[25.704359,45.088561],[25.70436,45.088564],[25.704356,45.088569],[25.70435,45.088575],[25.704333,45.088589],[25.704324,45.088596],[25.704316,45.088604],[25.70431,45.088612],[25.704307,45.088621],[25.704302,45.08864],[25.704301,45.08865],[25.704301,45.08865],[25.704303,45.088656],[25.704308,45.088667],[25.704323,45.088689],[25.704323,45.08869],[25.704324,45.088691],[25.704329,45.088701],[25.704334,45.088713],[25.704342,45.088738],[25.704346,45.088749],[25.704351,45.088759],[25.704358,45.088765],[25.704367,45.088767],[25.704376,45.088766],[25.704387,45.088762],[25.704397,45.088757],[25.704407,45.08875],[25.704427,45.088736],[25.704436,45.088732],[25.704446,45.088729],[25.704454,45.088731],[25.704461,45.088736],[25.704467,45.088744],[25.704472,45.088754],[25.704475,45.088764],[25.704477,45.088775],[25.704476,45.088788],[25.70446,45.088853],[25.704459,45.088865],[25.704461,45.088878],[25.704465,45.08889],[25.704472,45.0889],[25.704473,45.088901],[25.704476,45.088903],[25.704506,45.088922],[25.704512,45.088926],[25.704519,45.088931],[25.704523,45.088933],[25.704535,45.088938],[25.704545,45.088945],[25.704556,45.088953],[25.704579,45.088969],[25.704603,45.088984],[25.704616,45.08899],[25.70463,45.088995],[25.704644,45.088997],[25.704658,45.088999],[25.704672,45.089001],[25.704685,45.089004],[25.704695,45.089009],[25.704701,45.089016],[25.704704,45.089024],[25.704705,45.089049],[25.704707,45.089056],[25.704711,45.089061],[25.704729,45.089063],[25.704748,45.089064],[25.704781,45.089066],[25.704793,45.089067],[25.704801,45.08907],[25.704805,45.089076],[25.704805,45.089076],[25.704805,45.089076],[25.704805,45.089084],[25.704802,45.089093],[25.704796,45.089102],[25.704789,45.089113],[25.704776,45.089137],[25.704776,45.089137],[25.704769,45.08915],[25.704769,45.08915],[25.704764,45.089164],[25.704764,45.089164],[25.704759,45.08918],[25.704756,45.089195],[25.704747,45.089242],[25.704743,45.089256],[25.704739,45.089268],[25.704737,45.08928],[25.704736,45.089287],[25.704737,45.089293],[25.704743,45.0893],[25.704753,45.089306],[25.704766,45.08931],[25.704795,45.089317],[25.704808,45.089321],[25.704816,45.089325],[25.70482,45.089331],[25.704818,45.089336],[25.704819,45.089337],[25.704816,45.089343],[25.704809,45.08935],[25.704799,45.089356],[25.704763,45.089376],[25.704754,45.089382],[25.704742,45.089391],[25.704735,45.089398],[25.70473,45.089404],[25.704729,45.089406],[25.704723,45.089417],[25.70472,45.08943],[25.704719,45.089444],[25.70472,45.089459],[25.704725,45.089488],[25.704727,45.089504],[25.704728,45.08952],[25.704728,45.089536],[25.704726,45.089553],[25.704724,45.089568],[25.704719,45.089583],[25.704713,45.089596],[25.704703,45.089607],[25.704692,45.089613],[25.704692,45.089614],[25.704683,45.089619],[25.70467,45.089624],[25.704644,45.089631],[25.704641,45.089632],[25.704626,45.089637],[25.704615,45.089644],[25.70461,45.089651],[25.704608,45.089661],[25.704609,45.089672],[25.70461,45.089684],[25.704614,45.089697],[25.70462,45.08971],[25.704628,45.089721],[25.70464,45.089731],[25.704652,45.089738],[25.704664,45.089743],[25.704697,45.089753],[25.704698,45.089754],[25.704722,45.08976],[25.704751,45.089769],[25.704762,45.089773],[25.704768,45.089777],[25.704769,45.089782],[25.704769,45.089782],[25.704763,45.089787],[25.704763,45.089787],[25.704752,45.089791],[25.704727,45.089801],[25.704727,45.089801],[25.704699,45.08981],[25.704686,45.089816],[25.704678,45.089822],[25.704672,45.089829],[25.704671,45.089836],[25.704675,45.089842],[25.704696,45.089861],[25.7047,45.089868],[25.704701,45.089875],[25.704698,45.089882],[25.704692,45.08989],[25.704677,45.089904],[25.704671,45.089912],[25.704667,45.08992],[25.704667,45.089928],[25.70467,45.089936],[25.704676,45.089944],[25.704693,45.089963],[25.704699,45.089969],[25.704708,45.089979],[25.704715,45.089989],[25.704719,45.09],[25.704721,45.090013],[25.704719,45.090026],[25.704716,45.090054],[25.704714,45.090069],[25.704711,45.090085],[25.704707,45.0901],[25.704701,45.090114],[25.704687,45.09014],[25.70468,45.090153],[25.704655,45.090191],[25.704646,45.090203],[25.704622,45.090239],[25.704616,45.090252],[25.70461,45.090264],[25.704606,45.090276],[25.704604,45.090289],[25.704605,45.090301],[25.704609,45.090313],[25.704616,45.090324],[25.704623,45.090333],[25.704625,45.090335],[25.704645,45.090356],[25.704655,45.090366],[25.704672,45.090384],[25.70468,45.090391],[25.704684,45.090396],[25.704686,45.090397],[25.704704,45.090417],[25.704712,45.090427],[25.704717,45.090437],[25.704719,45.090448],[25.704718,45.090459],[25.704716,45.090471],[25.704713,45.090484],[25.704709,45.090496],[25.704704,45.090509],[25.7047,45.090521],[25.704697,45.090534],[25.704695,45.090546],[25.704694,45.090557],[25.704697,45.090567],[25.704703,45.090576],[25.704712,45.090586],[25.704719,45.090591],[25.704724,45.090595],[25.704749,45.090611],[25.704763,45.090619],[25.704775,45.090627],[25.704786,45.090637],[25.704787,45.090638],[25.704789,45.090639],[25.704799,45.090649],[25.704805,45.09066],[25.704808,45.090672],[25.704808,45.090685],[25.704806,45.090697],[25.704802,45.090711],[25.704799,45.090719],[25.704799,45.090719],[25.704798,45.090724],[25.704795,45.090733],[25.704789,45.090746],[25.70478,45.090758],[25.704769,45.090769],[25.704756,45.090778],[25.704743,45.090787],[25.704728,45.090795],[25.704714,45.090803],[25.704697,45.09081],[25.704681,45.090816],[25.704665,45.090822],[25.704648,45.090827],[25.70463,45.090831],[25.704614,45.090834],[25.704597,45.090834],[25.704581,45.090832],[25.704566,45.090828],[25.704553,45.090821],[25.704542,45.090812],[25.704531,45.090802],[25.704521,45.090791],[25.704491,45.090757],[25.704481,45.090746],[25.704469,45.090736],[25.704457,45.090726],[25.704444,45.090717],[25.70443,45.090709],[25.704415,45.090702],[25.704399,45.090696],[25.704381,45.090693],[25.704378,45.090693],[25.704369,45.090693],[25.704347,45.090695],[25.704325,45.090698],[25.704306,45.090703],[25.704289,45.090709],[25.704273,45.090717],[25.704258,45.090725],[25.704244,45.090733],[25.704207,45.090758],[25.704185,45.090771],[25.704176,45.090776],[25.704169,45.090778],[25.704163,45.090777],[25.704163,45.090777],[25.704163,45.090777],[25.704161,45.090772],[25.704161,45.090766],[25.704161,45.090765],[25.704161,45.090758],[25.704163,45.090745],[25.704164,45.090732],[25.704165,45.09072],[25.704165,45.09071],[25.704162,45.0907],[25.704154,45.090692],[25.704142,45.090686],[25.704134,45.090684],[25.704124,45.090684],[25.704106,45.090685],[25.704086,45.090686],[25.704066,45.090688],[25.704046,45.090691],[25.704028,45.090696],[25.704011,45.090702],[25.703995,45.090709],[25.703984,45.090716],[25.703978,45.09072],[25.703974,45.090723],[25.703965,45.090731],[25.703953,45.090744],[25.703948,45.090749],[25.703931,45.090772],[25.703922,45.090782],[25.703911,45.090791],[25.703896,45.090796],[25.70388,45.0908],[25.703862,45.090801],[25.703824,45.090799],[25.703803,45.090799],[25.703781,45.090799],[25.703759,45.0908],[25.703736,45.090801],[25.703715,45.090803],[25.703695,45.090807],[25.703677,45.090812],[25.70366,45.090817],[25.703646,45.090822],[25.703634,45.090829],[25.70362,45.090837],[25.703607,45.090846],[25.703595,45.090856],[25.703584,45.090865],[25.703538,45.090913],[25.70352,45.090934],[25.70349,45.090967],[25.70347,45.090989],[25.703448,45.09101],[25.703425,45.09103],[25.703413,45.09104],[25.703408,45.091042],[25.703404,45.091045],[25.703389,45.091053],[25.703381,45.091055],[25.703366,45.091062],[25.703352,45.091067],[25.703338,45.091072],[25.703284,45.09109],[25.703266,45.091095],[25.703217,45.091106],[25.703261,45.09115],[25.703294,45.091183],[25.703318,45.091237],[25.703326,45.091266],[25.703317,45.091305],[25.703475,45.091388],[25.703951,45.09163],[25.704159,45.091733],[25.704162,45.091732],[25.704178,45.091726],[25.704186,45.091723],[25.7042,45.09172],[25.704214,45.091719],[25.704229,45.091719],[25.704243,45.09172],[25.704246,45.09172],[25.704248,45.09172],[25.704258,45.091721],[25.704267,45.091723],[25.704277,45.091726],[25.704291,45.091728],[25.704306,45.091731],[25.70432,45.091735],[25.704321,45.091735],[25.704326,45.091736],[25.704335,45.091739],[25.704344,45.091742],[25.704351,45.091746],[25.704351,45.091746],[25.70436,45.091749],[25.70437,45.091754],[25.704377,45.091758],[25.704384,45.091762],[25.70439,45.091766],[25.704396,45.09177],[25.7044,45.091774],[25.704404,45.091779],[25.704407,45.091783],[25.70441,45.091788],[25.70441,45.091794],[25.704409,45.0918],[25.704404,45.091805],[25.704396,45.091811],[25.704384,45.091815],[25.70437,45.091819],[25.704344,45.091825],[25.704849,45.092075],[25.705117,45.092208],[25.705127,45.092201],[25.705143,45.092194],[25.705153,45.092188],[25.705181,45.092175],[25.705209,45.09216],[25.705221,45.092153],[25.705231,45.092144],[25.705239,45.092134],[25.705243,45.092124],[25.705243,45.092113],[25.70524,45.092101],[25.705237,45.092092],[25.705232,45.092082],[25.705226,45.092069],[25.705223,45.092061],[25.705219,45.092052],[25.705215,45.092042],[25.70521,45.092028],[25.705207,45.092018],[25.705205,45.092012],[25.705203,45.091999],[25.705202,45.091985],[25.705203,45.091985],[25.705202,45.091983],[25.705203,45.091968],[25.705205,45.091953],[25.705211,45.091925],[25.705213,45.09192],[25.705221,45.091876],[25.705225,45.091861],[25.70523,45.091846],[25.705244,45.09182],[25.705251,45.091807],[25.705254,45.091803],[25.705254,45.091802],[25.705277,45.091765],[25.705285,45.091752],[25.705308,45.091715],[25.705315,45.091702],[25.705328,45.091676],[25.705332,45.091662],[25.705335,45.091647],[25.705336,45.091632],[25.705337,45.091617],[25.705336,45.091577],[25.705339,45.091565],[25.705344,45.091555],[25.705352,45.091545],[25.705371,45.091529],[25.705371,45.091529],[25.705378,45.091519],[25.705387,45.091509],[25.705406,45.091488],[25.705416,45.091477],[25.705425,45.091466],[25.705433,45.091453],[25.705453,45.091413],[25.705459,45.091399],[25.705464,45.091383],[25.705467,45.09137],[25.705475,45.091328],[25.705476,45.091314],[25.705474,45.0913],[25.705467,45.091273],[25.70546,45.091244],[25.705453,45.091217],[25.705451,45.091203],[25.705452,45.09119],[25.705455,45.091176],[25.70546,45.091164],[25.705469,45.091153],[25.705479,45.091144],[25.705491,45.091135],[25.705504,45.091126],[25.705507,45.091125],[25.705532,45.091105],[25.705547,45.091092],[25.705554,45.091083],[25.70556,45.091074],[25.705561,45.091064],[25.70556,45.091053],[25.705556,45.091042],[25.705552,45.091031],[25.705547,45.09102],[25.705543,45.091009],[25.705539,45.090998],[25.705537,45.090987],[25.705538,45.090982],[25.705538,45.09098],[25.705539,45.09097],[25.705544,45.090961],[25.705552,45.090951],[25.705561,45.090942],[25.705572,45.090933],[25.705585,45.090925],[25.705598,45.090917],[25.705613,45.090909],[25.705629,45.090903],[25.70564,45.090899],[25.705656,45.090892],[25.705656,45.090892],[25.705674,45.090887],[25.705674,45.090887],[25.705691,45.090884],[25.705699,45.090881],[25.705731,45.090872],[25.70574,45.090869],[25.705743,45.090868],[25.705746,45.090861],[25.705745,45.090854],[25.70574,45.090846],[25.705733,45.090838],[25.705707,45.090814],[25.7057,45.090806],[25.705695,45.090799],[25.705673,45.090782],[25.705664,45.090773],[25.70566,45.090763],[25.705659,45.090752],[25.705661,45.090741],[25.705665,45.090729],[25.705671,45.090718],[25.705687,45.090695],[25.705696,45.090684],[25.705707,45.090673],[25.705718,45.090664],[25.705731,45.090654],[25.705744,45.090645],[25.705759,45.090638],[25.705776,45.090632],[25.705796,45.090627],[25.705816,45.090624],[25.705857,45.090619],[25.705875,45.090616],[25.70589,45.090612],[25.705899,45.090608],[25.705903,45.090602],[25.705906,45.090593],[25.705905,45.090583],[25.705903,45.090572],[25.705899,45.090561],[25.705894,45.09055],[25.705891,45.090539],[25.705889,45.090529],[25.70589,45.090519],[25.705894,45.090508],[25.7059,45.090498],[25.705916,45.090477],[25.705925,45.090466],[25.705935,45.090457],[25.705941,45.09045],[25.705952,45.09044],[25.705965,45.090431],[25.705978,45.090422],[25.706003,45.090406],[25.70602,45.090394],[25.706029,45.090385],[25.706036,45.090375],[25.70604,45.090365],[25.706041,45.090354],[25.706042,45.090329],[25.706044,45.090316],[25.706047,45.090304],[25.706051,45.090294],[25.706058,45.090286],[25.706068,45.090283],[25.706079,45.090283],[25.706092,45.090284],[25.706107,45.090287],[25.706164,45.090303],[25.706177,45.090306],[25.706179,45.090306],[25.706186,45.090304],[25.7062,45.090296],[25.70621,45.090289],[25.706215,45.090285],[25.706223,45.090276],[25.706241,45.090253],[25.706246,45.090248],[25.706247,45.090246],[25.706256,45.090234],[25.706266,45.090224],[25.70627,45.09022],[25.706271,45.09022],[25.706271,45.09022],[25.706278,45.090214],[25.706291,45.090205],[25.706308,45.090198],[25.706326,45.090193],[25.706365,45.090184],[25.706384,45.090179],[25.706401,45.090174],[25.706411,45.090168],[25.706419,45.09016],[25.706426,45.090148],[25.706429,45.090135],[25.70643,45.090121],[25.706429,45.090107],[25.706425,45.090088],[25.706415,45.090061],[25.706408,45.090047],[25.7064,45.090035],[25.70639,45.090023],[25.70638,45.090012],[25.706347,45.089984],[25.706338,45.089975],[25.70633,45.089967],[25.706325,45.089959],[25.706323,45.089952],[25.706327,45.089946],[25.706337,45.089941],[25.706351,45.089937],[25.706386,45.08993],[25.706405,45.089926],[25.706422,45.08992],[25.706437,45.089914],[25.706451,45.089906],[25.706463,45.089898],[25.706473,45.089889],[25.706481,45.089879],[25.706486,45.089869],[25.706489,45.089859],[25.706487,45.08985],[25.706482,45.089841],[25.706474,45.089832],[25.706463,45.089823],[25.706451,45.089815],[25.706424,45.089799],[25.706412,45.089791],[25.706401,45.089782],[25.706392,45.089772],[25.706385,45.089762],[25.706382,45.089751],[25.706382,45.08974],[25.706386,45.089729],[25.706392,45.089718],[25.7064,45.089707],[25.706411,45.089698],[25.706425,45.089691],[25.706428,45.08969],[25.706426,45.089685],[25.706429,45.08968],[25.706439,45.089676],[25.706453,45.089673],[25.706471,45.089671],[25.706497,45.089669],[25.706525,45.089662],[25.706538,45.089658],[25.706545,45.089653],[25.706547,45.089648],[25.706543,45.089643],[25.706535,45.089638],[25.706525,45.089632],[25.706501,45.089621],[25.7065,45.08962],[25.706476,45.089611],[25.706465,45.089605],[25.706456,45.0896],[25.706451,45.089595],[25.706452,45.089589],[25.706459,45.089585],[25.706471,45.089581],[25.706487,45.089576],[25.706496,45.089569],[25.706502,45.089562],[25.706505,45.089554],[25.706504,45.089546],[25.706501,45.089538],[25.706496,45.089531],[25.706492,45.089523],[25.706491,45.089516],[25.706494,45.089508],[25.706501,45.089501],[25.706511,45.089495],[25.706525,45.089489],[25.706575,45.089476],[25.706604,45.089466],[25.706617,45.08946],[25.706626,45.089454],[25.706628,45.089449],[25.706627,45.089445],[25.706623,45.089434],[25.706618,45.089422],[25.706612,45.089411],[25.706612,45.089409],[25.706611,45.089409],[25.706608,45.089403],[25.706597,45.089391],[25.706589,45.089378],[25.706581,45.089366],[25.706573,45.089353],[25.706566,45.089339],[25.706561,45.089324],[25.706544,45.089266],[25.706542,45.089252],[25.706542,45.089238],[25.706544,45.089225],[25.70655,45.089213],[25.706558,45.089203],[25.706567,45.089195],[25.706579,45.089188],[25.706591,45.089184],[25.706605,45.089181],[25.70662,45.089181],[25.706646,45.089182],[25.706647,45.089182],[25.706664,45.089182],[25.706681,45.08918],[25.706697,45.089177],[25.706712,45.089171],[25.706725,45.089165],[25.706737,45.089157],[25.706745,45.089149],[25.70675,45.089144],[25.706753,45.08914],[25.706756,45.089136],[25.706761,45.089127],[25.706763,45.08912],[25.706764,45.089111],[25.706762,45.0891],[25.706757,45.089089],[25.70675,45.089079],[25.706745,45.089071],[25.706728,45.089055],[25.706717,45.089046],[25.706708,45.089037],[25.706699,45.089028],[25.706692,45.089019],[25.706687,45.08901],[25.706687,45.089001],[25.706691,45.088992],[25.706697,45.088982],[25.706706,45.088973],[25.706715,45.088964],[25.706717,45.088961],[25.706721,45.088956],[25.70673,45.088946],[25.70674,45.088936],[25.706745,45.088931],[25.706752,45.088922],[25.706758,45.08891],[25.706764,45.088898],[25.706767,45.088885],[25.706767,45.088872],[25.706764,45.088859],[25.706759,45.088847],[25.706753,45.088834],[25.706747,45.088822],[25.706716,45.088773],[25.70671,45.088761],[25.706705,45.088749],[25.706701,45.088737],[25.706699,45.088725],[25.706701,45.088713],[25.706705,45.088702],[25.706708,45.088696],[25.706709,45.088692],[25.706711,45.08869],[25.706711,45.08869],[25.706718,45.088678],[25.706741,45.088646],[25.706746,45.088635],[25.70675,45.088625],[25.706752,45.088615],[25.70675,45.088606],[25.706743,45.088598],[25.706731,45.088592],[25.706715,45.088587],[25.706678,45.088579],[25.70666,45.088574],[25.706643,45.088569],[25.706629,45.088561],[25.706619,45.088551],[25.706612,45.088539],[25.706608,45.088525],[25.706607,45.088512],[25.706609,45.088498],[25.706613,45.088484],[25.70662,45.088472],[25.706629,45.088461],[25.706639,45.08845],[25.706652,45.088441],[25.706666,45.088432],[25.706683,45.088426],[25.706701,45.08842],[25.706737,45.08841],[25.706755,45.088405],[25.706791,45.088398],[25.706805,45.088393],[25.706815,45.088388],[25.70682,45.088381],[25.70682,45.088373],[25.706817,45.088363],[25.706811,45.088354],[25.706803,45.088344],[25.706793,45.088335],[25.706759,45.088307],[25.706749,45.088297],[25.706739,45.088288],[25.706731,45.088278],[25.706725,45.088268],[25.706724,45.088258],[25.706726,45.088247],[25.706732,45.088238],[25.70674,45.088228],[25.706751,45.088219],[25.706762,45.088211],[25.706788,45.088195],[25.706799,45.088188],[25.706808,45.08818],[25.706814,45.088172],[25.706816,45.088167],[25.706816,45.088161],[25.70681,45.088154],[25.7068,45.088148],[25.706799,45.088147],[25.706789,45.088143],[25.706786,45.088142],[25.706775,45.088138],[25.706767,45.088136],[25.706709,45.088125],[25.706652,45.088112],[25.706633,45.088107],[25.706616,45.088101],[25.706599,45.088094],[25.706583,45.088087],[25.70657,45.088078],[25.70656,45.088067],[25.706553,45.088054],[25.706547,45.08804],[25.706537,45.08801],[25.706532,45.087996],[25.706525,45.087982],[25.706516,45.08797],[25.706505,45.087961],[25.706492,45.087952],[25.706478,45.087944],[25.70645,45.087931],[25.706437,45.087924],[25.706428,45.087916],[25.706421,45.087908],[25.706419,45.087899],[25.70642,45.08789],[25.706422,45.087879],[25.706426,45.087869],[25.706431,45.08786],[25.706434,45.08785],[25.706436,45.087841],[25.706434,45.087832],[25.706427,45.087825],[25.706414,45.08782],[25.706398,45.087816],[25.706379,45.087813],[25.706357,45.087812],[25.706291,45.087808],[25.70627,45.087807],[25.706252,45.087805],[25.706236,45.087802],[25.706226,45.087798],[25.706221,45.087792],[25.706222,45.087785],[25.706226,45.087777],[25.706233,45.08777],[25.706258,45.087745],[25.706259,45.087743],[25.706264,45.087736],[25.706269,45.087728],[25.706271,45.087723],[25.706272,45.087723],[25.706268,45.087717],[25.706259,45.087712],[25.706246,45.087709],[25.706231,45.087707],[25.706201,45.087703],[25.706189,45.087701],[25.706179,45.087695],[25.706171,45.087687],[25.706166,45.087676],[25.706164,45.087663],[25.706164,45.087649],[25.706165,45.087636],[25.70617,45.087622],[25.706177,45.08761],[25.706187,45.0876],[25.70621,45.087581],[25.706223,45.087572],[25.706234,45.087564],[25.706244,45.087554],[25.706253,45.087545],[25.706261,45.087537],[25.70627,45.087531],[25.706281,45.087528],[25.706292,45.087529],[25.706304,45.087532],[25.706317,45.087535],[25.70633,45.087538],[25.706343,45.087541],[25.706357,45.087541],[25.706371,45.087539],[25.706372,45.087538],[25.706387,45.08753],[25.706401,45.087522],[25.70641,45.087516],[25.706422,45.087507],[25.70643,45.087501],[25.706452,45.087481],[25.70647,45.087463],[25.706488,45.087445],[25.706495,45.087439],[25.706517,45.087418],[25.706529,45.087408],[25.706546,45.087391],[25.706558,45.087381],[25.70657,45.087372],[25.706584,45.087364],[25.706598,45.087356],[25.706614,45.087349],[25.706647,45.087337],[25.706665,45.087331],[25.706672,45.087329],[25.706672,45.087329],[25.70669,45.087324],[25.706694,45.087323],[25.706713,45.087317],[25.706749,45.087307],[25.706767,45.087301],[25.706802,45.087289],[25.706818,45.087282],[25.706834,45.087274],[25.706849,45.087267],[25.70689,45.087244],[25.706921,45.087224],[25.706948,45.087207],[25.706963,45.0872],[25.706979,45.087193],[25.706996,45.087186],[25.70705,45.087171],[25.70705,45.087171],[25.707069,45.087166],[25.707069,45.087166],[25.707108,45.087157],[25.707127,45.087153],[25.707147,45.087149],[25.707188,45.087142],[25.707208,45.087138],[25.707227,45.087134],[25.707287,45.087122],[25.707307,45.087117],[25.707347,45.087109],[25.70736,45.087106],[25.707379,45.087101],[25.707415,45.08709],[25.707428,45.087086],[25.707442,45.087079],[25.707455,45.087071],[25.707467,45.087061],[25.707477,45.08705],[25.707486,45.087039],[25.707489,45.087034],[25.707505,45.086998],[25.707508,45.08699],[25.707513,45.08698],[25.707517,45.086966],[25.707522,45.086947],[25.707523,45.086945],[25.707525,45.086932],[25.707526,45.08692],[25.707525,45.086915],[25.707525,45.086912],[25.707522,45.086901],[25.707515,45.086876],[25.70751,45.086863],[25.707505,45.086852],[25.7075,45.08684],[25.707498,45.08683],[25.707497,45.08682],[25.7075,45.086811],[25.707506,45.086802],[25.707525,45.086786],[25.707532,45.08678],[25.707558,45.086751],[25.707567,45.08674],[25.707576,45.086728],[25.707583,45.086715],[25.707588,45.0867],[25.707601,45.086655],[25.707606,45.086641],[25.707624,45.086599],[25.707625,45.086596],[25.707626,45.086595],[25.707644,45.086554],[25.707651,45.086541],[25.707657,45.086527],[25.707662,45.086513],[25.70767,45.086486],[25.707673,45.086472],[25.707673,45.086458],[25.707672,45.086444],[25.70767,45.086437],[25.707664,45.086422],[25.707658,45.086409],[25.707652,45.086397],[25.707646,45.086384],[25.707644,45.086376],[25.707641,45.086369],[25.707638,45.086358],[25.707638,45.086353],[25.707638,45.086349],[25.707639,45.086338],[25.707644,45.086328],[25.707651,45.086318],[25.707652,45.086317],[25.707653,45.086315],[25.707662,45.086305],[25.707671,45.086294],[25.707681,45.086284],[25.707702,45.086263],[25.707711,45.086252],[25.707729,45.086228],[25.707753,45.086191],[25.707775,45.086153],[25.707792,45.086128],[25.7078,45.086117],[25.70781,45.086106],[25.70782,45.086095],[25.707832,45.086085],[25.707845,45.086076],[25.707899,45.086042],[25.707913,45.086034],[25.707926,45.086025],[25.707938,45.086016],[25.707948,45.086005],[25.707956,45.085993],[25.707963,45.085979],[25.707974,45.085952],[25.70798,45.085938],[25.707986,45.085924],[25.707995,45.085895],[25.708001,45.085881],[25.708009,45.085868],[25.708018,45.085857],[25.708029,45.085846],[25.708042,45.085837],[25.708055,45.085828],[25.70807,45.085821],[25.708129,45.085794],[25.708141,45.085787],[25.708152,45.08578],[25.70816,45.085772],[25.708163,45.085764],[25.708163,45.085754],[25.70816,45.085744],[25.708156,45.085733],[25.708151,45.085722],[25.708146,45.085711],[25.708142,45.0857],[25.708139,45.085688],[25.708138,45.085677],[25.70814,45.085666],[25.708146,45.085655],[25.708153,45.085645],[25.708178,45.085616],[25.708185,45.085606],[25.70819,45.085595],[25.708192,45.085585],[25.708191,45.085574],[25.708186,45.085563],[25.70818,45.085552],[25.708174,45.085541],[25.708167,45.085529],[25.708164,45.085524],[25.708162,45.08552],[25.708155,45.085508],[25.70815,45.085495],[25.708148,45.085481],[25.708148,45.085466],[25.708149,45.085452],[25.708154,45.085434],[25.708163,45.085395],[25.708168,45.08538],[25.708172,45.085366],[25.708176,45.08535],[25.708179,45.085334],[25.708182,45.085313],[25.708187,45.085262],[25.70819,45.085246],[25.708194,45.085231],[25.708199,45.085216],[25.708206,45.085203],[25.708214,45.085191],[25.708222,45.085179],[25.708232,45.085168],[25.708243,45.085157],[25.708265,45.085138],[25.708277,45.085128],[25.7083,45.085108],[25.70832,45.085086],[25.708331,45.085076],[25.708351,45.085054],[25.708376,45.085024],[25.7084,45.08499],[25.708407,45.084977],[25.708413,45.084964],[25.708419,45.084951],[25.708423,45.084938],[25.708424,45.084923],[25.708424,45.084908],[25.708422,45.084894],[25.70842,45.08488],[25.708417,45.084865],[25.708416,45.08485],[25.708416,45.084834],[25.708417,45.084824],[25.708417,45.084812],[25.70842,45.084797],[25.708424,45.084782],[25.70843,45.084769],[25.708437,45.084756],[25.708444,45.084743],[25.708468,45.084706],[25.708477,45.084694],[25.7085,45.084658],[25.708506,45.084646],[25.70851,45.084635],[25.708514,45.084623],[25.708514,45.084612],[25.708511,45.084601],[25.708504,45.084591],[25.708496,45.084581],[25.708485,45.084572],[25.708474,45.084563],[25.708448,45.084546],[25.708435,45.084538],[25.708422,45.084529],[25.708411,45.084519],[25.708401,45.084507],[25.708394,45.084494],[25.708388,45.08448],[25.708385,45.084464],[25.708383,45.084447],[25.708381,45.08443],[25.708376,45.08436],[25.708374,45.084344],[25.708372,45.084327],[25.708367,45.084312],[25.708366,45.084309],[25.708363,45.084304],[25.708355,45.084292],[25.708346,45.08428],[25.708335,45.084269],[25.708323,45.08426],[25.70831,45.084251],[25.708296,45.084243],[25.708268,45.084229],[25.708261,45.084226],[25.708246,45.084218],[25.70824,45.084216],[25.708235,45.084213],[25.708234,45.084212],[25.708231,45.084211],[25.708217,45.084203],[25.708205,45.084193],[25.708199,45.084187],[25.708197,45.084186],[25.708196,45.084184],[25.708184,45.084172],[25.708164,45.08415],[25.708143,45.084129],[25.708132,45.084119],[25.708119,45.08411],[25.708103,45.084103],[25.708085,45.084098],[25.708046,45.08409],[25.708027,45.084085],[25.70801,45.08408],[25.707995,45.084072],[25.707984,45.084062],[25.707975,45.08405],[25.707968,45.084037],[25.70795,45.083995],[25.707945,45.083981],[25.707935,45.083951],[25.70793,45.083936],[25.707924,45.083923],[25.707916,45.08391],[25.7079,45.083885],[25.707893,45.083873],[25.707881,45.083847],[25.707874,45.083836],[25.707858,45.083817],[25.707853,45.083808],[25.707846,45.08379],[25.707837,45.083773],[25.707834,45.083764],[25.707833,45.083755],[25.707837,45.083727],[25.707836,45.083718],[25.707833,45.083708],[25.707825,45.083687],[25.707822,45.083676],[25.707821,45.083664],[25.707821,45.083652],[25.707823,45.083641],[25.707823,45.08363],[25.707823,45.08362],[25.707824,45.083609],[25.707827,45.083599],[25.707832,45.083589],[25.707835,45.08358],[25.707837,45.08357],[25.707835,45.08356],[25.70783,45.08355],[25.707824,45.08354],[25.70782,45.083528],[25.707817,45.083516],[25.707815,45.083504],[25.707813,45.083481],[25.707809,45.083471],[25.707804,45.083462],[25.707798,45.083453],[25.707792,45.083445],[25.707787,45.083437],[25.707786,45.083428],[25.707788,45.083418],[25.707793,45.083408],[25.707798,45.083397],[25.707803,45.083385],[25.707812,45.083358],[25.707815,45.083351],[25.707815,45.083349],[25.707819,45.083336],[25.707824,45.083324],[25.707828,45.083313],[25.707829,45.083304],[25.707829,45.083302],[25.707829,45.083299],[25.707826,45.083292],[25.707819,45.083284],[25.707809,45.083276],[25.707795,45.083269],[25.707764,45.083257],[25.707749,45.083251],[25.707734,45.083243],[25.70772,45.083235],[25.707708,45.083226],[25.707697,45.083215],[25.70769,45.083203],[25.707685,45.083188],[25.707682,45.083173],[25.70768,45.083157],[25.707681,45.083141],[25.707682,45.083126],[25.707685,45.08311],[25.70769,45.083096],[25.707697,45.083083],[25.707704,45.08307],[25.707712,45.083058],[25.707737,45.083024],[25.707743,45.083013],[25.707747,45.083003],[25.707749,45.082993],[25.707747,45.082984],[25.70774,45.082975],[25.707731,45.082967],[25.70772,45.08296],[25.707654,45.082923],[25.707642,45.082916],[25.707632,45.082908],[25.707626,45.082899],[25.707623,45.082889],[25.707624,45.082879],[25.707627,45.082868],[25.707632,45.082857],[25.707637,45.082845],[25.707649,45.082819],[25.707656,45.082806],[25.707663,45.082793],[25.70767,45.08278],[25.707682,45.082752],[25.707686,45.082738],[25.707689,45.082722],[25.70769,45.082706],[25.70769,45.08269],[25.707689,45.082674],[25.707687,45.082658],[25.707683,45.082643],[25.707679,45.082628],[25.707675,45.082613],[25.707671,45.082598],[25.707668,45.082583],[25.707664,45.082555],[25.707663,45.082543],[25.707665,45.082532],[25.70767,45.082521],[25.707679,45.082512],[25.707701,45.082495],[25.707722,45.082475],[25.707733,45.082466],[25.707746,45.082458],[25.707772,45.082443],[25.707785,45.082436],[25.707796,45.08243],[25.707819,45.082421],[25.707829,45.082416],[25.707838,45.082409],[25.707853,45.082394],[25.707862,45.082388],[25.707873,45.082385],[25.707885,45.082384],[25.707927,45.082384],[25.707941,45.082383],[25.707956,45.082379],[25.70797,45.082375],[25.707985,45.082369],[25.707998,45.082362],[25.70801,45.082354],[25.708021,45.082345],[25.708031,45.082336],[25.70804,45.082325],[25.708047,45.082315],[25.708055,45.082306],[25.708063,45.082299],[25.708073,45.082295],[25.708084,45.082294],[25.708108,45.082294],[25.708121,45.082293],[25.708133,45.08229],[25.708145,45.082286],[25.708157,45.082281],[25.708169,45.082277],[25.708182,45.082275],[25.708195,45.082274],[25.708209,45.082275],[25.708239,45.082279],[25.708255,45.08228],[25.708272,45.082279],[25.708288,45.082276],[25.708304,45.082271],[25.708319,45.082265],[25.708333,45.082258],[25.708345,45.08225],[25.708356,45.08224],[25.708368,45.08223],[25.708389,45.08221],[25.708402,45.0822],[25.708415,45.082192],[25.70843,45.082184],[25.708461,45.082169],[25.70851,45.08215],[25.708561,45.082132],[25.708614,45.082114],[25.708632,45.082109],[25.708669,45.082099],[25.708687,45.082094],[25.708741,45.082078],[25.70876,45.082074],[25.708818,45.082063],[25.708837,45.08206],[25.708857,45.082059],[25.708878,45.082059],[25.708897,45.082059],[25.708916,45.08206],[25.708932,45.08206],[25.708933,45.08206],[25.708954,45.082056],[25.708974,45.082052],[25.708993,45.082047],[25.708996,45.082046],[25.709002,45.082044],[25.709031,45.08203],[25.709046,45.082023],[25.709072,45.082005],[25.709086,45.081998],[25.709101,45.08199],[25.709117,45.081984],[25.709135,45.08198],[25.70917,45.081971],[25.709186,45.081969],[25.709196,45.081966],[25.709212,45.081964],[25.709266,45.081962],[25.709287,45.081961],[25.709308,45.081959],[25.709328,45.081957],[25.709348,45.081954],[25.709369,45.081951],[25.709406,45.081947],[25.709419,45.081944],[25.709461,45.081938],[25.709481,45.081934],[25.7095,45.08193],[25.709561,45.081918],[25.70958,45.081913],[25.709616,45.081903],[25.709634,45.081897],[25.709669,45.081885],[25.709679,45.081881],[25.70973,45.081863],[25.709748,45.081858],[25.709765,45.081853],[25.709791,45.081845],[25.709811,45.081839],[25.709842,45.081827],[25.709858,45.081821],[25.709873,45.081813],[25.709889,45.081806],[25.709906,45.081801],[25.709925,45.081796],[25.709964,45.081787],[25.709983,45.081782],[25.710002,45.081778],[25.710041,45.081769],[25.71006,45.081765],[25.710093,45.081753],[25.710109,45.081747],[25.710136,45.081735],[25.71015,45.08173],[25.710177,45.081724],[25.71019,45.08172],[25.710213,45.081709],[25.710225,45.081704],[25.710238,45.0817],[25.710252,45.081698],[25.710265,45.081697],[25.710291,45.081699],[25.710303,45.081699],[25.710314,45.081696],[25.710324,45.081692],[25.710353,45.081674],[25.710363,45.081669],[25.710373,45.081666],[25.710384,45.081665],[25.710395,45.081664],[25.710405,45.081663],[25.710416,45.08166],[25.710426,45.081655],[25.71046,45.081633],[25.710472,45.081626],[25.710488,45.081621],[25.710504,45.081618],[25.710521,45.081616],[25.710552,45.081614],[25.710567,45.081611],[25.710594,45.081605],[25.710609,45.081602],[25.710625,45.081601],[25.71064,45.081601],[25.710657,45.0816],[25.710663,45.081599],[25.710696,45.081591],[25.710715,45.081586],[25.710771,45.081572],[25.710774,45.081571],[25.710775,45.081571],[25.710786,45.081566],[25.710801,45.081562],[25.710819,45.081558],[25.710878,45.08155],[25.710897,45.081546],[25.710915,45.081541],[25.710932,45.081534],[25.710947,45.081527],[25.710975,45.081511],[25.710988,45.081502],[25.711003,45.081494],[25.711019,45.081487],[25.711036,45.081482],[25.711072,45.081471],[25.711091,45.081466],[25.711105,45.081463],[25.711122,45.081459],[25.711141,45.081454],[25.711201,45.081443],[25.711221,45.081438],[25.711229,45.081437],[25.711241,45.081434],[25.711283,45.081427],[25.711303,45.081423],[25.711322,45.081419],[25.711381,45.081406],[25.711401,45.081402],[25.711421,45.081397],[25.71144,45.081394],[25.711461,45.08139],[25.711481,45.081386],[25.7115,45.081382],[25.711516,45.081378],[25.711526,45.081376],[25.711545,45.081371],[25.711605,45.081359],[25.711625,45.081355],[25.711647,45.081353],[25.711648,45.081353],[25.71166,45.081351],[25.71168,45.081347],[25.7117,45.081345],[25.711721,45.081343],[25.711742,45.081342],[25.711747,45.081343],[25.711751,45.081342],[25.711771,45.081341],[25.71179,45.081341],[25.711828,45.081343],[25.711848,45.081343],[25.711868,45.081343],[25.711905,45.081341],[25.711924,45.081341],[25.711941,45.081342],[25.711958,45.081345],[25.711973,45.081349],[25.711986,45.081353],[25.711996,45.081357],[25.712008,45.081359],[25.712021,45.081359],[25.712035,45.081358],[25.712063,45.081353],[25.712064,45.081353],[25.71207,45.081352],[25.712082,45.08135],[25.712095,45.08135],[25.712107,45.081352],[25.71212,45.081355],[25.712132,45.081358],[25.712144,45.081361],[25.712156,45.081363],[25.712168,45.081363],[25.71218,45.081361],[25.712191,45.081357],[25.712201,45.081354],[25.712211,45.081351],[25.712222,45.081351],[25.712233,45.081353],[25.712245,45.081357],[25.712256,45.081361],[25.712269,45.081366],[25.712283,45.081369],[25.712297,45.081371],[25.712312,45.081372],[25.712328,45.081374],[25.712344,45.081377],[25.71236,45.081382],[25.712392,45.081392],[25.712445,45.081407],[25.712446,45.081407],[25.712448,45.081408],[25.712466,45.081413],[25.712518,45.081429],[25.712535,45.081435],[25.71257,45.081446],[25.712588,45.081452],[25.712608,45.081458],[25.712624,45.081462],[25.712644,45.081465],[25.712667,45.081468],[25.71269,45.081469],[25.712714,45.08147],[25.712738,45.081471],[25.712763,45.081471],[25.712788,45.081471],[25.712812,45.08147],[25.712836,45.081469],[25.71286,45.081467],[25.712882,45.081465],[25.712903,45.081462],[25.712922,45.081457],[25.712939,45.081451],[25.712955,45.081444],[25.71297,45.081436],[25.712984,45.081428],[25.712998,45.081419],[25.713027,45.081404],[25.713043,45.081397],[25.71306,45.08139],[25.713078,45.081385],[25.713099,45.081382],[25.713121,45.081379],[25.713143,45.081377],[25.713248,45.081371],[25.713266,45.081371],[25.713284,45.081372],[25.713333,45.081381],[25.713351,45.081382],[25.713369,45.081382],[25.713386,45.08138],[25.713403,45.081376],[25.713419,45.081371],[25.713436,45.081366],[25.713484,45.081347],[25.713501,45.081341],[25.713518,45.081336],[25.713536,45.081332],[25.713556,45.081329],[25.713576,45.081327],[25.713597,45.081326],[25.713618,45.081327],[25.713638,45.08133],[25.713696,45.08134],[25.713716,45.081345],[25.713724,45.081347],[25.71374,45.081351],[25.713744,45.081352],[25.713753,45.081354],[25.713792,45.081363],[25.713812,45.081366],[25.713834,45.081368],[25.713857,45.08137],[25.71388,45.08137],[25.713903,45.08137],[25.713926,45.081369],[25.713948,45.081367],[25.713969,45.081364],[25.714007,45.081358],[25.714043,45.081354],[25.714059,45.081352],[25.714075,45.081352],[25.714117,45.081356],[25.714131,45.081356],[25.714144,45.081353],[25.714156,45.081349],[25.714168,45.081344],[25.71418,45.08134],[25.714192,45.081337],[25.714205,45.081336],[25.714218,45.081336],[25.714245,45.081339],[25.714259,45.081338],[25.714273,45.081335],[25.714287,45.08133],[25.714301,45.081325],[25.714329,45.081311],[25.714345,45.081305],[25.71438,45.081294],[25.714398,45.081289],[25.714449,45.08127],[25.714466,45.081265],[25.714485,45.081261],[25.714522,45.081254],[25.71454,45.081251],[25.71456,45.08125],[25.714578,45.08125],[25.714582,45.08125],[25.71461,45.081246],[25.714631,45.081242],[25.714651,45.081238],[25.714672,45.081235],[25.714737,45.081226],[25.714758,45.081223],[25.714777,45.081218],[25.714795,45.081213],[25.714796,45.081212],[25.714807,45.081208],[25.714823,45.081201],[25.714837,45.081194],[25.714852,45.081187],[25.714868,45.081181],[25.714886,45.081176],[25.714904,45.081172],[25.714921,45.081168],[25.714939,45.081167],[25.714957,45.081166],[25.714967,45.081167],[25.715015,45.081163],[25.715038,45.081161],[25.71506,45.081159],[25.715081,45.081155],[25.715103,45.081153],[25.715126,45.081151],[25.71515,45.08115],[25.715199,45.081149],[25.715249,45.081148],[25.715273,45.081149],[25.715297,45.08115],[25.71532,45.081151],[25.715342,45.081153],[25.715363,45.081156],[25.7154,45.081163],[25.715433,45.081168],[25.715449,45.08117],[25.715463,45.081169],[25.715488,45.081166],[25.7155,45.081166],[25.715512,45.081168],[25.715513,45.081169],[25.715523,45.081169],[25.715538,45.081172],[25.715571,45.081178],[25.715572,45.081178],[25.71558,45.081176],[25.71559,45.081172],[25.715601,45.081169],[25.715612,45.081166],[25.715623,45.081166],[25.715634,45.081168],[25.715645,45.081171],[25.715655,45.081174],[25.715662,45.081176],[25.715664,45.081175],[25.71568,45.081171],[25.715708,45.081162],[25.715715,45.081158],[25.715725,45.081154],[25.715735,45.081151],[25.715745,45.081151],[25.715755,45.081154],[25.715764,45.081158],[25.715774,45.081161],[25.715787,45.081163],[25.7158,45.081162],[25.715813,45.081159],[25.715826,45.081156],[25.715838,45.081152],[25.715851,45.081148],[25.715864,45.081146],[25.715877,45.081146],[25.71589,45.081148],[25.715891,45.081148],[25.715892,45.081148],[25.715906,45.081152],[25.715921,45.081156],[25.715923,45.081157],[25.715936,45.08116],[25.715943,45.081161],[25.715955,45.081162],[25.715967,45.08116],[25.715978,45.081156],[25.715987,45.081151],[25.715996,45.081148],[25.716007,45.081147],[25.716017,45.081149],[25.716028,45.081151],[25.716041,45.081153],[25.716067,45.081156],[25.71608,45.081158],[25.716092,45.081163],[25.716102,45.081169],[25.716118,45.081183],[25.716126,45.081187],[25.716136,45.081188],[25.716145,45.081185],[25.716155,45.08118],[25.716185,45.081157],[25.716196,45.081149],[25.716208,45.081142],[25.716219,45.081135],[25.71623,45.081131],[25.716241,45.081129],[25.716252,45.08113],[25.716262,45.081135],[25.716271,45.081142],[25.716281,45.08115],[25.716319,45.081192],[25.716329,45.081203],[25.716341,45.081213],[25.716354,45.081222],[25.716368,45.08123],[25.716397,45.081245],[25.716411,45.081252],[25.716425,45.081259],[25.716439,45.081264],[25.716454,45.081267],[25.716469,45.081268],[25.716484,45.081267],[25.716498,45.081263],[25.716512,45.081257],[25.716553,45.081238],[25.716567,45.081233],[25.716581,45.081229],[25.716596,45.081228],[25.71661,45.081229],[25.716624,45.081233],[25.716638,45.081238],[25.716651,45.081246],[25.716663,45.081254],[25.716675,45.081263],[25.716687,45.081272],[25.716709,45.081293],[25.716733,45.081313],[25.716746,45.081322],[25.716759,45.081331],[25.716773,45.081339],[25.716788,45.081347],[25.716804,45.081354],[25.716821,45.08136],[25.716838,45.081366],[25.716857,45.081371],[25.716875,45.081375],[25.716894,45.081378],[25.716908,45.08138],[25.716915,45.081381],[25.716931,45.081382],[25.716949,45.081381],[25.716966,45.081378],[25.716978,45.081373],[25.716991,45.081366],[25.717002,45.081357],[25.717023,45.081337],[25.717032,45.081328],[25.717046,45.08131],[25.717063,45.081288],[25.717082,45.081267],[25.717093,45.081257],[25.717105,45.081249],[25.717119,45.081243],[25.717135,45.08124],[25.717152,45.081238],[25.71717,45.081239],[25.717172,45.081239],[25.717179,45.081238],[25.7172,45.081239],[25.717201,45.081239],[25.717201,45.081239],[25.717222,45.08124],[25.71723,45.081241],[25.717358,45.081245],[25.717404,45.081248],[25.717408,45.081248],[25.71741,45.081248],[25.717432,45.081247],[25.717454,45.081246],[25.717472,45.081243],[25.717488,45.08124],[25.717499,45.081234],[25.717504,45.081227],[25.717504,45.081219],[25.717502,45.08121],[25.717499,45.081204],[25.717478,45.081175],[25.717439,45.081128],[25.717436,45.081122],[25.717436,45.081119],[25.717441,45.081118],[25.717449,45.08112],[25.717459,45.081124],[25.717471,45.081129],[25.717501,45.08114],[25.717516,45.081146],[25.717562,45.081162],[25.717577,45.081166],[25.71759,45.081167],[25.717602,45.081166],[25.717613,45.081161],[25.717621,45.081153],[25.717627,45.081141],[25.71763,45.081128],[25.717633,45.081113],[25.717638,45.081082],[25.71764,45.081068],[25.717644,45.081055],[25.717649,45.081044],[25.717656,45.081035],[25.717666,45.081031],[25.717677,45.081031],[25.717691,45.081032],[25.717696,45.081033],[25.717697,45.081033],[25.717712,45.081036],[25.717727,45.08104],[25.717742,45.081046],[25.717765,45.081053],[25.717779,45.081056],[25.717792,45.081058],[25.717805,45.081057],[25.717816,45.081053],[25.71782,45.081048],[25.717825,45.081039],[25.717829,45.081027],[25.717837,45.080999],[25.717839,45.080991],[25.717843,45.080975],[25.717847,45.08096],[25.717852,45.080946],[25.717859,45.080933],[25.717864,45.080925],[25.717872,45.080912],[25.717882,45.080901],[25.717894,45.080891],[25.717904,45.080884],[25.717912,45.080879],[25.717917,45.080875],[25.71792,45.080873],[25.717924,45.080871],[25.717925,45.08087],[25.717926,45.08087],[25.717935,45.080865],[25.717949,45.080858],[25.717975,45.080846],[25.71799,45.080838],[25.718005,45.08083],[25.718019,45.080822],[25.718032,45.080813],[25.718044,45.080804],[25.718055,45.080793],[25.718064,45.080782],[25.718071,45.080769],[25.718072,45.080767],[25.718073,45.080762],[25.718073,45.080737],[25.718075,45.080724],[25.718076,45.080719],[25.718076,45.080718],[25.718079,45.080705],[25.718085,45.080693],[25.718093,45.080683],[25.718102,45.080673],[25.718123,45.080655],[25.718132,45.080647],[25.71814,45.080638],[25.718146,45.080629],[25.718154,45.080609],[25.718174,45.080577],[25.718181,45.080565],[25.718197,45.080542],[25.718205,45.08053],[25.718221,45.080505],[25.718229,45.080493],[25.718252,45.080456],[25.718259,45.080442],[25.718271,45.080416],[25.718278,45.080403],[25.718291,45.080376],[25.718298,45.080362],[25.718319,45.080324],[25.718327,45.080311],[25.71834,45.080285],[25.718347,45.080272],[25.71837,45.080234],[25.71838,45.080223],[25.71839,45.080213],[25.718401,45.080202],[25.718412,45.080192],[25.718422,45.080181],[25.71843,45.080169],[25.718452,45.08013],[25.718458,45.080117],[25.71847,45.08009],[25.718477,45.080077],[25.718489,45.080049],[25.718496,45.080036],[25.718518,45.079998],[25.718527,45.079986],[25.718537,45.079975],[25.718548,45.079965],[25.718561,45.079956],[25.718574,45.079948],[25.718604,45.079932],[25.718632,45.079917],[25.71866,45.079901],[25.718661,45.0799],[25.718668,45.079895],[25.718677,45.079888],[25.718686,45.079877],[25.718692,45.079865],[25.718696,45.079851],[25.718698,45.079836],[25.718698,45.079821],[25.718698,45.079818],[25.718694,45.079796],[25.718693,45.079783],[25.718692,45.079777],[25.718689,45.079762],[25.718689,45.079747],[25.718689,45.079732],[25.718692,45.079718],[25.718696,45.079704],[25.7187,45.079696],[25.718712,45.07967],[25.718719,45.079657],[25.718742,45.079619],[25.718751,45.079607],[25.718773,45.079569],[25.71878,45.079556],[25.718793,45.079529],[25.718798,45.079519],[25.718806,45.079496],[25.718811,45.079482],[25.718817,45.079469],[25.718829,45.079441],[25.718835,45.079427],[25.718842,45.079415],[25.71885,45.079406],[25.718855,45.0794],[25.718862,45.079394],[25.718862,45.079393],[25.718865,45.079391],[25.718866,45.07939],[25.718867,45.07939],[25.718874,45.079383],[25.718886,45.079374],[25.7189,45.079365],[25.718913,45.079357],[25.718917,45.079355],[25.718919,45.079354],[25.718946,45.079338],[25.718974,45.079323],[25.718986,45.079315],[25.718996,45.079306],[25.719003,45.079298],[25.719004,45.079291],[25.719001,45.079282],[25.718996,45.079274],[25.71897,45.079245],[25.718961,45.079234],[25.718954,45.079223],[25.718948,45.07921],[25.718946,45.079196],[25.718945,45.079182],[25.718947,45.079168],[25.718954,45.079141],[25.718958,45.079128],[25.718963,45.079115],[25.718969,45.079103],[25.718977,45.079093],[25.718985,45.079085],[25.718994,45.079079],[25.719005,45.079077],[25.719015,45.079077],[25.719022,45.079078],[25.719041,45.079077],[25.71905,45.079076],[25.719057,45.079073],[25.719061,45.079066],[25.719062,45.079058],[25.719058,45.079036],[25.719055,45.079025],[25.719053,45.079014],[25.719053,45.079003],[25.719057,45.078992],[25.719062,45.078985],[25.719062,45.078985],[25.719062,45.078985],[25.719064,45.078983],[25.719068,45.07898],[25.719072,45.078977],[25.719085,45.07897],[25.719099,45.078963],[25.719115,45.078957],[25.719149,45.078945],[25.719165,45.078938],[25.719178,45.07893],[25.719189,45.078921],[25.71919,45.07892],[25.719199,45.078909],[25.719207,45.078896],[25.719225,45.078858],[25.719226,45.078856],[25.719231,45.078842],[25.719238,45.078815],[25.719241,45.078802],[25.719241,45.078789],[25.719239,45.078777],[25.719234,45.078765],[25.719229,45.078752],[25.719222,45.078739],[25.719215,45.078727],[25.71921,45.078718],[25.71919,45.078687],[25.719184,45.078675],[25.719179,45.078663],[25.719175,45.078652],[25.719175,45.078641],[25.719179,45.078631],[25.719186,45.078622],[25.719196,45.078613],[25.719209,45.078605],[25.719238,45.078592],[25.719259,45.078583],[25.719264,45.078581],[25.719296,45.078567],[25.719327,45.078553],[25.719342,45.078545],[25.719355,45.078536],[25.719367,45.078527],[25.719377,45.078516],[25.719382,45.07851],[25.719393,45.078492],[25.719402,45.078467],[25.719408,45.078454],[25.71943,45.078415],[25.719437,45.078402],[25.719444,45.078389],[25.719457,45.078362],[25.719464,45.078349],[25.719477,45.078322],[25.719484,45.078309],[25.719506,45.078271],[25.719507,45.07827],[25.719511,45.078262],[25.719518,45.078249],[25.719527,45.078233],[25.719528,45.078232],[25.719535,45.078219],[25.719559,45.078182],[25.719564,45.078174],[25.719572,45.078162],[25.719578,45.07815],[25.719584,45.078137],[25.719588,45.078125],[25.719591,45.078112],[25.719591,45.078098],[25.719589,45.078085],[25.719576,45.078044],[25.719568,45.078018],[25.719563,45.078006],[25.71956,45.077993],[25.71956,45.07798],[25.719562,45.077967],[25.719566,45.077957],[25.719568,45.07795],[25.719573,45.077937],[25.719579,45.077924],[25.719586,45.077912],[25.719603,45.077888],[25.719611,45.077876],[25.719621,45.077865],[25.719627,45.077857],[25.719636,45.077845],[25.719653,45.077821],[25.719661,45.077809],[25.719679,45.077785],[25.719703,45.077753],[25.719711,45.077742],[25.71972,45.07773],[25.719737,45.077707],[25.719747,45.077695],[25.719754,45.077687],[25.719761,45.077676],[25.719769,45.077664],[25.719777,45.077652],[25.719787,45.077634],[25.719795,45.077622],[25.719811,45.077597],[25.719819,45.077585],[25.719825,45.077575],[25.719837,45.07755],[25.719839,45.077546],[25.719853,45.077514],[25.71986,45.0775],[25.719872,45.077473],[25.719878,45.07746],[25.7199,45.077421],[25.719908,45.077409],[25.719917,45.077398],[25.719928,45.077387],[25.71994,45.077377],[25.719951,45.077368],[25.719977,45.07735],[25.71999,45.077341],[25.719998,45.077337],[25.720007,45.07733],[25.720058,45.077294],[25.720084,45.077276],[25.720105,45.077262],[25.720144,45.077222],[25.720154,45.07721],[25.720163,45.077199],[25.72017,45.077186],[25.720184,45.077159],[25.720191,45.077146],[25.720201,45.077135],[25.720213,45.077125],[25.720227,45.077117],[25.72024,45.077112],[25.72024,45.077111],[25.720242,45.077106],[25.72025,45.077102],[25.720262,45.077101],[25.720275,45.0771],[25.720289,45.077101],[25.720295,45.077101],[25.720315,45.077097],[25.720328,45.077094],[25.720333,45.077091],[25.720335,45.077088],[25.720333,45.077081],[25.720328,45.077074],[25.720323,45.077069],[25.720319,45.077066],[25.720288,45.077043],[25.720269,45.077028],[25.720263,45.077021],[25.720261,45.077015],[25.720263,45.077011],[25.72027,45.077008],[25.720282,45.077008],[25.720327,45.077012],[25.720335,45.077012],[25.720352,45.077011],[25.720368,45.077008],[25.720383,45.077004],[25.720395,45.076998],[25.720403,45.07699],[25.720407,45.07698],[25.720409,45.07697],[25.720406,45.076951],[25.720406,45.076942],[25.720406,45.076938],[25.720406,45.076937],[25.720406,45.07693],[25.720409,45.076924],[25.720416,45.076922],[25.720426,45.076922],[25.720438,45.076924],[25.720453,45.076928],[25.720471,45.07693],[25.720486,45.076931],[25.720501,45.07693],[25.720515,45.076927],[25.720528,45.076922],[25.720541,45.076915],[25.720551,45.076906],[25.720555,45.076902],[25.720557,45.076898],[25.720584,45.076863],[25.720612,45.076829],[25.720656,45.07677],[25.720675,45.076749],[25.720689,45.076728],[25.720697,45.076716],[25.720713,45.076691],[25.720721,45.076679],[25.720727,45.076669],[25.72074,45.076644],[25.720759,45.076613],[25.720766,45.076602],[25.720783,45.076577],[25.720792,45.076566],[25.720802,45.076555],[25.720815,45.076546],[25.720828,45.076539],[25.720842,45.076531],[25.720871,45.076519],[25.720883,45.076513],[25.720891,45.076506],[25.720897,45.076499],[25.720897,45.076491],[25.720893,45.076484],[25.720887,45.076475],[25.720881,45.076466],[25.720876,45.076456],[25.720874,45.07645],[25.720873,45.076449],[25.720873,45.076446],[25.720872,45.076445],[25.720872,45.076444],[25.72087,45.076437],[25.72087,45.076424],[25.720873,45.076412],[25.720873,45.076411],[25.720878,45.076399],[25.720883,45.076387],[25.720886,45.076383],[25.720886,45.076383],[25.720893,45.076371],[25.720901,45.076361],[25.720911,45.076351],[25.720911,45.076351],[25.720917,45.076345],[25.720928,45.076337],[25.720938,45.076329],[25.720947,45.076322],[25.720951,45.076315],[25.720953,45.076307],[25.720954,45.076291],[25.720958,45.076283],[25.720964,45.076275],[25.720971,45.076266],[25.720978,45.076257],[25.720984,45.076248],[25.720984,45.076245],[25.720978,45.07623],[25.720979,45.076222],[25.720985,45.076207],[25.720987,45.076198],[25.720988,45.076189],[25.720991,45.076178],[25.720995,45.076168],[25.721008,45.076145],[25.721016,45.076134],[25.721025,45.076123],[25.721033,45.076112],[25.72104,45.076099],[25.721046,45.076085],[25.721059,45.07604],[25.721065,45.076027],[25.721072,45.076014],[25.721079,45.076001],[25.721087,45.075989],[25.721103,45.075966],[25.721112,45.075956],[25.721131,45.075939],[25.721145,45.075924],[25.721154,45.075917],[25.721165,45.07591],[25.721192,45.075897],[25.721205,45.075889],[25.721218,45.075881],[25.721242,45.075864],[25.721255,45.075856],[25.721269,45.075848],[25.721283,45.075842],[25.721297,45.075836],[25.721309,45.075831],[25.721318,45.075824],[25.721323,45.075817],[25.721323,45.075808],[25.721321,45.075799],[25.721318,45.075788],[25.721316,45.075776],[25.721316,45.075764],[25.721317,45.075751],[25.72132,45.075738],[25.721325,45.075727],[25.721336,45.075704],[25.72134,45.075693],[25.721345,45.075672],[25.721349,45.075661],[25.721364,45.075641],[25.72137,45.07563],[25.721384,45.075605],[25.721392,45.075593],[25.721411,45.075571],[25.721429,45.075548],[25.721438,45.075537],[25.721449,45.075527],[25.721463,45.07552],[25.721479,45.075514],[25.721495,45.075508],[25.72151,45.075504],[25.721526,45.0755],[25.721556,45.075496],[25.721561,45.075495],[25.721569,45.075491],[25.721582,45.075484],[25.721593,45.075475],[25.721612,45.075457],[25.721613,45.075456],[25.721617,45.075452],[25.721626,45.075444],[25.721638,45.075439],[25.721639,45.075439],[25.721645,45.075435],[25.721678,45.075422],[25.721694,45.075415],[25.721707,45.075406],[25.721717,45.075395],[25.721723,45.075383],[25.721727,45.07537],[25.72173,45.075357],[25.721731,45.075344],[25.72173,45.075333],[25.721727,45.075323],[25.72172,45.075315],[25.721708,45.075309],[25.721692,45.075305],[25.721675,45.075301],[25.721638,45.075294],[25.721621,45.07529],[25.721613,45.075287],[25.721612,45.075287],[25.721595,45.075283],[25.72158,45.075278],[25.721567,45.075272],[25.721558,45.075265],[25.721554,45.075258],[25.721555,45.075249],[25.72156,45.075241],[25.721586,45.075214],[25.721595,45.075203],[25.721613,45.07518],[25.721621,45.075167],[25.721636,45.075142],[25.721643,45.075128],[25.721649,45.075112],[25.721649,45.075111],[25.721649,45.075108],[25.72165,45.075106],[25.721652,45.075104],[25.721654,45.075099],[25.721659,45.075085],[25.721665,45.075071],[25.721669,45.075061],[25.721681,45.075017],[25.721686,45.075002],[25.721691,45.074988],[25.721708,45.074946],[25.721709,45.074942],[25.72171,45.074941],[25.721714,45.07493],[25.721719,45.074918],[25.721729,45.074889],[25.721734,45.074875],[25.721741,45.074861],[25.721751,45.074836],[25.721754,45.074828],[25.721759,45.074814],[25.721765,45.074801],[25.721783,45.074759],[25.721789,45.074746],[25.721795,45.074733],[25.721802,45.074708],[25.721803,45.074708],[25.721805,45.074701],[25.721807,45.074694],[25.721808,45.074693],[25.721808,45.074692],[25.721813,45.07468],[25.721818,45.074665],[25.721825,45.07464],[25.721827,45.07463],[25.721831,45.074615],[25.721836,45.0746],[25.72184,45.074585],[25.721851,45.074521],[25.721855,45.074506],[25.72186,45.074492],[25.721873,45.074465],[25.72188,45.074452],[25.721903,45.074415],[25.721912,45.074403],[25.721918,45.074392],[25.721929,45.074368],[25.721936,45.074355],[25.721946,45.074332],[25.72195,45.074322],[25.721955,45.074308],[25.721961,45.074295],[25.721967,45.074281],[25.721981,45.07424],[25.721985,45.074227],[25.721988,45.074213],[25.721991,45.074188],[25.721993,45.074177],[25.721998,45.074168],[25.722006,45.074159],[25.722017,45.074151],[25.722027,45.074142],[25.722036,45.074131],[25.722053,45.074109],[25.722079,45.074074],[25.722108,45.074041],[25.722135,45.074006],[25.722152,45.073982],[25.72216,45.07397],[25.722177,45.073946],[25.722185,45.073934],[25.722202,45.073909],[25.722228,45.073874],[25.722247,45.073851],[25.722257,45.073841],[25.722269,45.073831],[25.722281,45.073822],[25.722308,45.073805],[25.722335,45.073788],[25.722348,45.073779],[25.722361,45.07377],[25.722376,45.073763],[25.722406,45.073748],[25.722439,45.073735],[25.722454,45.073728],[25.722466,45.073719],[25.722478,45.073709],[25.722487,45.073698],[25.722503,45.073673],[25.722511,45.07366],[25.72252,45.073649],[25.72253,45.073638],[25.722561,45.073606],[25.722581,45.073584],[25.722603,45.073563],[25.722615,45.073554],[25.722629,45.073545],[25.722643,45.073538],[25.722657,45.07353],[25.722682,45.073513],[25.722695,45.073505],[25.722707,45.073497],[25.722731,45.073484],[25.722739,45.073477],[25.722743,45.07347],[25.722744,45.073468],[25.722743,45.07345],[25.722743,45.07345],[25.722743,45.07345],[25.722743,45.073446],[25.722743,45.073444],[25.722744,45.073434],[25.722748,45.073424],[25.722752,45.073412],[25.722758,45.073401],[25.722779,45.073365],[25.722803,45.073329],[25.722821,45.073306],[25.722831,45.073295],[25.722842,45.073286],[25.722855,45.073279],[25.72287,45.073273],[25.722886,45.073268],[25.722901,45.073264],[25.722916,45.073262],[25.722932,45.07326],[25.722948,45.073258],[25.722964,45.073255],[25.722979,45.07325],[25.722992,45.073244],[25.723029,45.073222],[25.723042,45.073216],[25.723057,45.073212],[25.723073,45.073211],[25.723108,45.073211],[25.723127,45.07321],[25.723147,45.073208],[25.723165,45.073206],[25.723181,45.073203],[25.723194,45.073197],[25.723204,45.07319],[25.72321,45.073181],[25.723215,45.073173],[25.72322,45.073164],[25.723229,45.073155],[25.72324,45.073147],[25.723266,45.073132],[25.723279,45.073124],[25.723293,45.073116],[25.723301,45.073113],[25.723304,45.073109],[25.723313,45.073105],[25.723324,45.073101],[25.723333,45.0731],[25.723334,45.073099],[25.723341,45.073097],[25.723371,45.073082],[25.723386,45.073075],[25.723416,45.073061],[25.723446,45.073049],[25.72346,45.073044],[25.723471,45.073037],[25.723478,45.073029],[25.723482,45.073019],[25.72349,45.072997],[25.723496,45.072985],[25.723504,45.072974],[25.723512,45.072963],[25.72353,45.072941],[25.723539,45.07293],[25.72355,45.07292],[25.723561,45.072911],[25.723573,45.072902],[25.723585,45.072893],[25.723597,45.072885],[25.72361,45.072879],[25.723623,45.072873],[25.723635,45.072869],[25.723649,45.072868],[25.723662,45.072868],[25.723688,45.07287],[25.723702,45.072869],[25.723716,45.072867],[25.723728,45.072862],[25.723739,45.072856],[25.723763,45.072846],[25.723774,45.072843],[25.723782,45.072842],[25.723787,45.07284],[25.723792,45.072839],[25.723797,45.072838],[25.723807,45.072833],[25.723814,45.072828],[25.723824,45.072816],[25.72383,45.072812],[25.723839,45.07281],[25.723911,45.072807],[25.723926,45.072808],[25.723993,45.072818],[25.724012,45.072819],[25.72403,45.072819],[25.72407,45.072817],[25.724091,45.072817],[25.724114,45.072817],[25.724136,45.072818],[25.724158,45.072819],[25.724178,45.072822],[25.724187,45.072823],[25.72419,45.072823],[25.724207,45.072825],[25.724223,45.072827],[25.724239,45.072827],[25.724254,45.072827],[25.724267,45.072825],[25.724276,45.072821],[25.724279,45.072816],[25.724278,45.072809],[25.724273,45.072801],[25.724256,45.072784],[25.724246,45.072774],[25.724234,45.072761],[25.724224,45.072752],[25.724217,45.072744],[25.724208,45.072734],[25.724199,45.072725],[25.724193,45.072716],[25.724191,45.072708],[25.724193,45.0727],[25.7242,45.072693],[25.72421,45.072686],[25.724219,45.072682],[25.724224,45.072677],[25.724235,45.072667],[25.724247,45.072658],[25.724258,45.072649],[25.724269,45.072639],[25.724279,45.072628],[25.724299,45.072605],[25.724317,45.072582],[25.724337,45.07256],[25.724348,45.072549],[25.72436,45.07254],[25.724376,45.072533],[25.724394,45.072528],[25.724414,45.072524],[25.724454,45.072516],[25.724473,45.072511],[25.724491,45.072505],[25.724508,45.072499],[25.724524,45.072493],[25.724539,45.072485],[25.724552,45.072477],[25.724565,45.072467],[25.724576,45.072458],[25.724588,45.072442],[25.724607,45.072419],[25.724617,45.072409],[25.724628,45.072399],[25.72464,45.072389],[25.724654,45.072381],[25.724656,45.07238],[25.724658,45.072378],[25.724662,45.072377],[25.724668,45.072373],[25.724684,45.072366],[25.724701,45.07236],[25.724718,45.072354],[25.724736,45.072349],[25.724774,45.072339],[25.724792,45.072334],[25.724803,45.07233],[25.724816,45.072323],[25.724828,45.072317],[25.724836,45.072309],[25.72484,45.0723],[25.724839,45.072291],[25.724834,45.072282],[25.724827,45.072272],[25.724807,45.072254],[25.724797,45.072245],[25.724787,45.072235],[25.724777,45.072226],[25.72477,45.072217],[25.724765,45.072208],[25.724765,45.072199],[25.724769,45.07219],[25.724778,45.072183],[25.724791,45.072177],[25.724821,45.072165],[25.724837,45.072159],[25.724872,45.072148],[25.724927,45.072133],[25.724973,45.072117],[25.724987,45.072113],[25.725031,45.072096],[25.725077,45.072075],[25.725093,45.072068],[25.725109,45.072061],[25.725125,45.072056],[25.725158,45.072047],[25.725172,45.072042],[25.725182,45.072037],[25.725187,45.07203],[25.725188,45.072022],[25.725186,45.072004],[25.725187,45.071993],[25.72519,45.071982],[25.725195,45.071972],[25.725204,45.071963],[25.725256,45.07192],[25.725263,45.071911],[25.725268,45.071902],[25.725269,45.071892],[25.725266,45.071873],[25.725265,45.071863],[25.725267,45.071854],[25.725272,45.071844],[25.725281,45.071836],[25.725292,45.071829],[25.725304,45.071821],[25.725332,45.071806],[25.725346,45.071798],[25.725359,45.07179],[25.725384,45.071773],[25.725395,45.071763],[25.725406,45.071754],[25.725414,45.071743],[25.725421,45.071733],[25.725425,45.071724],[25.725426,45.071715],[25.725426,45.071689],[25.725427,45.071676],[25.725429,45.071662],[25.725434,45.071649],[25.725439,45.071636],[25.725446,45.071623],[25.725453,45.071611],[25.725459,45.071603],[25.725462,45.071596],[25.725468,45.071584],[25.725472,45.071572],[25.725475,45.07156],[25.725475,45.071547],[25.725473,45.07152],[25.725474,45.071506],[25.725475,45.071492],[25.725479,45.071478],[25.725484,45.071465],[25.725492,45.071453],[25.725501,45.071442],[25.725532,45.07141],[25.725536,45.071405],[25.725538,45.071403],[25.725554,45.07138],[25.725562,45.071367],[25.725567,45.071357],[25.725577,45.071335],[25.725582,45.07132],[25.725584,45.071307],[25.725585,45.071303],[25.725586,45.071294],[25.725592,45.071244],[25.725595,45.071228],[25.725599,45.071213],[25.725605,45.071198],[25.725612,45.071185],[25.72562,45.071173],[25.725629,45.071161],[25.725631,45.07116],[25.725633,45.071157],[25.725644,45.071147],[25.725648,45.071143],[25.725651,45.071141],[25.725663,45.071132],[25.725674,45.071124],[25.725698,45.07111],[25.725702,45.071107],[25.725703,45.071104],[25.725705,45.071096],[25.725703,45.071087],[25.725698,45.071079],[25.725691,45.071071],[25.725675,45.071057],[25.72567,45.07105],[25.725667,45.071044],[25.72567,45.071037],[25.725678,45.071032],[25.72569,45.071027],[25.725691,45.071027],[25.725697,45.071024],[25.725708,45.071019],[25.725718,45.071014],[25.725725,45.071008],[25.72573,45.071001],[25.725731,45.070996],[25.725732,45.070992],[25.725728,45.070985],[25.725723,45.070977],[25.72572,45.07097],[25.725718,45.070962],[25.72572,45.070954],[25.725721,45.070952],[25.725724,45.070946],[25.725732,45.07094],[25.725741,45.070935],[25.725746,45.070932],[25.725755,45.070926],[25.725777,45.070912],[25.725783,45.070908],[25.725794,45.070897],[25.725802,45.070885],[25.72581,45.070872],[25.725824,45.070846],[25.725832,45.070834],[25.725842,45.070823],[25.725847,45.070819],[25.725857,45.070809],[25.725868,45.070799],[25.725883,45.070788],[25.7259,45.070773],[25.725906,45.070765],[25.725908,45.070756],[25.725906,45.070748],[25.725902,45.070739],[25.725897,45.07073],[25.725892,45.070721],[25.725888,45.070712],[25.725887,45.070702],[25.725889,45.070693],[25.725895,45.070685],[25.725901,45.070676],[25.725907,45.070668],[25.725912,45.07066],[25.725913,45.070654],[25.725914,45.070641],[25.725915,45.070632],[25.725917,45.070624],[25.725922,45.070617],[25.725932,45.070612],[25.725944,45.070607],[25.72595,45.070604],[25.725952,45.070603],[25.725963,45.070597],[25.725972,45.07059],[25.725979,45.070583],[25.725981,45.070577],[25.725981,45.070575],[25.725978,45.070565],[25.725974,45.070555],[25.725962,45.070534],[25.725957,45.070523],[25.725953,45.070511],[25.725952,45.070499],[25.725952,45.070473],[25.725951,45.07046],[25.725949,45.070448],[25.725946,45.070436],[25.725939,45.070418],[25.725938,45.070412],[25.725941,45.070407],[25.725948,45.070405],[25.725957,45.070405],[25.725969,45.070406],[25.725978,45.070407],[25.725986,45.070404],[25.725996,45.070401],[25.726004,45.070395],[25.726008,45.070388],[25.726009,45.07038],[25.726006,45.070372],[25.726003,45.070366],[25.726001,45.070364],[25.725995,45.070354],[25.725994,45.07035],[25.725991,45.070346],[25.725988,45.070338],[25.725988,45.070329],[25.725991,45.070321],[25.725996,45.070312],[25.726002,45.070304],[25.726007,45.070296],[25.726009,45.070287],[25.726008,45.070278],[25.726002,45.070245],[25.726002,45.070234],[25.726004,45.070222],[25.726017,45.070187],[25.726018,45.070186],[25.726021,45.070173],[25.726022,45.070159],[25.726022,45.070145],[25.72602,45.070131],[25.726017,45.070116],[25.726014,45.070101],[25.726012,45.070085],[25.726011,45.070069],[25.726011,45.070052],[25.726011,45.070036],[25.726012,45.070019],[25.726013,45.070003],[25.726016,45.069988],[25.726019,45.069973],[25.726021,45.069958],[25.726021,45.069943],[25.72602,45.069928],[25.726017,45.069913],[25.726012,45.069899],[25.726005,45.069884],[25.726004,45.069882],[25.725995,45.06987],[25.725987,45.069859],[25.725964,45.069827],[25.725958,45.069817],[25.725955,45.069808],[25.725956,45.069799],[25.725961,45.06979],[25.725968,45.069782],[25.725978,45.069773],[25.725989,45.069765],[25.726014,45.06975],[25.726026,45.069741],[25.726036,45.069733],[25.726045,45.069723],[25.726051,45.069713],[25.726054,45.069702],[25.726054,45.069691],[25.726052,45.069663],[25.726049,45.069633],[25.726047,45.069618],[25.726041,45.06959],[25.726041,45.069577],[25.726042,45.069565],[25.726046,45.069553],[25.726053,45.069543],[25.726063,45.069536],[25.726075,45.06953],[25.726087,45.069526],[25.726098,45.069521],[25.726107,45.069515],[25.726113,45.069506],[25.726117,45.069495],[25.726119,45.069483],[25.726119,45.069471],[25.726117,45.069458],[25.726113,45.069448],[25.726107,45.069439],[25.726099,45.069433],[25.726089,45.06943],[25.726078,45.069427],[25.726068,45.069423],[25.726059,45.069419],[25.726054,45.069413],[25.726053,45.069406],[25.726052,45.069392],[25.726048,45.069385],[25.726042,45.069379],[25.726032,45.069374],[25.726021,45.069372],[25.726009,45.06937],[25.725998,45.06937],[25.725988,45.069368],[25.725981,45.069365],[25.725978,45.06936],[25.72598,45.069353],[25.725983,45.069346],[25.725987,45.069339],[25.725992,45.069331],[25.725995,45.069323],[25.725995,45.069315],[25.72599,45.069298],[25.725989,45.069289],[25.725989,45.06928],[25.725989,45.069278],[25.725988,45.069276],[25.725985,45.069265],[25.725982,45.069246],[25.725979,45.069237],[25.725978,45.069235],[25.725956,45.069216],[25.725948,45.069207],[25.725944,45.069198],[25.725942,45.069187],[25.725937,45.069117],[25.725934,45.06909],[25.725934,45.069077],[25.725944,45.06902],[25.725948,45.069006],[25.725952,45.068992],[25.725958,45.068979],[25.725965,45.068968],[25.725973,45.068958],[25.725981,45.068949],[25.725987,45.06894],[25.725989,45.068931],[25.725989,45.068922],[25.725985,45.068903],[25.725985,45.068892],[25.725987,45.068882],[25.726001,45.068849],[25.726004,45.068837],[25.726005,45.068825],[25.726005,45.068814],[25.726003,45.068803],[25.726003,45.068792],[25.726003,45.068782],[25.726002,45.068771],[25.726,45.06876],[25.725999,45.068749],[25.725999,45.068726],[25.725998,45.068714],[25.725992,45.068688],[25.72599,45.068673],[25.725987,45.068641],[25.725985,45.068596],[25.725985,45.068583],[25.725985,45.068571],[25.725989,45.06856],[25.725996,45.068551],[25.726022,45.068522],[25.726038,45.068507],[25.726038,45.068507],[25.726047,45.068498],[25.726054,45.068489],[25.72606,45.06848],[25.72606,45.06848],[25.726061,45.068473],[25.72606,45.068457],[25.726062,45.068448],[25.726065,45.068443],[25.726066,45.06844],[25.726066,45.06844],[25.726069,45.068436],[25.726072,45.068432],[25.726078,45.068425],[25.726083,45.068417],[25.726085,45.068409],[25.726083,45.068384],[25.726085,45.068375],[25.726091,45.068367],[25.726099,45.06836],[25.72612,45.068347],[25.726129,45.06834],[25.726134,45.068331],[25.726137,45.068321],[25.726142,45.068297],[25.726146,45.068284],[25.726151,45.068272],[25.726158,45.06826],[25.726166,45.068248],[25.726175,45.068237],[25.726186,45.068227],[25.726198,45.068217],[25.726211,45.068208],[25.726225,45.0682],[25.72624,45.068193],[25.726256,45.068186],[25.726272,45.068178],[25.726286,45.06817],[25.726298,45.068161],[25.72631,45.068151],[25.72633,45.068129],[25.726349,45.068108],[25.726368,45.068087],[25.726376,45.068078],[25.726383,45.068068],[25.726388,45.068059],[25.72639,45.06805],[25.726388,45.068041],[25.726384,45.068023],[25.726383,45.068014],[25.726385,45.067997],[25.726385,45.067989],[25.726382,45.06798],[25.726376,45.067973],[25.726369,45.067965],[25.726363,45.067956],[25.726359,45.067947],[25.726357,45.067937],[25.72636,45.067927],[25.726365,45.067917],[25.726372,45.067907],[25.726392,45.067888],[25.726403,45.067878],[25.726425,45.067858],[25.726435,45.067847],[25.726444,45.067836],[25.726452,45.067823],[25.726472,45.067783],[25.726479,45.06777],[25.7265,45.067734],[25.726506,45.067722],[25.72651,45.06771],[25.726514,45.067699],[25.726515,45.067689],[25.726512,45.067664],[25.726511,45.06766],[25.72651,45.067651],[25.726511,45.067641],[25.726516,45.067633],[25.726519,45.06763],[25.726524,45.067623],[25.726529,45.067614],[25.726533,45.067606],[25.726533,45.067596],[25.726531,45.067586],[25.726522,45.067565],[25.726519,45.067552],[25.726516,45.067539],[25.726514,45.067525],[25.726511,45.067487],[25.726508,45.067475],[25.726503,45.067464],[25.726496,45.067453],[25.726489,45.067442],[25.726482,45.06743],[25.726476,45.067417],[25.72647,45.067404],[25.726468,45.067399],[25.725044,45.067408]],[[25.725636,45.067455],[25.725631,45.067456],[25.725627,45.067456],[25.725624,45.067455],[25.725621,45.067454],[25.72562,45.067453],[25.725619,45.067451],[25.725617,45.067448],[25.725617,45.067441],[25.725617,45.067435],[25.725617,45.067429],[25.725618,45.067425],[25.725619,45.067423],[25.72562,45.067422],[25.725622,45.067421],[25.725626,45.06742],[25.725633,45.06742],[25.725637,45.067421],[25.725639,45.067422],[25.72564,45.067423],[25.725642,45.067426],[25.725643,45.067432],[25.725643,45.067443],[25.725643,45.067447],[25.725642,45.067451],[25.725641,45.067453],[25.725639,45.067454],[25.725636,45.067455]],[[25.7261,45.067455],[25.7261,45.067452],[25.7261,45.067451],[25.7261,45.067446],[25.726101,45.067445],[25.726102,45.067441],[25.726103,45.067439],[25.726104,45.067438],[25.726106,45.067437],[25.726109,45.067436],[25.726114,45.067436],[25.726116,45.067436],[25.726119,45.067436],[25.726121,45.067437],[25.726122,45.067439],[25.726124,45.067441],[25.726124,45.067443],[25.726125,45.067445],[25.726125,45.067446],[25.726126,45.06745],[25.726126,45.067452],[25.726126,45.067463],[25.726126,45.067472],[25.726125,45.067478],[25.726124,45.067482],[25.726123,45.067485],[25.726121,45.067486],[25.726119,45.067487],[25.726117,45.067488],[25.726112,45.067488],[25.726109,45.067488],[25.726107,45.067487],[25.726105,45.067486],[25.726103,45.067485],[25.726101,45.06748],[25.7261,45.067475],[25.7261,45.067466],[25.7261,45.067455]],[[25.725537,45.067594],[25.725533,45.067595],[25.725529,45.067594],[25.725525,45.067593],[25.725522,45.06759],[25.72552,45.067586],[25.725519,45.067582],[25.725519,45.067577],[25.725519,45.067572],[25.725519,45.067567],[25.72552,45.067562],[25.725521,45.067557],[25.725524,45.067553],[25.725534,45.067541],[25.725537,45.067537],[25.725544,45.067523],[25.725547,45.067519],[25.72555,45.067515],[25.725554,45.067511],[25.725566,45.067503],[25.72557,45.067501],[25.725573,45.067499],[25.725578,45.067498],[25.725582,45.067499],[25.725585,45.0675],[25.725588,45.067503],[25.72559,45.067507],[25.725591,45.067511],[25.725592,45.067516],[25.725592,45.067521],[25.725591,45.067526],[25.72559,45.067531],[25.725589,45.067536],[25.725587,45.06754],[25.725587,45.067541],[25.725588,45.067543],[25.725587,45.067546],[25.725586,45.067548],[25.725584,45.067551],[25.725574,45.067557],[25.725571,45.06756],[25.725566,45.06757],[25.725564,45.067574],[25.72556,45.067578],[25.725557,45.067581],[25.725541,45.067592],[25.725537,45.067594]],[[25.725515,45.067672],[25.725512,45.067673],[25.725507,45.067673],[25.7255,45.067673],[25.725496,45.067672],[25.725495,45.067671],[25.725494,45.067671],[25.725493,45.067668],[25.725493,45.067664],[25.725493,45.067659],[25.725494,45.067657],[25.725495,45.067656],[25.725496,45.067656],[25.725499,45.067655],[25.725505,45.067654],[25.725512,45.067655],[25.725515,45.067656],[25.725516,45.067656],[25.725517,45.067657],[25.725518,45.067659],[25.725519,45.067663],[25.725518,45.067668],[25.725517,45.06767],[25.725517,45.067671],[25.725515,45.067672]],[[25.72598,45.067848],[25.725979,45.067845],[25.725977,45.067838],[25.725977,45.067828],[25.725972,45.067815],[25.725969,45.06781],[25.725961,45.067798],[25.725959,45.067792],[25.725958,45.067787],[25.725958,45.067782],[25.725959,45.067776],[25.725961,45.067771],[25.725968,45.067759],[25.725971,45.067753],[25.725976,45.067739],[25.725977,45.067737],[25.725978,45.067728],[25.72598,45.067724],[25.725982,45.06772],[25.725984,45.067717],[25.725988,45.067715],[25.725992,45.067714],[25.725995,45.067714],[25.726007,45.067691],[25.726015,45.067677],[25.72602,45.067666],[25.726024,45.067655],[25.726023,45.067655],[25.726022,45.067654],[25.726021,45.067652],[25.726021,45.067648],[25.726022,45.067645],[25.726023,45.067643],[25.726025,45.067642],[25.726027,45.067641],[25.726028,45.067634],[25.72603,45.06763],[25.726032,45.067627],[25.726035,45.067624],[25.726041,45.067619],[25.726042,45.067618],[25.726045,45.067614],[25.726048,45.06761],[25.726053,45.067599],[25.726054,45.067596],[25.726056,45.067593],[25.726058,45.067591],[25.726061,45.06759],[25.726064,45.06759],[25.726067,45.06759],[25.72607,45.067591],[25.726073,45.067594],[25.726074,45.067597],[25.726075,45.067601],[25.726076,45.067609],[25.726076,45.067619],[25.726076,45.067623],[25.726075,45.067627],[25.726073,45.067631],[25.726071,45.067635],[25.726068,45.067638],[25.726062,45.067643],[25.726059,45.067645],[25.726058,45.067649],[25.72605,45.067683],[25.726047,45.067693],[25.726043,45.067705],[25.726042,45.067711],[25.72604,45.067728],[25.726039,45.067734],[25.726037,45.067739],[25.726018,45.067786],[25.726016,45.067794],[25.726014,45.067802],[25.726014,45.067802],[25.726015,45.067802],[25.726018,45.067803],[25.726019,45.067803],[25.72602,45.067804],[25.726021,45.067806],[25.726022,45.06781],[25.726021,45.067815],[25.72602,45.067818],[25.726019,45.067819],[25.726018,45.067819],[25.726016,45.06782],[25.726021,45.067822],[25.726024,45.067824],[25.726026,45.067826],[25.726027,45.067829],[25.726028,45.067832],[25.726029,45.067838],[25.726028,45.067845],[25.726027,45.067848],[25.726026,45.06785],[25.726024,45.067852],[25.726021,45.067854],[25.726017,45.067855],[25.726013,45.067856],[25.726008,45.067856],[25.725999,45.067856],[25.725991,45.067855],[25.725987,45.067854],[25.725984,45.067853],[25.725981,45.067851],[25.72598,45.067848]],[[25.725463,45.067844],[25.725457,45.067845],[25.725451,45.067844],[25.725446,45.067842],[25.725441,45.067839],[25.725437,45.067836],[25.725433,45.067832],[25.725431,45.067827],[25.725431,45.067822],[25.725435,45.067811],[25.725437,45.067804],[25.725439,45.067797],[25.72544,45.067787],[25.72544,45.067787],[25.725439,45.067786],[25.725438,45.067785],[25.725437,45.067783],[25.725436,45.067779],[25.725437,45.067774],[25.725438,45.067772],[25.725439,45.067771],[25.72544,45.067771],[25.725443,45.06777],[25.725444,45.067764],[25.725445,45.067755],[25.725447,45.067747],[25.72545,45.06774],[25.725454,45.067733],[25.72545,45.067733],[25.725448,45.067732],[25.725446,45.067731],[25.725444,45.067729],[25.725443,45.067725],[25.725443,45.067722],[25.725444,45.067721],[25.725446,45.067718],[25.725448,45.067717],[25.72545,45.067716],[25.725455,45.067716],[25.725461,45.067715],[25.725472,45.067715],[25.725475,45.067712],[25.725481,45.067708],[25.725488,45.067705],[25.725493,45.067702],[25.725499,45.067701],[25.725504,45.067701],[25.725509,45.067702],[25.725512,45.067706],[25.725514,45.067711],[25.725515,45.067717],[25.725515,45.067724],[25.725514,45.067731],[25.725511,45.067737],[25.725505,45.06775],[25.725502,45.067758],[25.7255,45.067765],[25.725498,45.067774],[25.725493,45.067807],[25.725491,45.067815],[25.725488,45.067822],[25.725484,45.067828],[25.725479,45.067833],[25.725474,45.067838],[25.725469,45.067841],[25.725463,45.067844]],[[25.725351,45.068107],[25.725356,45.068106],[25.725363,45.068106],[25.725367,45.068107],[25.725368,45.068108],[25.72537,45.068109],[25.725371,45.068112],[25.725372,45.068118],[25.725372,45.068125],[25.725372,45.068129],[25.725373,45.068136],[25.725372,45.06814],[25.725371,45.068143],[25.72537,45.068145],[25.725369,45.068146],[25.725365,45.068148],[25.725361,45.068148],[25.725356,45.068148],[25.725354,45.068148],[25.72535,45.068146],[25.725349,45.068145],[25.725348,45.068143],[25.725347,45.06814],[25.725346,45.068134],[25.725346,45.068127],[25.725346,45.068121],[25.725347,45.068114],[25.725348,45.068111],[25.725348,45.068109],[25.72535,45.068108],[25.725351,45.068107]],[[25.724649,45.069748],[25.724645,45.069748],[25.72464,45.069748],[25.724638,45.069748],[25.724634,45.069746],[25.724633,45.069745],[25.724632,45.069744],[25.724631,45.06974],[25.72463,45.069734],[25.72463,45.069727],[25.72463,45.069721],[25.724631,45.069717],[25.724632,45.069716],[25.724634,45.069714],[25.724635,45.069713],[25.724639,45.069712],[25.724646,45.069712],[25.724651,45.069713],[25.724652,45.069714],[25.724654,45.069715],[25.724655,45.069719],[25.724656,45.069725],[25.724656,45.069736],[25.724656,45.06974],[25.724655,45.069743],[25.724654,45.069745],[25.724653,45.069746],[25.724649,45.069748]],[[25.725473,45.06978],[25.725476,45.069779],[25.725481,45.069779],[25.725488,45.069779],[25.725491,45.06978],[25.725493,45.06978],[25.725494,45.069781],[25.725495,45.069783],[25.725495,45.069787],[25.725495,45.069792],[25.725494,45.069795],[25.725493,45.069795],[25.725492,45.069796],[25.725489,45.069797],[25.725483,45.069797],[25.725476,45.069797],[25.725473,45.069796],[25.725472,45.069796],[25.725471,45.069795],[25.72547,45.069793],[25.725469,45.069789],[25.725469,45.069783],[25.725471,45.069781],[25.725471,45.06978],[25.725473,45.06978]],[[25.725404,45.069786],[25.725411,45.069774],[25.725432,45.069735],[25.725438,45.069722],[25.725445,45.069705],[25.725446,45.0697],[25.725448,45.069692],[25.725452,45.069686],[25.725455,45.069682],[25.725457,45.069676],[25.72546,45.069667],[25.725464,45.069658],[25.72547,45.06965],[25.725476,45.069642],[25.725485,45.069628],[25.725491,45.069622],[25.725498,45.069618],[25.725505,45.069616],[25.725506,45.069615],[25.725512,45.069613],[25.725519,45.069612],[25.725526,45.069613],[25.725532,45.069616],[25.725536,45.06962],[25.725539,45.069626],[25.725541,45.069633],[25.725543,45.069641],[25.725543,45.069649],[25.725543,45.069657],[25.725542,45.069665],[25.725541,45.069673],[25.725539,45.06968],[25.725535,45.069687],[25.72553,45.069693],[25.72553,45.069694],[25.725523,45.069706],[25.725516,45.069719],[25.725508,45.069731],[25.725498,45.069742],[25.725487,45.069753],[25.725476,45.069763],[25.725466,45.069773],[25.725458,45.069785],[25.725451,45.069798],[25.725436,45.069835],[25.725433,45.069846],[25.725431,45.069857],[25.725428,45.069868],[25.725414,45.069906],[25.725411,45.069912],[25.725414,45.069912],[25.725417,45.069913],[25.725418,45.069913],[25.725419,45.069914],[25.72542,45.069916],[25.725421,45.06992],[25.72542,45.069925],[25.725419,45.069928],[25.725418,45.069928],[25.725417,45.069929],[25.725414,45.06993],[25.725409,45.06993],[25.725401,45.06993],[25.725386,45.069956],[25.72537,45.069981],[25.725362,45.069993],[25.725346,45.070014],[25.725338,45.070024],[25.72533,45.070031],[25.725321,45.070035],[25.725311,45.070036],[25.725302,45.070036],[25.725294,45.070035],[25.725288,45.070031],[25.725284,45.070024],[25.725283,45.070014],[25.725285,45.070003],[25.725289,45.069992],[25.725294,45.06998],[25.725299,45.069968],[25.725305,45.06996],[25.725305,45.069959],[25.725317,45.069937],[25.72532,45.069933],[25.72532,45.069932],[25.725322,45.069929],[25.725327,45.069921],[25.725327,45.06992],[25.725345,45.069896],[25.725354,45.069884],[25.725356,45.069883],[25.725359,45.069872],[25.725373,45.069834],[25.725379,45.069821],[25.725386,45.069809],[25.725404,45.069786]],[[25.725162,45.070165],[25.725169,45.070162],[25.725175,45.070163],[25.725178,45.070168],[25.725178,45.070175],[25.725172,45.070192],[25.725168,45.070202],[25.725163,45.070212],[25.725156,45.070232],[25.725152,45.070242],[25.725145,45.070252],[25.725136,45.070262],[25.725127,45.070272],[25.72511,45.070293],[25.725102,45.070304],[25.725089,45.070325],[25.725085,45.070336],[25.725082,45.070346],[25.725077,45.070357],[25.725064,45.070379],[25.725056,45.07039],[25.725047,45.0704],[25.725038,45.07041],[25.725028,45.070418],[25.725016,45.070425],[25.725004,45.070429],[25.724993,45.070432],[25.724984,45.070432],[25.724976,45.070429],[25.724971,45.070425],[25.724969,45.070419],[25.72497,45.070416],[25.724969,45.070415],[25.724969,45.070407],[25.724974,45.070399],[25.724976,45.070394],[25.724977,45.070388],[25.72498,45.070377],[25.724985,45.070366],[25.724991,45.070356],[25.724992,45.070355],[25.724993,45.070352],[25.724996,45.07035],[25.724996,45.070349],[25.724999,45.070345],[25.725,45.070344],[25.725003,45.070338],[25.725018,45.070312],[25.725027,45.070299],[25.725045,45.070275],[25.725055,45.070263],[25.725077,45.070241],[25.725081,45.070238],[25.725081,45.070237],[25.725103,45.070216],[25.725135,45.070187],[25.725144,45.070178],[25.725153,45.07017],[25.725162,45.070165]],[[25.723767,45.071779],[25.723767,45.071773],[25.723767,45.071767],[25.723767,45.07176],[25.723768,45.071757],[25.723769,45.071755],[25.72377,45.071754],[25.723772,45.071753],[25.723776,45.071752],[25.723783,45.071752],[25.723787,45.071753],[25.723789,45.071754],[25.72379,45.071755],[25.723792,45.071758],[25.723793,45.071764],[25.723793,45.071775],[25.723793,45.071779],[25.723792,45.071783],[25.723791,45.071784],[25.72379,45.071786],[25.723786,45.071787],[25.723781,45.071788],[25.723777,45.071788],[25.723775,45.071787],[25.723771,45.071786],[25.72377,45.071785],[25.723769,45.071783],[25.723767,45.071779]],[[25.723723,45.071777],[25.723728,45.071776],[25.723736,45.071777],[25.723739,45.071777],[25.72374,45.071778],[25.723741,45.071779],[25.723742,45.071781],[25.723742,45.071785],[25.723742,45.07179],[25.723741,45.071792],[25.72374,45.071793],[25.723739,45.071794],[25.723736,45.071795],[25.72373,45.071795],[25.723723,45.071795],[25.72372,45.071794],[25.723719,45.071793],[25.723718,45.071792],[25.723717,45.07179],[25.723716,45.071786],[25.723717,45.071781],[25.723718,45.071779],[25.723719,45.071778],[25.72372,45.071778],[25.723723,45.071777]],[[25.723469,45.071922],[25.723464,45.071921],[25.723463,45.071919],[25.723463,45.071916],[25.723464,45.071913],[25.72347,45.071906],[25.723474,45.071903],[25.723484,45.071895],[25.723495,45.071886],[25.723502,45.071882],[25.723523,45.07187],[25.723534,45.071865],[25.723556,45.071856],[25.723573,45.071849],[25.723584,45.071844],[25.723583,45.071841],[25.723583,45.071838],[25.723584,45.071837],[25.723586,45.071834],[25.723588,45.071833],[25.72359,45.071832],[25.723595,45.071832],[25.723601,45.071831],[25.723615,45.071831],[25.72362,45.07183],[25.723624,45.071828],[25.723638,45.071822],[25.723647,45.071816],[25.723661,45.071809],[25.723669,45.071804],[25.723673,45.071802],[25.723676,45.071801],[25.72368,45.071801],[25.723681,45.071801],[25.723691,45.071798],[25.7237,45.071797],[25.723708,45.071797],[25.723713,45.071799],[25.723715,45.071801],[25.723715,45.071803],[25.723713,45.071807],[25.723703,45.071815],[25.723692,45.071826],[25.723685,45.071832],[25.723674,45.071839],[25.723668,45.071842],[25.723662,45.071845],[25.723656,45.071848],[25.72365,45.071849],[25.72363,45.071854],[25.723623,45.071856],[25.723617,45.071859],[25.723596,45.071869],[25.723582,45.071876],[25.723553,45.071892],[25.723522,45.071905],[25.723508,45.071911],[25.723494,45.071917],[25.723482,45.071921],[25.723475,45.071922],[25.723469,45.071922]],[[25.723445,45.071923],[25.723451,45.071922],[25.723458,45.071922],[25.723461,45.071923],[25.723462,45.071924],[25.723463,45.071925],[25.723464,45.071927],[25.723465,45.071931],[25.723464,45.071936],[25.723463,45.071938],[25.723463,45.071939],[25.723461,45.07194],[25.723458,45.07194],[25.723453,45.071941],[25.723446,45.07194],[25.723442,45.07194],[25.723441,45.071939],[25.72344,45.071938],[25.723439,45.071936],[25.723439,45.071932],[25.723439,45.071927],[25.72344,45.071925],[25.723441,45.071924],[25.723442,45.071923],[25.723445,45.071923]],[[25.723406,45.071953],[25.723415,45.071952],[25.723424,45.071953],[25.723428,45.071953],[25.723431,45.071954],[25.723434,45.071955],[25.723436,45.071957],[25.723437,45.071959],[25.723437,45.071962],[25.723436,45.071964],[25.723435,45.071966],[25.723432,45.071968],[25.723423,45.071972],[25.72342,45.071974],[25.723418,45.071976],[25.723412,45.071983],[25.723409,45.071985],[25.723406,45.071986],[25.723402,45.071987],[25.723397,45.071988],[25.723393,45.071988],[25.723384,45.071988],[25.723375,45.071987],[25.723372,45.071986],[25.723369,45.071985],[25.723367,45.071983],[25.723366,45.071981],[25.723366,45.071979],[25.723367,45.071976],[25.723368,45.071974],[25.723371,45.071973],[25.72338,45.071968],[25.723383,45.071967],[25.723385,45.071964],[25.723391,45.071958],[25.723394,45.071956],[25.723397,45.071954],[25.723401,45.071953],[25.723406,45.071953]],[[25.722208,45.073464],[25.72221,45.073439],[25.722209,45.073438],[25.722208,45.073435],[25.722208,45.073431],[25.722209,45.073429],[25.72221,45.073428],[25.722211,45.073427],[25.722214,45.073395],[25.722216,45.073384],[25.722218,45.073373],[25.722221,45.073363],[25.722223,45.073358],[25.722223,45.073358],[25.722225,45.073354],[25.722227,45.073351],[25.722231,45.073345],[25.722239,45.073333],[25.722242,45.073329],[25.722245,45.073327],[25.722248,45.073327],[25.722249,45.073325],[25.722266,45.07331],[25.722273,45.073306],[25.722277,45.073305],[25.722282,45.073305],[25.722286,45.073307],[25.72229,45.073309],[25.722294,45.073312],[25.722297,45.073316],[25.722299,45.073321],[25.722298,45.073328],[25.722296,45.073335],[25.722291,45.073341],[25.722285,45.073348],[25.72228,45.073355],[25.722275,45.073364],[25.722271,45.073374],[25.722268,45.073383],[25.722269,45.073386],[25.72227,45.073393],[25.722272,45.073399],[25.722276,45.073406],[25.722277,45.07341],[25.722278,45.073414],[25.722278,45.073417],[25.722276,45.073421],[25.722274,45.073424],[25.722265,45.073433],[25.722258,45.073439],[25.722257,45.07344],[25.722256,45.07344],[25.722249,45.073445],[25.722245,45.073455],[25.722236,45.073487],[25.722233,45.073497],[25.722229,45.073505],[25.722224,45.07351],[25.722218,45.073513],[25.722212,45.073514],[25.722207,45.073512],[25.722203,45.073508],[25.722202,45.073502],[25.722202,45.073495],[25.722207,45.073474],[25.722208,45.073464]],[[25.721619,45.073627],[25.721613,45.073636],[25.721593,45.073669],[25.721588,45.073679],[25.721582,45.073692],[25.721575,45.073708],[25.721569,45.073722],[25.721556,45.073743],[25.721551,45.073755],[25.721546,45.073763],[25.721545,45.073764],[25.721545,45.073765],[25.721527,45.07379],[25.721522,45.073796],[25.721518,45.0738],[25.721515,45.073802],[25.721515,45.073802],[25.721509,45.073808],[25.721504,45.073812],[25.721499,45.073812],[25.721497,45.073808],[25.721498,45.073801],[25.72151,45.07377],[25.721516,45.073759],[25.721525,45.073743],[25.721538,45.073716],[25.721542,45.073705],[25.721543,45.073703],[25.721543,45.073701],[25.721545,45.07369],[25.721549,45.073679],[25.721561,45.073656],[25.721569,45.073644],[25.721586,45.073622],[25.721596,45.07361],[25.721614,45.073586],[25.721623,45.073575],[25.721641,45.07355],[25.721667,45.073517],[25.721677,45.073506],[25.721681,45.073498],[25.721681,45.073493],[25.721682,45.073488],[25.721684,45.073486],[25.721685,45.073484],[25.721687,45.073483],[25.721689,45.073483],[25.721692,45.073482],[25.721701,45.073477],[25.721709,45.07347],[25.721712,45.073468],[25.721715,45.073467],[25.721718,45.073467],[25.721721,45.073467],[25.721724,45.073468],[25.721725,45.07347],[25.721726,45.073472],[25.721725,45.073474],[25.721724,45.073477],[25.721722,45.073479],[25.721716,45.073483],[25.721714,45.073486],[25.721712,45.073489],[25.721709,45.073498],[25.721707,45.073509],[25.721707,45.07351],[25.721707,45.073519],[25.721706,45.073524],[25.721705,45.073529],[25.721704,45.073531],[25.721702,45.073533],[25.7217,45.073534],[25.721698,45.073535],[25.721693,45.073535],[25.72169,45.073535],[25.721689,45.073534],[25.721675,45.073556],[25.721648,45.073592],[25.721619,45.073627]],[[25.721997,45.073822],[25.722006,45.073809],[25.722019,45.073788],[25.722023,45.073784],[25.722027,45.07378],[25.72204,45.073772],[25.722045,45.073769],[25.722049,45.073767],[25.722055,45.073765],[25.722056,45.073765],[25.722059,45.073763],[25.722068,45.073755],[25.722071,45.073753],[25.722085,45.073744],[25.722094,45.073738],[25.722097,45.073736],[25.7221,45.073735],[25.722101,45.073735],[25.7221,45.073734],[25.722099,45.073731],[25.7221,45.073729],[25.722107,45.07372],[25.72211,45.073715],[25.722115,45.073706],[25.722115,45.073705],[25.722115,45.073699],[25.722116,45.073697],[25.722117,45.073696],[25.722118,45.073696],[25.722121,45.073695],[25.722122,45.073694],[25.722132,45.073683],[25.722136,45.073678],[25.722139,45.073673],[25.72214,45.073664],[25.72214,45.073663],[25.72214,45.073663],[25.722141,45.073661],[25.722142,45.073656],[25.722144,45.073652],[25.722146,45.073649],[25.722149,45.073646],[25.722152,45.073644],[25.722156,45.073643],[25.722161,45.073642],[25.722166,45.073641],[25.72217,45.073642],[25.722172,45.073642],[25.722172,45.073642],[25.722175,45.073641],[25.722179,45.073641],[25.722182,45.073643],[25.722185,45.073646],[25.722186,45.07365],[25.722186,45.073654],[25.722185,45.073659],[25.722183,45.073664],[25.722174,45.073675],[25.722171,45.07368],[25.722166,45.073689],[25.722165,45.073693],[25.722164,45.073697],[25.722163,45.073701],[25.72216,45.073705],[25.722158,45.073708],[25.722154,45.07371],[25.72215,45.073711],[25.722145,45.073712],[25.722134,45.073721],[25.722114,45.073734],[25.72211,45.073736],[25.722108,45.073736],[25.722108,45.073736],[25.72211,45.073738],[25.72211,45.07374],[25.72211,45.073742],[25.722108,45.073744],[25.722106,45.073746],[25.722097,45.073753],[25.722086,45.073763],[25.722078,45.073768],[25.722079,45.073768],[25.722082,45.073772],[25.722084,45.073776],[25.722085,45.073781],[25.722084,45.073786],[25.722083,45.07379],[25.722075,45.073802],[25.722073,45.073808],[25.722066,45.073827],[25.722063,45.073832],[25.722064,45.073832],[25.722064,45.073835],[25.722065,45.073839],[25.722064,45.073842],[25.722063,45.073845],[25.722062,45.073848],[25.722059,45.073851],[25.722056,45.073853],[25.722051,45.073855],[25.722032,45.07386],[25.722028,45.073862],[25.722024,45.073864],[25.722021,45.073867],[25.722019,45.07387],[25.722013,45.073883],[25.722011,45.073886],[25.722008,45.073888],[25.722005,45.073889],[25.722002,45.073889],[25.721999,45.073889],[25.721996,45.073888],[25.721994,45.073885],[25.721992,45.073882],[25.721991,45.073878],[25.721991,45.073874],[25.72199,45.073868],[25.72199,45.073867],[25.72199,45.073865],[25.72199,45.073865],[25.721991,45.073858],[25.721991,45.073858],[25.721991,45.073846],[25.721991,45.073839],[25.721993,45.073833],[25.721994,45.073827],[25.721997,45.073822]],[[25.721442,45.073967],[25.721445,45.073966],[25.721448,45.073967],[25.72145,45.073967],[25.721452,45.073969],[25.721452,45.073969],[25.721455,45.07397],[25.721456,45.073971],[25.721457,45.073971],[25.721458,45.073974],[25.721459,45.073977],[25.721458,45.073983],[25.721457,45.073985],[25.721456,45.073986],[25.721455,45.073986],[25.721452,45.073987],[25.721447,45.073987],[25.72144,45.073987],[25.721439,45.073989],[25.721436,45.073997],[25.721433,45.074015],[25.72143,45.074023],[25.721428,45.074027],[25.721425,45.07403],[25.721421,45.074032],[25.721417,45.074033],[25.721412,45.074034],[25.721408,45.074034],[25.721403,45.074034],[25.721399,45.074034],[25.721395,45.074033],[25.721392,45.074031],[25.72139,45.074029],[25.721389,45.074027],[25.721389,45.074024],[25.72139,45.074022],[25.721392,45.07402],[25.7214,45.074013],[25.721402,45.07401],[25.721404,45.074006],[25.72141,45.073992],[25.721412,45.073988],[25.721414,45.073985],[25.721417,45.073983],[25.721428,45.073976],[25.721436,45.073969],[25.721439,45.073968],[25.721442,45.073967]],[[25.721389,45.074053],[25.721395,45.074053],[25.721402,45.074053],[25.721405,45.074054],[25.721406,45.074054],[25.721407,45.074055],[25.721408,45.074057],[25.721409,45.074061],[25.721408,45.074066],[25.721407,45.074069],[25.721407,45.07407],[25.721405,45.07407],[25.721402,45.074071],[25.721397,45.074071],[25.72139,45.074071],[25.721386,45.07407],[25.721385,45.07407],[25.721384,45.074069],[25.721383,45.074067],[25.721383,45.074063],[25.721383,45.074058],[25.721384,45.074055],[25.721385,45.074055],[25.721386,45.074054],[25.721389,45.074053]],[[25.721339,45.074107],[25.721345,45.074107],[25.721352,45.074107],[25.721355,45.074108],[25.721356,45.074109],[25.721357,45.07411],[25.721358,45.074112],[25.721359,45.074116],[25.721358,45.074121],[25.721357,45.074123],[25.721356,45.074124],[25.721355,45.074124],[25.721352,45.074125],[25.721347,45.074126],[25.721339,45.074125],[25.721336,45.074125],[25.721335,45.074124],[25.721334,45.074123],[25.721333,45.074121],[25.721333,45.074117],[25.721333,45.074112],[25.721334,45.07411],[25.721335,45.074109],[25.721336,45.074108],[25.721339,45.074107]],[[25.720853,45.074111],[25.720866,45.07411],[25.720879,45.074109],[25.720893,45.07411],[25.720905,45.074111],[25.72091,45.074112],[25.720915,45.074113],[25.720918,45.074114],[25.72092,45.074116],[25.720921,45.074119],[25.720921,45.074121],[25.72092,45.074124],[25.720918,45.074126],[25.720908,45.074132],[25.720897,45.074143],[25.720882,45.074151],[25.720873,45.074158],[25.720869,45.07416],[25.720865,45.074162],[25.72086,45.074163],[25.720855,45.074163],[25.72085,45.074163],[25.720845,45.074163],[25.72084,45.074162],[25.720836,45.074161],[25.720832,45.074159],[25.720829,45.074156],[25.720827,45.074153],[25.720826,45.074149],[25.720825,45.074145],[25.720824,45.074136],[25.720825,45.074131],[25.720826,45.074127],[25.720827,45.074123],[25.720829,45.074119],[25.720832,45.074116],[25.720836,45.074114],[25.720841,45.074112],[25.720847,45.074111],[25.720853,45.074111]],[[25.720917,45.074258],[25.720922,45.074257],[25.720928,45.074256],[25.720934,45.074256],[25.72094,45.074257],[25.720945,45.074259],[25.72095,45.074261],[25.720955,45.074264],[25.720968,45.074273],[25.720972,45.074277],[25.720974,45.074281],[25.720975,45.074281],[25.720977,45.074283],[25.720979,45.074287],[25.72098,45.074295],[25.72098,45.074296],[25.720985,45.074312],[25.720987,45.074316],[25.720989,45.07432],[25.720997,45.07433],[25.720998,45.074332],[25.720998,45.074335],[25.720996,45.074337],[25.720993,45.074338],[25.72099,45.074338],[25.720986,45.074338],[25.720972,45.074332],[25.720966,45.074331],[25.72096,45.07433],[25.720938,45.074326],[25.720931,45.074325],[25.720924,45.074324],[25.720918,45.074322],[25.720913,45.074319],[25.72091,45.074315],[25.720907,45.074311],[25.720905,45.074306],[25.720904,45.074301],[25.720903,45.07429],[25.720903,45.074279],[25.720904,45.074273],[25.720906,45.074269],[25.720909,45.074264],[25.720912,45.074261],[25.720917,45.074258]],[[25.720644,45.074372],[25.720651,45.074371],[25.720657,45.074372],[25.720663,45.074374],[25.720668,45.074379],[25.720672,45.074384],[25.720675,45.074391],[25.720684,45.074421],[25.720687,45.074428],[25.720693,45.07444],[25.720695,45.074447],[25.720695,45.074453],[25.720694,45.07446],[25.720691,45.074465],[25.720686,45.074471],[25.72068,45.074475],[25.720674,45.07448],[25.720667,45.074484],[25.720658,45.074487],[25.720649,45.074489],[25.72062,45.074495],[25.720599,45.0745],[25.720594,45.0745],[25.72059,45.074499],[25.720588,45.074496],[25.720588,45.074492],[25.720592,45.074483],[25.720594,45.074477],[25.720596,45.07447],[25.7206,45.074446],[25.720602,45.074439],[25.720605,45.074431],[25.720608,45.074424],[25.720616,45.074411],[25.72062,45.074404],[25.720626,45.07439],[25.720629,45.074384],[25.720633,45.074378],[25.720638,45.074374],[25.720644,45.074372]],[[25.720729,45.07467],[25.720729,45.074673],[25.720733,45.074673],[25.720741,45.074672],[25.720749,45.074672],[25.720755,45.074673],[25.72076,45.074675],[25.720762,45.074678],[25.720761,45.074681],[25.720758,45.074684],[25.720741,45.074693],[25.720736,45.074697],[25.720725,45.074707],[25.720721,45.074712],[25.720718,45.074717],[25.720716,45.074723],[25.720715,45.074729],[25.720716,45.074735],[25.720717,45.074745],[25.720716,45.07475],[25.720713,45.074754],[25.720709,45.074758],[25.720691,45.074769],[25.720677,45.07478],[25.720673,45.074783],[25.720667,45.074783],[25.720662,45.074782],[25.720658,45.074779],[25.720654,45.074775],[25.72065,45.07477],[25.720642,45.07476],[25.720639,45.074754],[25.720636,45.074748],[25.720635,45.074741],[25.720635,45.074734],[25.720636,45.07473],[25.720633,45.074728],[25.720632,45.074727],[25.720631,45.074726],[25.720629,45.074722],[25.720629,45.074716],[25.720629,45.074709],[25.720629,45.074703],[25.72063,45.074699],[25.720631,45.074698],[25.720632,45.074696],[25.720634,45.074696],[25.720638,45.074695],[25.720645,45.074694],[25.720649,45.074695],[25.720651,45.074696],[25.720652,45.074698],[25.720654,45.074701],[25.720655,45.074707],[25.720655,45.074707],[25.720656,45.074707],[25.720671,45.074699],[25.720685,45.07469],[25.720703,45.074682],[25.720707,45.07467],[25.72071,45.074665],[25.720712,45.074663],[25.720714,45.074662],[25.720717,45.074661],[25.72072,45.074661],[25.720722,45.074661],[25.720725,45.074663],[25.720727,45.074665],[25.720728,45.074667],[25.720729,45.07467]],[[25.720587,45.074782],[25.720595,45.074784],[25.720596,45.074784],[25.720596,45.074784],[25.720609,45.074785],[25.720614,45.074786],[25.720618,45.074787],[25.720622,45.074789],[25.720624,45.074791],[25.720625,45.074793],[25.720625,45.074796],[25.720623,45.074798],[25.720623,45.074798],[25.720625,45.0748],[25.720629,45.074803],[25.720639,45.074811],[25.720641,45.074814],[25.720643,45.074817],[25.720643,45.07482],[25.720643,45.074823],[25.720641,45.074825],[25.720637,45.074828],[25.720632,45.074831],[25.720614,45.074838],[25.720599,45.074846],[25.720572,45.074857],[25.720567,45.07486],[25.720562,45.074863],[25.720551,45.074873],[25.720547,45.074875],[25.720544,45.074876],[25.720541,45.074875],[25.720538,45.074874],[25.720535,45.074871],[25.720532,45.074866],[25.72053,45.07486],[25.720529,45.074853],[25.720523,45.074816],[25.720522,45.07481],[25.72052,45.074804],[25.720517,45.074797],[25.720516,45.074793],[25.720516,45.07479],[25.720518,45.074787],[25.72052,45.074785],[25.720525,45.074782],[25.720532,45.074781],[25.72054,45.074779],[25.72055,45.074779],[25.720559,45.074779],[25.720569,45.074779],[25.720578,45.07478],[25.720587,45.074782]],[[25.720625,45.074946],[25.72062,45.074946],[25.720611,45.074947],[25.72061,45.074947],[25.720604,45.074952],[25.7206,45.074954],[25.720596,45.074955],[25.720592,45.074956],[25.720587,45.074957],[25.720582,45.074957],[25.72058,45.074957],[25.720578,45.074959],[25.720576,45.074961],[25.720573,45.074962],[25.72057,45.074963],[25.720566,45.074963],[25.720564,45.074962],[25.720561,45.074961],[25.72056,45.074959],[25.720559,45.074957],[25.720559,45.074955],[25.72056,45.074953],[25.720561,45.074951],[25.720563,45.07495],[25.720563,45.074947],[25.720564,45.074945],[25.720565,45.074943],[25.72057,45.074939],[25.720572,45.074936],[25.720573,45.074934],[25.720573,45.074931],[25.720573,45.074929],[25.720572,45.074926],[25.72057,45.074924],[25.720565,45.07492],[25.720563,45.074918],[25.720562,45.074915],[25.720562,45.074913],[25.720563,45.074911],[25.720565,45.074909],[25.720568,45.074907],[25.720572,45.074906],[25.720576,45.074906],[25.720581,45.074905],[25.720586,45.074905],[25.720591,45.074906],[25.720596,45.074907],[25.7206,45.074908],[25.720603,45.07491],[25.720613,45.074917],[25.720622,45.074924],[25.720625,45.074926],[25.720626,45.074928],[25.720626,45.07493],[25.720627,45.07493],[25.720629,45.074931],[25.72063,45.074932],[25.720632,45.074935],[25.720632,45.07494],[25.720631,45.074943],[25.720629,45.074944],[25.720628,45.074945],[25.720625,45.074946]],[[25.720684,45.074993],[25.720698,45.074971],[25.720704,45.07496],[25.720712,45.074942],[25.720719,45.074929],[25.720729,45.074912],[25.720737,45.074896],[25.720744,45.074884],[25.720764,45.074852],[25.720768,45.074842],[25.720771,45.074832],[25.720775,45.074822],[25.720792,45.074792],[25.720796,45.074781],[25.720801,45.074763],[25.720801,45.074759],[25.720802,45.074752],[25.720804,45.074746],[25.720807,45.074741],[25.72081,45.074736],[25.720816,45.074733],[25.720822,45.074729],[25.720825,45.074728],[25.720832,45.074722],[25.720843,45.074713],[25.720846,45.074711],[25.720854,45.074704],[25.720863,45.074698],[25.720865,45.074697],[25.72087,45.074691],[25.720881,45.074681],[25.720892,45.074672],[25.720903,45.074665],[25.720913,45.074658],[25.720922,45.074653],[25.720929,45.074651],[25.720935,45.074652],[25.720937,45.074656],[25.720937,45.074662],[25.720933,45.074681],[25.72093,45.074691],[25.720926,45.074701],[25.72092,45.074721],[25.720916,45.07473],[25.720904,45.074748],[25.720899,45.074758],[25.720896,45.074769],[25.720893,45.074782],[25.720888,45.074792],[25.720881,45.074802],[25.720873,45.074811],[25.720866,45.074818],[25.720866,45.074818],[25.720848,45.07484],[25.72084,45.074852],[25.720826,45.074878],[25.720819,45.074891],[25.720799,45.074931],[25.720792,45.074944],[25.720772,45.074984],[25.720767,45.074998],[25.720762,45.075013],[25.720754,45.075043],[25.72075,45.075058],[25.720744,45.075072],[25.720739,45.075086],[25.72073,45.075115],[25.720725,45.075129],[25.720719,45.075141],[25.720703,45.075179],[25.720699,45.075191],[25.720697,45.075202],[25.720696,45.075214],[25.720693,45.075225],[25.720692,45.075228],[25.720692,45.07523],[25.720688,45.075242],[25.720683,45.075254],[25.720678,45.075266],[25.720671,45.075279],[25.720658,45.075304],[25.720651,45.075317],[25.72064,45.075332],[25.72063,45.075349],[25.720605,45.075385],[25.720578,45.075421],[25.720567,45.075432],[25.720555,45.075441],[25.720527,45.075459],[25.720499,45.075476],[25.720486,45.075485],[25.720474,45.075495],[25.720464,45.075506],[25.720447,45.075528],[25.72044,45.075538],[25.72043,45.075556],[25.720425,45.07556],[25.720421,45.07556],[25.720418,45.075555],[25.720416,45.075546],[25.720417,45.075535],[25.720419,45.075523],[25.720423,45.07551],[25.720435,45.075485],[25.720443,45.075473],[25.720452,45.075461],[25.720463,45.075451],[25.720475,45.075441],[25.720498,45.07542],[25.720519,45.075398],[25.720529,45.075388],[25.720548,45.075367],[25.720556,45.075356],[25.72057,45.075335],[25.720575,45.075325],[25.720578,45.075315],[25.720583,45.075306],[25.720595,45.075285],[25.7206,45.075273],[25.720603,45.07526],[25.720605,45.075246],[25.720605,45.075231],[25.720605,45.075217],[25.720604,45.075191],[25.720605,45.075179],[25.720609,45.075167],[25.720613,45.075155],[25.720618,45.075142],[25.720623,45.075129],[25.720628,45.075115],[25.720638,45.075087],[25.720643,45.075073],[25.720649,45.07506],[25.720661,45.075032],[25.720667,45.075018],[25.720674,45.075005],[25.720684,45.074993]],[[25.720417,45.075586],[25.72042,45.075585],[25.720423,45.075585],[25.720425,45.075586],[25.720427,45.075587],[25.720427,45.075589],[25.720426,45.075592],[25.720421,45.075601],[25.720418,45.075607],[25.720416,45.075614],[25.720409,45.075636],[25.720409,45.075637],[25.720408,45.075642],[25.720406,45.075648],[25.720404,45.075654],[25.7204,45.075657],[25.720399,45.075659],[25.720399,45.075661],[25.720399,45.075664],[25.7204,45.075673],[25.7204,45.075676],[25.720398,45.075679],[25.720396,45.075681],[25.720392,45.075684],[25.720387,45.075686],[25.720381,45.075688],[25.720371,45.075692],[25.72037,45.075696],[25.720369,45.075701],[25.72037,45.075706],[25.720371,45.075711],[25.720376,45.075719],[25.720376,45.075722],[25.720376,45.075724],[25.720374,45.075726],[25.720372,45.075727],[25.720369,45.075727],[25.720366,45.075726],[25.720363,45.075724],[25.720356,45.075719],[25.720349,45.075714],[25.720346,45.07571],[25.720343,45.075705],[25.720341,45.075699],[25.72034,45.075693],[25.72034,45.075686],[25.72034,45.07568],[25.720342,45.075673],[25.720345,45.075668],[25.720347,45.075664],[25.720353,45.075656],[25.720366,45.075635],[25.72037,45.07563],[25.720374,45.075627],[25.720378,45.075624],[25.720381,45.075622],[25.720382,45.075621],[25.720388,45.075612],[25.720392,45.075605],[25.720396,45.075601],[25.720399,45.075598],[25.720407,45.075592],[25.720414,45.075587],[25.720417,45.075586]],[[25.715491,45.080058],[25.715482,45.080051],[25.715473,45.080042],[25.715464,45.080031],[25.715457,45.080019],[25.715449,45.080007],[25.715443,45.079993],[25.715438,45.079978],[25.71543,45.079947],[25.71542,45.079917],[25.715417,45.079901],[25.715414,45.079885],[25.715413,45.079868],[25.715412,45.079851],[25.715412,45.079834],[25.715413,45.079817],[25.715415,45.079801],[25.715418,45.079785],[25.715422,45.07977],[25.715433,45.079742],[25.715442,45.079716],[25.715444,45.079702],[25.715444,45.079688],[25.715441,45.079675],[25.715436,45.079662],[25.715428,45.079651],[25.715419,45.07964],[25.715399,45.079621],[25.715388,45.079612],[25.715379,45.079603],[25.71537,45.079594],[25.715365,45.079586],[25.715362,45.079578],[25.715365,45.079571],[25.715373,45.079565],[25.715384,45.079559],[25.715413,45.079548],[25.715462,45.07953],[25.715479,45.079525],[25.715514,45.079515],[25.715532,45.079511],[25.71555,45.079508],[25.715567,45.079507],[25.715583,45.079506],[25.715598,45.079507],[25.715612,45.079511],[25.715626,45.079517],[25.715639,45.079523],[25.715653,45.079531],[25.715692,45.079555],[25.715706,45.079562],[25.71572,45.079569],[25.715734,45.079575],[25.715749,45.07958],[25.715765,45.079582],[25.715782,45.079582],[25.715799,45.07958],[25.715817,45.079577],[25.715826,45.079576],[25.715846,45.079568],[25.715863,45.079563],[25.715894,45.079553],[25.715909,45.079549],[25.715921,45.079547],[25.715931,45.079546],[25.715934,45.079547],[25.715945,45.079546],[25.71596,45.079547],[25.715974,45.079551],[25.715987,45.079556],[25.716001,45.079563],[25.716014,45.07957],[25.716034,45.079583],[25.716034,45.079583],[25.716048,45.079591],[25.716062,45.079599],[25.716076,45.079607],[25.716089,45.079617],[25.716101,45.079626],[25.716112,45.079636],[25.716122,45.079648],[25.71613,45.079659],[25.716136,45.079673],[25.716139,45.079687],[25.716141,45.079702],[25.71614,45.079717],[25.716138,45.079732],[25.716126,45.079776],[25.716121,45.07979],[25.716116,45.079804],[25.716108,45.079817],[25.716097,45.079828],[25.716083,45.079836],[25.716066,45.079843],[25.716057,45.079845],[25.716055,45.079847],[25.71604,45.079852],[25.716024,45.079857],[25.715988,45.079866],[25.715968,45.07987],[25.715926,45.079878],[25.715921,45.079879],[25.715913,45.079881],[25.715896,45.079887],[25.71588,45.079894],[25.715865,45.079902],[25.715854,45.079912],[25.715845,45.079924],[25.715837,45.079936],[25.715829,45.079949],[25.715823,45.079962],[25.715812,45.07999],[25.715806,45.080003],[25.715793,45.080025],[25.715786,45.080034],[25.715778,45.08004],[25.715768,45.080042],[25.715758,45.08004],[25.715747,45.080036],[25.715735,45.08003],[25.715723,45.080023],[25.715698,45.080006],[25.715674,45.079988],[25.715641,45.079962],[25.715631,45.079955],[25.715621,45.07995],[25.715611,45.079948],[25.715602,45.07995],[25.715594,45.079955],[25.715587,45.079964],[25.715573,45.079986],[25.715553,45.080023],[25.715538,45.080045],[25.715531,45.080055],[25.715522,45.080061],[25.715511,45.080064],[25.715501,45.080063],[25.715491,45.080058]],[[25.707589,45.082582],[25.707598,45.082581],[25.707614,45.082581],[25.707624,45.082582],[25.707628,45.082582],[25.707632,45.082583],[25.707636,45.082584],[25.707639,45.082586],[25.707642,45.082588],[25.707643,45.08259],[25.707644,45.082593],[25.707645,45.082597],[25.707645,45.082603],[25.707643,45.082609],[25.707642,45.082612],[25.70764,45.082614],[25.707637,45.082616],[25.707633,45.082617],[25.707629,45.082617],[25.707619,45.082618],[25.707609,45.082619],[25.707594,45.082619],[25.707584,45.082618],[25.70758,45.082617],[25.707576,45.082616],[25.707573,45.082614],[25.707571,45.082612],[25.707569,45.08261],[25.707568,45.082604],[25.707568,45.082597],[25.707568,45.082594],[25.707569,45.082591],[25.707571,45.082588],[25.707573,45.082586],[25.707576,45.082585],[25.70758,45.082583],[25.707589,45.082582]],[[25.707773,45.084133],[25.707776,45.084133],[25.707779,45.084133],[25.707782,45.084134],[25.707783,45.084136],[25.707784,45.084138],[25.707783,45.08414],[25.707782,45.084142],[25.70778,45.084145],[25.707776,45.084148],[25.707774,45.08415],[25.707773,45.084153],[25.707773,45.084155],[25.707774,45.084158],[25.707776,45.08416],[25.707779,45.084162],[25.707787,45.084164],[25.707801,45.084167],[25.707804,45.084169],[25.707807,45.08417],[25.707809,45.084172],[25.70781,45.084174],[25.707809,45.084177],[25.707807,45.084179],[25.707804,45.08418],[25.707801,45.084181],[25.707796,45.084181],[25.707786,45.084182],[25.707782,45.084181],[25.707777,45.08418],[25.707773,45.084179],[25.707769,45.084177],[25.70776,45.08417],[25.70775,45.084163],[25.707748,45.084161],[25.707746,45.084159],[25.707746,45.084156],[25.707746,45.084153],[25.707748,45.084151],[25.70775,45.084149],[25.707759,45.084143],[25.707767,45.084136],[25.70777,45.084134],[25.707773,45.084133]],[[25.707532,45.084473],[25.707537,45.084473],[25.707546,45.084473],[25.707554,45.084474],[25.707558,45.084474],[25.707561,45.084476],[25.707563,45.084478],[25.707563,45.08448],[25.707563,45.084482],[25.707563,45.084484],[25.707561,45.084486],[25.707558,45.084488],[25.707555,45.084489],[25.707551,45.084489],[25.707533,45.084492],[25.707524,45.084494],[25.707521,45.084495],[25.707518,45.084497],[25.707512,45.084503],[25.70751,45.084505],[25.707507,45.084506],[25.707504,45.084506],[25.7075,45.084507],[25.707498,45.084506],[25.707495,45.084505],[25.707494,45.084503],[25.707493,45.084501],[25.707493,45.084499],[25.707494,45.084497],[25.707495,45.084495],[25.707497,45.084493],[25.707507,45.084489],[25.707509,45.084487],[25.707512,45.084485],[25.707518,45.084478],[25.707521,45.084476],[25.707524,45.084475],[25.707528,45.084474],[25.707532,45.084473]],[[25.707218,45.084763],[25.707218,45.084759],[25.707219,45.084754],[25.707221,45.08475],[25.707224,45.084747],[25.70723,45.084739],[25.707233,45.084735],[25.70724,45.084721],[25.707243,45.084717],[25.707246,45.084713],[25.70725,45.08471],[25.707268,45.084697],[25.707272,45.084695],[25.707278,45.084693],[25.707284,45.084693],[25.70729,45.084693],[25.707296,45.084693],[25.707301,45.084694],[25.707306,45.084697],[25.707309,45.0847],[25.707311,45.084704],[25.707313,45.084709],[25.707314,45.084713],[25.707314,45.084718],[25.707313,45.084723],[25.707312,45.084728],[25.70731,45.084733],[25.707306,45.084736],[25.707302,45.08474],[25.707297,45.084742],[25.70728,45.084749],[25.707275,45.084752],[25.707271,45.084755],[25.707262,45.084767],[25.707258,45.084771],[25.707254,45.084774],[25.70725,45.084776],[25.707244,45.084777],[25.707238,45.084778],[25.707233,45.084777],[25.707228,45.084776],[25.707224,45.084774],[25.707221,45.084771],[25.707219,45.084767],[25.707218,45.084763]],[[25.707168,45.084764],[25.707172,45.084763],[25.707179,45.084763],[25.707184,45.084764],[25.707185,45.084765],[25.707186,45.084766],[25.707188,45.084769],[25.707189,45.084775],[25.707189,45.084786],[25.707189,45.08479],[25.707188,45.084794],[25.707187,45.084795],[25.707186,45.084797],[25.707182,45.084798],[25.707177,45.084799],[25.707173,45.084799],[25.707171,45.084798],[25.707167,45.084797],[25.707166,45.084796],[25.707165,45.084794],[25.707164,45.08479],[25.707163,45.084784],[25.707163,45.084778],[25.707163,45.084771],[25.707164,45.084768],[25.707165,45.084766],[25.707167,45.084765],[25.707168,45.084764]],[[25.706994,45.084878],[25.707006,45.084872],[25.70702,45.084869],[25.707035,45.084869],[25.707049,45.084872],[25.707062,45.084878],[25.707074,45.084885],[25.707086,45.084893],[25.707109,45.084911],[25.707134,45.084927],[25.707144,45.084934],[25.707154,45.084941],[25.70716,45.084949],[25.707161,45.084956],[25.707157,45.084964],[25.70715,45.084972],[25.70714,45.08498],[25.707128,45.084987],[25.707104,45.085005],[25.70708,45.085023],[25.707068,45.085033],[25.707055,45.085043],[25.707042,45.085051],[25.707027,45.085059],[25.70701,45.085066],[25.706957,45.085084],[25.706939,45.085089],[25.706901,45.085099],[25.706881,45.085103],[25.70686,45.085106],[25.706838,45.085108],[25.706817,45.085109],[25.706778,45.085111],[25.70676,45.085112],[25.706744,45.08511],[25.706728,45.085107],[25.706712,45.085102],[25.706664,45.085085],[25.706647,45.085079],[25.706613,45.085067],[25.706597,45.085061],[25.706581,45.085056],[25.706565,45.085051],[25.706548,45.085047],[25.706531,45.085045],[25.706502,45.085043],[25.706491,45.085041],[25.706482,45.085037],[25.706479,45.085032],[25.70648,45.085024],[25.706483,45.085016],[25.70649,45.085007],[25.706499,45.084998],[25.70651,45.084989],[25.706523,45.084981],[25.70654,45.084976],[25.70656,45.084972],[25.706582,45.084969],[25.706606,45.084967],[25.70663,45.084965],[25.706655,45.084965],[25.706731,45.084963],[25.706781,45.084961],[25.706805,45.084959],[25.706828,45.084957],[25.706849,45.084954],[25.706865,45.08495],[25.706877,45.084943],[25.706917,45.084918],[25.706945,45.084902],[25.70696,45.084896],[25.706972,45.084891],[25.706994,45.084878]],[[25.703729,45.085908],[25.703734,45.085907],[25.70374,45.085906],[25.703743,45.085906],[25.703749,45.085893],[25.703752,45.085888],[25.703755,45.085884],[25.703753,45.085882],[25.703753,45.08588],[25.703753,45.085877],[25.703754,45.085875],[25.703756,45.085873],[25.703759,45.08587],[25.703761,45.085867],[25.703762,45.085864],[25.703763,45.085862],[25.703762,45.085859],[25.703761,45.085856],[25.703756,45.08585],[25.703755,45.085848],[25.703754,45.085846],[25.703754,45.085843],[25.703755,45.085841],[25.703757,45.085839],[25.703761,45.085837],[25.703761,45.085837],[25.703762,45.085836],[25.703764,45.085834],[25.703769,45.085832],[25.703775,45.08583],[25.703782,45.08583],[25.70379,45.08583],[25.703798,45.08583],[25.703806,45.085832],[25.703813,45.085834],[25.703818,45.085836],[25.703823,45.085839],[25.703831,45.085845],[25.703835,45.085848],[25.703839,45.085852],[25.703841,45.085855],[25.703841,45.085856],[25.703843,45.085858],[25.703843,45.08586],[25.703844,45.085863],[25.703845,45.085869],[25.703846,45.085875],[25.703845,45.085882],[25.703844,45.085888],[25.703841,45.085894],[25.703838,45.085898],[25.703821,45.08592],[25.703816,45.085924],[25.703811,45.085928],[25.703804,45.085931],[25.703796,45.085933],[25.703787,45.085935],[25.703777,45.085935],[25.703768,45.085936],[25.703759,45.085935],[25.703751,45.085934],[25.703744,45.085933],[25.703739,45.08593],[25.703737,45.085928],[25.703736,45.085925],[25.703736,45.085925],[25.703734,45.085925],[25.703729,45.085924],[25.703727,45.085923],[25.703725,45.085922],[25.703723,45.08592],[25.703722,45.085917],[25.703722,45.085913],[25.703723,45.085912],[25.703725,45.085909],[25.703726,45.085908],[25.703729,45.085908]],[[25.705096,45.088187],[25.7051,45.088187],[25.705103,45.088187],[25.705105,45.088186],[25.705119,45.088184],[25.705134,45.088184],[25.705151,45.088185],[25.705169,45.088187],[25.70517,45.088187],[25.705189,45.088189],[25.705192,45.08819],[25.705203,45.088191],[25.705225,45.088191],[25.705248,45.088191],[25.705271,45.088191],[25.705294,45.08819],[25.705317,45.088188],[25.705337,45.088185],[25.705357,45.088181],[25.705374,45.088175],[25.70539,45.088168],[25.705425,45.088156],[25.705442,45.08815],[25.705475,45.088137],[25.70549,45.088129],[25.705504,45.088121],[25.705517,45.088113],[25.70554,45.088095],[25.705561,45.088077],[25.705572,45.08807],[25.705585,45.088066],[25.705599,45.088065],[25.705614,45.088066],[25.705646,45.08807],[25.705664,45.088072],[25.705683,45.088072],[25.705702,45.088071],[25.705721,45.08807],[25.705735,45.088069],[25.705746,45.088068],[25.705763,45.088066],[25.70578,45.088066],[25.705796,45.088067],[25.705811,45.088069],[25.705825,45.088071],[25.705837,45.088074],[25.705844,45.088078],[25.705846,45.088082],[25.705842,45.088086],[25.705833,45.088091],[25.705834,45.088097],[25.705831,45.088105],[25.705825,45.088115],[25.705817,45.088124],[25.705807,45.088133],[25.705796,45.088142],[25.705782,45.088149],[25.705776,45.088151],[25.705774,45.088153],[25.70576,45.088158],[25.705746,45.088163],[25.705732,45.088167],[25.705718,45.088169],[25.705691,45.088171],[25.705677,45.088173],[25.705664,45.088175],[25.705653,45.088175],[25.705635,45.088179],[25.705626,45.088181],[25.705593,45.08819],[25.705574,45.088195],[25.705555,45.088199],[25.705553,45.088199],[25.705539,45.088202],[25.705536,45.088203],[25.705535,45.088203],[25.705516,45.088208],[25.705507,45.08821],[25.70549,45.088216],[25.705476,45.08822],[25.705463,45.088222],[25.705462,45.088222],[25.705446,45.088227],[25.705431,45.088232],[25.705417,45.088237],[25.705402,45.08824],[25.705369,45.088242],[25.705354,45.088244],[25.705353,45.088244],[25.705326,45.088252],[25.70531,45.088258],[25.705263,45.088276],[25.705249,45.088282],[25.705235,45.088288],[25.70522,45.088292],[25.705205,45.088294],[25.705159,45.088295],[25.705143,45.088294],[25.705143,45.088294],[25.705136,45.088296],[25.70513,45.088296],[25.705123,45.088295],[25.705117,45.088294],[25.705111,45.088291],[25.705105,45.088289],[25.705099,45.088286],[25.705094,45.088282],[25.70509,45.088278],[25.705087,45.088277],[25.705076,45.08827],[25.705067,45.088261],[25.705062,45.088251],[25.70506,45.08824],[25.705061,45.088229],[25.705066,45.088218],[25.705073,45.088208],[25.705081,45.088199],[25.705082,45.088198],[25.705083,45.088197],[25.705086,45.088195],[25.705086,45.088195],[25.705091,45.08819],[25.705096,45.088187]],[[25.704608,45.088534],[25.704604,45.088534],[25.704599,45.088534],[25.704586,45.088532],[25.704581,45.088531],[25.704576,45.088532],[25.704575,45.088532],[25.704566,45.088536],[25.704559,45.088538],[25.704553,45.088538],[25.704547,45.088537],[25.704545,45.088537],[25.704545,45.088537],[25.704538,45.088536],[25.704532,45.088535],[25.704528,45.088533],[25.704525,45.088529],[25.704523,45.088525],[25.704523,45.088521],[25.704525,45.088517],[25.704528,45.088513],[25.704532,45.08851],[25.704538,45.088507],[25.704558,45.088499],[25.704574,45.088492],[25.704581,45.088489],[25.704603,45.088483],[25.70461,45.088481],[25.704619,45.088478],[25.704624,45.088476],[25.704629,45.088476],[25.704633,45.088476],[25.704638,45.088477],[25.704642,45.088478],[25.704645,45.088477],[25.704649,45.088476],[25.704653,45.088476],[25.704657,45.088475],[25.704666,45.088475],[25.704675,45.088476],[25.704678,45.088477],[25.704681,45.088478],[25.704683,45.08848],[25.704684,45.088482],[25.704684,45.088485],[25.704683,45.088487],[25.704683,45.088487],[25.704683,45.088488],[25.704682,45.08849],[25.70468,45.088492],[25.704677,45.088495],[25.704664,45.088506],[25.70466,45.088509],[25.704647,45.088516],[25.704643,45.088518],[25.704639,45.08852],[25.704635,45.088521],[25.704634,45.088521],[25.704617,45.088531],[25.704613,45.088532],[25.704608,45.088534]],[[25.704466,45.088535],[25.704466,45.088538],[25.704466,45.088544],[25.704465,45.088546],[25.704464,45.088547],[25.704463,45.088547],[25.70446,45.088548],[25.704454,45.088548],[25.704447,45.088548],[25.704444,45.088547],[25.704443,45.088547],[25.704442,45.088546],[25.704441,45.088544],[25.70444,45.08854],[25.70444,45.088535],[25.704442,45.088533],[25.704442,45.088532],[25.704444,45.088531],[25.704447,45.08853],[25.704452,45.08853],[25.704459,45.08853],[25.704462,45.088531],[25.704464,45.088532],[25.704465,45.088532],[25.704466,45.088535]],[[25.704439,45.088544],[25.70444,45.088546],[25.704441,45.08855],[25.70444,45.088555],[25.704439,45.088557],[25.704439,45.088558],[25.704437,45.088559],[25.704434,45.08856],[25.704429,45.08856],[25.704422,45.08856],[25.704418,45.088559],[25.704417,45.088558],[25.704416,45.088558],[25.704415,45.088555],[25.704415,45.088552],[25.704415,45.088546],[25.704416,45.088544],[25.704417,45.088543],[25.704418,45.088543],[25.704421,45.088542],[25.704427,45.088542],[25.704434,45.088542],[25.704437,45.088543],[25.704438,45.088543],[25.704439,45.088544]],[[25.704415,45.088555],[25.704415,45.08856],[25.704414,45.088563],[25.704412,45.088564],[25.704411,45.088565],[25.704409,45.088566],[25.704403,45.088566],[25.704395,45.088567],[25.704385,45.088567],[25.704376,45.088567],[25.704371,45.088566],[25.704369,45.088565],[25.704367,45.088564],[25.704365,45.088562],[25.704364,45.088559],[25.704365,45.088555],[25.704365,45.088554],[25.704367,45.088551],[25.704369,45.08855],[25.704371,45.08855],[25.704376,45.088549],[25.704382,45.088548],[25.704397,45.088548],[25.704406,45.088549],[25.704411,45.08855],[25.704412,45.088551],[25.704414,45.088552],[25.704415,45.088555]],[[25.705922,45.088726],[25.705914,45.08872],[25.705909,45.088711],[25.705905,45.088701],[25.705903,45.088691],[25.7059,45.08868],[25.705894,45.088669],[25.705879,45.088648],[25.705872,45.088637],[25.705859,45.088613],[25.705852,45.088603],[25.705844,45.088596],[25.705834,45.088591],[25.705823,45.088589],[25.705801,45.088587],[25.705792,45.088585],[25.705785,45.088581],[25.705781,45.088574],[25.70578,45.088566],[25.705783,45.088556],[25.705786,45.088545],[25.705791,45.088533],[25.705797,45.088521],[25.705805,45.088509],[25.705814,45.088498],[25.705824,45.088488],[25.705835,45.088479],[25.705848,45.088472],[25.705861,45.088466],[25.705875,45.088463],[25.705887,45.088462],[25.705899,45.088464],[25.705909,45.088469],[25.705919,45.088477],[25.705928,45.088487],[25.705936,45.088498],[25.705959,45.088536],[25.705966,45.088549],[25.705966,45.088551],[25.705969,45.088554],[25.705974,45.088559],[25.705978,45.088564],[25.705981,45.088571],[25.705983,45.088578],[25.705983,45.088584],[25.705981,45.088589],[25.705982,45.08859],[25.705984,45.088604],[25.705984,45.088618],[25.705983,45.088632],[25.70598,45.088644],[25.705971,45.088664],[25.70597,45.088673],[25.705972,45.088689],[25.705971,45.088698],[25.705968,45.088706],[25.705963,45.088715],[25.705957,45.088723],[25.70595,45.088728],[25.70594,45.088731],[25.705931,45.08873],[25.705922,45.088726]]],[[[25.703069,45.090968],[25.703063,45.090945],[25.703061,45.090935],[25.703055,45.090921],[25.703051,45.090906],[25.703045,45.090879],[25.703041,45.090865],[25.703031,45.090835],[25.703027,45.09082],[25.703024,45.090804],[25.703022,45.090787],[25.703021,45.09077],[25.70302,45.090752],[25.70302,45.09075],[25.703017,45.090692],[25.703015,45.090675],[25.703013,45.090658],[25.70301,45.090641],[25.703007,45.090626],[25.703002,45.090611],[25.70299,45.090585],[25.702977,45.090562],[25.702973,45.090552],[25.70297,45.090543],[25.702969,45.090535],[25.702971,45.090529],[25.702978,45.090525],[25.702986,45.090522],[25.702995,45.09052],[25.703005,45.090518],[25.703013,45.090514],[25.703018,45.090507],[25.703024,45.090491],[25.703024,45.090491],[25.703021,45.090483],[25.703022,45.090475],[25.703027,45.090468],[25.703034,45.090461],[25.70304,45.090453],[25.703043,45.090445],[25.703046,45.090423],[25.703048,45.090411],[25.703051,45.090397],[25.703055,45.090384],[25.703059,45.09037],[25.703061,45.090354],[25.703065,45.090327],[25.703068,45.090283],[25.703069,45.090268],[25.703073,45.09024],[25.703074,45.090228],[25.703073,45.090215],[25.703073,45.090202],[25.703074,45.090189],[25.703076,45.090177],[25.703079,45.090165],[25.703084,45.090154],[25.703088,45.090144],[25.703089,45.090134],[25.703088,45.090123],[25.703086,45.090111],[25.703083,45.090099],[25.703079,45.090087],[25.703075,45.090076],[25.703069,45.090066],[25.703065,45.090058],[25.703063,45.090048],[25.703065,45.090039],[25.703071,45.090021],[25.703072,45.090011],[25.703073,45.090001],[25.703075,45.08999],[25.703077,45.089979],[25.703079,45.089966],[25.703079,45.089953],[25.703079,45.089952],[25.703079,45.089945],[25.703074,45.089918],[25.703073,45.089904],[25.703073,45.089903],[25.703073,45.089898],[25.703072,45.089885],[25.703073,45.089871],[25.703074,45.089858],[25.703073,45.089845],[25.703071,45.089832],[25.703066,45.08982],[25.703058,45.089809],[25.703049,45.089798],[25.703039,45.089788],[25.703028,45.089779],[25.703003,45.08976],[25.702977,45.089743],[25.70295,45.089726],[25.702935,45.089718],[25.70292,45.089711],[25.702905,45.089704],[25.702872,45.089691],[25.702839,45.089679],[25.702795,45.089662],[25.702761,45.08965],[25.702744,45.089644],[25.70271,45.089632],[25.702693,45.089626],[25.702641,45.089609],[25.702641,45.089609],[25.702634,45.089607],[25.702615,45.089602],[25.702596,45.089598],[25.702535,45.089587],[25.702516,45.089584],[25.70251,45.089583],[25.702491,45.089582],[25.702468,45.08958],[25.702443,45.089579],[25.702419,45.089579],[25.702417,45.089579],[25.702386,45.089582],[25.702295,45.089588],[25.702278,45.089589],[25.702261,45.089593],[25.702242,45.089598],[25.702224,45.089604],[25.702208,45.089611],[25.702194,45.089619],[25.702181,45.089629],[25.702171,45.089639],[25.702162,45.089651],[25.702153,45.089663],[25.702145,45.089675],[25.702137,45.089688],[25.70213,45.0897],[25.702121,45.089712],[25.702112,45.089722],[25.702102,45.089732],[25.70209,45.089739],[25.702077,45.089744],[25.702063,45.089747],[25.702048,45.089747],[25.702032,45.089744],[25.702016,45.089741],[25.702,45.089736],[25.701954,45.089719],[25.701938,45.089714],[25.701922,45.089711],[25.701907,45.089709],[25.701892,45.089709],[25.701878,45.089711],[25.701863,45.089715],[25.70185,45.08972],[25.701838,45.089727],[25.701827,45.089735],[25.701819,45.089744],[25.701813,45.089754],[25.70181,45.089765],[25.70181,45.089776],[25.701811,45.089789],[25.701816,45.089837],[25.701817,45.089844],[25.701814,45.089849],[25.701808,45.08985],[25.7018,45.089848],[25.70179,45.089844],[25.701752,45.089826],[25.701738,45.08982],[25.701708,45.089809],[25.701694,45.089805],[25.701679,45.089802],[25.701665,45.089801],[25.70165,45.089803],[25.701635,45.089807],[25.701621,45.089812],[25.701608,45.089818],[25.701596,45.089826],[25.70159,45.08983],[25.70159,45.08983],[25.701581,45.08984],[25.701581,45.08984],[25.701575,45.08985],[25.701573,45.089855],[25.701573,45.089858],[25.70157,45.089868],[25.701569,45.089879],[25.701569,45.089888],[25.701568,45.089891],[25.701568,45.089896],[25.701566,45.089903],[25.701566,45.089904],[25.701566,45.089904],[25.701562,45.089909],[25.701562,45.089909],[25.701555,45.089911],[25.701547,45.089909],[25.701537,45.089905],[25.701515,45.089894],[25.701503,45.089887],[25.701492,45.089882],[25.701484,45.089878],[25.701479,45.089877],[25.701468,45.089878],[25.701457,45.089882],[25.701457,45.089883],[25.701456,45.089884],[25.701444,45.089909],[25.701438,45.089919],[25.701432,45.089924],[25.701432,45.089926],[25.70143,45.08993],[25.701429,45.089932],[25.701424,45.089945],[25.701416,45.089958],[25.701405,45.089968],[25.70139,45.089975],[25.701373,45.08998],[25.701369,45.089981],[25.701361,45.089984],[25.701326,45.089996],[25.701289,45.090007],[25.701272,45.090012],[25.701239,45.090025],[25.701223,45.090032],[25.701175,45.09005],[25.701159,45.090055],[25.701142,45.090059],[25.701125,45.090061],[25.701106,45.090062],[25.701047,45.090058],[25.701041,45.090057],[25.701026,45.090057],[25.701012,45.090057],[25.701548,45.090286],[25.702331,45.090665],[25.702369,45.090687],[25.702405,45.090708],[25.702442,45.090708],[25.702732,45.09085],[25.702807,45.090872],[25.702901,45.090897],[25.70297,45.090925],[25.703023,45.090958],[25.703062,45.090972],[25.703074,45.090986],[25.703073,45.090982],[25.703069,45.090968]]]],"type":"MultiPolygon"},"properties":{"fid":34.0,"tt":1.0,"Id":2444,"IFCID":2444,"localId":"1.298.134050","namespace":"RO.Ancpi.AU","versionId":"20140402141649","country":"RO","natLevel":"3rdOrder","natLevName":"Comuna","natCode":"134050","name":"MAGURENI","resOfAut":"MÃƒGURENI","beginVers":"2014-04-02","endVersion":null,"Shape_Leng":36410.6881166,"Shape_Area":48141779.43609999,"Jud_ID":"1.298","Jud_name":"PRAHOVA","_s":{"f":"#4daf4a","fo":1.0,"s":"#3388ff","so":1.0,"w":1.0,"r":5.0}}},{"type":"Feature","geometry":{"coordinates":[[[[25.687668,45.102437],[25.687671,45.102444],[25.68768,45.102456],[25.687689,45.102468],[25.687699,45.102479],[25.687712,45.102488],[25.687728,45.102494],[25.687746,45.102498],[25.687767,45.102501],[25.687789,45.102502],[25.68781,45.102502],[25.68782,45.102502],[25.687828,45.102501],[25.687846,45.102498],[25.687865,45.102496],[25.687901,45.102492],[25.687917,45.102491],[25.687932,45.102492],[25.687947,45.102495],[25.687961,45.102498],[25.687964,45.102499],[25.687976,45.1025],[25.687986,45.1025],[25.687993,45.102497],[25.687997,45.102491],[25.687998,45.102484],[25.687994,45.102465],[25.687991,45.102447],[25.687991,45.10244],[25.687994,45.102435],[25.688001,45.102433],[25.68801,45.102434],[25.688022,45.102435],[25.688036,45.102438],[25.688049,45.102441],[25.688064,45.102443],[25.688079,45.102445],[25.688092,45.102446],[25.688106,45.102444],[25.688118,45.10244],[25.68813,45.102434],[25.68814,45.102427],[25.68815,45.102419],[25.68817,45.102406],[25.688179,45.102401],[25.68819,45.102399],[25.688201,45.102401],[25.688212,45.102404],[25.688242,45.102417],[25.688251,45.102419],[25.688261,45.102419],[25.688269,45.102415],[25.688287,45.102402],[25.688293,45.102397],[25.688301,45.102389],[25.68831,45.102382],[25.688319,45.102376],[25.688326,45.102372],[25.688334,45.102373],[25.688342,45.102378],[25.688349,45.102385],[25.688356,45.102394],[25.688366,45.102404],[25.688377,45.102412],[25.688403,45.102429],[25.68843,45.102446],[25.688444,45.102455],[25.688451,45.102458],[25.68846,45.102462],[25.688509,45.102482],[25.688526,45.102488],[25.688542,45.102493],[25.688552,45.102496],[25.68857,45.102498],[25.688586,45.1025],[25.688602,45.102501],[25.688616,45.102499],[25.68863,45.102495],[25.688643,45.102489],[25.688655,45.102482],[25.688667,45.102474],[25.688679,45.102466],[25.68869,45.102458],[25.688703,45.102451],[25.688717,45.102446],[25.688732,45.102444],[25.688747,45.102444],[25.688763,45.102445],[25.688779,45.102448],[25.688779,45.102448],[25.68878,45.102448],[25.688821,45.102453],[25.688836,45.102454],[25.688851,45.102453],[25.688865,45.10245],[25.688879,45.102445],[25.688892,45.102438],[25.688903,45.10243],[25.688915,45.102421],[25.688939,45.102403],[25.68894,45.102403],[25.688943,45.102399],[25.688956,45.10239],[25.688969,45.102381],[25.688983,45.102373],[25.688998,45.102366],[25.689015,45.102359],[25.689032,45.102354],[25.689042,45.10235],[25.689075,45.102339],[25.689078,45.102338],[25.689081,45.102336],[25.689094,45.10233],[25.689106,45.102322],[25.689114,45.102313],[25.689119,45.102304],[25.689121,45.102299],[25.689123,45.102294],[25.689126,45.10229],[25.689126,45.102289],[25.689126,45.102289],[25.689127,45.102289],[25.689129,45.102285],[25.689133,45.10228],[25.689134,45.10228],[25.689134,45.102279],[25.689137,45.102276],[25.689141,45.102273],[25.689144,45.102271],[25.689166,45.102254],[25.689179,45.102246],[25.68919,45.102237],[25.6892,45.102227],[25.689218,45.102206],[25.689227,45.102198],[25.689239,45.102192],[25.689251,45.102188],[25.689262,45.102184],[25.689268,45.102182],[25.689277,45.102174],[25.689282,45.102165],[25.689284,45.102154],[25.689283,45.102144],[25.689277,45.10211],[25.689277,45.102098],[25.68928,45.102087],[25.689287,45.102077],[25.689295,45.102068],[25.689306,45.102059],[25.689318,45.102051],[25.689331,45.102044],[25.689346,45.102039],[25.689363,45.102036],[25.68938,45.102035],[25.689398,45.102036],[25.689416,45.102039],[25.689433,45.102043],[25.689451,45.102047],[25.689468,45.102053],[25.689482,45.102061],[25.689496,45.102069],[25.689508,45.102079],[25.68952,45.102089],[25.689544,45.102109],[25.689569,45.102128],[25.689594,45.102147],[25.68962,45.102165],[25.689648,45.102182],[25.689662,45.10219],[25.689677,45.102198],[25.689692,45.102204],[25.689725,45.102216],[25.689742,45.102221],[25.689759,45.102225],[25.689776,45.102228],[25.689794,45.102229],[25.689812,45.102229],[25.689829,45.102226],[25.689844,45.102222],[25.68986,45.102216],[25.689874,45.102211],[25.689889,45.102205],[25.689904,45.1022],[25.68992,45.102197],[25.689936,45.102195],[25.689942,45.102195],[25.689945,45.102194],[25.689964,45.102191],[25.689981,45.102189],[25.689997,45.102188],[25.690013,45.102189],[25.690013,45.102189],[25.690014,45.102189],[25.690023,45.102192],[25.690041,45.102193],[25.69006,45.102196],[25.690077,45.102201],[25.690095,45.102206],[25.690112,45.102211],[25.690159,45.102229],[25.690175,45.102234],[25.690191,45.102238],[25.690206,45.10224],[25.690221,45.10224],[25.690236,45.102238],[25.690249,45.102232],[25.690261,45.102225],[25.690271,45.102216],[25.690292,45.102196],[25.690302,45.102186],[25.690313,45.102176],[25.690326,45.102167],[25.69034,45.102158],[25.690356,45.102151],[25.690372,45.102145],[25.69039,45.102139],[25.69041,45.102135],[25.690431,45.102132],[25.690454,45.102129],[25.690465,45.102128],[25.690482,45.102126],[25.6905,45.102125],[25.690506,45.102125],[25.690547,45.102122],[25.69057,45.10212],[25.690591,45.102117],[25.690631,45.10211],[25.69069,45.1021],[25.69071,45.102099],[25.69073,45.102098],[25.69075,45.102099],[25.690773,45.102102],[25.69078,45.102102],[25.690801,45.102102],[25.690822,45.102104],[25.690875,45.102113],[25.690876,45.102113],[25.690877,45.102113],[25.690883,45.102114],[25.690903,45.102117],[25.690923,45.102122],[25.69096,45.102132],[25.690978,45.102137],[25.690992,45.102141],[25.690994,45.102142],[25.691005,45.102144],[25.691022,45.102147],[25.69104,45.102149],[25.691057,45.10215],[25.691074,45.102148],[25.691104,45.102143],[25.691118,45.102141],[25.691132,45.102141],[25.691146,45.102142],[25.691174,45.102146],[25.691189,45.102147],[25.691204,45.102147],[25.691221,45.102148],[25.691238,45.102149],[25.691256,45.102151],[25.69129,45.102158],[25.691323,45.102163],[25.691339,45.102164],[25.691354,45.102164],[25.691383,45.102161],[25.691396,45.10216],[25.691409,45.102162],[25.691422,45.102166],[25.691436,45.102171],[25.691451,45.102175],[25.691468,45.102179],[25.691485,45.102183],[25.691504,45.102186],[25.691524,45.102188],[25.691545,45.102188],[25.691566,45.102187],[25.691586,45.102185],[25.691643,45.102176],[25.691662,45.102173],[25.691678,45.102168],[25.691692,45.102163],[25.691701,45.102157],[25.691717,45.102142],[25.691727,45.102135],[25.691739,45.102127],[25.691752,45.10212],[25.691754,45.102119],[25.691754,45.102118],[25.691754,45.102115],[25.691756,45.102112],[25.691758,45.10211],[25.691776,45.102097],[25.69178,45.102095],[25.691785,45.102093],[25.691791,45.102092],[25.691798,45.102091],[25.691813,45.10209],[25.691828,45.102089],[25.691836,45.10209],[25.691846,45.10209],[25.691852,45.10209],[25.691857,45.102091],[25.691861,45.10209],[25.691882,45.102086],[25.691903,45.102083],[25.691946,45.102078],[25.691984,45.102073],[25.691987,45.102072],[25.691988,45.102072],[25.691997,45.102071],[25.692006,45.102071],[25.69201,45.102071],[25.692011,45.102071],[25.692018,45.102071],[25.69202,45.102071],[25.69202,45.102071],[25.692035,45.102073],[25.692048,45.102077],[25.692057,45.102082],[25.692063,45.102088],[25.692068,45.102094],[25.692075,45.102101],[25.692083,45.102106],[25.692099,45.102113],[25.692104,45.102118],[25.692107,45.102125],[25.692107,45.102133],[25.692104,45.10215],[25.692103,45.102158],[25.692106,45.102167],[25.692114,45.102174],[25.692126,45.102179],[25.692143,45.102183],[25.692162,45.102185],[25.692184,45.102187],[25.692207,45.102188],[25.692304,45.10219],[25.692328,45.102192],[25.692351,45.102193],[25.692373,45.102196],[25.692393,45.102199],[25.692412,45.102204],[25.69243,45.102209],[25.692448,45.102215],[25.692464,45.102221],[25.692489,45.102232],[25.692491,45.102233],[25.692491,45.102233],[25.692493,45.102233],[25.692507,45.102237],[25.692538,45.102248],[25.692554,45.102252],[25.692569,45.102255],[25.692591,45.102258],[25.692635,45.102262],[25.692657,45.102265],[25.692678,45.102268],[25.692698,45.102271],[25.692718,45.102275],[25.692758,45.102281],[25.692791,45.102285],[25.692809,45.102286],[25.692847,45.102285],[25.692868,45.102285],[25.692877,45.102285],[25.692896,45.102284],[25.692915,45.102285],[25.692935,45.102287],[25.69301,45.1023],[25.69303,45.102303],[25.693052,45.102305],[25.693074,45.102306],[25.693096,45.102306],[25.693118,45.102306],[25.693139,45.102305],[25.693177,45.102304],[25.693195,45.102305],[25.693212,45.102307],[25.693227,45.102312],[25.693242,45.102318],[25.693257,45.102324],[25.693259,45.102325],[25.693274,45.10233],[25.693305,45.102342],[25.693322,45.102347],[25.693357,45.102358],[25.693376,45.10236],[25.693415,45.102364],[25.693433,45.102365],[25.693451,45.102365],[25.693507,45.10236],[25.693544,45.102357],[25.693561,45.102356],[25.693578,45.102357],[25.693593,45.10236],[25.693607,45.102366],[25.693619,45.102373],[25.693629,45.102383],[25.693639,45.102393],[25.693648,45.102404],[25.693656,45.102417],[25.693657,45.102418],[25.693659,45.102421],[25.693667,45.102433],[25.693673,45.102446],[25.693676,45.102453],[25.693677,45.102456],[25.693686,45.102483],[25.69369,45.102494],[25.693704,45.102509],[25.693711,45.102516],[25.693714,45.102517],[25.693725,45.102517],[25.693737,45.102516],[25.693769,45.102504],[25.693782,45.1025],[25.693789,45.102498],[25.693802,45.102493],[25.693814,45.102491],[25.693825,45.10249],[25.693836,45.102493],[25.693847,45.102496],[25.693859,45.102499],[25.69387,45.102501],[25.693882,45.1025],[25.693894,45.102498],[25.693906,45.102494],[25.693918,45.102491],[25.69393,45.102487],[25.693942,45.102485],[25.693953,45.102485],[25.693962,45.102488],[25.69397,45.102493],[25.693975,45.1025],[25.693979,45.102508],[25.693986,45.102515],[25.693996,45.102522],[25.69401,45.102528],[25.694027,45.102532],[25.694047,45.102535],[25.69406,45.102536],[25.694068,45.102536],[25.694086,45.102535],[25.694089,45.102535],[25.694107,45.102535],[25.694127,45.102536],[25.694147,45.102538],[25.694168,45.10254],[25.69419,45.10254],[25.694213,45.102541],[25.694235,45.10254],[25.694258,45.102539],[25.69428,45.102537],[25.694302,45.102535],[25.694343,45.102528],[25.694348,45.102528],[25.694349,45.102528],[25.694373,45.102524],[25.694378,45.102523],[25.694386,45.102522],[25.694392,45.102521],[25.694433,45.102514],[25.694455,45.102511],[25.694478,45.102509],[25.694501,45.102508],[25.694501,45.102508],[25.694509,45.102506],[25.694531,45.102504],[25.694553,45.102502],[25.694577,45.102501],[25.694601,45.1025],[25.694625,45.102499],[25.69465,45.102499],[25.694674,45.1025],[25.694698,45.102501],[25.694721,45.102502],[25.694743,45.102504],[25.694764,45.102508],[25.694803,45.102515],[25.694841,45.102522],[25.69486,45.102525],[25.69488,45.102525],[25.6949,45.102525],[25.694919,45.102522],[25.694938,45.102519],[25.694976,45.102511],[25.694995,45.102507],[25.695015,45.102503],[25.695078,45.102493],[25.695092,45.102491],[25.695138,45.102475],[25.695169,45.102462],[25.695185,45.102456],[25.695196,45.102453],[25.6952,45.102451],[25.695246,45.102429],[25.695294,45.10241],[25.695311,45.102404],[25.695343,45.102394],[25.695359,45.10239],[25.695374,45.102388],[25.695388,45.102387],[25.695402,45.102388],[25.695414,45.102393],[25.695427,45.102399],[25.695438,45.102407],[25.69545,45.102415],[25.695463,45.102423],[25.695476,45.102431],[25.69549,45.102437],[25.695505,45.102442],[25.695521,45.102445],[25.695533,45.102446],[25.695545,45.102444],[25.695562,45.102441],[25.695578,45.102437],[25.695593,45.10243],[25.695605,45.102422],[25.695616,45.102412],[25.695626,45.102401],[25.695631,45.102395],[25.695635,45.102385],[25.695639,45.102372],[25.695643,45.102359],[25.695645,45.102346],[25.695645,45.102334],[25.695641,45.102308],[25.69564,45.102295],[25.695639,45.102282],[25.695639,45.102271],[25.69564,45.10226],[25.695645,45.102251],[25.695655,45.102244],[25.695668,45.102238],[25.695697,45.102225],[25.695714,45.10222],[25.695749,45.102209],[25.695769,45.102205],[25.695788,45.102202],[25.695809,45.102199],[25.695847,45.102194],[25.695865,45.102194],[25.695884,45.102195],[25.695901,45.102198],[25.695917,45.102203],[25.695932,45.102209],[25.695961,45.102224],[25.695975,45.102232],[25.696004,45.102248],[25.69602,45.102255],[25.696037,45.102262],[25.696055,45.102267],[25.696076,45.10227],[25.696097,45.102274],[25.696137,45.102278],[25.696216,45.102284],[25.696216,45.102284],[25.696257,45.102288],[25.696257,45.102288],[25.696274,45.102288],[25.696295,45.102287],[25.696317,45.102285],[25.696324,45.102284],[25.696333,45.102282],[25.696352,45.102278],[25.696368,45.102274],[25.69638,45.10227],[25.696398,45.102264],[25.696434,45.102253],[25.696487,45.102235],[25.69652,45.102222],[25.696535,45.102215],[25.69655,45.102207],[25.696564,45.102199],[25.696577,45.10219],[25.696587,45.102179],[25.696605,45.102157],[25.696609,45.102153],[25.696615,45.102142],[25.696628,45.102123],[25.696633,45.102115],[25.696641,45.102104],[25.696651,45.102095],[25.696663,45.102089],[25.696677,45.102086],[25.696707,45.102082],[25.696723,45.102078],[25.696738,45.102073],[25.696751,45.102066],[25.696752,45.102065],[25.696758,45.10206],[25.696768,45.10205],[25.696777,45.102039],[25.696785,45.102028],[25.696794,45.102016],[25.696804,45.102006],[25.696811,45.101999],[25.696818,45.101991],[25.696838,45.101969],[25.696849,45.101959],[25.69687,45.101937],[25.696879,45.101926],[25.696897,45.101902],[25.696898,45.101901],[25.696902,45.101895],[25.696915,45.101868],[25.696921,45.101856],[25.696924,45.10185],[25.696931,45.101835],[25.696931,45.101833],[25.696935,45.101819],[25.696937,45.101805],[25.696938,45.10179],[25.696938,45.101775],[25.696937,45.101761],[25.696933,45.101749],[25.696931,45.101738],[25.69693,45.101728],[25.696933,45.101719],[25.696939,45.101711],[25.696965,45.101686],[25.696974,45.101677],[25.696981,45.101669],[25.696987,45.10166],[25.696992,45.101652],[25.696999,45.101643],[25.697008,45.101635],[25.697019,45.101627],[25.697045,45.101612],[25.697071,45.101596],[25.697097,45.101579],[25.697123,45.101561],[25.697138,45.10155],[25.697143,45.101544],[25.697164,45.101523],[25.697198,45.101494],[25.697215,45.101479],[25.697223,45.101469],[25.69725,45.101434],[25.697255,45.101427],[25.697254,45.10142],[25.697256,45.101413],[25.697265,45.101398],[25.697268,45.101389],[25.697272,45.101371],[25.697275,45.101363],[25.697285,45.101348],[25.697288,45.10134],[25.697288,45.101336],[25.697289,45.101331],[25.697291,45.101323],[25.697294,45.101314],[25.697295,45.101312],[25.697296,45.101307],[25.697298,45.101296],[25.697311,45.101263],[25.697316,45.101252],[25.697321,45.101243],[25.697325,45.101234],[25.697325,45.101225],[25.697321,45.101216],[25.697315,45.101207],[25.69731,45.101195],[25.697301,45.101171],[25.697297,45.101159],[25.697291,45.101148],[25.697279,45.10113],[25.697277,45.101122],[25.697278,45.101107],[25.697276,45.101099],[25.697276,45.101099],[25.697275,45.101098],[25.697275,45.101097],[25.697267,45.101082],[25.697263,45.101072],[25.697262,45.101061],[25.697261,45.101049],[25.697262,45.101037],[25.697261,45.101025],[25.697259,45.101013],[25.697251,45.10099],[25.697245,45.100966],[25.697244,45.100953],[25.697246,45.100927],[25.697244,45.100919],[25.697243,45.100907],[25.697244,45.100881],[25.697243,45.100866],[25.697242,45.100851],[25.697239,45.100837],[25.697235,45.100823],[25.697229,45.10081],[25.697223,45.100802],[25.69721,45.100789],[25.697203,45.10078],[25.697181,45.100746],[25.697164,45.100715],[25.697163,45.100713],[25.697154,45.100701],[25.697136,45.100677],[25.697127,45.100665],[25.69711,45.100642],[25.697085,45.100611],[25.697082,45.100607],[25.697051,45.100575],[25.697031,45.100553],[25.696999,45.100521],[25.696986,45.100507],[25.696974,45.100496],[25.696954,45.100475],[25.696921,45.100443],[25.696901,45.100421],[25.69687,45.10039],[25.696843,45.100358],[25.696835,45.100349],[25.696828,45.100339],[25.696823,45.100329],[25.69682,45.100319],[25.696816,45.100309],[25.696798,45.100278],[25.696792,45.100268],[25.696786,45.100261],[25.696779,45.100249],[25.696775,45.100237],[25.696774,45.100225],[25.696775,45.100212],[25.696785,45.100176],[25.696788,45.100164],[25.696788,45.100152],[25.696786,45.100146],[25.696783,45.100139],[25.696778,45.10013],[25.69677,45.100121],[25.69676,45.100112],[25.696748,45.100103],[25.696736,45.100095],[25.696723,45.100088],[25.696708,45.100081],[25.696693,45.100075],[25.696677,45.100072],[25.69666,45.100069],[25.696628,45.100066],[25.696613,45.100064],[25.6966,45.100059],[25.696595,45.100058],[25.69658,45.100052],[25.696566,45.100045],[25.696535,45.100032],[25.696523,45.100026],[25.69651,45.100021],[25.696471,45.100002],[25.696459,45.099997],[25.696454,45.099994],[25.696434,45.099985],[25.696391,45.099965],[25.696382,45.099961],[25.696379,45.09996],[25.696357,45.09995],[25.696321,45.099932],[25.696306,45.099925],[25.696285,45.099915],[25.696281,45.099913],[25.696279,45.099912],[25.696276,45.09991],[25.696247,45.099895],[25.696232,45.099887],[25.696219,45.099878],[25.696206,45.099869],[25.696184,45.099849],[25.696161,45.099829],[25.696138,45.099809],[25.696127,45.0998],[25.696113,45.099791],[25.696086,45.099776],[25.696072,45.099769],[25.696063,45.099765],[25.696047,45.099761],[25.696032,45.099758],[25.696016,45.099756],[25.696,45.099757],[25.695971,45.09976],[25.695957,45.099762],[25.695943,45.099761],[25.69593,45.099757],[25.69592,45.09975],[25.69591,45.099742],[25.695897,45.09973],[25.695896,45.099729],[25.695895,45.099728],[25.695868,45.099703],[25.695847,45.099681],[25.695843,45.099677],[25.695834,45.099667],[25.695824,45.099656],[25.695816,45.099643],[25.695808,45.099631],[25.695799,45.099619],[25.695789,45.099608],[25.695777,45.099598],[25.695763,45.09959],[25.695755,45.099586],[25.69574,45.099581],[25.695735,45.099579],[25.695712,45.099571],[25.695695,45.099565],[25.69568,45.099558],[25.695666,45.09955],[25.695653,45.099541],[25.695641,45.099532],[25.69563,45.099521],[25.695622,45.09951],[25.695616,45.099497],[25.695612,45.099483],[25.69561,45.099469],[25.69561,45.099455],[25.695611,45.099442],[25.695615,45.09943],[25.695622,45.09941],[25.695623,45.099401],[25.695621,45.099392],[25.695618,45.099384],[25.695614,45.099376],[25.695612,45.099368],[25.695612,45.099361],[25.695616,45.099354],[25.695625,45.099349],[25.695651,45.099338],[25.695664,45.099332],[25.695676,45.099324],[25.695684,45.099314],[25.695688,45.099302],[25.69569,45.099289],[25.69569,45.099275],[25.695686,45.099247],[25.695685,45.099242],[25.695684,45.099236],[25.695682,45.099221],[25.695682,45.099219],[25.695681,45.099203],[25.695677,45.099164],[25.695674,45.099147],[25.695671,45.099131],[25.695666,45.099116],[25.69566,45.099102],[25.695653,45.099089],[25.695637,45.099065],[25.695629,45.099052],[25.695617,45.099027],[25.695613,45.099015],[25.69561,45.099001],[25.69561,45.098988],[25.69561,45.098976],[25.695609,45.098963],[25.695607,45.09895],[25.695603,45.098938],[25.695596,45.098927],[25.69559,45.098917],[25.695583,45.098907],[25.695577,45.098897],[25.695573,45.098888],[25.695571,45.098878],[25.695574,45.098869],[25.695579,45.098861],[25.695586,45.098854],[25.695591,45.098846],[25.695593,45.098837],[25.695592,45.098827],[25.69559,45.098816],[25.695586,45.098804],[25.695582,45.098792],[25.695578,45.098778],[25.695575,45.098762],[25.695571,45.09873],[25.695564,45.098665],[25.69556,45.098638],[25.695561,45.098625],[25.695563,45.098613],[25.695568,45.098602],[25.695574,45.098592],[25.69558,45.098582],[25.695585,45.098572],[25.695588,45.098563],[25.695588,45.098554],[25.695585,45.098545],[25.69558,45.098536],[25.695575,45.098527],[25.695571,45.098518],[25.695569,45.09851],[25.69557,45.098501],[25.695576,45.098493],[25.695584,45.098485],[25.695595,45.098478],[25.695608,45.098471],[25.695624,45.098465],[25.695659,45.098455],[25.695668,45.098452],[25.69567,45.098451],[25.695686,45.098444],[25.695701,45.098436],[25.695715,45.098428],[25.695729,45.09842],[25.695754,45.098402],[25.695762,45.098397],[25.695764,45.098395],[25.695777,45.098386],[25.695792,45.098378],[25.695807,45.098371],[25.695824,45.098365],[25.695828,45.098363],[25.695833,45.098361],[25.695847,45.098353],[25.695859,45.098345],[25.695869,45.098336],[25.695877,45.098325],[25.695881,45.098314],[25.695883,45.098303],[25.695883,45.098292],[25.695885,45.098281],[25.695889,45.098271],[25.695895,45.098263],[25.695903,45.098257],[25.695913,45.098253],[25.695923,45.09825],[25.695933,45.098247],[25.695941,45.098243],[25.695947,45.098237],[25.695954,45.098224],[25.695958,45.098217],[25.695966,45.098212],[25.695975,45.09821],[25.695986,45.09821],[25.696,45.098212],[25.696014,45.098214],[25.696028,45.098217],[25.696043,45.098219],[25.696057,45.098221],[25.69607,45.098221],[25.696083,45.098219],[25.696091,45.098215],[25.696107,45.098201],[25.696119,45.098191],[25.696131,45.098182],[25.696144,45.098173],[25.696159,45.098165],[25.696191,45.098152],[25.696222,45.098138],[25.696236,45.09813],[25.696248,45.098121],[25.696257,45.098109],[25.696264,45.098096],[25.696268,45.098081],[25.696272,45.098066],[25.696273,45.098056],[25.696278,45.098028],[25.696281,45.098012],[25.696285,45.097997],[25.696291,45.097983],[25.696298,45.097971],[25.696307,45.097959],[25.696325,45.097936],[25.696333,45.097924],[25.696341,45.097911],[25.696355,45.097885],[25.696363,45.097873],[25.69638,45.097849],[25.696388,45.097837],[25.696394,45.097823],[25.696405,45.097795],[25.696411,45.097782],[25.696428,45.09774],[25.696435,45.097727],[25.696444,45.097715],[25.696453,45.097704],[25.696473,45.097682],[25.696483,45.097671],[25.696495,45.097661],[25.696508,45.097652],[25.696522,45.097644],[25.696536,45.097637],[25.696553,45.09763],[25.696587,45.097618],[25.69662,45.097606],[25.696636,45.097599],[25.696651,45.097591],[25.696665,45.097583],[25.696692,45.097566],[25.696704,45.097557],[25.696717,45.097548],[25.69674,45.097528],[25.69676,45.097507],[25.696793,45.097476],[25.696815,45.097455],[25.696835,45.097433],[25.696887,45.097381],[25.696899,45.097372],[25.69691,45.097363],[25.696923,45.097356],[25.696935,45.097349],[25.696948,45.097344],[25.696969,45.097337],[25.696978,45.097333],[25.696983,45.097326],[25.696986,45.097318],[25.696988,45.097311],[25.69699,45.097303],[25.696995,45.097296],[25.697001,45.097291],[25.697009,45.097288],[25.697018,45.097289],[25.697027,45.097292],[25.697036,45.097296],[25.697047,45.097301],[25.697061,45.097303],[25.697077,45.097304],[25.697093,45.097302],[25.697108,45.097299],[25.697124,45.097294],[25.69714,45.097289],[25.697155,45.097282],[25.69717,45.097275],[25.69724,45.097233],[25.69727,45.097217],[25.697311,45.097193],[25.697325,45.097186],[25.697337,45.09718],[25.69735,45.097176],[25.697363,45.097173],[25.697375,45.097174],[25.697386,45.097178],[25.697395,45.097186],[25.697403,45.097196],[25.697423,45.097231],[25.697435,45.097254],[25.697441,45.097263],[25.697448,45.09727],[25.697456,45.097272],[25.697465,45.09727],[25.697475,45.097266],[25.697484,45.097259],[25.697527,45.097223],[25.697551,45.097203],[25.697573,45.097183],[25.697594,45.097161],[25.697616,45.097139],[25.697627,45.097129],[25.697648,45.097108],[25.697668,45.097085],[25.6977,45.097053],[25.69772,45.097032],[25.697731,45.097022],[25.697742,45.097013],[25.697754,45.097005],[25.697767,45.096999],[25.697779,45.096994],[25.697792,45.09699],[25.697805,45.09699],[25.697819,45.096993],[25.697833,45.096997],[25.697862,45.097008],[25.697878,45.097014],[25.697907,45.097026],[25.697922,45.097032],[25.697936,45.097036],[25.697951,45.097039],[25.697964,45.09704],[25.697976,45.097038],[25.697987,45.097033],[25.697996,45.097025],[25.698004,45.097015],[25.69801,45.097003],[25.698016,45.09699],[25.698023,45.096977],[25.698032,45.096965],[25.698043,45.096955],[25.698057,45.096947],[25.698074,45.096941],[25.698093,45.096936],[25.698132,45.096927],[25.69815,45.096921],[25.698166,45.096915],[25.698179,45.096906],[25.698191,45.096896],[25.698201,45.096886],[25.69821,45.096876],[25.698218,45.096865],[25.698227,45.096856],[25.698237,45.096849],[25.698249,45.096845],[25.698262,45.096844],[25.698275,45.096846],[25.698289,45.09685],[25.698304,45.096853],[25.698319,45.096857],[25.698335,45.09686],[25.698349,45.096862],[25.698364,45.096861],[25.698377,45.096858],[25.698389,45.096852],[25.698399,45.096843],[25.698406,45.096833],[25.698411,45.096824],[25.698415,45.09681],[25.698424,45.09678],[25.698429,45.096765],[25.698447,45.096724],[25.698454,45.096711],[25.698456,45.096709],[25.698457,45.096708],[25.698461,45.096703],[25.698464,45.0967],[25.698464,45.0967],[25.698467,45.096697],[25.698479,45.096688],[25.698484,45.096686],[25.69849,45.096682],[25.698504,45.096674],[25.69852,45.096667],[25.698553,45.096655],[25.698584,45.096645],[25.69861,45.096635],[25.698643,45.096622],[25.698659,45.096616],[25.698674,45.096608],[25.698689,45.0966],[25.698716,45.096584],[25.698729,45.096575],[25.69874,45.096565],[25.69875,45.096553],[25.69876,45.096542],[25.698768,45.09653],[25.698783,45.096504],[25.698789,45.096491],[25.6988,45.096464],[25.698807,45.096451],[25.698815,45.096441],[25.698826,45.096432],[25.698838,45.096426],[25.69885,45.096421],[25.698862,45.096418],[25.698875,45.096418],[25.698888,45.096418],[25.6989,45.096418],[25.698913,45.09642],[25.698927,45.096424],[25.698941,45.096429],[25.698955,45.096434],[25.69897,45.096439],[25.698986,45.096444],[25.699003,45.096447],[25.699022,45.096448],[25.699041,45.096447],[25.699081,45.096445],[25.699103,45.096443],[25.699143,45.096443],[25.699179,45.09644],[25.699198,45.09644],[25.699216,45.096441],[25.699278,45.096447],[25.699299,45.096449],[25.699319,45.096453],[25.699336,45.096456],[25.699374,45.09646],[25.699395,45.096463],[25.699416,45.096467],[25.699438,45.096469],[25.69946,45.096471],[25.699529,45.096476],[25.699552,45.096478],[25.699574,45.09648],[25.699595,45.096483],[25.699617,45.096486],[25.699685,45.096491],[25.699707,45.096493],[25.699729,45.096496],[25.699749,45.0965],[25.699767,45.096505],[25.699782,45.096512],[25.699796,45.096521],[25.699809,45.09653],[25.699843,45.09656],[25.699855,45.09657],[25.699869,45.096578],[25.699885,45.096585],[25.699903,45.09659],[25.699923,45.096593],[25.699945,45.096595],[25.699967,45.096596],[25.69999,45.096596],[25.700013,45.096595],[25.700036,45.096593],[25.700058,45.096591],[25.700076,45.096587],[25.700091,45.096583],[25.700109,45.096578],[25.700172,45.096556],[25.700187,45.096552],[25.7002,45.096549],[25.700214,45.096549],[25.700228,45.096552],[25.700242,45.096556],[25.700271,45.096567],[25.700286,45.096573],[25.700298,45.096579],[25.700313,45.096584],[25.700328,45.09659],[25.700373,45.096611],[25.700415,45.096628],[25.700419,45.096629],[25.700434,45.096633],[25.700449,45.096634],[25.700464,45.096632],[25.700479,45.096628],[25.700493,45.096622],[25.700506,45.096614],[25.700519,45.096607],[25.700532,45.096598],[25.700545,45.096589],[25.700581,45.096562],[25.700604,45.096546],[25.700614,45.096539],[25.700623,45.096533],[25.700632,45.09653],[25.700641,45.09653],[25.700649,45.096535],[25.700657,45.096542],[25.700666,45.09655],[25.700673,45.096561],[25.70068,45.096571],[25.700688,45.096582],[25.700698,45.096591],[25.700707,45.096599],[25.700718,45.096606],[25.700731,45.096609],[25.700745,45.096609],[25.70076,45.096609],[25.700778,45.096607],[25.700795,45.096604],[25.70083,45.096596],[25.700866,45.096589],[25.700884,45.096586],[25.700903,45.096584],[25.700938,45.096583],[25.700955,45.096581],[25.70097,45.096577],[25.700984,45.096571],[25.700994,45.096562],[25.701002,45.096551],[25.701009,45.096539],[25.701023,45.096513],[25.701026,45.096504],[25.701034,45.096481],[25.701034,45.096478],[25.701034,45.096478],[25.701035,45.096474],[25.701041,45.09646],[25.701048,45.096447],[25.701057,45.096435],[25.701066,45.096424],[25.701077,45.096414],[25.70108,45.096411],[25.701085,45.096406],[25.701097,45.096396],[25.701109,45.096387],[25.701122,45.096378],[25.701136,45.09637],[25.701138,45.096369],[25.701143,45.096366],[25.701157,45.09636],[25.701172,45.096355],[25.701188,45.096352],[25.701205,45.09635],[25.70124,45.09635],[25.701259,45.096349],[25.701276,45.096346],[25.701292,45.096342],[25.701306,45.096336],[25.701315,45.096327],[25.701321,45.096316],[25.701324,45.096304],[25.701325,45.096292],[25.701325,45.096289],[25.701323,45.096271],[25.701324,45.096259],[25.701328,45.096247],[25.701332,45.096236],[25.701338,45.096224],[25.701354,45.0962],[25.701362,45.096189],[25.701364,45.096188],[25.701367,45.096181],[25.701375,45.096169],[25.701381,45.096156],[25.701394,45.096129],[25.701399,45.096114],[25.701402,45.096099],[25.701404,45.096082],[25.701407,45.096051],[25.701408,45.096038],[25.701409,45.096028],[25.70141,45.096021],[25.701412,45.096005],[25.701416,45.095989],[25.70142,45.095975],[25.701427,45.095962],[25.701434,45.095949],[25.701442,45.095936],[25.701451,45.095925],[25.701461,45.095914],[25.701491,45.095881],[25.701495,45.095878],[25.701504,45.095866],[25.70152,45.095841],[25.701527,45.095828],[25.701546,45.095788],[25.701551,45.095774],[25.701561,45.095745],[25.701566,45.095731],[25.701572,45.095717],[25.701577,45.095702],[25.701587,45.095674],[25.701593,45.09566],[25.701607,45.095634],[25.701614,45.095621],[25.701622,45.095608],[25.701637,45.095583],[25.701646,45.095571],[25.701656,45.09556],[25.701667,45.09555],[25.701701,45.09552],[25.701706,45.095515],[25.701714,45.095503],[25.701722,45.095492],[25.701729,45.095481],[25.701735,45.09547],[25.701738,45.095458],[25.701738,45.095445],[25.701736,45.095433],[25.701729,45.095405],[25.701725,45.095391],[25.701722,45.095383],[25.70172,45.095377],[25.701713,45.095363],[25.701701,45.095335],[25.701694,45.095322],[25.701687,45.095308],[25.701668,45.095267],[25.701661,45.095254],[25.701654,45.09524],[25.701641,45.095212],[25.701635,45.095198],[25.701629,45.095184],[25.701618,45.095154],[25.701613,45.09514],[25.701607,45.095126],[25.701602,45.095112],[25.701598,45.095099],[25.701597,45.095096],[25.701596,45.095092],[25.70159,45.095065],[25.701588,45.095053],[25.701589,45.095041],[25.701594,45.09503],[25.701603,45.095021],[25.701616,45.095014],[25.701634,45.095009],[25.701653,45.095006],[25.701675,45.095003],[25.701719,45.094998],[25.701741,45.094995],[25.701762,45.094992],[25.7018,45.094983],[25.701819,45.094977],[25.701822,45.094976],[25.70184,45.094966],[25.701852,45.094958],[25.701863,45.094951],[25.701871,45.094942],[25.701875,45.094933],[25.701874,45.094924],[25.70187,45.094915],[25.701864,45.094905],[25.701842,45.094878],[25.701837,45.09487],[25.701836,45.094869],[25.701827,45.09486],[25.701818,45.094848],[25.70181,45.094836],[25.701803,45.094822],[25.701786,45.094779],[25.701782,45.094763],[25.701779,45.094747],[25.701777,45.09473],[25.701774,45.094695],[25.701772,45.094642],[25.701771,45.094624],[25.70177,45.094607],[25.701767,45.094593],[25.701766,45.094588],[25.701764,45.094578],[25.701762,45.094573],[25.701758,45.094562],[25.701757,45.094561],[25.701749,45.094549],[25.701738,45.094539],[25.701726,45.094531],[25.701717,45.094526],[25.701714,45.094525],[25.701705,45.094522],[25.701691,45.094518],[25.701654,45.094507],[25.701643,45.094504],[25.701624,45.094499],[25.701606,45.094493],[25.70159,45.094487],[25.701575,45.094479],[25.701562,45.09447],[25.70155,45.094461],[25.701539,45.094451],[25.701534,45.094446],[25.701526,45.094438],[25.701522,45.094432],[25.701521,45.094431],[25.701514,45.09442],[25.701508,45.09441],[25.701507,45.094399],[25.701509,45.094388],[25.701514,45.094378],[25.701519,45.094371],[25.701524,45.094363],[25.701533,45.094353],[25.701543,45.094343],[25.701566,45.094323],[25.701587,45.094307],[25.701597,45.094297],[25.701609,45.094288],[25.701623,45.094279],[25.701637,45.094271],[25.701652,45.094264],[25.701669,45.094257],[25.701672,45.094257],[25.701675,45.094255],[25.701693,45.09425],[25.701724,45.094241],[25.701749,45.094235],[25.701768,45.09423],[25.701791,45.094225],[25.701797,45.094223],[25.701814,45.094219],[25.701826,45.094216],[25.701868,45.094207],[25.701875,45.094205],[25.701893,45.094201],[25.701903,45.094198],[25.701924,45.094193],[25.701928,45.094192],[25.701945,45.094186],[25.701964,45.094181],[25.702021,45.094167],[25.702024,45.094166],[25.702043,45.09416],[25.702059,45.094153],[25.702074,45.094145],[25.702088,45.094138],[25.702116,45.094121],[25.702142,45.094103],[25.702162,45.094089],[25.702193,45.094061],[25.702202,45.094051],[25.702211,45.094041],[25.702218,45.094031],[25.702223,45.094021],[25.702225,45.09401],[25.702222,45.094],[25.702217,45.09399],[25.702209,45.09398],[25.702181,45.09395],[25.702173,45.093939],[25.702166,45.093928],[25.702162,45.093917],[25.70216,45.093904],[25.702162,45.093892],[25.702166,45.09388],[25.702172,45.093868],[25.702178,45.093855],[25.702191,45.093836],[25.702198,45.093824],[25.702205,45.093812],[25.702212,45.093799],[25.70222,45.093784],[25.702228,45.093765],[25.702232,45.093755],[25.702236,45.093742],[25.702244,45.093711],[25.702249,45.093696],[25.702255,45.093683],[25.702264,45.093671],[25.702276,45.093661],[25.70229,45.093652],[25.702305,45.093645],[25.702315,45.093641],[25.702327,45.093635],[25.702344,45.09363],[25.702361,45.093625],[25.702379,45.093621],[25.702386,45.09362],[25.702389,45.09362],[25.702406,45.093617],[25.702421,45.093615],[25.702436,45.093616],[25.702451,45.093619],[25.702466,45.093624],[25.702496,45.093636],[25.702511,45.093642],[25.702514,45.093644],[25.70252,45.093647],[25.702536,45.093654],[25.702565,45.093669],[25.702609,45.093694],[25.702639,45.093709],[25.70268,45.093731],[25.702683,45.093732],[25.702718,45.093748],[25.702728,45.093751],[25.702745,45.093755],[25.702761,45.093758],[25.702777,45.093759],[25.702794,45.093758],[25.70281,45.093755],[25.702826,45.093751],[25.702843,45.093746],[25.702888,45.093729],[25.702904,45.093724],[25.702919,45.093721],[25.702933,45.093719],[25.702948,45.09372],[25.702961,45.093723],[25.702975,45.093728],[25.703016,45.093746],[25.703036,45.093753],[25.70305,45.093757],[25.703064,45.093759],[25.703078,45.093759],[25.703091,45.093756],[25.703102,45.09375],[25.703113,45.093742],[25.703121,45.093735],[25.703126,45.093729],[25.703142,45.093706],[25.70316,45.093683],[25.703169,45.093672],[25.70318,45.093661],[25.703191,45.093651],[25.703214,45.093631],[25.703238,45.093612],[25.703252,45.093602],[25.703255,45.0936],[25.70328,45.093582],[25.703305,45.093563],[25.703339,45.093539],[25.703365,45.093521],[25.70339,45.093503],[25.703417,45.093486],[25.703432,45.093478],[25.703446,45.09347],[25.703462,45.093463],[25.70347,45.09346],[25.703472,45.093459],[25.70349,45.093451],[25.703513,45.093439],[25.703544,45.093425],[25.703604,45.093395],[25.703618,45.093387],[25.703631,45.093378],[25.703643,45.093369],[25.703655,45.093359],[25.703665,45.093348],[25.703673,45.093335],[25.703694,45.093296],[25.703705,45.093271],[25.703717,45.093237],[25.703718,45.093236],[25.703719,45.093232],[25.703726,45.093219],[25.703734,45.093207],[25.703742,45.093195],[25.703747,45.09319],[25.703749,45.093188],[25.703759,45.093177],[25.703771,45.093167],[25.703783,45.093158],[25.703796,45.09315],[25.703825,45.093134],[25.703868,45.09311],[25.703896,45.093094],[25.703926,45.09308],[25.703945,45.093068],[25.703973,45.093052],[25.703975,45.093051],[25.703996,45.093038],[25.704024,45.093022],[25.704044,45.093011],[25.704049,45.093008],[25.704112,45.092963],[25.704138,45.092945],[25.704164,45.092928],[25.704177,45.092921],[25.704191,45.092913],[25.704206,45.092907],[25.704207,45.092907],[25.704232,45.092892],[25.704273,45.092867],[25.704287,45.092859],[25.704302,45.092852],[25.704317,45.092846],[25.704333,45.092841],[25.70435,45.092838],[25.704368,45.092837],[25.704386,45.092838],[25.70442,45.092842],[25.704425,45.092841],[25.704438,45.09284],[25.70445,45.092837],[25.70446,45.092832],[25.704465,45.092825],[25.704465,45.092816],[25.704462,45.092808],[25.704458,45.092799],[25.704453,45.09279],[25.704449,45.092782],[25.704446,45.092774],[25.704445,45.092767],[25.704448,45.092762],[25.704456,45.09276],[25.704467,45.09276],[25.704494,45.09276],[25.704497,45.09276],[25.704514,45.09276],[25.70453,45.09276],[25.704546,45.092761],[25.70456,45.092761],[25.704572,45.092759],[25.70458,45.092756],[25.704583,45.09275],[25.704581,45.092744],[25.704576,45.092737],[25.704559,45.092721],[25.70455,45.092713],[25.704542,45.092705],[25.704534,45.092697],[25.704529,45.09269],[25.704527,45.092683],[25.704531,45.092678],[25.70454,45.092674],[25.704554,45.092671],[25.70457,45.09267],[25.704588,45.09267],[25.704623,45.092671],[25.704641,45.09267],[25.704659,45.092669],[25.704676,45.092665],[25.704691,45.092659],[25.704704,45.092651],[25.704716,45.092642],[25.704739,45.092623],[25.704755,45.092604],[25.704806,45.09255],[25.704817,45.09254],[25.704829,45.09253],[25.704854,45.092512],[25.704882,45.092496],[25.704911,45.09248],[25.704915,45.092477],[25.704932,45.092464],[25.704932,45.092464],[25.704956,45.092445],[25.704967,45.092435],[25.704978,45.092424],[25.704987,45.092413],[25.705006,45.09239],[25.705023,45.092367],[25.705032,45.09235],[25.705039,45.092337],[25.705059,45.092297],[25.705065,45.092284],[25.705076,45.092255],[25.705082,45.092242],[25.705091,45.09223],[25.705101,45.092219],[25.705113,45.092209],[25.705117,45.092208],[25.704849,45.092075],[25.704344,45.091825],[25.70433,45.091828],[25.70432,45.09183],[25.704302,45.091833],[25.704283,45.091834],[25.704263,45.091835],[25.704243,45.091835],[25.704223,45.091835],[25.704203,45.091834],[25.704185,45.091832],[25.704147,45.091825],[25.704114,45.09182],[25.7041,45.091818],[25.704088,45.091814],[25.704079,45.09181],[25.704077,45.091807],[25.704075,45.091803],[25.704076,45.091799],[25.704077,45.091796],[25.70408,45.091791],[25.704083,45.091787],[25.704087,45.091783],[25.704102,45.091769],[25.704121,45.091756],[25.704134,45.091747],[25.704148,45.091739],[25.704155,45.091735],[25.704159,45.091733],[25.703951,45.09163],[25.703475,45.091388],[25.703317,45.091305],[25.703326,45.091266],[25.703318,45.091237],[25.703294,45.091183],[25.703261,45.09115],[25.703217,45.091106],[25.70321,45.091108],[25.703192,45.091111],[25.703174,45.091114],[25.703162,45.091115],[25.703161,45.091115],[25.703159,45.091115],[25.703158,45.091115],[25.703147,45.091116],[25.703133,45.091114],[25.703121,45.091109],[25.703112,45.091101],[25.703112,45.0911],[25.703109,45.091098],[25.703102,45.091087],[25.703096,45.091074],[25.703092,45.09106],[25.703086,45.091032],[25.703082,45.091019],[25.703077,45.091003],[25.703074,45.090988],[25.703074,45.090986],[25.703062,45.090972],[25.703023,45.090958],[25.70297,45.090925],[25.702901,45.090897],[25.702807,45.090872],[25.702732,45.09085],[25.702442,45.090708],[25.702405,45.090708],[25.702369,45.090687],[25.702331,45.090665],[25.701548,45.090286],[25.701012,45.090057],[25.701007,45.090056],[25.700989,45.090055],[25.700972,45.090054],[25.700961,45.090055],[25.700948,45.090057],[25.700938,45.090061],[25.700934,45.090067],[25.700934,45.090075],[25.700937,45.090084],[25.70094,45.09009],[25.700951,45.090104],[25.700968,45.090124],[25.700976,45.090136],[25.700977,45.090137],[25.700981,45.090142],[25.70099,45.090153],[25.700996,45.090163],[25.701,45.090174],[25.701002,45.090183],[25.701001,45.090188],[25.701001,45.090188],[25.701001,45.09019],[25.701,45.090192],[25.701,45.090193],[25.700998,45.090197],[25.70099,45.090205],[25.70098,45.090212],[25.700967,45.090219],[25.700953,45.090225],[25.700908,45.090245],[25.700894,45.090252],[25.70088,45.090259],[25.700868,45.090267],[25.700858,45.090276],[25.700852,45.090286],[25.700849,45.090296],[25.700848,45.090315],[25.700846,45.090328],[25.700843,45.090342],[25.700838,45.090355],[25.700831,45.090367],[25.700821,45.090377],[25.700809,45.090386],[25.700809,45.090386],[25.700805,45.090389],[25.700792,45.090398],[25.700778,45.090406],[25.700778,45.090406],[25.70077,45.090411],[25.700752,45.090421],[25.700736,45.09043],[25.700717,45.090441],[25.700713,45.090444],[25.700688,45.090462],[25.700676,45.090472],[25.700665,45.090482],[25.700645,45.090503],[25.700622,45.090527],[25.70062,45.090529],[25.700601,45.090551],[25.700597,45.090555],[25.700594,45.090557],[25.700573,45.090578],[25.700561,45.090588],[25.700548,45.090597],[25.700533,45.090604],[25.700515,45.09061],[25.700496,45.090614],[25.70049,45.090615],[25.700489,45.090616],[25.700435,45.090632],[25.700419,45.090638],[25.700404,45.090646],[25.700392,45.090655],[25.700381,45.090665],[25.700376,45.09067],[25.700375,45.090672],[25.700358,45.090696],[25.700342,45.090721],[25.700334,45.090733],[25.700319,45.090759],[25.700311,45.090771],[25.700301,45.090782],[25.70029,45.090792],[25.700266,45.090812],[25.700241,45.09083],[25.700228,45.090839],[25.700215,45.090848],[25.700211,45.090851],[25.700201,45.090862],[25.700192,45.090874],[25.700184,45.090886],[25.700172,45.090913],[25.700165,45.090926],[25.700164,45.090927],[25.700154,45.090945],[25.700148,45.090957],[25.70014,45.090967],[25.700131,45.090974],[25.70012,45.090979],[25.700106,45.09098],[25.70009,45.09098],[25.700071,45.090979],[25.700052,45.090977],[25.700045,45.090976],[25.699999,45.090971],[25.699942,45.090965],[25.699925,45.090965],[25.699908,45.090968],[25.699893,45.090972],[25.699878,45.090978],[25.699865,45.090985],[25.699851,45.090993],[25.699839,45.091001],[25.699826,45.09101],[25.699815,45.09102],[25.699812,45.091023],[25.699802,45.091034],[25.699794,45.091046],[25.699774,45.091087],[25.699769,45.091101],[25.699759,45.09113],[25.699753,45.091144],[25.69975,45.091151],[25.699741,45.091194],[25.699737,45.09121],[25.699733,45.091225],[25.699729,45.09124],[25.699727,45.091256],[25.699725,45.091273],[25.699721,45.091324],[25.699719,45.091341],[25.699717,45.091357],[25.699713,45.091372],[25.699707,45.091386],[25.699699,45.091398],[25.699691,45.09141],[25.699673,45.091433],[25.699663,45.091445],[25.699658,45.09145],[25.699658,45.09145],[25.69964,45.091472],[25.69963,45.091483],[25.699622,45.091496],[25.699615,45.091509],[25.699608,45.091522],[25.699603,45.091536],[25.699599,45.091552],[25.699596,45.091568],[25.699595,45.091585],[25.699591,45.09163],[25.699591,45.091633],[25.699591,45.091635],[25.699591,45.091639],[25.699591,45.091654],[25.699589,45.091669],[25.699585,45.091683],[25.699579,45.091696],[25.699573,45.091709],[25.699567,45.091722],[25.699544,45.091759],[25.699535,45.091771],[25.699514,45.091807],[25.699511,45.091814],[25.699504,45.091827],[25.699503,45.09183],[25.699497,45.091846],[25.699491,45.091859],[25.699473,45.091897],[25.699468,45.091909],[25.699462,45.091922],[25.699454,45.091935],[25.699445,45.091947],[25.699435,45.091957],[25.699423,45.091967],[25.699411,45.091977],[25.699399,45.091986],[25.699385,45.091995],[25.699382,45.091997],[25.69933,45.092035],[25.699318,45.092044],[25.699306,45.092054],[25.699295,45.092064],[25.699284,45.092074],[25.699275,45.092085],[25.69926,45.092107],[25.699254,45.092118],[25.69925,45.092129],[25.699248,45.092139],[25.69925,45.092149],[25.699255,45.092159],[25.699262,45.092168],[25.69929,45.092199],[25.699299,45.09221],[25.699307,45.092222],[25.699314,45.092235],[25.699319,45.09225],[25.699322,45.092266],[25.699325,45.092282],[25.699331,45.092333],[25.699334,45.092349],[25.699337,45.092365],[25.699342,45.09238],[25.699353,45.092405],[25.699356,45.092413],[25.699363,45.092426],[25.699371,45.092439],[25.69938,45.092457],[25.699383,45.092462],[25.699392,45.092474],[25.699416,45.092512],[25.699419,45.092517],[25.699422,45.092523],[25.69943,45.092536],[25.699443,45.092562],[25.69945,45.092575],[25.699456,45.092589],[25.699472,45.092631],[25.699475,45.092645],[25.699477,45.09266],[25.699478,45.092675],[25.699477,45.09269],[25.699476,45.092705],[25.699473,45.092719],[25.699471,45.092734],[25.699471,45.092748],[25.699472,45.092763],[25.699475,45.092778],[25.699483,45.092807],[25.69949,45.092837],[25.699494,45.092852],[25.6995,45.092866],[25.699506,45.09288],[25.699518,45.092908],[25.699524,45.092922],[25.699531,45.092935],[25.699537,45.092949],[25.699554,45.092991],[25.699559,45.093006],[25.699561,45.093021],[25.699563,45.093037],[25.699563,45.093053],[25.699563,45.093069],[25.699561,45.093085],[25.699557,45.0931],[25.699542,45.093146],[25.699542,45.093149],[25.699537,45.093164],[25.699531,45.093178],[25.699517,45.093204],[25.69951,45.093217],[25.699508,45.09322],[25.699508,45.093221],[25.699502,45.093234],[25.699488,45.093259],[25.69948,45.093271],[25.699455,45.093308],[25.699446,45.09332],[25.699429,45.093345],[25.699402,45.09338],[25.699382,45.093402],[25.69937,45.093412],[25.699357,45.093421],[25.699356,45.093422],[25.699354,45.093424],[25.699346,45.09343],[25.699338,45.093436],[25.699328,45.093444],[25.699318,45.093453],[25.699308,45.093464],[25.699299,45.093476],[25.699283,45.093501],[25.699274,45.093513],[25.699264,45.093524],[25.699253,45.093534],[25.699229,45.093554],[25.699219,45.093565],[25.699201,45.093587],[25.699194,45.093599],[25.699188,45.09361],[25.699183,45.093621],[25.699182,45.093632],[25.699183,45.093643],[25.699186,45.093652],[25.699193,45.093658],[25.699202,45.093662],[25.699211,45.093663],[25.699221,45.093661],[25.699231,45.093658],[25.699242,45.093655],[25.699253,45.093653],[25.699261,45.093652],[25.699268,45.093654],[25.699272,45.09366],[25.699272,45.093667],[25.69927,45.09369],[25.699269,45.093701],[25.699284,45.093711],[25.699285,45.093712],[25.699287,45.093712],[25.69929,45.093714],[25.699292,45.093716],[25.699292,45.093718],[25.699292,45.09372],[25.699292,45.093722],[25.69929,45.093724],[25.699287,45.093726],[25.699284,45.093727],[25.69928,45.093727],[25.699271,45.093729],[25.699263,45.093731],[25.699262,45.093731],[25.699262,45.093732],[25.699257,45.093745],[25.69925,45.093758],[25.699243,45.09377],[25.699236,45.093782],[25.699228,45.093793],[25.69922,45.093803],[25.699216,45.093815],[25.699213,45.093827],[25.699212,45.093851],[25.699209,45.093864],[25.699206,45.093877],[25.699194,45.093902],[25.699188,45.093915],[25.69918,45.093927],[25.699162,45.093949],[25.699153,45.093961],[25.699139,45.093987],[25.699131,45.094],[25.69911,45.094039],[25.699088,45.094077],[25.69908,45.094089],[25.699072,45.094102],[25.699058,45.094127],[25.699056,45.094131],[25.699054,45.094141],[25.69904,45.094177],[25.699033,45.094189],[25.699011,45.094226],[25.699008,45.094231],[25.699006,45.094235],[25.699002,45.09425],[25.698993,45.094296],[25.698988,45.094311],[25.698983,45.094325],[25.698969,45.094351],[25.698961,45.094364],[25.698943,45.094387],[25.698933,45.094398],[25.698907,45.094434],[25.698887,45.094462],[25.698887,45.094463],[25.698859,45.094516],[25.698854,45.094525],[25.698856,45.094526],[25.69886,45.094528],[25.698862,45.09453],[25.698864,45.094533],[25.698865,45.094536],[25.698865,45.094542],[25.698864,45.094549],[25.698863,45.094551],[25.698861,45.094553],[25.698859,45.094554],[25.698856,45.094555],[25.698853,45.094555],[25.69885,45.094555],[25.698847,45.094554],[25.698845,45.094553],[25.698842,45.094551],[25.698841,45.094551],[25.698841,45.094557],[25.69884,45.094563],[25.698837,45.094569],[25.698833,45.094575],[25.698823,45.094585],[25.698819,45.094589],[25.698819,45.09459],[25.69881,45.094601],[25.698801,45.09461],[25.698791,45.094618],[25.698781,45.094624],[25.69877,45.094626],[25.698759,45.094625],[25.698757,45.094624],[25.698756,45.094624],[25.698749,45.094624],[25.698742,45.094623],[25.698737,45.094621],[25.698736,45.094621],[25.698728,45.094618],[25.698724,45.094612],[25.698724,45.094605],[25.698725,45.094595],[25.698729,45.094585],[25.698732,45.094578],[25.698732,45.094577],[25.698733,45.094574],[25.698735,45.094571],[25.698737,45.094571],[25.69874,45.094567],[25.698746,45.094542],[25.698751,45.094529],[25.698755,45.094516],[25.698759,45.094504],[25.698763,45.094481],[25.698767,45.09447],[25.69878,45.094448],[25.698784,45.094436],[25.698788,45.094422],[25.69879,45.094407],[25.698791,45.094392],[25.698791,45.094377],[25.698791,45.094363],[25.69879,45.094339],[25.698791,45.094329],[25.698796,45.09431],[25.698797,45.094301],[25.698793,45.094279],[25.698792,45.094278],[25.698789,45.094267],[25.698788,45.094255],[25.698789,45.094248],[25.698789,45.094247],[25.698789,45.094245],[25.69879,45.094243],[25.69879,45.094243],[25.698792,45.094235],[25.698798,45.094225],[25.698804,45.094214],[25.698811,45.094204],[25.698818,45.094193],[25.69882,45.094188],[25.698823,45.094178],[25.698825,45.094166],[25.698825,45.094157],[25.698823,45.094148],[25.69882,45.094137],[25.698815,45.094126],[25.69881,45.094118],[25.698802,45.094111],[25.698793,45.094109],[25.698782,45.09411],[25.69877,45.094112],[25.698716,45.09413],[25.698703,45.094133],[25.698691,45.094135],[25.698679,45.094133],[25.698669,45.094128],[25.698659,45.094121],[25.698648,45.094113],[25.698629,45.094094],[25.698607,45.094074],[25.698595,45.094064],[25.698581,45.094056],[25.698552,45.09404],[25.698521,45.094025],[25.698507,45.094017],[25.698493,45.094009],[25.69848,45.094],[25.698468,45.09399],[25.698458,45.09398],[25.69845,45.093968],[25.698446,45.093954],[25.698443,45.09394],[25.698442,45.093925],[25.698442,45.093911],[25.698444,45.093885],[25.698443,45.093874],[25.69844,45.093864],[25.698434,45.093857],[25.698424,45.093853],[25.698412,45.093852],[25.698397,45.093852],[25.698379,45.093853],[25.69836,45.093855],[25.698341,45.093858],[25.698262,45.093874],[25.698243,45.093878],[25.698207,45.093891],[25.69819,45.093897],[25.698175,45.093905],[25.698172,45.093906],[25.69817,45.093908],[25.698144,45.093927],[25.698131,45.093935],[25.698128,45.093937],[25.698077,45.093974],[25.698065,45.093983],[25.698061,45.093987],[25.698053,45.093997],[25.698046,45.094008],[25.698043,45.094019],[25.698043,45.094031],[25.698046,45.094043],[25.698051,45.094056],[25.698056,45.094069],[25.698063,45.094081],[25.698071,45.094093],[25.69808,45.094104],[25.698091,45.094115],[25.698103,45.094124],[25.698116,45.094133],[25.698131,45.094141],[25.698163,45.094155],[25.698195,45.094169],[25.698241,45.09419],[25.698272,45.094204],[25.698301,45.09422],[25.698343,45.094244],[25.698372,45.09426],[25.698402,45.094275],[25.698446,45.094298],[25.698476,45.094313],[25.698492,45.09432],[25.698509,45.094326],[25.698528,45.09433],[25.698549,45.094334],[25.69859,45.09434],[25.69861,45.094343],[25.698628,45.094348],[25.698643,45.094354],[25.698654,45.094363],[25.698662,45.094372],[25.698667,45.094382],[25.69867,45.094392],[25.69867,45.094402],[25.698666,45.094413],[25.698661,45.094424],[25.698656,45.094436],[25.698652,45.094451],[25.698642,45.094497],[25.698638,45.094512],[25.698633,45.094526],[25.698614,45.094565],[25.698607,45.094577],[25.698602,45.094589],[25.698597,45.094601],[25.698594,45.094612],[25.698593,45.094622],[25.698598,45.094651],[25.698597,45.09466],[25.698592,45.094669],[25.698587,45.094678],[25.698579,45.094686],[25.698569,45.094692],[25.698559,45.094696],[25.698546,45.094698],[25.698534,45.094697],[25.698523,45.094694],[25.698512,45.09469],[25.698501,45.094687],[25.69849,45.094686],[25.69848,45.094688],[25.698471,45.094693],[25.698462,45.094701],[25.698454,45.09471],[25.698447,45.094721],[25.698428,45.094756],[25.698423,45.094768],[25.698419,45.09478],[25.698416,45.094791],[25.698416,45.094803],[25.698418,45.094814],[25.698426,45.094849],[25.698426,45.094861],[25.698423,45.094872],[25.698417,45.094883],[25.698408,45.094892],[25.698385,45.094909],[25.698373,45.094917],[25.698362,45.094925],[25.698352,45.094935],[25.698344,45.094945],[25.69834,45.094956],[25.698339,45.094967],[25.698346,45.095031],[25.698347,45.095042],[25.698345,45.095053],[25.69834,45.095063],[25.698332,45.095071],[25.698314,45.095085],[25.698308,45.095093],[25.698305,45.0951],[25.698306,45.095107],[25.698312,45.095114],[25.698331,45.095129],[25.698342,45.095137],[25.698353,45.095146],[25.698361,45.095156],[25.698364,45.095157],[25.698368,45.095161],[25.698368,45.095162],[25.698369,45.095162],[25.698372,45.095168],[25.698375,45.095176],[25.698378,45.095184],[25.698383,45.095193],[25.69839,45.095204],[25.698396,45.095215],[25.6984,45.095225],[25.6984,45.095236],[25.698398,45.095247],[25.698394,45.095258],[25.698388,45.09527],[25.698366,45.095305],[25.698358,45.095316],[25.698351,45.095327],[25.698345,45.095339],[25.69834,45.09535],[25.698338,45.095362],[25.698338,45.095374],[25.698341,45.095394],[25.698341,45.095403],[25.698342,45.095411],[25.698345,45.095419],[25.698346,45.095426],[25.698344,45.095433],[25.698338,45.09544],[25.698324,45.095452],[25.698324,45.095455],[25.698322,45.095462],[25.698319,45.095468],[25.698314,45.095473],[25.698309,45.095477],[25.698303,45.09548],[25.698275,45.09549],[25.698274,45.09549],[25.698273,45.095492],[25.698264,45.09551],[25.698258,45.095519],[25.698243,45.095537],[25.698238,45.095547],[25.69823,45.095565],[25.698224,45.095574],[25.698223,45.095575],[25.698222,45.095577],[25.698215,45.095586],[25.698205,45.095595],[25.698196,45.095605],[25.698189,45.095617],[25.698183,45.095629],[25.698173,45.095652],[25.698167,45.095662],[25.69816,45.095669],[25.698155,45.095671],[25.698151,45.095673],[25.698151,45.095673],[25.698151,45.095673],[25.698149,45.095673],[25.698142,45.095673],[25.698141,45.095673],[25.698141,45.095673],[25.698137,45.095673],[25.698132,45.095672],[25.698132,45.095672],[25.698131,45.095672],[25.698126,45.095671],[25.698117,45.095672],[25.698105,45.095674],[25.698094,45.095679],[25.698084,45.095687],[25.698079,45.095693],[25.698079,45.095701],[25.698077,45.095712],[25.698073,45.095722],[25.698066,45.095729],[25.698056,45.095734],[25.698043,45.095736],[25.698007,45.095737],[25.697999,45.095738],[25.697988,45.095741],[25.69798,45.095745],[25.697976,45.095752],[25.697975,45.09576],[25.697977,45.095782],[25.69798,45.095804],[25.69798,45.095816],[25.697976,45.095827],[25.697969,45.095837],[25.69796,45.095847],[25.69795,45.095856],[25.697938,45.095865],[25.697924,45.095873],[25.697868,45.095905],[25.697868,45.095905],[25.697864,45.095908],[25.697852,45.095916],[25.69784,45.095923],[25.697827,45.095929],[25.697814,45.095933],[25.6978,45.095935],[25.697785,45.095934],[25.697777,45.095934],[25.697772,45.095934],[25.697739,45.095933],[25.697728,45.095934],[25.697718,45.095938],[25.697712,45.095944],[25.697708,45.095952],[25.697704,45.095967],[25.6977,45.095975],[25.697699,45.095975],[25.697699,45.095977],[25.697694,45.095982],[25.697686,45.095984],[25.697676,45.095984],[25.697663,45.095982],[25.697649,45.095978],[25.697607,45.095966],[25.697603,45.095964],[25.697594,45.095963],[25.697583,45.095963],[25.697574,45.095967],[25.69757,45.095972],[25.69757,45.09598],[25.697573,45.095988],[25.697574,45.095989],[25.69758,45.095997],[25.697602,45.096027],[25.697607,45.096037],[25.697609,45.096042],[25.697613,45.096048],[25.697616,45.096054],[25.697614,45.096059],[25.697608,45.096061],[25.697599,45.096061],[25.697579,45.096059],[25.697569,45.096063],[25.697558,45.096068],[25.697548,45.096074],[25.69754,45.096082],[25.697535,45.096092],[25.697529,45.09611],[25.697524,45.096118],[25.697516,45.096126],[25.697505,45.096131],[25.697492,45.096134],[25.697478,45.096135],[25.697464,45.096136],[25.697456,45.096136],[25.697443,45.096141],[25.697434,45.096146],[25.697429,45.096152],[25.697429,45.096159],[25.69743,45.096166],[25.697433,45.096173],[25.697435,45.096181],[25.697434,45.096187],[25.69743,45.096193],[25.697421,45.096198],[25.697408,45.096202],[25.69738,45.09621],[25.697368,45.096214],[25.697358,45.096219],[25.697354,45.096225],[25.697354,45.096231],[25.697355,45.096239],[25.697358,45.096246],[25.69736,45.096253],[25.69736,45.09626],[25.697355,45.096266],[25.697346,45.096271],[25.697334,45.096275],[25.697306,45.096282],[25.697293,45.096286],[25.697284,45.096291],[25.69728,45.096297],[25.69728,45.096304],[25.697281,45.096311],[25.697284,45.096318],[25.697286,45.096325],[25.697285,45.096332],[25.69728,45.096338],[25.69727,45.096342],[25.697256,45.096346],[25.697221,45.096354],[25.697204,45.096357],[25.6972,45.096363],[25.697198,45.09637],[25.697197,45.096386],[25.697193,45.096394],[25.697186,45.096402],[25.697175,45.096409],[25.697161,45.096414],[25.69713,45.096426],[25.697114,45.096432],[25.697099,45.096439],[25.697085,45.096447],[25.697073,45.096456],[25.697049,45.096476],[25.697038,45.096486],[25.697027,45.096496],[25.697013,45.09651],[25.697,45.096525],[25.696969,45.096557],[25.696949,45.096579],[25.696936,45.096591],[25.696931,45.096597],[25.696888,45.096638],[25.696887,45.096639],[25.696881,45.096645],[25.696877,45.09665],[25.696875,45.096652],[25.696866,45.096661],[25.69685,45.096678],[25.696831,45.0967],[25.696817,45.096714],[25.696793,45.096739],[25.696774,45.096761],[25.696743,45.096793],[25.696723,45.096814],[25.696712,45.096824],[25.696705,45.096833],[25.696702,45.096836],[25.696699,45.096839],[25.696691,45.096851],[25.696684,45.096862],[25.696679,45.096875],[25.696676,45.096888],[25.696674,45.096901],[25.696671,45.096925],[25.696667,45.096935],[25.69666,45.096944],[25.696649,45.096952],[25.696635,45.096958],[25.69662,45.096965],[25.696605,45.096971],[25.696591,45.096979],[25.696577,45.096987],[25.696565,45.096996],[25.696553,45.097005],[25.696529,45.097029],[25.696525,45.097034],[25.696497,45.097068],[25.696477,45.09709],[25.696466,45.097101],[25.696446,45.097122],[25.696424,45.097143],[25.696405,45.097159],[25.696395,45.097169],[25.696376,45.09719],[25.696368,45.097201],[25.696361,45.097212],[25.696357,45.097223],[25.696355,45.097235],[25.696355,45.097235],[25.696355,45.09724],[25.696355,45.097243],[25.696355,45.097247],[25.696354,45.097251],[25.696354,45.097253],[25.696354,45.097253],[25.696353,45.097259],[25.69635,45.097271],[25.696345,45.097283],[25.69634,45.097289],[25.69634,45.097289],[25.696332,45.0973],[25.696323,45.097311],[25.696311,45.09732],[25.696286,45.097338],[25.696235,45.097373],[25.696209,45.097389],[25.696196,45.097396],[25.696181,45.097401],[25.696166,45.097404],[25.696138,45.097408],[25.696126,45.097411],[25.696116,45.097416],[25.696109,45.097424],[25.696105,45.097433],[25.696101,45.097453],[25.696098,45.097464],[25.696092,45.097475],[25.696084,45.097484],[25.696074,45.097493],[25.696063,45.0975],[25.69605,45.097506],[25.696037,45.09751],[25.696023,45.097512],[25.69601,45.097513],[25.695998,45.097515],[25.695987,45.097517],[25.695979,45.097521],[25.695973,45.097525],[25.695965,45.097529],[25.695962,45.09753],[25.695961,45.097532],[25.695956,45.097535],[25.695941,45.09754],[25.695933,45.097544],[25.695928,45.09755],[25.695921,45.097562],[25.695916,45.097567],[25.695909,45.09757],[25.695892,45.097576],[25.695884,45.097581],[25.695877,45.097588],[25.695867,45.097603],[25.69586,45.097609],[25.695859,45.09761],[25.695849,45.097617],[25.695825,45.097631],[25.695798,45.097646],[25.695796,45.097647],[25.695791,45.097652],[25.695782,45.097662],[25.695775,45.097673],[25.695769,45.097685],[25.695762,45.097708],[25.695757,45.097717],[25.69575,45.097724],[25.695738,45.09773],[25.695729,45.097733],[25.695722,45.097736],[25.695708,45.097742],[25.695682,45.097751],[25.695672,45.097756],[25.695666,45.097761],[25.695664,45.097767],[25.695663,45.097774],[25.69566,45.097781],[25.695655,45.097787],[25.695654,45.097789],[25.695649,45.097797],[25.69564,45.097804],[25.695629,45.097812],[25.695626,45.097814],[25.695626,45.097814],[25.695603,45.097832],[25.69559,45.09784],[25.695577,45.097849],[25.695549,45.097865],[25.695536,45.097872],[25.695526,45.097878],[25.695498,45.097895],[25.695488,45.0979],[25.695476,45.097909],[25.695464,45.097919],[25.695454,45.09793],[25.695446,45.097942],[25.695439,45.097955],[25.695435,45.09797],[25.695432,45.097986],[25.695431,45.097993],[25.695431,45.098005],[25.695431,45.098036],[25.69543,45.098052],[25.695428,45.098068],[25.695424,45.098083],[25.695418,45.098096],[25.69541,45.098108],[25.695401,45.09812],[25.69539,45.09813],[25.695379,45.09814],[25.695355,45.098159],[25.695329,45.098176],[25.695315,45.098184],[25.695301,45.098192],[25.695286,45.098198],[25.695271,45.098203],[25.695257,45.098206],[25.695254,45.098208],[25.69522,45.098219],[25.695205,45.098225],[25.695192,45.098233],[25.695179,45.09824],[25.695167,45.098247],[25.695153,45.098252],[25.695139,45.098255],[25.695125,45.098257],[25.69511,45.09826],[25.695096,45.098265],[25.695083,45.098271],[25.695069,45.098278],[25.695055,45.098284],[25.69504,45.098291],[25.695024,45.098297],[25.694989,45.098308],[25.694973,45.098314],[25.694958,45.098322],[25.694944,45.09833],[25.694929,45.098338],[25.694914,45.098345],[25.694898,45.098352],[25.694881,45.098358],[25.694865,45.098364],[25.69485,45.098372],[25.694838,45.098382],[25.694827,45.098392],[25.694818,45.098403],[25.694809,45.098416],[25.694795,45.098441],[25.694786,45.098453],[25.694775,45.098464],[25.694764,45.098473],[25.69475,45.098482],[25.694736,45.09849],[25.69472,45.098497],[25.694687,45.098509],[25.694672,45.098516],[25.694659,45.098525],[25.694649,45.098533],[25.694636,45.09855],[25.69463,45.09856],[25.694618,45.098581],[25.694615,45.098591],[25.694612,45.0986],[25.694609,45.098609],[25.694604,45.098618],[25.6946,45.098627],[25.694598,45.098637],[25.694597,45.09866],[25.694596,45.098673],[25.694595,45.098687],[25.694591,45.098701],[25.694586,45.098717],[25.694585,45.098724],[25.694581,45.098737],[25.694576,45.098749],[25.69457,45.098762],[25.694563,45.098774],[25.694555,45.098786],[25.694545,45.098796],[25.694533,45.098805],[25.69452,45.098814],[25.694507,45.098822],[25.694483,45.098838],[25.694477,45.098843],[25.694476,45.098845],[25.694471,45.098857],[25.694468,45.09887],[25.694468,45.098883],[25.694468,45.098883],[25.694473,45.098911],[25.694473,45.098911],[25.694475,45.098927],[25.694475,45.098927],[25.694477,45.098961],[25.69448,45.098996],[25.69448,45.099004],[25.69448,45.099014],[25.694481,45.099032],[25.694481,45.09905],[25.694481,45.099059],[25.694482,45.099068],[25.694481,45.099077],[25.694481,45.099086],[25.694481,45.0991],[25.694481,45.099103],[25.69448,45.09912],[25.694478,45.099137],[25.694475,45.099153],[25.694471,45.099168],[25.694465,45.099182],[25.694456,45.099194],[25.694447,45.099205],[25.694447,45.099205],[25.694425,45.099226],[25.694425,45.099226],[25.694421,45.099231],[25.694417,45.099237],[25.694413,45.099245],[25.694413,45.099252],[25.694418,45.099259],[25.694423,45.099266],[25.694428,45.099273],[25.694431,45.099281],[25.69443,45.09929],[25.694426,45.099298],[25.694421,45.099306],[25.694416,45.099314],[25.694413,45.099321],[25.694413,45.099329],[25.694418,45.099336],[25.694427,45.099342],[25.694439,45.099347],[25.694451,45.099351],[25.694464,45.099356],[25.694473,45.099362],[25.694479,45.099369],[25.694481,45.099377],[25.694485,45.099405],[25.694489,45.099414],[25.694496,45.099422],[25.694505,45.099431],[25.694528,45.099448],[25.694538,45.099457],[25.694549,45.099467],[25.694557,45.099478],[25.694564,45.099489],[25.69457,45.099501],[25.694573,45.099513],[25.694574,45.099525],[25.694572,45.099538],[25.694567,45.099549],[25.69456,45.099558],[25.694551,45.099567],[25.694544,45.099576],[25.69454,45.099586],[25.69454,45.099596],[25.694542,45.099606],[25.694549,45.099628],[25.69455,45.09964],[25.69455,45.099653],[25.694547,45.099666],[25.694543,45.099678],[25.694537,45.09969],[25.694531,45.099703],[25.694524,45.099716],[25.694517,45.099729],[25.694504,45.099755],[25.694499,45.099769],[25.694485,45.099814],[25.69448,45.099828],[25.694474,45.099841],[25.694465,45.099852],[25.694454,45.099862],[25.694431,45.099877],[25.694422,45.099885],[25.694418,45.099894],[25.694417,45.099904],[25.694417,45.099908],[25.694418,45.099916],[25.694422,45.09993],[25.694426,45.099944],[25.694431,45.099958],[25.694435,45.099972],[25.694439,45.099987],[25.694442,45.100002],[25.694446,45.100024],[25.694449,45.100038],[25.69445,45.100051],[25.694448,45.100063],[25.694444,45.100075],[25.69444,45.100087],[25.694435,45.100098],[25.694429,45.100109],[25.694424,45.100119],[25.694421,45.100128],[25.694421,45.100138],[25.694423,45.100146],[25.69443,45.100163],[25.694433,45.100171],[25.694433,45.100178],[25.694432,45.100178],[25.694432,45.100184],[25.694428,45.10019],[25.694419,45.100195],[25.694406,45.100199],[25.694378,45.100206],[25.694366,45.10021],[25.694357,45.100215],[25.694355,45.100219],[25.694356,45.100221],[25.694361,45.100229],[25.694368,45.100237],[25.694378,45.100246],[25.694388,45.100255],[25.69439,45.100257],[25.694402,45.100266],[25.694414,45.100276],[25.694423,45.100286],[25.694431,45.100297],[25.694437,45.100308],[25.694437,45.100309],[25.694438,45.10031],[25.694444,45.100321],[25.694448,45.100332],[25.694449,45.100343],[25.694447,45.100353],[25.694445,45.100355],[25.694442,45.100361],[25.694434,45.10037],[25.694432,45.100371],[25.694432,45.100371],[25.694414,45.100385],[25.694407,45.100394],[25.694401,45.100402],[25.694399,45.100412],[25.6944,45.100422],[25.694403,45.100433],[25.694408,45.100445],[25.694414,45.100456],[25.694421,45.100467],[25.694436,45.100487],[25.694442,45.100496],[25.694445,45.100505],[25.694445,45.100514],[25.69444,45.100523],[25.694433,45.100532],[25.694424,45.100541],[25.694413,45.100549],[25.694388,45.100566],[25.694376,45.100575],[25.694364,45.100585],[25.694354,45.100596],[25.694335,45.100618],[25.694322,45.100636],[25.694313,45.100648],[25.694303,45.100658],[25.694294,45.100668],[25.694274,45.100687],[25.694264,45.100695],[25.694254,45.100701],[25.694243,45.100704],[25.694235,45.100705],[25.694233,45.100706],[25.694217,45.100709],[25.694199,45.10071],[25.69418,45.10071],[25.694162,45.100707],[25.694124,45.100702],[25.694104,45.100698],[25.694085,45.100694],[25.694065,45.10069],[25.694023,45.100683],[25.694003,45.100679],[25.693984,45.100674],[25.693945,45.100665],[25.693926,45.100661],[25.693907,45.100656],[25.69387,45.100646],[25.693852,45.100641],[25.693818,45.100628],[25.693802,45.100622],[25.693751,45.100603],[25.693717,45.100592],[25.6937,45.100585],[25.693686,45.100578],[25.693672,45.10057],[25.693648,45.100552],[25.693623,45.100537],[25.693603,45.100523],[25.693594,45.100518],[25.693585,45.100514],[25.693578,45.10051],[25.693572,45.100504],[25.693567,45.100497],[25.693561,45.10049],[25.693553,45.100483],[25.693543,45.100476],[25.693531,45.100469],[25.693507,45.100457],[25.693494,45.100451],[25.693481,45.100449],[25.693466,45.100448],[25.693418,45.100447],[25.693403,45.100447],[25.693388,45.10045],[25.693375,45.100455],[25.693365,45.100463],[25.693356,45.100473],[25.693339,45.100496],[25.693331,45.100508],[25.693324,45.100521],[25.693316,45.100533],[25.693298,45.100556],[25.693288,45.100568],[25.693279,45.100579],[25.69327,45.100591],[25.693262,45.100604],[25.693247,45.100629],[25.693238,45.100641],[25.693227,45.100652],[25.693215,45.100661],[25.693201,45.100669],[25.693171,45.100684],[25.693155,45.10069],[25.693139,45.100695],[25.693121,45.100699],[25.693103,45.100702],[25.693085,45.100703],[25.693053,45.100705],[25.693039,45.100708],[25.693028,45.100712],[25.693021,45.10072],[25.693017,45.100729],[25.693015,45.100738],[25.693014,45.100748],[25.693013,45.100757],[25.69301,45.100766],[25.693005,45.100772],[25.692997,45.100776],[25.692988,45.100777],[25.692967,45.100779],[25.692956,45.100782],[25.692946,45.100788],[25.692938,45.100797],[25.692932,45.100808],[25.692927,45.10082],[25.692918,45.100847],[25.692913,45.100859],[25.692908,45.100871],[25.692904,45.100881],[25.692902,45.10089],[25.692903,45.100899],[25.692908,45.100906],[25.692917,45.100911],[25.692927,45.100913],[25.69295,45.100916],[25.69296,45.100918],[25.692968,45.100921],[25.69297,45.100926],[25.692968,45.100931],[25.692962,45.100936],[25.692953,45.100941],[25.692943,45.100945],[25.692931,45.100947],[25.692918,45.100948],[25.692893,45.100947],[25.692881,45.100947],[25.69287,45.10095],[25.69286,45.100957],[25.69284,45.100973],[25.692838,45.100974],[25.692837,45.100976],[25.692834,45.100977],[25.692832,45.100978],[25.692825,45.100985],[25.692811,45.100993],[25.692793,45.100998],[25.692773,45.101001],[25.692752,45.101003],[25.692751,45.101003],[25.692738,45.101007],[25.692721,45.101012],[25.692706,45.101019],[25.692692,45.101027],[25.692671,45.101042],[25.69266,45.101047],[25.692649,45.101049],[25.692637,45.101048],[25.692626,45.101044],[25.692596,45.101028],[25.692585,45.101023],[25.692574,45.101022],[25.692563,45.101023],[25.692552,45.101027],[25.692525,45.101042],[25.692516,45.101045],[25.692507,45.101045],[25.692497,45.101041],[25.692477,45.101027],[25.692466,45.101019],[25.692454,45.101011],[25.69244,45.101004],[25.692424,45.100997],[25.692408,45.100991],[25.69239,45.100986],[25.692371,45.100982],[25.692352,45.100978],[25.692345,45.100976],[25.692338,45.100976],[25.692316,45.100975],[25.692294,45.100975],[25.692272,45.100976],[25.692251,45.100978],[25.692231,45.100981],[25.692213,45.100986],[25.692206,45.100989],[25.692204,45.100989],[25.692179,45.101002],[25.692169,45.101008],[25.692159,45.101012],[25.692148,45.101013],[25.692139,45.101012],[25.692129,45.101009],[25.692125,45.101008],[25.692106,45.101007],[25.692092,45.101007],[25.692074,45.101009],[25.692071,45.10101],[25.692058,45.101014],[25.692046,45.101017],[25.692033,45.101019],[25.69202,45.101019],[25.692007,45.101017],[25.691993,45.101013],[25.69198,45.101009],[25.691966,45.101005],[25.691952,45.101002],[25.691937,45.101],[25.691922,45.101],[25.691894,45.101002],[25.691889,45.101002],[25.691887,45.101003],[25.691877,45.101005],[25.691866,45.101005],[25.691856,45.101001],[25.691848,45.100993],[25.691842,45.100984],[25.691841,45.100981],[25.691835,45.100974],[25.691829,45.100966],[25.691822,45.100961],[25.691815,45.10096],[25.691807,45.100963],[25.691789,45.100974],[25.691779,45.100981],[25.691758,45.100993],[25.691747,45.100998],[25.691734,45.101],[25.691722,45.101],[25.69171,45.100996],[25.691697,45.100992],[25.691684,45.100988],[25.69167,45.100985],[25.691655,45.100984],[25.691639,45.100985],[25.691624,45.100988],[25.691608,45.100992],[25.691592,45.100997],[25.691578,45.101004],[25.691564,45.101011],[25.691551,45.101019],[25.69154,45.101029],[25.691523,45.101048],[25.691514,45.101056],[25.691512,45.101058],[25.691503,45.101068],[25.691497,45.101072],[25.69149,45.101072],[25.691484,45.101068],[25.691478,45.101062],[25.691474,45.101059],[25.691466,45.101052],[25.691451,45.101038],[25.691443,45.101034],[25.691434,45.101032],[25.691425,45.101034],[25.691416,45.101038],[25.691398,45.10105],[25.691388,45.101056],[25.691375,45.101059],[25.691362,45.10106],[25.691313,45.101062],[25.691297,45.101063],[25.691284,45.101064],[25.691272,45.101069],[25.691262,45.101076],[25.691258,45.10108],[25.691244,45.101098],[25.691235,45.101107],[25.691235,45.101108],[25.691235,45.101108],[25.691224,45.101115],[25.691224,45.101115],[25.691212,45.101121],[25.691198,45.101124],[25.691184,45.101124],[25.691171,45.101121],[25.691157,45.101117],[25.691144,45.101111],[25.691131,45.101105],[25.69112,45.101099],[25.691111,45.101091],[25.69111,45.10109],[25.691098,45.101082],[25.691087,45.101071],[25.691079,45.101059],[25.691063,45.101034],[25.691047,45.101012],[25.691039,45.101002],[25.691031,45.100993],[25.691024,45.100987],[25.691016,45.100983],[25.691008,45.100983],[25.691001,45.100987],[25.690987,45.101001],[25.690979,45.101008],[25.69097,45.101014],[25.690961,45.101019],[25.690951,45.10102],[25.69094,45.101019],[25.690928,45.101016],[25.690889,45.101001],[25.690875,45.100996],[25.69086,45.100993],[25.690845,45.100991],[25.690789,45.10099],[25.690768,45.10099],[25.690746,45.100988],[25.690726,45.100986],[25.690706,45.100982],[25.690699,45.10098],[25.690692,45.100979],[25.690674,45.100975],[25.690657,45.100969],[25.690643,45.100962],[25.690632,45.100952],[25.690623,45.10094],[25.69061,45.100914],[25.690603,45.100901],[25.690595,45.100891],[25.690584,45.100882],[25.690573,45.100875],[25.690559,45.100871],[25.690545,45.10087],[25.690536,45.10087],[25.690534,45.10087],[25.690517,45.100872],[25.6905,45.100875],[25.690481,45.100877],[25.69046,45.100878],[25.690439,45.100878],[25.690418,45.100877],[25.690398,45.100875],[25.69034,45.100864],[25.690321,45.100861],[25.690303,45.100857],[25.690285,45.100853],[25.690268,45.10085],[25.690252,45.100848],[25.690237,45.100849],[25.690218,45.100852],[25.690218,45.100852],[25.690206,45.100856],[25.690192,45.100862],[25.69018,45.100869],[25.690168,45.100877],[25.690156,45.100886],[25.690145,45.100894],[25.690133,45.1009],[25.69012,45.100905],[25.690106,45.100907],[25.690091,45.100907],[25.690074,45.100905],[25.690057,45.100903],[25.690039,45.100899],[25.690023,45.100894],[25.690009,45.100887],[25.689996,45.100879],[25.689984,45.10087],[25.689976,45.100864],[25.689948,45.100849],[25.689935,45.100843],[25.689919,45.100838],[25.689902,45.100836],[25.689885,45.100835],[25.689868,45.100835],[25.68985,45.100834],[25.689831,45.100833],[25.689823,45.100831],[25.689807,45.100831],[25.689768,45.100828],[25.689749,45.100828],[25.689731,45.100829],[25.689714,45.100832],[25.689698,45.100836],[25.689671,45.100844],[25.689659,45.100846],[25.689649,45.100846],[25.68964,45.100844],[25.689633,45.100837],[25.689627,45.100828],[25.689618,45.100808],[25.689612,45.1008],[25.689606,45.100793],[25.689597,45.100791],[25.689588,45.100792],[25.689577,45.100796],[25.689566,45.100801],[25.689554,45.100808],[25.689518,45.10083],[25.689504,45.100836],[25.689488,45.100841],[25.68947,45.100843],[25.689452,45.100844],[25.689422,45.100843],[25.689418,45.100843],[25.689347,45.100848],[25.689324,45.10085],[25.689302,45.100852],[25.689282,45.100856],[25.689244,45.100865],[25.689226,45.100869],[25.689209,45.100874],[25.689192,45.100878],[25.689176,45.100881],[25.68916,45.100884],[25.689156,45.100884],[25.689155,45.100884],[25.68914,45.100886],[25.68912,45.100885],[25.689107,45.100885],[25.68909,45.100887],[25.689074,45.100891],[25.68906,45.100896],[25.689047,45.100904],[25.689025,45.100922],[25.689012,45.10093],[25.688998,45.100938],[25.688983,45.100944],[25.688967,45.10095],[25.688951,45.100955],[25.688934,45.100958],[25.688916,45.10096],[25.688898,45.100961],[25.688882,45.100962],[25.688866,45.100963],[25.688851,45.100965],[25.688837,45.10097],[25.688824,45.100974],[25.688812,45.100979],[25.688809,45.10098],[25.688807,45.100981],[25.688798,45.100986],[25.688787,45.100988],[25.688777,45.100987],[25.688766,45.100985],[25.688755,45.100983],[25.688744,45.100981],[25.688733,45.10098],[25.688723,45.100982],[25.688714,45.100987],[25.688696,45.100999],[25.688686,45.101004],[25.688675,45.101008],[25.688664,45.101009],[25.688652,45.101007],[25.68864,45.101005],[25.688634,45.101003],[25.688625,45.101003],[25.688612,45.101004],[25.688599,45.101006],[25.688588,45.101011],[25.688578,45.101016],[25.688575,45.101021],[25.688569,45.10103],[25.688562,45.101035],[25.688554,45.101037],[25.688545,45.101035],[25.688515,45.101022],[25.688504,45.101018],[25.688492,45.101016],[25.688481,45.101016],[25.68847,45.10102],[25.688461,45.101026],[25.688454,45.101034],[25.688448,45.101043],[25.688441,45.101051],[25.688434,45.101057],[25.688424,45.10106],[25.688415,45.10106],[25.688404,45.101058],[25.688393,45.101056],[25.688382,45.101054],[25.688371,45.101054],[25.68836,45.101056],[25.688349,45.101061],[25.688328,45.101075],[25.688324,45.101079],[25.688321,45.101081],[25.688318,45.101083],[25.688318,45.101083],[25.688314,45.101086],[25.688301,45.101095],[25.688287,45.101102],[25.68827,45.101109],[25.688252,45.101114],[25.688194,45.101128],[25.688174,45.101132],[25.688154,45.101135],[25.688114,45.10114],[25.688095,45.101142],[25.688077,45.101143],[25.688058,45.101141],[25.688041,45.101139],[25.688022,45.101135],[25.688008,45.101132],[25.688007,45.101132],[25.687989,45.10113],[25.687973,45.101125],[25.68796,45.101118],[25.687936,45.101102],[25.687923,45.101096],[25.68791,45.101091],[25.687895,45.101088],[25.687881,45.101088],[25.687838,45.101092],[25.687824,45.101091],[25.687809,45.101089],[25.687793,45.101085],[25.687778,45.101081],[25.687763,45.101075],[25.687758,45.101072],[25.687757,45.101072],[25.687744,45.101064],[25.687733,45.101054],[25.687725,45.101043],[25.68771,45.101021],[25.687702,45.101011],[25.687693,45.101004],[25.687683,45.100999],[25.687672,45.100997],[25.687661,45.100998],[25.68765,45.101],[25.687668,45.102437]],[[25.702073,45.092355],[25.702066,45.092353],[25.702054,45.092354],[25.702046,45.092353],[25.702042,45.09235],[25.702038,45.092346],[25.702033,45.092341],[25.702028,45.092337],[25.702021,45.092335],[25.702015,45.092333],[25.701994,45.092328],[25.701981,45.092324],[25.701968,45.092319],[25.701955,45.092314],[25.701941,45.092307],[25.701927,45.092299],[25.701915,45.09229],[25.701904,45.092281],[25.701894,45.09227],[25.701886,45.092261],[25.701883,45.092257],[25.70187,45.092248],[25.701855,45.092241],[25.701838,45.092235],[25.701834,45.092234],[25.701827,45.092232],[25.701811,45.092229],[25.701795,45.092224],[25.701781,45.092218],[25.701769,45.092209],[25.701769,45.092209],[25.701757,45.092202],[25.701732,45.092183],[25.701719,45.092175],[25.701704,45.092167],[25.70167,45.092155],[25.701653,45.092149],[25.701638,45.092142],[25.701624,45.092134],[25.70161,45.092126],[25.701597,45.092117],[25.701585,45.092108],[25.701573,45.092098],[25.70155,45.092078],[25.701538,45.092069],[25.701525,45.09206],[25.701511,45.092051],[25.701497,45.092043],[25.701482,45.092036],[25.70145,45.092023],[25.701418,45.092009],[25.701388,45.091994],[25.701359,45.091978],[25.701346,45.09197],[25.701334,45.09196],[25.701324,45.091949],[25.701314,45.091938],[25.701305,45.091927],[25.70129,45.091903],[25.701284,45.091891],[25.701279,45.091878],[25.701276,45.091866],[25.701274,45.091854],[25.701274,45.091843],[25.701278,45.091831],[25.701282,45.091819],[25.701288,45.091807],[25.701295,45.091795],[25.701316,45.091757],[25.701322,45.091743],[25.701343,45.091685],[25.701346,45.091673],[25.701346,45.091664],[25.701346,45.091647],[25.701347,45.09163],[25.701348,45.091613],[25.701351,45.091598],[25.701352,45.091596],[25.701351,45.091586],[25.70135,45.091569],[25.701347,45.091553],[25.701343,45.091537],[25.701337,45.091523],[25.70133,45.09151],[25.701322,45.091497],[25.701314,45.091485],[25.701284,45.091451],[25.701276,45.09144],[25.701259,45.091417],[25.701253,45.091405],[25.701248,45.091394],[25.701245,45.091383],[25.701245,45.091372],[25.701248,45.091361],[25.701252,45.09135],[25.701259,45.091338],[25.701275,45.091316],[25.701285,45.091305],[25.701295,45.091295],[25.701307,45.091285],[25.701331,45.091266],[25.701339,45.09126],[25.701342,45.091256],[25.701352,45.091249],[25.701362,45.091242],[25.701372,45.091234],[25.70138,45.091226],[25.701386,45.091218],[25.701389,45.09121],[25.701387,45.091202],[25.701381,45.091195],[25.701371,45.091188],[25.70136,45.091181],[25.701341,45.09117],[25.70133,45.091165],[25.701304,45.091152],[25.701293,45.091146],[25.701286,45.09114],[25.701283,45.091133],[25.701286,45.091127],[25.701294,45.091122],[25.701307,45.091118],[25.701339,45.09111],[25.701356,45.091105],[25.701381,45.091099],[25.701385,45.091098],[25.7014,45.091092],[25.701415,45.091086],[25.701428,45.09108],[25.701438,45.091073],[25.701443,45.091065],[25.701443,45.091056],[25.701438,45.091047],[25.701432,45.091038],[25.701423,45.09103],[25.701415,45.091023],[25.701409,45.091019],[25.701398,45.091012],[25.701388,45.091004],[25.701382,45.090997],[25.701379,45.090989],[25.701381,45.090983],[25.701389,45.090977],[25.701401,45.090972],[25.701416,45.090967],[25.701432,45.090962],[25.70145,45.090958],[25.70149,45.090951],[25.70151,45.090947],[25.70153,45.090943],[25.701543,45.090941],[25.701564,45.090937],[25.701583,45.090933],[25.701604,45.090929],[25.701647,45.090922],[25.701656,45.090921],[25.701681,45.090915],[25.701693,45.090912],[25.701705,45.090909],[25.701723,45.090903],[25.70174,45.090896],[25.701754,45.090888],[25.701765,45.090878],[25.701775,45.090868],[25.701793,45.090844],[25.701803,45.090829],[25.701804,45.090828],[25.701811,45.090816],[25.701829,45.090792],[25.701839,45.090781],[25.70185,45.090771],[25.701863,45.090762],[25.701877,45.090754],[25.701893,45.090747],[25.701911,45.090742],[25.701932,45.090738],[25.701953,45.090735],[25.702021,45.090727],[25.702043,45.090724],[25.702064,45.090721],[25.702086,45.090719],[25.702109,45.090717],[25.702132,45.090716],[25.702155,45.090716],[25.702178,45.090717],[25.7022,45.090719],[25.702221,45.090721],[25.702241,45.090726],[25.702258,45.090731],[25.702274,45.090738],[25.702289,45.090746],[25.702303,45.090754],[25.70233,45.090771],[25.702356,45.090789],[25.70238,45.090808],[25.702392,45.090818],[25.702403,45.090828],[25.702413,45.090839],[25.702422,45.090851],[25.702429,45.090864],[25.702434,45.090879],[25.702438,45.090894],[25.702445,45.090925],[25.702453,45.090954],[25.702455,45.090969],[25.702457,45.090985],[25.702457,45.091001],[25.702455,45.091016],[25.702452,45.091031],[25.702448,45.091046],[25.702445,45.091061],[25.702442,45.091076],[25.702437,45.09111],[25.702437,45.091112],[25.702433,45.091154],[25.702434,45.091167],[25.702437,45.091176],[25.702442,45.091185],[25.70245,45.091196],[25.70246,45.091208],[25.702472,45.091221],[25.702483,45.091231],[25.7025,45.09125],[25.70251,45.091259],[25.702521,45.09127],[25.702531,45.091281],[25.702533,45.091282],[25.702535,45.091285],[25.702544,45.091296],[25.702553,45.091308],[25.702559,45.091321],[25.702562,45.091336],[25.702564,45.091351],[25.702564,45.091354],[25.702565,45.091362],[25.702565,45.091378],[25.702564,45.091393],[25.702561,45.091408],[25.702547,45.091452],[25.702543,45.091467],[25.702537,45.091481],[25.702529,45.091494],[25.70252,45.091506],[25.702509,45.091517],[25.702492,45.091533],[25.702491,45.091534],[25.702486,45.091538],[25.702483,45.091542],[25.702461,45.091562],[25.702451,45.091572],[25.702441,45.091582],[25.702432,45.091591],[25.702426,45.091601],[25.702422,45.09161],[25.702422,45.091619],[25.702425,45.091626],[25.70243,45.091631],[25.702441,45.091639],[25.702441,45.091639],[25.702455,45.091645],[25.702508,45.091663],[25.70251,45.091663],[25.702538,45.091672],[25.702548,45.091676],[25.702554,45.09168],[25.702554,45.09168],[25.702564,45.091687],[25.702573,45.091696],[25.702578,45.091706],[25.702579,45.091717],[25.702576,45.091728],[25.702572,45.09174],[25.702567,45.091752],[25.702545,45.091788],[25.702537,45.0918],[25.702521,45.091826],[25.702512,45.091838],[25.702502,45.091849],[25.702491,45.09186],[25.702457,45.091892],[25.702436,45.091914],[25.702404,45.091943],[25.702399,45.091948],[25.702387,45.091965],[25.702382,45.091973],[25.702381,45.091981],[25.702382,45.091982],[25.702383,45.091985],[25.70239,45.091991],[25.702401,45.091997],[25.702415,45.092002],[25.702431,45.092007],[25.702465,45.092017],[25.702476,45.09202],[25.702488,45.092023],[25.702504,45.092029],[25.702513,45.092032],[25.702514,45.092032],[25.702515,45.092032],[25.702518,45.092034],[25.702531,45.092039],[25.70254,45.092045],[25.702543,45.092051],[25.702544,45.092052],[25.702546,45.09206],[25.702545,45.092064],[25.702545,45.092065],[25.702544,45.092068],[25.702544,45.092068],[25.702544,45.092069],[25.702541,45.092074],[25.702535,45.092083],[25.702532,45.092086],[25.702522,45.092098],[25.702516,45.092108],[25.702511,45.092118],[25.702509,45.092124],[25.702509,45.09213],[25.702513,45.092139],[25.70252,45.092148],[25.702529,45.092158],[25.702539,45.092167],[25.702549,45.092176],[25.70257,45.092196],[25.702579,45.092207],[25.702587,45.092218],[25.702593,45.092231],[25.702595,45.092245],[25.702596,45.092259],[25.702595,45.092264],[25.702595,45.092264],[25.702594,45.092272],[25.702593,45.092275],[25.702592,45.092278],[25.702589,45.092287],[25.702585,45.092299],[25.70258,45.092313],[25.702573,45.092326],[25.702557,45.09235],[25.702548,45.092362],[25.702538,45.092373],[25.702527,45.092384],[25.702524,45.092386],[25.702522,45.092387],[25.702511,45.092398],[25.702499,45.092407],[25.702488,45.092414],[25.702483,45.092418],[25.702471,45.092427],[25.702456,45.092435],[25.702438,45.092441],[25.702419,45.092446],[25.702398,45.09245],[25.702392,45.092451],[25.70237,45.092456],[25.70235,45.092461],[25.70231,45.092468],[25.702291,45.092472],[25.702273,45.092475],[25.702256,45.092479],[25.702239,45.092481],[25.702224,45.092482],[25.70221,45.092481],[25.702197,45.092477],[25.702184,45.092472],[25.702173,45.092465],[25.702162,45.092457],[25.702153,45.092449],[25.702145,45.09244],[25.70214,45.092431],[25.702136,45.092422],[25.702132,45.092413],[25.702118,45.092391],[25.702117,45.092391],[25.702106,45.092386],[25.702099,45.092379],[25.702088,45.092366],[25.702082,45.09236],[25.702073,45.092355]],[[25.700887,45.092236],[25.700869,45.092236],[25.70085,45.092236],[25.700833,45.092236],[25.700825,45.092235],[25.700819,45.092233],[25.700815,45.092231],[25.700813,45.092229],[25.700813,45.092227],[25.700814,45.092224],[25.700818,45.092222],[25.700823,45.09222],[25.700836,45.092216],[25.700843,45.092213],[25.700858,45.092205],[25.700865,45.092203],[25.700888,45.092196],[25.700895,45.092193],[25.7009,45.09219],[25.700909,45.092185],[25.700923,45.092177],[25.700931,45.092173],[25.700935,45.092171],[25.700939,45.092171],[25.700942,45.092171],[25.700945,45.092173],[25.700948,45.092176],[25.700949,45.09218],[25.70095,45.092184],[25.700949,45.092189],[25.700947,45.092194],[25.700944,45.092197],[25.700937,45.092205],[25.700927,45.09222],[25.700923,45.092224],[25.700918,45.092228],[25.700912,45.092231],[25.700904,45.092233],[25.700896,45.092235],[25.700887,45.092236]],[[25.700994,45.092831],[25.701003,45.092831],[25.701012,45.092831],[25.70102,45.092833],[25.701028,45.092835],[25.701033,45.092837],[25.701059,45.09285],[25.701073,45.092858],[25.701079,45.092861],[25.701092,45.092865],[25.701097,45.092868],[25.701101,45.092871],[25.701103,45.092873],[25.701103,45.092876],[25.701103,45.092879],[25.701101,45.092882],[25.701098,45.092885],[25.701088,45.092894],[25.701084,45.092897],[25.70108,45.0929],[25.701061,45.09291],[25.701056,45.092913],[25.70105,45.092914],[25.701043,45.092915],[25.701035,45.092915],[25.701028,45.092914],[25.701021,45.092913],[25.701016,45.092911],[25.701011,45.092908],[25.700997,45.0929],[25.700992,45.092897],[25.700988,45.092894],[25.700976,45.092884],[25.700973,45.09288],[25.700969,45.092877],[25.700966,45.092871],[25.700965,45.092865],[25.700964,45.092859],[25.700964,45.092853],[25.700966,45.092847],[25.700968,45.092842],[25.700973,45.092838],[25.700979,45.092834],[25.700986,45.092832],[25.700994,45.092831]],[[25.701821,45.093197],[25.701818,45.093198],[25.701815,45.093197],[25.701812,45.093196],[25.70181,45.093194],[25.701808,45.093191],[25.701802,45.093178],[25.7018,45.093175],[25.701797,45.093172],[25.701794,45.093169],[25.701783,45.093162],[25.701772,45.093152],[25.701763,45.093146],[25.70176,45.093144],[25.701759,45.093142],[25.701758,45.093139],[25.701759,45.093137],[25.70176,45.093135],[25.701762,45.093134],[25.701765,45.093134],[25.701769,45.093134],[25.701772,45.093135],[25.701775,45.093137],[25.701783,45.093144],[25.701798,45.093152],[25.701801,45.093154],[25.70181,45.093162],[25.70182,45.093169],[25.701823,45.093172],[25.701825,45.093174],[25.701827,45.093178],[25.701828,45.093181],[25.701828,45.093185],[25.701828,45.093188],[25.701827,45.093191],[25.701826,45.093194],[25.701824,45.093196],[25.701821,45.093197]],[[25.701896,45.093218],[25.701892,45.093218],[25.701889,45.093217],[25.701886,45.093216],[25.701884,45.093215],[25.701878,45.093208],[25.701875,45.093206],[25.701872,45.093204],[25.701863,45.0932],[25.70186,45.093198],[25.701858,45.093196],[25.701857,45.093193],[25.701856,45.09319],[25.701855,45.093183],[25.701856,45.093177],[25.701857,45.093174],[25.701858,45.093172],[25.70186,45.09317],[25.701862,45.093168],[25.701865,45.093168],[25.701869,45.093168],[25.701872,45.093168],[25.701875,45.093169],[25.701877,45.093171],[25.701883,45.093177],[25.701886,45.093179],[25.701889,45.093181],[25.701898,45.093186],[25.701901,45.093187],[25.701903,45.09319],[25.701904,45.093193],[25.701906,45.093199],[25.701906,45.093205],[25.701906,45.093208],[25.701905,45.093211],[25.701903,45.093214],[25.701901,45.093216],[25.701899,45.093217],[25.701896,45.093218]],[[25.700442,45.093463],[25.700447,45.093462],[25.700455,45.093463],[25.700458,45.093463],[25.700459,45.093464],[25.70046,45.093465],[25.700461,45.093467],[25.700461,45.093471],[25.700461,45.093476],[25.70046,45.093478],[25.700459,45.093479],[25.700458,45.09348],[25.700455,45.09348],[25.700449,45.093481],[25.700442,45.093481],[25.700439,45.09348],[25.700438,45.093479],[25.700437,45.093478],[25.700436,45.093476],[25.700435,45.093472],[25.700436,45.093467],[25.700437,45.093465],[25.700438,45.093464],[25.700439,45.093463],[25.700442,45.093463]],[[25.700406,45.093549],[25.700403,45.09355],[25.7004,45.093551],[25.700396,45.093551],[25.700393,45.09355],[25.70039,45.093549],[25.700389,45.093547],[25.700387,45.093545],[25.700386,45.093539],[25.700386,45.093532],[25.700386,45.093529],[25.700387,45.093526],[25.700388,45.093523],[25.70039,45.093521],[25.700393,45.093519],[25.700402,45.093514],[25.700405,45.093513],[25.700408,45.09351],[25.700414,45.093504],[25.700416,45.093502],[25.700419,45.093501],[25.700422,45.093501],[25.700425,45.093501],[25.700428,45.093501],[25.700431,45.093503],[25.700433,45.093505],[25.700434,45.093507],[25.700435,45.09351],[25.700436,45.093516],[25.700435,45.093523],[25.700435,45.093526],[25.700433,45.093528],[25.700431,45.093531],[25.700429,45.093533],[25.700419,45.093537],[25.700416,45.093539],[25.700414,45.093541],[25.700408,45.093548],[25.700406,45.093549]],[[25.699361,45.093552],[25.69936,45.093555],[25.699355,45.093563],[25.699354,45.093566],[25.699354,45.093569],[25.699355,45.093572],[25.699361,45.093581],[25.699362,45.093585],[25.699361,45.093588],[25.69936,45.093592],[25.699358,45.093595],[25.699352,45.093602],[25.699349,45.093605],[25.699342,45.093618],[25.69934,45.093621],[25.699337,45.093624],[25.699333,45.093625],[25.699328,45.093625],[25.699324,45.093625],[25.69932,45.093623],[25.699306,45.093613],[25.699303,45.09361],[25.699302,45.093607],[25.699302,45.093604],[25.699303,45.0936],[25.699305,45.093597],[25.699311,45.09359],[25.699314,45.093586],[25.69932,45.093573],[25.69932,45.093572],[25.699321,45.09357],[25.699322,45.09357],[25.699323,45.093568],[25.699326,45.093564],[25.69933,45.093561],[25.699338,45.093555],[25.699345,45.09355],[25.699349,45.093548],[25.699353,45.093547],[25.699356,45.093547],[25.699359,45.093548],[25.699361,45.09355],[25.699361,45.093552]],[[25.700314,45.093607],[25.700326,45.093607],[25.700339,45.093608],[25.700344,45.093609],[25.700349,45.09361],[25.700353,45.093612],[25.700356,45.093615],[25.700356,45.093615],[25.700358,45.093616],[25.700359,45.093617],[25.700361,45.09362],[25.700362,45.093626],[25.700362,45.093637],[25.700361,45.093641],[25.70036,45.093645],[25.700359,45.093646],[25.700358,45.093648],[25.700354,45.093649],[25.70035,45.09365],[25.700345,45.09365],[25.700344,45.093649],[25.700342,45.093652],[25.70034,45.093655],[25.700335,45.093666],[25.700333,45.093669],[25.700331,45.093672],[25.700328,45.093675],[25.700325,45.093676],[25.70032,45.093678],[25.700315,45.093678],[25.700311,45.093679],[25.700306,45.093678],[25.700301,45.093678],[25.700297,45.093676],[25.700293,45.093675],[25.70029,45.093672],[25.700288,45.093668],[25.700286,45.093664],[25.700285,45.093656],[25.700284,45.093641],[25.700284,45.093632],[25.700285,45.093628],[25.700285,45.093624],[25.700285,45.093619],[25.700286,45.093616],[25.700287,45.093616],[25.700288,45.093615],[25.700291,45.093614],[25.700293,45.093613],[25.700297,45.09361],[25.700302,45.093609],[25.700307,45.093608],[25.700314,45.093607]],[[25.700178,45.093848],[25.700173,45.093849],[25.700169,45.093847],[25.700166,45.093844],[25.700165,45.093839],[25.700164,45.093833],[25.700164,45.093827],[25.700165,45.093826],[25.700163,45.093824],[25.700162,45.093821],[25.700163,45.093818],[25.70017,45.093808],[25.700172,45.093803],[25.700174,45.093793],[25.700179,45.093765],[25.70018,45.09376],[25.700182,45.093755],[25.700185,45.093751],[25.700189,45.093747],[25.700194,45.093745],[25.700199,45.093743],[25.700206,45.093742],[25.70021,45.093741],[25.700216,45.093739],[25.700218,45.093737],[25.700224,45.093733],[25.700238,45.093726],[25.700245,45.093723],[25.700252,45.093721],[25.70026,45.093721],[25.700267,45.093722],[25.700272,45.093725],[25.700276,45.093729],[25.700278,45.093734],[25.700278,45.093737],[25.700278,45.093738],[25.700279,45.093742],[25.700279,45.093744],[25.700278,45.093747],[25.700276,45.093751],[25.700274,45.093754],[25.700266,45.093763],[25.700259,45.093776],[25.700255,45.093782],[25.700245,45.093793],[25.700231,45.093812],[25.700225,45.093817],[25.700218,45.093822],[25.700203,45.093829],[25.700197,45.093833],[25.700191,45.093838],[25.700182,45.093846],[25.700178,45.093848]],[[25.701383,45.093997],[25.701371,45.093969],[25.701364,45.093956],[25.701346,45.093914],[25.701339,45.093901],[25.70132,45.09386],[25.701313,45.093846],[25.701301,45.093819],[25.701294,45.093806],[25.701287,45.093793],[25.701273,45.093766],[25.701265,45.093753],[25.701247,45.093729],[25.701238,45.093718],[25.701227,45.093707],[25.701215,45.093697],[25.701198,45.093684],[25.701195,45.093682],[25.701182,45.093674],[25.701169,45.093665],[25.701158,45.093655],[25.701148,45.093645],[25.701146,45.093643],[25.701144,45.093641],[25.701135,45.093632],[25.701127,45.093623],[25.701122,45.093613],[25.701121,45.093603],[25.701121,45.093602],[25.701121,45.093594],[25.701123,45.093589],[25.701123,45.093588],[25.701124,45.093584],[25.701126,45.093579],[25.701129,45.093575],[25.701131,45.093572],[25.701145,45.093553],[25.701154,45.093542],[25.701165,45.093532],[25.701175,45.093523],[25.70118,45.09352],[25.701181,45.093518],[25.701195,45.093508],[25.701203,45.093502],[25.701212,45.093498],[25.701221,45.093495],[25.701227,45.093495],[25.70123,45.093494],[25.701243,45.093493],[25.701258,45.093495],[25.701273,45.093498],[25.701289,45.093502],[25.701304,45.093508],[25.701306,45.093509],[25.701346,45.093522],[25.701363,45.093528],[25.701385,45.093536],[25.701394,45.09354],[25.701396,45.093541],[25.701402,45.093543],[25.701419,45.093547],[25.701436,45.09355],[25.701453,45.093551],[25.70147,45.093549],[25.701486,45.093546],[25.701503,45.093542],[25.70152,45.093536],[25.701535,45.09353],[25.701566,45.093516],[25.701614,45.093497],[25.701629,45.093491],[25.701657,45.093482],[25.701669,45.09348],[25.701679,45.093479],[25.701688,45.093483],[25.701694,45.09349],[25.701698,45.0935],[25.7017,45.093512],[25.701701,45.093525],[25.701702,45.09356],[25.701704,45.093569],[25.70171,45.093576],[25.70172,45.09358],[25.701732,45.093581],[25.701745,45.093579],[25.701758,45.093577],[25.701769,45.093572],[25.701785,45.093566],[25.701817,45.093556],[25.70183,45.093554],[25.701837,45.093551],[25.701852,45.093547],[25.701867,45.093543],[25.701883,45.093542],[25.701898,45.093543],[25.701915,45.093546],[25.701932,45.093549],[25.701967,45.093558],[25.701985,45.093563],[25.702002,45.09357],[25.702017,45.093577],[25.702031,45.093586],[25.702043,45.093596],[25.702052,45.093608],[25.702058,45.093622],[25.702062,45.093637],[25.702065,45.093653],[25.702066,45.093669],[25.702066,45.093684],[25.702064,45.093699],[25.702062,45.093712],[25.702057,45.093723],[25.702051,45.09373],[25.702042,45.093733],[25.702032,45.093732],[25.702021,45.093729],[25.702009,45.093724],[25.701996,45.093717],[25.701983,45.09371],[25.701956,45.093697],[25.701942,45.093692],[25.701928,45.093689],[25.701914,45.093688],[25.7019,45.09369],[25.701888,45.093695],[25.701877,45.093702],[25.701866,45.09371],[25.70186,45.093716],[25.701854,45.093723],[25.701836,45.093745],[25.701835,45.093747],[25.701834,45.093758],[25.701836,45.093769],[25.701842,45.093779],[25.70185,45.093789],[25.70187,45.093808],[25.70188,45.093817],[25.70189,45.093826],[25.701899,45.093835],[25.701906,45.093845],[25.701911,45.093854],[25.701911,45.093863],[25.701908,45.093872],[25.701901,45.093881],[25.701893,45.09389],[25.701883,45.093899],[25.70186,45.093918],[25.701824,45.093946],[25.7018,45.093965],[25.701789,45.093975],[25.701778,45.093986],[25.701729,45.094043],[25.701718,45.094053],[25.701706,45.094064],[25.701694,45.094073],[25.701681,45.094082],[25.701666,45.09409],[25.701648,45.094096],[25.701628,45.0941],[25.701607,45.094103],[25.701584,45.094105],[25.701561,45.094105],[25.701538,45.094105],[25.701515,45.094103],[25.701494,45.094101],[25.701474,45.094097],[25.701457,45.094091],[25.701444,45.094082],[25.701432,45.094072],[25.701421,45.094062],[25.701412,45.09405],[25.701393,45.094017],[25.701392,45.094015],[25.701392,45.094014],[25.70139,45.09401],[25.701383,45.093997]],[[25.700183,45.093912],[25.70018,45.093914],[25.700175,45.093914],[25.700171,45.093914],[25.700168,45.093914],[25.700165,45.093912],[25.700164,45.093911],[25.700163,45.09391],[25.700161,45.093906],[25.700161,45.0939],[25.700161,45.093893],[25.700161,45.093887],[25.700162,45.093883],[25.700163,45.093882],[25.700164,45.09388],[25.700166,45.093879],[25.70017,45.093878],[25.700177,45.093878],[25.700181,45.093879],[25.700183,45.09388],[25.700184,45.093881],[25.700186,45.093885],[25.700187,45.093891],[25.700187,45.093902],[25.700187,45.093906],[25.700186,45.093909],[25.700185,45.093911],[25.700183,45.093912]],[[25.70013,45.093986],[25.700125,45.093987],[25.700116,45.093987],[25.700107,45.093987],[25.700098,45.093987],[25.700093,45.093986],[25.700091,45.093985],[25.700089,45.093984],[25.700087,45.093982],[25.700086,45.093979],[25.700086,45.093975],[25.700087,45.093974],[25.700087,45.093973],[25.700087,45.093973],[25.700086,45.093971],[25.700085,45.093967],[25.700086,45.093962],[25.700087,45.09396],[25.700088,45.093959],[25.700089,45.093958],[25.700092,45.093957],[25.700098,45.093957],[25.700105,45.093957],[25.700108,45.093958],[25.700109,45.093959],[25.70011,45.093959],[25.700111,45.093962],[25.700112,45.093965],[25.700111,45.093968],[25.700119,45.093968],[25.700127,45.093969],[25.700132,45.09397],[25.700134,45.093971],[25.700135,45.093972],[25.700137,45.093975],[25.700137,45.09398],[25.700135,45.093983],[25.700134,45.093984],[25.700132,45.093985],[25.70013,45.093986]],[[25.699917,45.094204],[25.699923,45.094204],[25.69993,45.094204],[25.699933,45.094205],[25.699934,45.094205],[25.699935,45.094206],[25.699936,45.094208],[25.699937,45.094212],[25.699936,45.094217],[25.699935,45.094219],[25.699934,45.09422],[25.699933,45.094221],[25.69993,45.094222],[25.699925,45.094222],[25.699917,45.094222],[25.699914,45.094221],[25.699913,45.09422],[25.699912,45.09422],[25.699911,45.094217],[25.699911,45.094214],[25.699911,45.094208],[25.699912,45.094206],[25.699913,45.094205],[25.699914,45.094205],[25.699917,45.094204]],[[25.698624,45.094867],[25.698614,45.094867],[25.698604,45.094867],[25.698597,45.094865],[25.698593,45.094864],[25.698589,45.094864],[25.698584,45.094863],[25.698581,45.094861],[25.69858,45.094861],[25.698571,45.094858],[25.698563,45.094854],[25.698558,45.094851],[25.698554,45.094847],[25.698551,45.094844],[25.698549,45.09484],[25.698548,45.094836],[25.698549,45.094832],[25.698552,45.094827],[25.698574,45.094803],[25.698581,45.094796],[25.698604,45.094778],[25.69861,45.094771],[25.698629,45.094748],[25.698632,45.094743],[25.69864,45.09473],[25.698643,45.094726],[25.698648,45.094723],[25.698655,45.094718],[25.698663,45.094715],[25.698678,45.094709],[25.698684,45.094708],[25.698686,45.094708],[25.69869,45.094707],[25.698696,45.094706],[25.698701,45.094706],[25.698706,45.094707],[25.698711,45.094708],[25.698711,45.094708],[25.698715,45.094709],[25.698722,45.094712],[25.698727,45.094717],[25.698729,45.094722],[25.69873,45.094728],[25.698729,45.094733],[25.698728,45.094738],[25.698722,45.094754],[25.698719,45.094761],[25.698714,45.094768],[25.69871,45.094772],[25.698696,45.094784],[25.698692,45.094787],[25.698688,45.094794],[25.698685,45.094802],[25.698684,45.09481],[25.698681,45.094823],[25.698682,45.094824],[25.698688,45.09483],[25.69869,45.094833],[25.698691,45.094836],[25.69869,45.094839],[25.698687,45.094842],[25.698683,45.094844],[25.698678,45.094846],[25.698672,45.094847],[25.698666,45.094848],[25.698664,45.09485],[25.698659,45.094853],[25.698653,45.094857],[25.698647,45.09486],[25.698641,45.094863],[25.698634,45.094865],[25.698624,45.094867]],[[25.699436,45.094864],[25.699436,45.094859],[25.699437,45.094857],[25.699438,45.094856],[25.699439,45.094856],[25.699442,45.094855],[25.699448,45.094854],[25.699455,45.094855],[25.699458,45.094856],[25.699459,45.094856],[25.69946,45.094857],[25.699461,45.094859],[25.699462,45.094863],[25.699462,45.094868],[25.69946,45.09487],[25.69946,45.094871],[25.699458,45.094872],[25.699455,45.094873],[25.69945,45.094873],[25.699443,45.094873],[25.69944,45.094872],[25.699438,45.094871],[25.699437,45.094871],[25.699436,45.094868],[25.699436,45.094864]],[[25.699362,45.095058],[25.699363,45.095062],[25.699362,45.095067],[25.699361,45.095069],[25.69936,45.09507],[25.699359,45.09507],[25.699356,45.095071],[25.699351,45.095072],[25.699343,45.095071],[25.69934,45.095071],[25.699339,45.09507],[25.699338,45.095069],[25.699337,45.095067],[25.699337,45.095063],[25.699337,45.095058],[25.699338,45.095056],[25.699339,45.095055],[25.69934,45.095054],[25.699343,45.095053],[25.699349,45.095053],[25.699356,45.095053],[25.699359,45.095054],[25.69936,45.095055],[25.699361,45.095056],[25.699362,45.095058]],[[25.699295,45.095194],[25.699288,45.095195],[25.69928,45.095196],[25.699272,45.095196],[25.699265,45.095195],[25.699258,45.095194],[25.699254,45.095192],[25.699251,45.095189],[25.69925,45.095187],[25.69925,45.095184],[25.699251,45.095181],[25.699256,45.095168],[25.699261,45.09515],[25.699264,45.095144],[25.699267,45.095138],[25.69927,45.095132],[25.699274,45.095129],[25.699289,45.095115],[25.699294,45.095111],[25.699298,45.095108],[25.699316,45.095098],[25.699321,45.095096],[25.699327,45.095094],[25.699333,45.095094],[25.699338,45.095094],[25.699343,45.095094],[25.699347,45.095096],[25.699348,45.095098],[25.699349,45.0951],[25.699349,45.095103],[25.699347,45.095105],[25.699334,45.095121],[25.699328,45.095128],[25.699326,45.095131],[25.699323,45.095136],[25.699322,45.095141],[25.699322,45.095146],[25.699322,45.095151],[25.699323,45.095156],[25.699326,45.095166],[25.699326,45.095169],[25.699326,45.095173],[25.699324,45.095176],[25.699322,45.095179],[25.699315,45.095184],[25.699307,45.09519],[25.699302,45.095192],[25.699295,45.095194]],[[25.699089,45.095406],[25.699079,45.095407],[25.699071,45.095407],[25.699063,45.095406],[25.699057,45.095403],[25.699053,45.095398],[25.699052,45.095393],[25.699053,45.095387],[25.699056,45.095382],[25.699065,45.095374],[25.69907,45.095369],[25.699087,45.095358],[25.699096,45.095352],[25.699104,45.095345],[25.699118,45.09533],[25.699124,45.095325],[25.699142,45.09531],[25.699167,45.09529],[25.699175,45.095285],[25.699181,45.095284],[25.699187,45.095283],[25.699194,45.095283],[25.699209,45.095285],[25.699218,45.095287],[25.699226,45.095289],[25.699232,45.095291],[25.699237,45.095294],[25.699239,45.095297],[25.699238,45.0953],[25.699235,45.095304],[25.699225,45.095312],[25.69922,45.095316],[25.699212,45.095325],[25.699209,45.095329],[25.699206,45.095333],[25.699204,45.095338],[25.699201,45.095346],[25.699199,45.095351],[25.699196,45.095355],[25.699191,45.095359],[25.69918,45.095368],[25.699174,45.095371],[25.699165,45.095376],[25.699135,45.095386],[25.699125,45.09539],[25.699107,45.0954],[25.699097,45.095404],[25.699089,45.095406]],[[25.699717,45.095483],[25.699712,45.095483],[25.699704,45.095483],[25.699701,45.095482],[25.6997,45.095482],[25.699699,45.095481],[25.699698,45.095479],[25.699697,45.095475],[25.699698,45.09547],[25.699699,45.095468],[25.6997,45.095467],[25.699701,45.095466],[25.699704,45.095465],[25.699709,45.095465],[25.699717,45.095465],[25.69972,45.095466],[25.699721,45.095467],[25.699722,45.095467],[25.699723,45.09547],[25.699724,45.095473],[25.699723,45.095479],[25.699722,45.095481],[25.699721,45.095482],[25.69972,45.095482],[25.699717,45.095483]],[[25.700579,45.096048],[25.700549,45.096033],[25.700534,45.096026],[25.700504,45.096011],[25.70046,45.095988],[25.700444,45.095981],[25.700429,45.095974],[25.700411,45.095968],[25.700393,45.095963],[25.700375,45.095958],[25.700354,45.095955],[25.700332,45.095952],[25.700309,45.095951],[25.700286,45.09595],[25.700213,45.095947],[25.70019,45.095946],[25.700168,45.095943],[25.700147,45.09594],[25.700129,45.095935],[25.700113,45.095928],[25.700099,45.09592],[25.700087,45.095911],[25.700065,45.09589],[25.700045,45.095868],[25.700013,45.095836],[25.699993,45.095814],[25.699961,45.095784],[25.69995,45.095774],[25.69994,45.095763],[25.699932,45.095753],[25.699925,45.095742],[25.699921,45.09573],[25.69992,45.095717],[25.699922,45.095704],[25.699932,45.095667],[25.699935,45.095655],[25.699936,45.095642],[25.699934,45.09563],[25.699929,45.095619],[25.699921,45.095608],[25.69991,45.095599],[25.699898,45.09559],[25.699857,45.095565],[25.69983,45.095548],[25.699807,45.095531],[25.699797,45.095523],[25.699789,45.095515],[25.699783,45.095508],[25.699782,45.095501],[25.699786,45.095496],[25.699795,45.095492],[25.699809,45.09549],[25.699826,45.095489],[25.699845,45.095489],[25.699864,45.095491],[25.699883,45.095492],[25.699903,45.095493],[25.699924,45.095493],[25.699944,45.095492],[25.699963,45.095488],[25.69998,45.095483],[25.699994,45.095476],[25.700006,45.095467],[25.700018,45.095457],[25.700028,45.095446],[25.700029,45.095445],[25.700041,45.095426],[25.700048,45.095413],[25.700055,45.0954],[25.700061,45.095387],[25.700065,45.095373],[25.700067,45.095358],[25.700068,45.095343],[25.700067,45.095328],[25.700064,45.095301],[25.700064,45.095288],[25.700066,45.095275],[25.700072,45.095263],[25.70008,45.095253],[25.70009,45.095247],[25.700091,45.095244],[25.700098,45.09524],[25.70011,45.095236],[25.700123,45.095233],[25.70013,45.09523],[25.700167,45.095221],[25.700218,45.095206],[25.700233,45.0952],[25.700234,45.095199],[25.70024,45.095195],[25.700248,45.095187],[25.700253,45.095177],[25.700254,45.095166],[25.700256,45.095139],[25.700256,45.095137],[25.700256,45.095134],[25.700257,45.095119],[25.700259,45.095105],[25.700262,45.095092],[25.700268,45.09508],[25.700276,45.095071],[25.700288,45.095065],[25.700302,45.095062],[25.700318,45.095061],[25.700324,45.095061],[25.700329,45.09506],[25.700349,45.095059],[25.700368,45.09506],[25.700378,45.09506],[25.700379,45.09506],[25.700401,45.095059],[25.700424,45.095058],[25.700446,45.095056],[25.700466,45.095053],[25.700525,45.095041],[25.700544,45.095037],[25.700562,45.095033],[25.700579,45.09503],[25.700596,45.095027],[25.700611,45.095025],[25.700627,45.095025],[25.700642,45.095028],[25.700658,45.095031],[25.700674,45.095036],[25.700689,45.095042],[25.700704,45.095048],[25.700719,45.095055],[25.70075,45.095068],[25.700766,45.095075],[25.700797,45.095089],[25.700814,45.095095],[25.70085,45.095106],[25.700869,45.09511],[25.70089,45.095114],[25.700931,45.095121],[25.700951,45.095124],[25.700972,45.095127],[25.701039,45.095135],[25.70106,45.095137],[25.70108,45.095141],[25.701097,45.095147],[25.701112,45.095154],[25.701139,45.095171],[25.701164,45.09519],[25.701175,45.0952],[25.701186,45.09521],[25.701195,45.095221],[25.701213,45.095243],[25.70122,45.095254],[25.701226,45.095265],[25.701229,45.095278],[25.70123,45.09529],[25.701226,45.095318],[25.701223,45.095348],[25.701217,45.095408],[25.701217,45.09542],[25.701219,45.095432],[25.701223,45.095444],[25.701229,45.095455],[25.701236,45.095466],[25.701246,45.095477],[25.701253,45.095484],[25.70126,45.09549],[25.701295,45.09552],[25.701317,45.095541],[25.701347,45.095574],[25.701357,45.095585],[25.701366,45.095597],[25.701375,45.095609],[25.701382,45.095622],[25.701386,45.09563],[25.701394,45.095642],[25.7014,45.095655],[25.701405,45.095668],[25.70141,45.095681],[25.701413,45.095694],[25.701414,45.095701],[25.701414,45.095701],[25.701414,45.095703],[25.701415,45.095706],[25.701415,45.095706],[25.701415,45.095714],[25.701413,45.095727],[25.701409,45.095739],[25.701403,45.095751],[25.701397,45.095763],[25.701389,45.095774],[25.70138,45.095785],[25.701371,45.095795],[25.70137,45.095796],[25.701355,45.095814],[25.701346,45.095826],[25.701335,45.095836],[25.701324,45.095846],[25.7013,45.095866],[25.701287,45.095875],[25.701274,45.095884],[25.701248,45.095901],[25.701234,45.095909],[25.701219,45.095917],[25.701203,45.095924],[25.701186,45.09593],[25.701167,45.095935],[25.701146,45.095938],[25.701125,45.095941],[25.70108,45.095945],[25.701058,45.095948],[25.701037,45.095952],[25.701018,45.095956],[25.701001,45.095962],[25.700984,45.095969],[25.700954,45.095983],[25.700939,45.095991],[25.700908,45.096005],[25.700893,45.096013],[25.700862,45.096027],[25.700845,45.096034],[25.700811,45.096046],[25.700793,45.096051],[25.700739,45.096065],[25.70072,45.096069],[25.700702,45.096072],[25.700685,45.096074],[25.700669,45.096075],[25.700654,45.096074],[25.700639,45.09607],[25.700624,45.096066],[25.700594,45.096054],[25.700579,45.096048]],[[25.697528,45.096935],[25.697519,45.096927],[25.69751,45.096917],[25.697502,45.096907],[25.697494,45.096897],[25.697483,45.09689],[25.697471,45.096886],[25.697457,45.096885],[25.697442,45.096887],[25.697427,45.09689],[25.697412,45.096895],[25.697397,45.096901],[25.697367,45.096914],[25.697352,45.096919],[25.697337,45.096924],[25.697322,45.096927],[25.697307,45.096928],[25.697294,45.096927],[25.697284,45.096923],[25.697279,45.096918],[25.697279,45.09691],[25.69728,45.096901],[25.697283,45.09689],[25.697286,45.096878],[25.697288,45.096864],[25.697292,45.096824],[25.697294,45.096813],[25.697299,45.096803],[25.697308,45.096794],[25.69732,45.096786],[25.697335,45.09678],[25.697353,45.096775],[25.697372,45.096771],[25.697391,45.096768],[25.697409,45.096765],[25.697429,45.096763],[25.697449,45.096763],[25.697469,45.096764],[25.697487,45.096768],[25.697504,45.096774],[25.69752,45.09678],[25.697535,45.096788],[25.697549,45.096796],[25.697576,45.096814],[25.697588,45.096823],[25.6976,45.096833],[25.69761,45.096843],[25.69762,45.096854],[25.697627,45.096864],[25.697631,45.096875],[25.697634,45.096886],[25.697633,45.096896],[25.697628,45.096905],[25.697621,45.096914],[25.697612,45.096923],[25.697602,45.096931],[25.697591,45.096938],[25.69758,45.096944],[25.697568,45.096948],[25.697557,45.09695],[25.697546,45.096948],[25.697537,45.096943],[25.697528,45.096935]],[[25.695333,45.098537],[25.695338,45.098536],[25.695345,45.098536],[25.695351,45.098537],[25.695356,45.098539],[25.695361,45.098541],[25.695365,45.098544],[25.695379,45.098553],[25.695383,45.098556],[25.695386,45.09856],[25.695389,45.098565],[25.695396,45.098578],[25.695399,45.098582],[25.695406,45.09859],[25.695409,45.098593],[25.695411,45.098597],[25.695412,45.098602],[25.695412,45.098606],[25.695411,45.09861],[25.695409,45.098614],[25.695406,45.098618],[25.695401,45.09862],[25.695396,45.098622],[25.695389,45.098623],[25.695382,45.098623],[25.695375,45.098624],[25.695368,45.098623],[25.695361,45.098623],[25.695354,45.098621],[25.695348,45.098619],[25.695343,45.098617],[25.695325,45.098604],[25.695321,45.098601],[25.695318,45.098597],[25.695316,45.098592],[25.695315,45.098586],[25.695314,45.098581],[25.695313,45.09857],[25.695314,45.098559],[25.695315,45.098553],[25.695317,45.098548],[25.695319,45.098544],[25.695323,45.098541],[25.695327,45.098538],[25.695333,45.098537]],[[25.695391,45.099005],[25.695403,45.099002],[25.695415,45.099002],[25.695427,45.099005],[25.695438,45.099011],[25.695449,45.099018],[25.695459,45.099027],[25.695467,45.099037],[25.695474,45.099049],[25.69548,45.09906],[25.695483,45.099073],[25.695483,45.099086],[25.695482,45.099098],[25.69547,45.099133],[25.695469,45.099145],[25.69547,45.099156],[25.695474,45.099166],[25.69548,45.099174],[25.695487,45.099182],[25.695492,45.099189],[25.695494,45.099196],[25.695493,45.099204],[25.695489,45.099212],[25.695485,45.099219],[25.695482,45.099226],[25.695483,45.099234],[25.695487,45.099243],[25.695493,45.099251],[25.6955,45.09926],[25.695506,45.09927],[25.69551,45.099279],[25.695511,45.099283],[25.695513,45.099294],[25.695511,45.099304],[25.695506,45.099311],[25.695504,45.099313],[25.695504,45.099313],[25.695495,45.099322],[25.695483,45.099328],[25.695469,45.099332],[25.695453,45.099333],[25.695437,45.099332],[25.695422,45.099328],[25.695406,45.099323],[25.695373,45.099311],[25.695357,45.099304],[25.695342,45.099297],[25.69533,45.099287],[25.695307,45.099266],[25.695296,45.099255],[25.695285,45.099245],[25.695277,45.099233],[25.695273,45.099226],[25.695272,45.099225],[25.695265,45.099213],[25.695259,45.099202],[25.695256,45.09919],[25.695254,45.099179],[25.695257,45.099146],[25.69526,45.099136],[25.695266,45.099126],[25.695276,45.099116],[25.695288,45.099108],[25.6953,45.099099],[25.695317,45.099088],[25.695318,45.099087],[25.695322,45.099077],[25.695326,45.099067],[25.695331,45.099055],[25.695338,45.099044],[25.695346,45.099034],[25.695356,45.099025],[25.695367,45.099017],[25.695379,45.09901],[25.695391,45.099005]],[[25.694989,45.099861],[25.694993,45.09986],[25.694998,45.09986],[25.695003,45.099861],[25.695024,45.099867],[25.695032,45.09987],[25.69504,45.099873],[25.695071,45.099888],[25.695085,45.099897],[25.6951,45.099905],[25.695107,45.099909],[25.695113,45.099914],[25.695119,45.099922],[25.695123,45.09993],[25.695125,45.099939],[25.695127,45.099949],[25.695128,45.099958],[25.695128,45.099968],[25.695127,45.099977],[25.695125,45.099985],[25.695122,45.099992],[25.695118,45.099997],[25.695113,45.099999],[25.695108,45.099999],[25.695103,45.099998],[25.695097,45.099996],[25.69509,45.099993],[25.695084,45.09999],[25.695058,45.099973],[25.695032,45.099954],[25.695026,45.099949],[25.695015,45.099938],[25.69501,45.099932],[25.695005,45.099924],[25.695002,45.099916],[25.694999,45.099907],[25.694993,45.099883],[25.69499,45.099876],[25.694987,45.099867],[25.694987,45.099864],[25.694989,45.099861]],[[25.694601,45.100278],[25.694607,45.100276],[25.694614,45.100275],[25.694623,45.100275],[25.694677,45.100282],[25.69469,45.100283],[25.694702,45.100286],[25.694712,45.100289],[25.694719,45.100292],[25.694722,45.100296],[25.694723,45.100299],[25.694723,45.100303],[25.694721,45.100307],[25.694719,45.100312],[25.694716,45.100316],[25.69469,45.100348],[25.694684,45.100357],[25.694673,45.100377],[25.694668,45.100387],[25.694649,45.100415],[25.694643,45.100422],[25.694637,45.100426],[25.694633,45.100428],[25.694628,45.100428],[25.694624,45.100427],[25.694619,45.100425],[25.694615,45.100423],[25.69461,45.10042],[25.694606,45.100415],[25.694602,45.100409],[25.694597,45.100398],[25.694596,45.100393],[25.694597,45.100389],[25.694598,45.100384],[25.694602,45.100379],[25.694613,45.100368],[25.694621,45.100358],[25.694624,45.100353],[25.694627,45.100348],[25.694629,45.100341],[25.694629,45.100334],[25.694627,45.100327],[25.694625,45.100322],[25.694618,45.100312],[25.694607,45.100298],[25.694602,45.10029],[25.6946,45.100286],[25.694599,45.100283],[25.694599,45.10028],[25.694601,45.100278]],[[25.694109,45.101118],[25.694093,45.101121],[25.694076,45.101123],[25.694058,45.101123],[25.694042,45.101121],[25.694026,45.101118],[25.693998,45.10111],[25.693985,45.101108],[25.693973,45.101107],[25.693962,45.101109],[25.693952,45.101114],[25.693933,45.101129],[25.693922,45.101135],[25.693907,45.10114],[25.693891,45.101142],[25.693874,45.101141],[25.693858,45.101139],[25.693843,45.101134],[25.693795,45.101116],[25.69378,45.101109],[25.693768,45.101101],[25.693759,45.10109],[25.693753,45.101077],[25.69375,45.101062],[25.693749,45.101048],[25.693751,45.101033],[25.693761,45.10099],[25.693765,45.100976],[25.69377,45.100962],[25.693776,45.100951],[25.693785,45.100943],[25.693796,45.100938],[25.693809,45.100937],[25.693823,45.100938],[25.693837,45.100942],[25.693869,45.100952],[25.693885,45.100958],[25.693936,45.100976],[25.693987,45.100996],[25.694035,45.101018],[25.694068,45.101032],[25.694113,45.101054],[25.694141,45.101067],[25.694152,45.101074],[25.694161,45.10108],[25.694167,45.101086],[25.694167,45.101092],[25.694161,45.101098],[25.694151,45.101104],[25.694139,45.101109],[25.694125,45.101114],[25.694109,45.101118]],[[25.695107,45.10148],[25.695094,45.101476],[25.695082,45.10147],[25.695078,45.101467],[25.695073,45.101465],[25.695073,45.101464],[25.695067,45.101458],[25.695064,45.101452],[25.695067,45.101447],[25.695073,45.101445],[25.695081,45.101444],[25.695105,45.101446],[25.695119,45.101445],[25.695134,45.101443],[25.695149,45.101439],[25.695163,45.101434],[25.695177,45.101428],[25.695189,45.101421],[25.695209,45.101405],[25.695216,45.101398],[25.69522,45.101391],[25.695221,45.101384],[25.695222,45.101372],[25.695225,45.101367],[25.695231,45.101364],[25.695239,45.101363],[25.695248,45.101361],[25.695255,45.101352],[25.695261,45.101343],[25.695268,45.101325],[25.695273,45.101316],[25.695275,45.101314],[25.695277,45.10131],[25.695283,45.101301],[25.69529,45.101292],[25.695296,45.101283],[25.695299,45.101272],[25.695299,45.101261],[25.695297,45.10125],[25.695292,45.101225],[25.695286,45.101201],[25.695285,45.10119],[25.695286,45.101179],[25.695291,45.101171],[25.695298,45.101165],[25.695307,45.101161],[25.695318,45.101156],[25.695329,45.101151],[25.695339,45.101144],[25.695348,45.101137],[25.695359,45.101131],[25.695371,45.101127],[25.695385,45.101125],[25.69539,45.101123],[25.695404,45.101117],[25.695416,45.10111],[25.695427,45.101103],[25.695438,45.101097],[25.695445,45.101093],[25.695447,45.10109],[25.695453,45.101081],[25.695456,45.10107],[25.695457,45.101057],[25.695455,45.101045],[25.69545,45.101033],[25.695443,45.101022],[25.695435,45.101012],[25.69541,45.100985],[25.695405,45.100977],[25.695403,45.100971],[25.695403,45.10097],[25.695401,45.100966],[25.695402,45.100961],[25.695409,45.10096],[25.695419,45.10096],[25.695449,45.100963],[25.695466,45.100966],[25.695484,45.10097],[25.695516,45.100979],[25.69553,45.100985],[25.695542,45.10099],[25.695552,45.100996],[25.695559,45.101002],[25.69556,45.101008],[25.695556,45.101013],[25.695541,45.101025],[25.695535,45.101032],[25.69553,45.101039],[25.69553,45.101045],[25.695531,45.101048],[25.695537,45.101055],[25.695558,45.101075],[25.695561,45.10108],[25.69556,45.101086],[25.695554,45.101092],[25.695534,45.101104],[25.695526,45.10111],[25.695521,45.101117],[25.695516,45.101127],[25.695513,45.101137],[25.69551,45.101147],[25.695509,45.10115],[25.695509,45.101152],[25.695506,45.101163],[25.695496,45.101184],[25.695496,45.101185],[25.69549,45.101197],[25.69547,45.101234],[25.695469,45.101235],[25.695465,45.101244],[25.695445,45.101279],[25.695441,45.101286],[25.695435,45.101297],[25.695422,45.101322],[25.695414,45.101335],[25.695397,45.101359],[25.695387,45.10137],[25.695377,45.101381],[25.695365,45.101391],[25.695352,45.1014],[25.695339,45.101409],[25.695325,45.101417],[25.69531,45.101425],[25.695293,45.101432],[25.695266,45.101442],[25.695239,45.101455],[25.695239,45.101455],[25.695224,45.101462],[25.695208,45.101468],[25.695191,45.101474],[25.695174,45.101478],[25.695157,45.101482],[25.69514,45.101483],[25.695123,45.101483],[25.695107,45.10148]],[[25.695842,45.101319],[25.695836,45.10132],[25.69583,45.101321],[25.695824,45.101321],[25.695818,45.10132],[25.695811,45.101317],[25.695804,45.101313],[25.69577,45.101291],[25.695761,45.101287],[25.695752,45.101284],[25.695742,45.101281],[25.695732,45.10128],[25.695717,45.101278],[25.695708,45.101277],[25.695698,45.101275],[25.695689,45.101271],[25.695683,45.101268],[25.695678,45.101264],[25.695673,45.10126],[25.695669,45.101256],[25.695665,45.101248],[25.695664,45.101239],[25.695664,45.10123],[25.695667,45.101222],[25.69567,45.101216],[25.695678,45.101206],[25.695682,45.1012],[25.695687,45.101195],[25.695698,45.101185],[25.69571,45.101176],[25.695724,45.101166],[25.695732,45.101161],[25.695741,45.101157],[25.69575,45.101154],[25.695761,45.101153],[25.695772,45.101153],[25.69578,45.101154],[25.695799,45.101157],[25.695811,45.10116],[25.695822,45.101163],[25.695851,45.101174],[25.695864,45.101179],[25.695875,45.101185],[25.695885,45.101192],[25.695893,45.101202],[25.695898,45.101214],[25.695901,45.101227],[25.695903,45.10124],[25.695902,45.101254],[25.6959,45.101267],[25.695896,45.101279],[25.695889,45.101289],[25.695883,45.101296],[25.695875,45.101302],[25.69586,45.10131],[25.695854,45.101314],[25.695848,45.101316],[25.695842,45.101319]],[[25.695055,45.101311],[25.695049,45.101303],[25.695032,45.101277],[25.695022,45.101265],[25.695017,45.101257],[25.695006,45.101235],[25.695004,45.10123],[25.695003,45.101223],[25.695004,45.101217],[25.695009,45.101212],[25.695015,45.101209],[25.695024,45.101208],[25.695034,45.101209],[25.695041,45.10121],[25.695059,45.101215],[25.695071,45.101219],[25.695082,45.101223],[25.695089,45.101227],[25.695104,45.101235],[25.695111,45.101239],[25.695118,45.101244],[25.695137,45.101258],[25.695143,45.101263],[25.695148,45.101268],[25.695152,45.101274],[25.695157,45.10128],[25.695157,45.101282],[25.695159,45.101284],[25.695163,45.10129],[25.695164,45.101297],[25.695165,45.101304],[25.695165,45.101312],[25.695163,45.101318],[25.69516,45.101325],[25.695156,45.101331],[25.69514,45.101347],[25.695129,45.101357],[25.695116,45.101371],[25.695112,45.101374],[25.695107,45.101375],[25.695102,45.101374],[25.695097,45.101371],[25.695093,45.101367],[25.695085,45.101356],[25.695075,45.101346],[25.695071,45.10134],[25.695057,45.101316],[25.695055,45.101311],[25.695055,45.101311]],[[25.696189,45.101321],[25.696188,45.101317],[25.696189,45.101313],[25.69619,45.101309],[25.696192,45.101306],[25.696195,45.101303],[25.696211,45.101291],[25.696214,45.101289],[25.696218,45.101287],[25.696223,45.101285],[25.69623,45.101284],[25.696231,45.101284],[25.696239,45.101278],[25.696242,45.101276],[25.696245,45.101275],[25.696249,45.101275],[25.696253,45.101275],[25.696256,45.101276],[25.696259,45.101277],[25.696268,45.101284],[25.696269,45.101284],[25.696275,45.101286],[25.696279,45.101288],[25.696282,45.101291],[25.696285,45.101295],[25.696286,45.1013],[25.696287,45.101302],[25.696287,45.101302],[25.696288,45.10131],[25.696289,45.101318],[25.696288,45.101326],[25.696286,45.101333],[25.696285,45.101336],[25.696283,45.101338],[25.69628,45.101339],[25.696278,45.10134],[25.696275,45.10134],[25.696271,45.101339],[25.696271,45.101339],[25.696261,45.101347],[25.696258,45.101349],[25.696254,45.10135],[25.69625,45.10135],[25.696247,45.10135],[25.696243,45.101349],[25.696239,45.101348],[25.696229,45.101343],[25.696224,45.101341],[25.696203,45.101335],[25.696198,45.101333],[25.696194,45.101331],[25.696192,45.101328],[25.69619,45.101324],[25.696189,45.101321]],[[25.688319,45.102175],[25.688302,45.102171],[25.688286,45.102165],[25.688271,45.102158],[25.688258,45.10215],[25.688246,45.10214],[25.688235,45.10213],[25.688224,45.102122],[25.688212,45.102115],[25.688199,45.102109],[25.688186,45.102106],[25.688172,45.102106],[25.688129,45.102105],[25.688119,45.102105],[25.688111,45.102102],[25.688107,45.102097],[25.688108,45.10209],[25.688113,45.102084],[25.688119,45.102077],[25.688128,45.102072],[25.688141,45.102068],[25.688154,45.102067],[25.6882,45.102069],[25.688215,45.10207],[25.68823,45.102068],[25.688245,45.102065],[25.688261,45.10206],[25.688277,45.102055],[25.688329,45.10204],[25.688348,45.102035],[25.68836,45.102033],[25.68837,45.102027],[25.688374,45.102025],[25.688379,45.102024],[25.688384,45.102023],[25.68839,45.102023],[25.688395,45.102023],[25.688401,45.102024],[25.688404,45.102025],[25.688404,45.102025],[25.688422,45.102023],[25.68844,45.102024],[25.688456,45.102026],[25.68847,45.10203],[25.688481,45.102035],[25.68849,45.102042],[25.688493,45.102049],[25.688491,45.102058],[25.688485,45.102066],[25.688466,45.102082],[25.688433,45.102109],[25.688423,45.102118],[25.688415,45.102129],[25.68841,45.10214],[25.688404,45.10216],[25.6884,45.102169],[25.688392,45.102176],[25.688381,45.10218],[25.688368,45.102181],[25.688353,45.10218],[25.688337,45.102178],[25.688319,45.102175]],[[25.688665,45.102159],[25.68867,45.102159],[25.688675,45.102158],[25.688681,45.102159],[25.688686,45.10216],[25.688691,45.102161],[25.688695,45.102163],[25.688705,45.10217],[25.68872,45.102178],[25.688723,45.10218],[25.688731,45.102188],[25.68874,45.102194],[25.688742,45.102197],[25.688743,45.102199],[25.688744,45.102202],[25.688743,45.102204],[25.688742,45.102207],[25.68874,45.102209],[25.688722,45.102222],[25.688718,45.102224],[25.688714,45.102225],[25.688708,45.102226],[25.688703,45.102227],[25.688697,45.102227],[25.688691,45.102227],[25.688686,45.102226],[25.688681,45.102224],[25.688677,45.102222],[25.688674,45.10222],[25.688657,45.102208],[25.688655,45.102206],[25.688652,45.102202],[25.68865,45.102198],[25.688649,45.102193],[25.688648,45.102188],[25.688648,45.102179],[25.688649,45.102174],[25.688651,45.10217],[25.688653,45.102166],[25.688656,45.102163],[25.68866,45.102161],[25.688665,45.102159]],[[25.703022,45.091336],[25.703008,45.091332],[25.703007,45.091332],[25.703003,45.091334],[25.702997,45.091335],[25.702992,45.091335],[25.702987,45.091333],[25.702982,45.091328],[25.702979,45.091322],[25.702976,45.091315],[25.702971,45.091302],[25.702971,45.091302],[25.702956,45.09128],[25.702951,45.09127],[25.702946,45.09126],[25.702937,45.091236],[25.702936,45.091231],[25.702935,45.091224],[25.702937,45.091219],[25.70294,45.091214],[25.702941,45.091214],[25.702942,45.091213],[25.702947,45.091211],[25.702953,45.09121],[25.70296,45.09121],[25.702967,45.091211],[25.703009,45.091222],[25.703018,45.091225],[25.70303,45.091229],[25.703051,45.091234],[25.703065,45.091238],[25.703082,45.091245],[25.703104,45.091255],[25.703114,45.09126],[25.703123,45.091267],[25.703151,45.091291],[25.703166,45.091306],[25.703171,45.091311],[25.703176,45.091318],[25.703179,45.091325],[25.703182,45.091332],[25.703183,45.091336],[25.703183,45.09134],[25.703182,45.091343],[25.703179,45.091347],[25.703172,45.09135],[25.703161,45.091352],[25.703149,45.091352],[25.703136,45.091351],[25.703103,45.091347],[25.703054,45.091342],[25.703038,45.091339],[25.703022,45.091336]],[[25.70418,45.092069],[25.704183,45.092068],[25.704187,45.092067],[25.70419,45.092068],[25.704192,45.092069],[25.704194,45.09207],[25.704194,45.092073],[25.704194,45.092075],[25.704192,45.092078],[25.704189,45.092082],[25.704189,45.092082],[25.704189,45.092086],[25.704187,45.092089],[25.70418,45.092098],[25.704177,45.092103],[25.704174,45.092108],[25.704163,45.09212],[25.704152,45.092134],[25.704148,45.092139],[25.704148,45.092139],[25.704138,45.09215],[25.704125,45.092169],[25.70412,45.092174],[25.704113,45.092179],[25.7041,45.092187],[25.704093,45.09219],[25.704086,45.092192],[25.704078,45.092192],[25.704069,45.092192],[25.704062,45.09219],[25.704055,45.092187],[25.70405,45.092183],[25.704044,45.092179],[25.70404,45.092174],[25.704037,45.092169],[25.704036,45.092163],[25.704036,45.092157],[25.704038,45.092151],[25.704041,45.092145],[25.704049,45.092134],[25.704053,45.092128],[25.704058,45.092122],[25.704064,45.092117],[25.704071,45.092112],[25.704075,45.092111],[25.704081,45.092106],[25.704086,45.092103],[25.704092,45.0921],[25.704121,45.09209],[25.704137,45.092082],[25.704144,45.09208],[25.704171,45.092072],[25.70418,45.092069]],[[25.704009,45.092268],[25.704012,45.092265],[25.704016,45.092264],[25.70402,45.092265],[25.704022,45.092268],[25.704022,45.092272],[25.704022,45.092277],[25.70402,45.092282],[25.704012,45.092293],[25.704001,45.092312],[25.703996,45.092318],[25.703974,45.09234],[25.703963,45.09235],[25.703958,45.092356],[25.703949,45.092368],[25.703944,45.092373],[25.703939,45.092378],[25.703933,45.092381],[25.703928,45.092385],[25.703923,45.092387],[25.703918,45.092387],[25.703914,45.092386],[25.703912,45.092383],[25.703911,45.092378],[25.703912,45.092373],[25.703914,45.092368],[25.703918,45.092364],[25.703934,45.092349],[25.703946,45.092339],[25.70397,45.092318],[25.703974,45.092312],[25.703983,45.092299],[25.703987,45.092293],[25.703997,45.092282],[25.704009,45.092268]],[[25.703746,45.092582],[25.703756,45.092581],[25.703766,45.092582],[25.703775,45.092583],[25.703784,45.092585],[25.703787,45.092587],[25.703792,45.092588],[25.703796,45.09259],[25.703796,45.09259],[25.703796,45.09259],[25.703799,45.092593],[25.703801,45.092596],[25.703802,45.0926],[25.703802,45.092604],[25.703802,45.092604],[25.703803,45.092607],[25.703804,45.092615],[25.703805,45.092622],[25.703805,45.09263],[25.703805,45.092637],[25.703803,45.092644],[25.703801,45.092649],[25.703798,45.092653],[25.703793,45.092655],[25.703789,45.092654],[25.703784,45.092653],[25.703775,45.092646],[25.703769,45.092643],[25.703762,45.092642],[25.703754,45.092641],[25.703745,45.092641],[25.703738,45.092643],[25.703733,45.092644],[25.703725,45.092649],[25.703722,45.092651],[25.703719,45.092652],[25.703716,45.092652],[25.703714,45.092651],[25.703703,45.092656],[25.703697,45.092657],[25.703691,45.092657],[25.703685,45.092656],[25.703681,45.092653],[25.703677,45.092648],[25.703667,45.092634],[25.703664,45.092629],[25.703664,45.092624],[25.703666,45.09262],[25.703669,45.092615],[25.70368,45.092606],[25.703686,45.092602],[25.703694,45.092599],[25.703729,45.092587],[25.703737,45.092584],[25.703746,45.092582]],[[25.702178,45.093342],[25.70217,45.093342],[25.702162,45.093342],[25.702147,45.093342],[25.702132,45.09334],[25.702117,45.093338],[25.702103,45.093335],[25.702094,45.093332],[25.702086,45.093329],[25.70207,45.093322],[25.702041,45.093307],[25.70201,45.093289],[25.702003,45.093284],[25.701999,45.09328],[25.701995,45.093276],[25.701987,45.093265],[25.701983,45.093261],[25.701977,45.093256],[25.701964,45.093246],[25.701956,45.093238],[25.701952,45.093235],[25.70195,45.093231],[25.701948,45.093226],[25.701949,45.093222],[25.701951,45.093219],[25.701955,45.093217],[25.701959,45.093217],[25.701964,45.093217],[25.701979,45.09322],[25.701989,45.093222],[25.701999,45.093225],[25.702049,45.093241],[25.702089,45.093257],[25.7021,45.093261],[25.702131,45.093277],[25.70214,45.093282],[25.702145,45.093284],[25.702151,45.093287],[25.702154,45.09329],[25.702174,45.093301],[25.702179,45.093304],[25.702184,45.093305],[25.702194,45.093308],[25.702198,45.093309],[25.702202,45.093312],[25.702203,45.093314],[25.702206,45.093314],[25.702209,45.093315],[25.70221,45.093316],[25.702211,45.093316],[25.702212,45.093319],[25.702213,45.093322],[25.702212,45.093328],[25.702211,45.09333],[25.702211,45.093331],[25.70221,45.093331],[25.702209,45.093332],[25.702207,45.093335],[25.7022,45.093338],[25.702194,45.093339],[25.702192,45.09334],[25.702185,45.093342],[25.702178,45.093342]]]],"type":"MultiPolygon"},"properties":{"fid":37.0,"tt":1.0,"Id":2445,"IFCID":2445,"localId":"1.298.134853","namespace":"RO.Ancpi.AU","versionId":"20140402141649","country":"RO","natLevel":"3rdOrder","natLevName":"Comuna","natCode":"134853","name":"PROVITA DE JOS","resOfAut":"PROVIÃžA DE JOS","beginVers":"2014-04-02","endVersion":null,"Shape_Leng":28219.4057078,"Shape_Area":25250766.115899995,"Jud_ID":"1.298","Jud_name":"PRAHOVA","_s":{"f":"#4daf4a","fo":1.0,"s":"#3388ff","so":1.0,"w":1.0,"r":5.0}}},{"type":"Feature","geometry":{"coordinates":[[[[25.838741,45.088256],[25.838738,45.088257],[25.838731,45.088259],[25.838723,45.08826],[25.838714,45.088259],[25.838698,45.088257],[25.83869,45.088256],[25.83868,45.088255],[25.838671,45.088256],[25.838662,45.088257],[25.838646,45.08826],[25.838638,45.08826],[25.83863,45.08826],[25.838623,45.088258],[25.838617,45.088255],[25.838613,45.088251],[25.83861,45.088246],[25.838609,45.08824],[25.83861,45.088234],[25.838612,45.088229],[25.838616,45.088225],[25.838622,45.088222],[25.838629,45.08822],[25.838636,45.088219],[25.838643,45.088218],[25.838656,45.088219],[25.838662,45.088218],[25.838668,45.088216],[25.838673,45.088212],[25.838676,45.088207],[25.838683,45.088197],[25.838687,45.088192],[25.838691,45.088188],[25.838697,45.088186],[25.838703,45.088186],[25.838709,45.088188],[25.838723,45.088192],[25.838731,45.088195],[25.838738,45.088199],[25.838741,45.0882],[25.838726,45.08721],[25.838712,45.087214],[25.8387,45.087221],[25.838693,45.087229],[25.838691,45.087238],[25.838692,45.087248],[25.838695,45.087259],[25.838699,45.08727],[25.838704,45.087281],[25.838709,45.087292],[25.838712,45.087303],[25.838713,45.087313],[25.838711,45.087322],[25.838706,45.087331],[25.838697,45.08734],[25.838686,45.087348],[25.838675,45.087355],[25.838652,45.087371],[25.838632,45.087387],[25.838625,45.087395],[25.838623,45.087403],[25.838624,45.087412],[25.83863,45.087419],[25.838645,45.087435],[25.838652,45.087442],[25.838657,45.08745],[25.838659,45.087457],[25.838656,45.087464],[25.838648,45.08747],[25.838637,45.087476],[25.838609,45.087487],[25.838577,45.0875],[25.838562,45.087507],[25.838549,45.087516],[25.838538,45.087526],[25.838528,45.087537],[25.838505,45.087573],[25.838491,45.087596],[25.838485,45.087606],[25.838476,45.087613],[25.838466,45.087616],[25.838454,45.087616],[25.838441,45.087614],[25.838428,45.08761],[25.838414,45.087604],[25.8384,45.087598],[25.838387,45.087591],[25.838359,45.087577],[25.838344,45.087571],[25.838328,45.087567],[25.838312,45.087564],[25.838294,45.087564],[25.838276,45.087566],[25.838217,45.087572],[25.838178,45.087577],[25.838158,45.087578],[25.838139,45.087579],[25.838119,45.087577],[25.838101,45.087574],[25.838085,45.087569],[25.838069,45.087563],[25.838054,45.087556],[25.83804,45.087548],[25.838012,45.087532],[25.837985,45.087515],[25.837972,45.087506],[25.83796,45.087496],[25.83795,45.087486],[25.837941,45.087473],[25.837935,45.08746],[25.837921,45.087433],[25.837899,45.087394],[25.83789,45.087383],[25.83788,45.087372],[25.837868,45.087362],[25.837854,45.087354],[25.83784,45.087346],[25.837823,45.08734],[25.837769,45.087324],[25.83775,45.087319],[25.837711,45.087311],[25.83769,45.087308],[25.837668,45.087305],[25.837645,45.087304],[25.837576,45.087301],[25.837555,45.087299],[25.837537,45.087297],[25.837521,45.087293],[25.83751,45.087288],[25.837504,45.087281],[25.837503,45.087273],[25.837504,45.087264],[25.837507,45.087253],[25.837516,45.087233],[25.83752,45.087223],[25.837522,45.087214],[25.837522,45.087205],[25.837518,45.087199],[25.837509,45.087195],[25.837499,45.087192],[25.837469,45.087188],[25.837454,45.087185],[25.837439,45.087181],[25.837426,45.087174],[25.837417,45.087165],[25.83741,45.087155],[25.837406,45.087144],[25.837402,45.087124],[25.837398,45.087115],[25.837391,45.087109],[25.837381,45.087105],[25.837368,45.087104],[25.837355,45.087106],[25.83734,45.087108],[25.837324,45.087112],[25.837307,45.087115],[25.83729,45.087119],[25.837273,45.087121],[25.837256,45.087123],[25.83724,45.087124],[25.837225,45.087123],[25.837211,45.087119],[25.837197,45.087114],[25.837171,45.087102],[25.837158,45.087095],[25.837145,45.087089],[25.837133,45.087083],[25.837121,45.087079],[25.837109,45.087077],[25.837098,45.087078],[25.837088,45.087082],[25.837057,45.087099],[25.837046,45.087103],[25.837034,45.087105],[25.837021,45.087104],[25.83701,45.087101],[25.836998,45.087096],[25.836977,45.087085],[25.836967,45.087082],[25.836957,45.08708],[25.836947,45.087082],[25.836938,45.087087],[25.83693,45.087095],[25.836922,45.087104],[25.836915,45.087114],[25.836902,45.087136],[25.836895,45.087145],[25.836885,45.087152],[25.836875,45.087156],[25.836864,45.087157],[25.836852,45.087155],[25.83684,45.087151],[25.836828,45.087146],[25.836815,45.087139],[25.836803,45.087133],[25.836791,45.087127],[25.836779,45.087121],[25.836768,45.087118],[25.836758,45.087117],[25.83675,45.08712],[25.836743,45.087127],[25.836737,45.087137],[25.836733,45.087149],[25.836725,45.087175],[25.836719,45.087189],[25.836706,45.087215],[25.836698,45.087228],[25.836675,45.087266],[25.836666,45.087278],[25.836659,45.087291],[25.836651,45.087304],[25.836646,45.087318],[25.836642,45.087333],[25.836639,45.087349],[25.836634,45.087381],[25.836631,45.087396],[25.836627,45.087409],[25.836621,45.087421],[25.836612,45.08743],[25.836601,45.087436],[25.836587,45.087438],[25.836572,45.087438],[25.836556,45.087438],[25.836538,45.087437],[25.836504,45.087433],[25.836487,45.087433],[25.83647,45.087434],[25.836455,45.087437],[25.836442,45.087442],[25.836431,45.087448],[25.836419,45.087452],[25.836405,45.087454],[25.836391,45.087454],[25.836375,45.087452],[25.836359,45.087451],[25.836342,45.087448],[25.836326,45.087445],[25.83631,45.087443],[25.836295,45.087441],[25.836281,45.087441],[25.836267,45.087442],[25.836255,45.087447],[25.836242,45.087452],[25.836227,45.087457],[25.836211,45.087462],[25.836194,45.087466],[25.836174,45.087468],[25.836154,45.087469],[25.836133,45.087469],[25.836112,45.087467],[25.836071,45.087462],[25.836028,45.087458],[25.836006,45.087455],[25.835985,45.087452],[25.835966,45.087447],[25.835949,45.087441],[25.835935,45.087433],[25.835909,45.087415],[25.835894,45.087407],[25.835878,45.087401],[25.835859,45.087396],[25.835839,45.087392],[25.835817,45.08739],[25.835795,45.087389],[25.835772,45.087389],[25.835748,45.087389],[25.835725,45.087391],[25.835703,45.087393],[25.835681,45.087396],[25.83564,45.087403],[25.835598,45.08741],[25.835578,45.087414],[25.835559,45.087419],[25.835539,45.087423],[25.835519,45.087426],[25.835481,45.087433],[25.835461,45.087435],[25.835441,45.087435],[25.835422,45.087435],[25.835403,45.087432],[25.835352,45.087423],[25.835335,45.087421],[25.835317,45.087422],[25.8353,45.087424],[25.835285,45.087428],[25.83527,45.087432],[25.835255,45.087437],[25.835241,45.087441],[25.835227,45.087445],[25.835212,45.087446],[25.835198,45.087445],[25.835185,45.087443],[25.835173,45.087439],[25.835163,45.087436],[25.835153,45.087434],[25.835143,45.087436],[25.835134,45.08744],[25.835125,45.087447],[25.835118,45.087457],[25.835113,45.087469],[25.835102,45.087494],[25.835084,45.087529],[25.835079,45.087538],[25.835071,45.087544],[25.835062,45.087547],[25.835053,45.087545],[25.835042,45.087541],[25.835032,45.087535],[25.835021,45.087527],[25.835001,45.08751],[25.83499,45.087503],[25.834979,45.087496],[25.834968,45.087492],[25.834957,45.087489],[25.834946,45.08749],[25.834937,45.087495],[25.834928,45.087502],[25.834919,45.087511],[25.83491,45.087521],[25.834902,45.087531],[25.834892,45.087542],[25.834881,45.087552],[25.834869,45.087561],[25.834855,45.08757],[25.834841,45.087578],[25.834813,45.087595],[25.8348,45.087604],[25.83479,45.087615],[25.83478,45.087626],[25.834771,45.087638],[25.834764,45.087651],[25.834758,45.087665],[25.834752,45.087679],[25.834747,45.087693],[25.834743,45.087709],[25.83474,45.087725],[25.834738,45.087741],[25.834734,45.08779],[25.834732,45.087805],[25.834729,45.087819],[25.834725,45.08783],[25.834718,45.087838],[25.834708,45.087842],[25.834697,45.087843],[25.834683,45.087841],[25.834668,45.087838],[25.834619,45.087825],[25.8346,45.087821],[25.834579,45.087819],[25.834557,45.087817],[25.834535,45.087816],[25.834457,45.087814],[25.834442,45.087811],[25.834427,45.087807],[25.834413,45.087801],[25.834385,45.087788],[25.834372,45.08778],[25.834358,45.087774],[25.834345,45.087767],[25.834331,45.087762],[25.834317,45.087758],[25.834301,45.087757],[25.834286,45.087758],[25.834271,45.087761],[25.834256,45.087766],[25.834241,45.087771],[25.834192,45.087787],[25.834176,45.087791],[25.834159,45.087795],[25.834143,45.087798],[25.834127,45.087798],[25.834111,45.087796],[25.834096,45.087792],[25.834082,45.087786],[25.834068,45.087779],[25.834055,45.087771],[25.834016,45.087748],[25.834004,45.087741],[25.833992,45.087736],[25.833981,45.087732],[25.833971,45.08773],[25.833961,45.087732],[25.833953,45.087738],[25.833946,45.087747],[25.833932,45.087768],[25.833919,45.087793],[25.833911,45.087806],[25.833903,45.087818],[25.833894,45.087829],[25.833884,45.08784],[25.833871,45.08785],[25.833855,45.087857],[25.833836,45.087862],[25.833816,45.087866],[25.833751,45.087876],[25.833731,45.08788],[25.833713,45.087885],[25.833697,45.087892],[25.833685,45.087902],[25.833676,45.087914],[25.833654,45.08795],[25.833641,45.087973],[25.833634,45.087983],[25.833626,45.08799],[25.833616,45.087993],[25.833605,45.087992],[25.833594,45.087988],[25.833572,45.087975],[25.833537,45.087952],[25.833524,45.087945],[25.833513,45.087939],[25.833501,45.087935],[25.83349,45.087933],[25.83348,45.087934],[25.833471,45.08794],[25.833463,45.087947],[25.833455,45.087956],[25.833448,45.087967],[25.833436,45.08799],[25.83343,45.087999],[25.833421,45.088007],[25.83341,45.088011],[25.833397,45.088012],[25.833382,45.088012],[25.833366,45.088011],[25.83335,45.088008],[25.833335,45.088006],[25.83332,45.088004],[25.833307,45.088003],[25.833296,45.088003],[25.833287,45.088006],[25.833282,45.088013],[25.83328,45.088022],[25.833281,45.088032],[25.833297,45.088095],[25.833299,45.088108],[25.833297,45.088121],[25.833293,45.088133],[25.833286,45.088144],[25.833278,45.088155],[25.833258,45.088175],[25.833248,45.088185],[25.833239,45.088194],[25.833231,45.088203],[25.833226,45.088212],[25.833223,45.08822],[25.833225,45.088228],[25.833231,45.088236],[25.833241,45.088243],[25.833254,45.088248],[25.833302,45.088264],[25.833332,45.088274],[25.833345,45.088279],[25.833353,45.088285],[25.833358,45.088291],[25.833356,45.088297],[25.83335,45.088302],[25.833339,45.088307],[25.833286,45.088331],[25.833274,45.088337],[25.833264,45.088344],[25.833257,45.088351],[25.833255,45.088358],[25.833257,45.088366],[25.833262,45.088375],[25.833282,45.0884],[25.833286,45.088408],[25.833288,45.088415],[25.833286,45.088423],[25.833279,45.088429],[25.833268,45.088435],[25.833255,45.088441],[25.833241,45.088446],[25.833208,45.088454],[25.833193,45.088459],[25.83318,45.088464],[25.833171,45.088471],[25.833156,45.088486],[25.833146,45.088494],[25.833134,45.088501],[25.833119,45.088507],[25.833103,45.088512],[25.833085,45.088517],[25.833065,45.08852],[25.833,45.088529],[25.83298,45.088533],[25.83296,45.088537],[25.832919,45.088545],[25.8329,45.088549],[25.832881,45.088554],[25.832822,45.088567],[25.832804,45.088572],[25.832768,45.088581],[25.832752,45.088585],[25.832737,45.088591],[25.832727,45.088597],[25.832719,45.088605],[25.832715,45.088613],[25.832714,45.088621],[25.832714,45.088629],[25.832714,45.088637],[25.83271,45.088646],[25.832703,45.088654],[25.832694,45.088661],[25.832682,45.088668],[25.832655,45.088682],[25.832624,45.088696],[25.832579,45.088718],[25.832549,45.088733],[25.832534,45.088741],[25.83252,45.088749],[25.832492,45.088766],[25.832417,45.088816],[25.832407,45.088823],[25.8324,45.088831],[25.832396,45.088838],[25.832397,45.088845],[25.832402,45.088852],[25.832428,45.088874],[25.832435,45.088882],[25.832438,45.088891],[25.832437,45.0889],[25.832433,45.088909],[25.832426,45.088918],[25.832417,45.088927],[25.832407,45.088935],[25.832395,45.088942],[25.832381,45.088947],[25.832365,45.08895],[25.832334,45.088954],[25.83232,45.088957],[25.832306,45.088962],[25.832295,45.08897],[25.832285,45.088979],[25.832276,45.08899],[25.832268,45.089002],[25.832262,45.089016],[25.832247,45.089059],[25.832243,45.089074],[25.832241,45.08909],[25.83224,45.089106],[25.83224,45.089123],[25.832241,45.089139],[25.832243,45.089156],[25.832246,45.089172],[25.83225,45.089187],[25.832267,45.089229],[25.832274,45.089243],[25.832281,45.089256],[25.832296,45.089283],[25.832303,45.089296],[25.832321,45.08932],[25.83233,45.089332],[25.832362,45.089365],[25.832381,45.089387],[25.832391,45.089397],[25.8324,45.089408],[25.832408,45.089418],[25.832414,45.089428],[25.832418,45.089439],[25.83242,45.089448],[25.832418,45.089457],[25.832412,45.089466],[25.832403,45.089474],[25.832391,45.089482],[25.832353,45.089504],[25.832341,45.089511],[25.832332,45.089519],[25.832326,45.089528],[25.832324,45.089538],[25.832326,45.089547],[25.832332,45.089556],[25.83234,45.089564],[25.832351,45.089572],[25.832362,45.08958],[25.832372,45.089588],[25.832381,45.089595],[25.832387,45.089603],[25.83239,45.089611],[25.832388,45.089618],[25.832381,45.089624],[25.83237,45.08963],[25.832357,45.089636],[25.832342,45.089642],[25.832309,45.089652],[25.832276,45.089664],[25.832261,45.08967],[25.832248,45.089677],[25.832237,45.089685],[25.832229,45.089693],[25.832224,45.089702],[25.832224,45.089712],[25.832226,45.089724],[25.832229,45.089736],[25.832234,45.089749],[25.83224,45.089762],[25.832258,45.089801],[25.832265,45.089814],[25.832269,45.089826],[25.832273,45.089838],[25.832275,45.089848],[25.832275,45.089856],[25.83227,45.089862],[25.832262,45.089865],[25.83225,45.089866],[25.832236,45.089865],[25.832202,45.089861],[25.832166,45.089856],[25.832147,45.089855],[25.832127,45.089855],[25.832107,45.089857],[25.832089,45.08986],[25.832072,45.089865],[25.832056,45.089871],[25.832025,45.089884],[25.83201,45.089889],[25.831994,45.089894],[25.831978,45.089898],[25.831962,45.089901],[25.831946,45.089902],[25.83193,45.0899],[25.831915,45.089896],[25.8319,45.089892],[25.831872,45.089881],[25.831859,45.089876],[25.831845,45.089873],[25.831832,45.089871],[25.831821,45.089872],[25.831812,45.089875],[25.831805,45.089883],[25.8318,45.089893],[25.831796,45.089906],[25.83179,45.089932],[25.831786,45.089944],[25.831782,45.089954],[25.831776,45.089961],[25.831767,45.089964],[25.831758,45.089963],[25.831747,45.08996],[25.831735,45.089955],[25.831723,45.08995],[25.831711,45.089943],[25.831698,45.089937],[25.831686,45.089931],[25.831673,45.089927],[25.831661,45.089924],[25.831648,45.089924],[25.831637,45.089928],[25.831628,45.089935],[25.83162,45.089944],[25.831613,45.089954],[25.831605,45.089964],[25.831597,45.089973],[25.831588,45.08998],[25.831579,45.089986],[25.831568,45.089988],[25.831556,45.089987],[25.831543,45.089984],[25.831514,45.089975],[25.831498,45.08997],[25.831482,45.089964],[25.831465,45.089958],[25.831447,45.089953],[25.831428,45.089949],[25.831407,45.089946],[25.831384,45.089943],[25.831339,45.089939],[25.831318,45.089936],[25.831297,45.089932],[25.831278,45.089928],[25.831261,45.089921],[25.831245,45.089914],[25.831231,45.089906],[25.831217,45.089898],[25.831192,45.089881],[25.831181,45.089872],[25.831169,45.089864],[25.831156,45.089858],[25.831143,45.089853],[25.831129,45.089851],[25.831115,45.089852],[25.831101,45.089855],[25.831087,45.089859],[25.831073,45.089864],[25.831058,45.089868],[25.831044,45.089871],[25.831029,45.089873],[25.831013,45.089872],[25.830999,45.089868],[25.830987,45.089862],[25.830976,45.089854],[25.830965,45.089846],[25.830945,45.089829],[25.830934,45.089822],[25.830921,45.089818],[25.830907,45.089817],[25.830893,45.089817],[25.830847,45.08982],[25.830832,45.089819],[25.830817,45.089817],[25.830801,45.089813],[25.830786,45.089808],[25.83077,45.089803],[25.830739,45.08979],[25.830687,45.089773],[25.830633,45.089757],[25.83058,45.089741],[25.830563,45.089735],[25.830512,45.08972],[25.830496,45.089716],[25.83048,45.089713],[25.830465,45.089711],[25.83045,45.089712],[25.830436,45.089714],[25.830424,45.089719],[25.830412,45.089725],[25.8304,45.08973],[25.830386,45.089733],[25.830371,45.089733],[25.830355,45.089732],[25.830338,45.08973],[25.83032,45.089727],[25.830302,45.089723],[25.830267,45.089714],[25.83025,45.089709],[25.830233,45.089703],[25.830179,45.089687],[25.830161,45.089682],[25.830122,45.089672],[25.830104,45.089667],[25.830084,45.089663],[25.830024,45.089652],[25.830003,45.089649],[25.82998,45.089647],[25.829957,45.089646],[25.829933,45.089645],[25.829909,45.089645],[25.829885,45.089646],[25.829861,45.089647],[25.829837,45.089648],[25.829815,45.08965],[25.829793,45.089653],[25.829752,45.089661],[25.82971,45.089668],[25.829689,45.089671],[25.82967,45.089676],[25.82965,45.089679],[25.829609,45.089685],[25.829572,45.089689],[25.829555,45.089689],[25.829538,45.089688],[25.829522,45.089684],[25.829508,45.089679],[25.829495,45.089672],[25.829481,45.089667],[25.829466,45.089663],[25.829449,45.089661],[25.829431,45.089662],[25.82936,45.089668],[25.829344,45.08967],[25.829327,45.089669],[25.829311,45.089667],[25.829297,45.089663],[25.829284,45.089658],[25.829249,45.089643],[25.82924,45.08964],[25.82923,45.089641],[25.829222,45.089646],[25.829213,45.089653],[25.829204,45.089661],[25.829188,45.08968],[25.829171,45.089699],[25.829162,45.089706],[25.829153,45.089711],[25.829144,45.089714],[25.829135,45.089712],[25.829127,45.089707],[25.82912,45.089699],[25.829104,45.08968],[25.829089,45.089658],[25.829073,45.089638],[25.829066,45.08963],[25.829058,45.089625],[25.829049,45.089623],[25.829039,45.089625],[25.829029,45.08963],[25.82902,45.089637],[25.82901,45.089645],[25.828987,45.089662],[25.828975,45.089669],[25.828963,45.089676],[25.828949,45.089682],[25.828935,45.089687],[25.828921,45.089689],[25.828905,45.089689],[25.828887,45.089688],[25.828869,45.089686],[25.82885,45.089684],[25.828831,45.089682],[25.828812,45.08968],[25.828791,45.089679],[25.828771,45.089679],[25.828751,45.08968],[25.828732,45.089681],[25.828713,45.089681],[25.828693,45.08968],[25.828675,45.089677],[25.828659,45.089673],[25.828644,45.089666],[25.828605,45.089643],[25.828592,45.089636],[25.82858,45.08963],[25.828567,45.089625],[25.828555,45.089623],[25.828542,45.089622],[25.82853,45.089625],[25.828517,45.089629],[25.828481,45.089644],[25.828469,45.089648],[25.828458,45.08965],[25.828447,45.089649],[25.828436,45.089645],[25.828414,45.089632],[25.828402,45.089624],[25.828376,45.089608],[25.828362,45.089601],[25.828344,45.089596],[25.828325,45.089592],[25.828304,45.089589],[25.828238,45.089581],[25.828217,45.089578],[25.828197,45.089574],[25.828179,45.089568],[25.828162,45.089563],[25.828145,45.089556],[25.828111,45.089545],[25.828094,45.089538],[25.82806,45.089526],[25.82801,45.089507],[25.827963,45.089485],[25.827914,45.089466],[25.827865,45.089448],[25.827823,45.089434],[25.827811,45.089432],[25.827802,45.08943],[25.827794,45.089432],[25.827789,45.089437],[25.827787,45.089444],[25.827786,45.089452],[25.827784,45.08946],[25.827781,45.089468],[25.827775,45.089474],[25.827766,45.089477],[25.827755,45.089477],[25.827742,45.089475],[25.827727,45.089472],[25.827696,45.089463],[25.82768,45.089458],[25.827663,45.089452],[25.827629,45.089441],[25.827612,45.089435],[25.827577,45.089423],[25.82756,45.089417],[25.827506,45.0894],[25.827451,45.089385],[25.827397,45.089368],[25.82738,45.089362],[25.827345,45.08935],[25.827328,45.089345],[25.827311,45.08934],[25.827277,45.08933],[25.827261,45.089327],[25.827245,45.089325],[25.827231,45.089324],[25.827219,45.089324],[25.82721,45.089326],[25.827203,45.089331],[25.827199,45.089338],[25.827196,45.089344],[25.827191,45.089351],[25.827184,45.089357],[25.827173,45.08936],[25.82716,45.089361],[25.827146,45.08936],[25.827129,45.089358],[25.827112,45.089356],[25.827094,45.089352],[25.827076,45.089348],[25.827037,45.08934],[25.827018,45.089336],[25.826999,45.089331],[25.826979,45.089327],[25.826939,45.089318],[25.82692,45.089314],[25.8269,45.08931],[25.826858,45.089303],[25.826818,45.089296],[25.826798,45.089293],[25.826778,45.089292],[25.826759,45.08929],[25.826741,45.08929],[25.826725,45.08929],[25.826712,45.08929],[25.826702,45.089293],[25.826695,45.089299],[25.82669,45.089306],[25.826686,45.089313],[25.826681,45.08932],[25.826673,45.089326],[25.826661,45.08933],[25.826647,45.089333],[25.82663,45.089333],[25.826574,45.089328],[25.826553,45.089326],[25.826532,45.089324],[25.826511,45.089321],[25.826491,45.089318],[25.826469,45.089315],[25.826447,45.089313],[25.826379,45.089306],[25.826358,45.089304],[25.826336,45.089301],[25.826314,45.089298],[25.826291,45.089297],[25.826268,45.089295],[25.826171,45.089293],[25.826123,45.089291],[25.8261,45.089289],[25.826078,45.089287],[25.826056,45.089284],[25.826034,45.089282],[25.826011,45.08928],[25.825987,45.089279],[25.825963,45.089278],[25.825938,45.089278],[25.825888,45.089278],[25.825812,45.089278],[25.825762,45.08928],[25.825737,45.08928],[25.825713,45.089282],[25.825689,45.089283],[25.825666,45.089285],[25.825644,45.089288],[25.825623,45.089291],[25.825601,45.089294],[25.825579,45.089296],[25.825534,45.089299],[25.825472,45.089302],[25.825455,45.089303],[25.825438,45.089302],[25.825422,45.089299],[25.825407,45.089294],[25.825393,45.089288],[25.825378,45.089282],[25.825362,45.089277],[25.825344,45.089273],[25.825325,45.089271],[25.825304,45.089271],[25.825284,45.089271],[25.825264,45.089273],[25.825182,45.089285],[25.825162,45.089289],[25.825142,45.089293],[25.825122,45.089297],[25.82508,45.089304],[25.82506,45.089308],[25.825041,45.089313],[25.825021,45.089317],[25.824979,45.089324],[25.82496,45.089328],[25.82494,45.089333],[25.824901,45.089342],[25.824882,45.089346],[25.824864,45.089351],[25.824806,45.089365],[25.824788,45.08937],[25.82475,45.08938],[25.824731,45.089385],[25.824713,45.08939],[25.82466,45.089405],[25.824642,45.089409],[25.824624,45.089412],[25.824607,45.089415],[25.824591,45.089416],[25.824575,45.089416],[25.82456,45.089413],[25.824546,45.089409],[25.824533,45.089404],[25.824519,45.089399],[25.824505,45.089395],[25.824489,45.089393],[25.824473,45.089393],[25.824457,45.089396],[25.82444,45.089399],[25.824423,45.089403],[25.824406,45.089408],[25.824369,45.089417],[25.824351,45.089422],[25.824299,45.08944],[25.824282,45.089446],[25.824247,45.089458],[25.824231,45.089465],[25.824197,45.089477],[25.82418,45.089483],[25.824164,45.089488],[25.824131,45.089498],[25.824116,45.089502],[25.8241,45.089505],[25.824086,45.089507],[25.824072,45.089506],[25.82406,45.089504],[25.824047,45.0895],[25.824036,45.089496],[25.824024,45.089492],[25.824011,45.089491],[25.823997,45.089492],[25.823982,45.089495],[25.823967,45.089499],[25.823935,45.089509],[25.823919,45.089514],[25.82387,45.089533],[25.823824,45.089555],[25.823775,45.089575],[25.823742,45.089587],[25.823693,45.089607],[25.823647,45.089629],[25.823615,45.089642],[25.823599,45.089649],[25.823567,45.089662],[25.823521,45.089684],[25.82349,45.089698],[25.823446,45.089721],[25.823415,45.089735],[25.823387,45.089751],[25.823373,45.089759],[25.823344,45.089775],[25.823314,45.08979],[25.823243,45.08983],[25.823213,45.089845],[25.823186,45.089861],[25.823159,45.089879],[25.823133,45.089896],[25.823082,45.089933],[25.823057,45.089951],[25.823032,45.089969],[25.823009,45.089988],[25.822999,45.089997],[25.822989,45.090007],[25.822981,45.090016],[25.822975,45.090026],[25.822972,45.090037],[25.822972,45.090047],[25.822976,45.090067],[25.822978,45.090077],[25.822977,45.090087],[25.822973,45.090097],[25.822967,45.090107],[25.822945,45.09014],[25.822928,45.090163],[25.822919,45.090174],[25.82289,45.090207],[25.822864,45.090243],[25.82284,45.090281],[25.822833,45.090294],[25.82282,45.09032],[25.822799,45.090358],[25.822791,45.090371],[25.822777,45.090395],[25.822769,45.090405],[25.82276,45.090414],[25.822747,45.09042],[25.822734,45.090423],[25.822704,45.090428],[25.822687,45.09043],[25.822668,45.090433],[25.822627,45.090437],[25.822607,45.09044],[25.822587,45.090444],[25.822568,45.090449],[25.822553,45.090456],[25.822541,45.090465],[25.822531,45.090476],[25.822513,45.090499],[25.822503,45.09051],[25.822492,45.09052],[25.822467,45.090537],[25.822454,45.090545],[25.822443,45.090553],[25.822433,45.090562],[25.822426,45.090572],[25.822423,45.090582],[25.822421,45.090593],[25.82242,45.09062],[25.822419,45.090634],[25.822417,45.090648],[25.822413,45.090661],[25.822395,45.09071],[25.822392,45.090721],[25.82239,45.090731],[25.822387,45.090742],[25.822382,45.090753],[25.822367,45.090774],[25.822359,45.090786],[25.822346,45.090811],[25.822338,45.090823],[25.822324,45.090849],[25.822316,45.090861],[25.822289,45.090897],[25.822281,45.090909],[25.822264,45.090934],[25.822249,45.090959],[25.82224,45.090972],[25.822231,45.090983],[25.822221,45.090994],[25.82218,45.091034],[25.822171,45.091043],[25.822161,45.091049],[25.822149,45.091052],[25.822138,45.091052],[25.822127,45.091049],[25.822118,45.091043],[25.82211,45.091036],[25.822105,45.091028],[25.822103,45.091018],[25.822103,45.091008],[25.822105,45.090997],[25.822111,45.090975],[25.822112,45.090964],[25.82211,45.090953],[25.822106,45.090945],[25.8221,45.090938],[25.822091,45.090934],[25.822072,45.090925],[25.82206,45.090922],[25.822047,45.090921],[25.822033,45.090922],[25.82202,45.090926],[25.822009,45.090933],[25.821987,45.090951],[25.821962,45.090969],[25.821937,45.090988],[25.821924,45.090996],[25.821909,45.091005],[25.821894,45.091012],[25.821861,45.091026],[25.821832,45.091041],[25.821804,45.091058],[25.821763,45.091083],[25.821735,45.091099],[25.821723,45.091108],[25.821712,45.091117],[25.821702,45.091126],[25.821693,45.091136],[25.821685,45.091144],[25.821675,45.09115],[25.821665,45.091154],[25.821655,45.09116],[25.821636,45.091174],[25.821617,45.091187],[25.821609,45.091194],[25.821603,45.091201],[25.821594,45.091208],[25.821583,45.091215],[25.82157,45.091221],[25.821557,45.091228],[25.821545,45.091237],[25.821534,45.091246],[25.821524,45.091256],[25.821506,45.091276],[25.821498,45.091286],[25.821491,45.091296],[25.821486,45.091307],[25.821484,45.091317],[25.821483,45.091327],[25.821481,45.091336],[25.821476,45.091344],[25.82147,45.09135],[25.821463,45.091356],[25.821456,45.091362],[25.821448,45.09137],[25.821434,45.091389],[25.821425,45.091398],[25.821417,45.091407],[25.821411,45.091416],[25.821407,45.091426],[25.821404,45.091436],[25.821399,45.091445],[25.821384,45.091465],[25.821377,45.091477],[25.82136,45.091516],[25.821355,45.09153],[25.821352,45.091546],[25.821344,45.091594],[25.82134,45.091609],[25.821336,45.091624],[25.821331,45.091638],[25.821317,45.091663],[25.821312,45.091676],[25.821308,45.09169],[25.821307,45.091704],[25.821306,45.091718],[25.821307,45.091744],[25.821306,45.091756],[25.821302,45.091768],[25.821291,45.091792],[25.821286,45.091805],[25.821284,45.091819],[25.821282,45.091834],[25.821281,45.091849],[25.821281,45.091865],[25.821282,45.091879],[25.821285,45.091907],[25.821285,45.09192],[25.821276,45.091977],[25.821273,45.091992],[25.821269,45.092007],[25.821263,45.092021],[25.821254,45.092032],[25.821243,45.092042],[25.82123,45.092051],[25.821217,45.092059],[25.821191,45.092073],[25.82118,45.09208],[25.821171,45.092086],[25.821166,45.092092],[25.821165,45.092099],[25.82117,45.092105],[25.821185,45.092119],[25.821194,45.092126],[25.821203,45.092134],[25.82121,45.092142],[25.821215,45.092149],[25.821216,45.092156],[25.821213,45.092162],[25.821203,45.092167],[25.821191,45.092171],[25.82116,45.092179],[25.821145,45.092184],[25.821132,45.092189],[25.821121,45.092195],[25.821114,45.092201],[25.821112,45.092209],[25.821114,45.092216],[25.821119,45.092225],[25.821127,45.092233],[25.821137,45.092242],[25.821147,45.092251],[25.821167,45.092271],[25.821176,45.092281],[25.821183,45.092292],[25.821188,45.092304],[25.82119,45.092317],[25.82119,45.09233],[25.821182,45.092367],[25.821177,45.092389],[25.821176,45.092399],[25.821177,45.092407],[25.82118,45.092413],[25.821183,45.092418],[25.821185,45.092423],[25.821185,45.09243],[25.821182,45.092439],[25.821177,45.092448],[25.821172,45.092459],[25.821151,45.092492],[25.821143,45.092504],[25.821135,45.092517],[25.82112,45.092542],[25.821113,45.092555],[25.821095,45.092596],[25.821089,45.09261],[25.82108,45.09264],[25.821075,45.092654],[25.821069,45.092668],[25.821064,45.092682],[25.821054,45.092711],[25.821048,45.092725],[25.821035,45.092752],[25.821028,45.092765],[25.82102,45.092777],[25.821011,45.092788],[25.821001,45.0928],[25.820991,45.09281],[25.820981,45.092821],[25.820974,45.092834],[25.820968,45.092848],[25.820955,45.092893],[25.82095,45.092907],[25.820943,45.09292],[25.820934,45.092932],[25.820924,45.092943],[25.820912,45.092953],[25.8209,45.092962],[25.820887,45.092971],[25.820873,45.092979],[25.820845,45.092995],[25.820832,45.093003],[25.82082,45.093012],[25.820809,45.09302],[25.820799,45.093029],[25.820792,45.093039],[25.820787,45.093048],[25.820785,45.093058],[25.820787,45.093069],[25.82079,45.09308],[25.820794,45.093091],[25.820799,45.093103],[25.820803,45.093114],[25.820805,45.093126],[25.820805,45.093136],[25.820804,45.093145],[25.820798,45.093152],[25.820788,45.093158],[25.820773,45.093163],[25.82074,45.09317],[25.820723,45.093174],[25.820708,45.093179],[25.820697,45.093186],[25.82069,45.093194],[25.820688,45.093203],[25.820689,45.093213],[25.820692,45.093224],[25.820696,45.093234],[25.820701,45.093244],[25.820704,45.093255],[25.820705,45.093264],[25.820705,45.093272],[25.8207,45.093278],[25.820689,45.093283],[25.820675,45.093286],[25.820659,45.093288],[25.820641,45.093288],[25.820623,45.093288],[25.820605,45.093287],[25.820587,45.093288],[25.82057,45.09329],[25.820554,45.093294],[25.820539,45.0933],[25.820526,45.093308],[25.820515,45.093317],[25.820494,45.093337],[25.820474,45.093359],[25.820463,45.09337],[25.820452,45.09338],[25.820439,45.093389],[25.820424,45.093396],[25.820407,45.093403],[25.82039,45.093409],[25.820372,45.093414],[25.820354,45.09342],[25.820316,45.09343],[25.820299,45.093435],[25.820283,45.093442],[25.820268,45.09345],[25.820241,45.093466],[25.820202,45.093492],[25.820176,45.093508],[25.820163,45.093515],[25.820147,45.093519],[25.82013,45.093521],[25.820112,45.093521],[25.820075,45.093517],[25.820034,45.093512],[25.820014,45.093509],[25.819994,45.093505],[25.819974,45.093501],[25.819893,45.09349],[25.819874,45.093488],[25.819854,45.093488],[25.819835,45.093489],[25.819818,45.093491],[25.819788,45.093497],[25.819773,45.093499],[25.819704,45.093497],[25.819687,45.093497],[25.819672,45.093497],[25.819658,45.093499],[25.819645,45.093504],[25.819634,45.093511],[25.819625,45.09352],[25.819617,45.09353],[25.819607,45.093538],[25.819596,45.093546],[25.819584,45.093551],[25.81957,45.093555],[25.819555,45.093556],[25.819518,45.093558],[25.819498,45.09356],[25.819478,45.093562],[25.819458,45.093565],[25.819439,45.093569],[25.819404,45.093579],[25.819385,45.093584],[25.819363,45.093587],[25.819341,45.093589],[25.819317,45.09359],[25.819293,45.093591],[25.819268,45.093592],[25.819218,45.093593],[25.819141,45.093594],[25.818987,45.093595],[25.818911,45.093595],[25.818861,45.093594],[25.818812,45.093593],[25.818789,45.093592],[25.818767,45.09359],[25.818747,45.093588],[25.818729,45.093585],[25.818713,45.093581],[25.818698,45.093578],[25.818682,45.093577],[25.818666,45.093578],[25.818649,45.09358],[25.818632,45.093582],[25.818614,45.093586],[25.818559,45.093599],[25.818541,45.093604],[25.818489,45.093621],[25.818438,45.093639],[25.818389,45.093659],[25.818314,45.093696],[25.818286,45.093713],[25.818259,45.09373],[25.818234,45.093748],[25.818208,45.093766],[25.818158,45.093803],[25.818134,45.093822],[25.81811,45.093841],[25.818098,45.093851],[25.818087,45.093861],[25.818067,45.093882],[25.818056,45.093892],[25.818046,45.093901],[25.818025,45.093916],[25.818014,45.093921],[25.818003,45.093924],[25.817993,45.093924],[25.817984,45.093922],[25.817976,45.093919],[25.817968,45.093917],[25.81796,45.093919],[25.817953,45.093925],[25.817932,45.09395],[25.817917,45.093969],[25.817902,45.093984],[25.817894,45.093989],[25.817886,45.093991],[25.817879,45.09399],[25.817872,45.093988],[25.817865,45.093988],[25.817858,45.09399],[25.817851,45.093995],[25.817843,45.094002],[25.817836,45.094011],[25.817816,45.09404],[25.817808,45.094049],[25.817801,45.094056],[25.817794,45.094061],[25.817786,45.094063],[25.817779,45.094062],[25.817773,45.094061],[25.817766,45.09406],[25.817758,45.094062],[25.817751,45.094067],[25.817743,45.094075],[25.817735,45.094084],[25.81772,45.094105],[25.817711,45.094116],[25.8177,45.094126],[25.817688,45.094135],[25.817674,45.094144],[25.817658,45.09415],[25.817639,45.094155],[25.817619,45.094159],[25.817579,45.094165],[25.81756,45.094168],[25.817545,45.094173],[25.817534,45.094179],[25.817528,45.094186],[25.817527,45.094195],[25.817531,45.094203],[25.817538,45.094212],[25.817546,45.094221],[25.817556,45.09423],[25.817566,45.094238],[25.817576,45.094247],[25.817584,45.094256],[25.81759,45.094265],[25.817594,45.094273],[25.817593,45.094281],[25.817587,45.094288],[25.817577,45.094295],[25.817563,45.094301],[25.817513,45.094316],[25.817497,45.094322],[25.81748,45.094329],[25.817465,45.094336],[25.817451,45.094344],[25.81744,45.094355],[25.817432,45.094367],[25.817418,45.094392],[25.81741,45.094404],[25.817401,45.094414],[25.817391,45.094423],[25.81738,45.09443],[25.817367,45.094434],[25.817353,45.094435],[25.817339,45.094434],[25.817325,45.094432],[25.81731,45.094429],[25.817297,45.094426],[25.817284,45.094424],[25.817273,45.094424],[25.817263,45.094426],[25.817254,45.094433],[25.817247,45.094441],[25.817232,45.094461],[25.817217,45.094483],[25.81721,45.094493],[25.8172,45.0945],[25.817188,45.094505],[25.817174,45.094506],[25.81716,45.094505],[25.817145,45.094503],[25.817129,45.094501],[25.817115,45.094498],[25.8171,45.094496],[25.817086,45.094496],[25.817075,45.094497],[25.817065,45.094501],[25.817058,45.094509],[25.817053,45.09452],[25.817049,45.094533],[25.817041,45.094575],[25.817038,45.094588],[25.817032,45.094598],[25.817025,45.094606],[25.817015,45.09461],[25.817004,45.094611],[25.81699,45.09461],[25.816975,45.094607],[25.816914,45.094591],[25.8169,45.094588],[25.816887,45.094586],[25.816876,45.094586],[25.816867,45.094589],[25.816861,45.094596],[25.816858,45.094605],[25.816857,45.094615],[25.816857,45.094625],[25.816856,45.094636],[25.816854,45.094648],[25.816848,45.094659],[25.81684,45.094668],[25.816827,45.094674],[25.816812,45.094678],[25.816795,45.09468],[25.816778,45.094681],[25.816761,45.094681],[25.816743,45.094682],[25.816725,45.094684],[25.816708,45.094688],[25.816693,45.094694],[25.816679,45.094701],[25.816666,45.094709],[25.816653,45.094718],[25.81663,45.094737],[25.816617,45.094746],[25.816604,45.094755],[25.81659,45.094764],[25.816576,45.094772],[25.81656,45.094779],[25.816526,45.094791],[25.816508,45.094797],[25.816472,45.094807],[25.816439,45.094818],[25.816424,45.094823],[25.816412,45.094828],[25.816403,45.094835],[25.816398,45.094842],[25.816399,45.094849],[25.816404,45.094856],[25.816422,45.094871],[25.816432,45.094879],[25.816442,45.094887],[25.816451,45.094895],[25.816458,45.094904],[25.816462,45.094913],[25.816462,45.094921],[25.816457,45.094929],[25.816447,45.094936],[25.816433,45.094941],[25.816401,45.094951],[25.81635,45.094969],[25.816335,45.094976],[25.816321,45.094984],[25.816309,45.094994],[25.816299,45.095005],[25.816291,45.095018],[25.816276,45.095043],[25.81627,45.095057],[25.816259,45.095085],[25.816252,45.095098],[25.816244,45.095111],[25.816236,45.095123],[25.816227,45.095135],[25.816217,45.095146],[25.816206,45.095156],[25.816194,45.095166],[25.816181,45.095175],[25.816168,45.095184],[25.816155,45.095192],[25.816126,45.095209],[25.816113,45.095217],[25.8161,45.095226],[25.816088,45.095236],[25.816077,45.095246],[25.816039,45.095287],[25.81603,45.095296],[25.816019,45.095303],[25.816007,45.095306],[25.815994,45.095307],[25.815981,45.095305],[25.815968,45.095303],[25.815954,45.095299],[25.815941,45.095297],[25.815929,45.095296],[25.815918,45.095296],[25.81591,45.095299],[25.815905,45.095305],[25.815902,45.095314],[25.815901,45.095324],[25.815901,45.095334],[25.8159,45.095345],[25.815897,45.095357],[25.815892,45.095367],[25.815884,45.095375],[25.815872,45.095381],[25.815858,45.095384],[25.815842,45.095384],[25.81581,45.095383],[25.815794,45.095383],[25.81578,45.095383],[25.815768,45.095384],[25.815759,45.095389],[25.815752,45.095396],[25.815749,45.095406],[25.815748,45.095418],[25.81575,45.09543],[25.815756,45.095457],[25.815759,45.095472],[25.815767,45.095515],[25.815769,45.095527],[25.815768,45.09554],[25.815765,45.095552],[25.815761,45.095565],[25.815756,45.095577],[25.815736,45.095614],[25.815729,45.095625],[25.81572,45.095635],[25.81571,45.095643],[25.8157,45.09565],[25.815687,45.095652],[25.815674,45.095652],[25.815661,45.095649],[25.815647,45.095644],[25.815634,45.095637],[25.81562,45.09563],[25.815607,45.095623],[25.815579,45.095608],[25.815565,45.095603],[25.81555,45.095598],[25.815535,45.095596],[25.815519,45.095596],[25.815503,45.095599],[25.815487,45.095603],[25.815471,45.095608],[25.81544,45.09562],[25.815425,45.095627],[25.815392,45.09564],[25.815376,45.095647],[25.815344,45.095661],[25.815298,45.095683],[25.815282,45.09569],[25.815249,45.095703],[25.815216,45.095716],[25.815199,45.095722],[25.815148,45.09574],[25.815095,45.095757],[25.815077,45.095762],[25.815018,45.095775],[25.814997,45.095778],[25.814975,45.095781],[25.814952,45.095783],[25.814861,45.095788],[25.814821,45.095792],[25.814801,45.095792],[25.814782,45.095792],[25.814743,45.095788],[25.81468,45.095782],[25.814641,45.095778],[25.814621,45.095778],[25.814602,45.095778],[25.814583,45.095781],[25.814565,45.095784],[25.814547,45.095789],[25.81453,45.095793],[25.814513,45.095798],[25.814495,45.095802],[25.814477,45.095806],[25.81446,45.09581],[25.814442,45.095811],[25.814423,45.095812],[25.814405,45.09581],[25.814387,45.095807],[25.81437,45.095803],[25.814352,45.095799],[25.814336,45.095794],[25.814318,45.095791],[25.814301,45.095787],[25.814285,45.095785],[25.814269,45.095785],[25.814252,45.095786],[25.814237,45.09579],[25.814222,45.095795],[25.814176,45.095814],[25.814131,45.095835],[25.814116,45.09584],[25.8141,45.095845],[25.814082,45.095848],[25.814064,45.09585],[25.814046,45.095849],[25.814011,45.095845],[25.813993,45.095844],[25.813977,45.095843],[25.813963,45.095842],[25.813951,45.095844],[25.813941,45.095848],[25.813935,45.095855],[25.813933,45.095864],[25.813934,45.095874],[25.813943,45.095932],[25.813942,45.09594],[25.813937,45.095946],[25.813929,45.09595],[25.813918,45.09595],[25.813905,45.09595],[25.813889,45.095948],[25.813874,45.095946],[25.813859,45.095943],[25.813844,45.095941],[25.813831,45.095941],[25.813819,45.095941],[25.81381,45.095945],[25.813803,45.095953],[25.813799,45.095963],[25.813797,45.095974],[25.813796,45.095986],[25.813797,45.095998],[25.813798,45.096009],[25.813797,45.09602],[25.813794,45.096029],[25.813788,45.096036],[25.813779,45.09604],[25.813768,45.096041],[25.813754,45.09604],[25.813738,45.096039],[25.813722,45.096037],[25.813707,45.096034],[25.813693,45.096032],[25.813679,45.096031],[25.813668,45.096032],[25.813659,45.096036],[25.813653,45.096043],[25.81365,45.096053],[25.813649,45.096065],[25.813649,45.096077],[25.813652,45.096089],[25.813653,45.096101],[25.813653,45.096114],[25.813652,45.096126],[25.813649,45.096135],[25.813643,45.096142],[25.813635,45.096145],[25.813625,45.096145],[25.813613,45.096142],[25.813587,45.096133],[25.813572,45.096127],[25.813545,45.096116],[25.813533,45.09611],[25.813521,45.096107],[25.813509,45.096105],[25.813499,45.096107],[25.81349,45.096113],[25.813482,45.096121],[25.813474,45.096131],[25.813468,45.096142],[25.813457,45.096169],[25.81345,45.096182],[25.813443,45.096195],[25.813432,45.096205],[25.813418,45.096214],[25.813402,45.09622],[25.813348,45.096237],[25.813312,45.096247],[25.813295,45.096253],[25.81328,45.096259],[25.813268,45.096267],[25.813259,45.096276],[25.813254,45.096287],[25.813253,45.096298],[25.813254,45.09631],[25.813264,45.096369],[25.813262,45.096378],[25.813258,45.096384],[25.813249,45.096388],[25.813238,45.096388],[25.813224,45.096388],[25.813208,45.096387],[25.813175,45.096384],[25.813158,45.096383],[25.813142,45.096384],[25.813128,45.096387],[25.813116,45.096392],[25.813109,45.0964],[25.813107,45.096409],[25.813107,45.096419],[25.813111,45.096452],[25.813111,45.096462],[25.813109,45.09647],[25.813104,45.096477],[25.813094,45.096481],[25.813081,45.096482],[25.813067,45.096482],[25.813034,45.096477],[25.813016,45.096475],[25.812999,45.096471],[25.812982,45.096469],[25.812966,45.096467],[25.812951,45.096467],[25.812939,45.096468],[25.812929,45.096472],[25.812927,45.096475],[25.813859,45.097094],[25.81382,45.097118],[25.813746,45.097174],[25.813704,45.097245],[25.813681,45.097296],[25.813668,45.097342],[25.813644,45.097412],[25.81364,45.097452],[25.813628,45.09752],[25.813611,45.097581],[25.813581,45.097654],[25.813541,45.09771],[25.813492,45.097768],[25.813433,45.09783],[25.813358,45.097898],[25.813268,45.097969],[25.813166,45.098032],[25.813049,45.0981],[25.812839,45.0982],[25.812794,45.098221],[25.812593,45.098306],[25.812447,45.098368],[25.812535,45.098466],[25.812537,45.098462],[25.812548,45.098456],[25.812563,45.098451],[25.812581,45.098447],[25.812619,45.098439],[25.812637,45.098434],[25.812653,45.098428],[25.812667,45.098419],[25.812679,45.09841],[25.812691,45.098401],[25.812712,45.098381],[25.812723,45.098372],[25.812734,45.098365],[25.812745,45.098359],[25.812758,45.098356],[25.812771,45.098356],[25.812784,45.098359],[25.812796,45.098364],[25.812808,45.098369],[25.812832,45.098381],[25.812843,45.098385],[25.812856,45.098387],[25.812868,45.098385],[25.812879,45.098381],[25.812911,45.098363],[25.812923,45.098358],[25.812936,45.098356],[25.81295,45.098356],[25.812963,45.098358],[25.812977,45.098361],[25.81299,45.098365],[25.813003,45.098368],[25.813016,45.098369],[25.813029,45.098368],[25.81304,45.098364],[25.81305,45.098357],[25.813059,45.098348],[25.813075,45.098327],[25.81309,45.098306],[25.813098,45.098297],[25.813108,45.098291],[25.813118,45.098287],[25.813128,45.098286],[25.813138,45.09829],[25.813149,45.098295],[25.813158,45.098304],[25.813178,45.098323],[25.813196,45.098344],[25.813206,45.098354],[25.813216,45.098363],[25.813226,45.09837],[25.813235,45.098376],[25.813244,45.09838],[25.813253,45.09838],[25.813261,45.098376],[25.813269,45.098369],[25.813278,45.098361],[25.813286,45.09835],[25.813302,45.098328],[25.813318,45.098304],[25.813328,45.098293],[25.813339,45.098283],[25.813352,45.098273],[25.813366,45.098265],[25.813397,45.098251],[25.813414,45.098244],[25.813448,45.098232],[25.813484,45.098221],[25.813501,45.098215],[25.813533,45.098201],[25.81358,45.09818],[25.81361,45.098165],[25.813665,45.098132],[25.813678,45.098123],[25.81369,45.098113],[25.8137,45.098103],[25.813709,45.098091],[25.813716,45.098078],[25.813729,45.098051],[25.813734,45.098036],[25.813745,45.09799],[25.81375,45.097976],[25.813757,45.097962],[25.813766,45.09795],[25.813778,45.097941],[25.813792,45.097932],[25.813806,45.097925],[25.813823,45.097919],[25.813856,45.097908],[25.813884,45.097897],[25.813896,45.097892],[25.813903,45.097886],[25.813905,45.09788],[25.813902,45.097873],[25.813895,45.097867],[25.813885,45.09786],[25.813874,45.097853],[25.813863,45.097845],[25.813852,45.097838],[25.813842,45.09783],[25.813833,45.097822],[25.813827,45.097814],[25.813825,45.097807],[25.813827,45.0978],[25.813835,45.097794],[25.813846,45.097788],[25.813884,45.097771],[25.813896,45.097764],[25.813905,45.097757],[25.813909,45.097749],[25.81391,45.09774],[25.813906,45.097731],[25.8139,45.097722],[25.813879,45.097696],[25.813874,45.097688],[25.813872,45.09768],[25.813875,45.097672],[25.813882,45.097666],[25.813892,45.097659],[25.813903,45.097653],[25.813917,45.097648],[25.81393,45.097643],[25.813943,45.097637],[25.813952,45.097631],[25.813957,45.097623],[25.813956,45.097615],[25.813952,45.097607],[25.813946,45.097599],[25.813929,45.097584],[25.813923,45.097577],[25.813919,45.097569],[25.81392,45.097561],[25.813925,45.097554],[25.813933,45.097546],[25.813945,45.097539],[25.813971,45.097526],[25.813999,45.097513],[25.814012,45.097506],[25.814023,45.097498],[25.814032,45.09749],[25.814037,45.09748],[25.814038,45.097469],[25.814038,45.097441],[25.814034,45.09732],[25.814034,45.097284],[25.814035,45.097267],[25.814036,45.09725],[25.814039,45.097234],[25.814043,45.097219],[25.814049,45.097205],[25.814058,45.097194],[25.814069,45.097183],[25.814082,45.097174],[25.814098,45.097168],[25.814117,45.097163],[25.814138,45.097159],[25.81418,45.097153],[25.814201,45.097149],[25.814221,45.097145],[25.814238,45.097139],[25.814252,45.097131],[25.814264,45.097121],[25.814276,45.097111],[25.814286,45.0971],[25.814305,45.097078],[25.814323,45.097054],[25.814333,45.097043],[25.814345,45.097034],[25.814379,45.097008],[25.814397,45.096993],[25.814403,45.096985],[25.814404,45.096977],[25.8144,45.09697],[25.814393,45.096962],[25.814384,45.096954],[25.814374,45.096946],[25.814364,45.096939],[25.814354,45.096932],[25.814347,45.096925],[25.814343,45.096918],[25.814344,45.09691],[25.814349,45.096904],[25.814359,45.096897],[25.814373,45.096892],[25.814389,45.096888],[25.814425,45.096879],[25.814442,45.096873],[25.814458,45.096866],[25.814472,45.096858],[25.814485,45.096849],[25.814495,45.096838],[25.814503,45.096826],[25.814517,45.096801],[25.814525,45.09679],[25.814536,45.09678],[25.814549,45.096774],[25.814564,45.09677],[25.81458,45.096767],[25.814595,45.096766],[25.814611,45.096764],[25.814628,45.096761],[25.814643,45.096756],[25.814656,45.09675],[25.814691,45.096729],[25.814703,45.096724],[25.814716,45.096722],[25.81473,45.096722],[25.814743,45.096724],[25.814756,45.096727],[25.814768,45.09673],[25.814781,45.096732],[25.814792,45.096733],[25.814804,45.096732],[25.814814,45.096727],[25.814824,45.09672],[25.814834,45.096712],[25.814856,45.096694],[25.814876,45.096675],[25.814888,45.096666],[25.8149,45.096659],[25.814913,45.096653],[25.814926,45.096648],[25.814941,45.096646],[25.814955,45.096647],[25.814969,45.096651],[25.814983,45.096656],[25.815023,45.096673],[25.815037,45.096678],[25.81505,45.096681],[25.815064,45.096682],[25.815078,45.09668],[25.815093,45.096676],[25.815108,45.096671],[25.815122,45.096665],[25.815136,45.096658],[25.815177,45.096634],[25.815206,45.096617],[25.815222,45.09661],[25.815254,45.096596],[25.815271,45.09659],[25.815304,45.096579],[25.815321,45.096574],[25.815337,45.096571],[25.815353,45.096568],[25.815369,45.096568],[25.815384,45.09657],[25.815399,45.096575],[25.815412,45.096582],[25.815425,45.096589],[25.815437,45.096598],[25.815458,45.096618],[25.815481,45.096637],[25.815493,45.096645],[25.815504,45.096653],[25.815517,45.096659],[25.815531,45.096662],[25.815546,45.096662],[25.815561,45.09666],[25.815578,45.096658],[25.815594,45.096654],[25.815611,45.09665],[25.815628,45.096646],[25.815645,45.096643],[25.815661,45.09664],[25.815678,45.096639],[25.815695,45.096641],[25.81571,45.096644],[25.815724,45.09665],[25.815762,45.096672],[25.815774,45.096679],[25.815786,45.096685],[25.815797,45.096689],[25.815808,45.09669],[25.815818,45.096689],[25.815827,45.096683],[25.815835,45.096676],[25.815843,45.096666],[25.815851,45.096655],[25.815865,45.096631],[25.815874,45.09662],[25.815885,45.096609],[25.815897,45.0966],[25.815912,45.096592],[25.815928,45.096585],[25.815944,45.096578],[25.815961,45.096572],[25.815979,45.096566],[25.815996,45.09656],[25.816012,45.096553],[25.816026,45.096545],[25.816038,45.096535],[25.816049,45.096524],[25.816066,45.096501],[25.816083,45.096481],[25.816091,45.096472],[25.816101,45.096465],[25.816113,45.096461],[25.816126,45.096461],[25.816138,45.096464],[25.816151,45.096468],[25.816188,45.096484],[25.816201,45.096488],[25.816212,45.09649],[25.816224,45.096489],[25.816235,45.096485],[25.816245,45.096478],[25.816254,45.096469],[25.816271,45.096449],[25.816282,45.096439],[25.816293,45.096429],[25.816305,45.09642],[25.81632,45.096413],[25.816337,45.096407],[25.816373,45.096395],[25.816392,45.096391],[25.816431,45.096382],[25.81645,45.096377],[25.816468,45.096371],[25.816482,45.096364],[25.816496,45.096355],[25.816507,45.096345],[25.816528,45.096323],[25.816546,45.0963],[25.816564,45.096278],[25.816574,45.096266],[25.816585,45.096256],[25.816596,45.096246],[25.81662,45.096227],[25.816634,45.096219],[25.816647,45.09621],[25.816677,45.096195],[25.816721,45.096173],[25.816737,45.096165],[25.816753,45.096159],[25.81677,45.096153],[25.816807,45.096143],[25.816825,45.096138],[25.816862,45.096128],[25.81688,45.096123],[25.816897,45.096116],[25.816911,45.096108],[25.816924,45.096099],[25.816934,45.096089],[25.816943,45.096077],[25.816952,45.096065],[25.816959,45.096052],[25.816971,45.096025],[25.816979,45.096013],[25.816988,45.096001],[25.817,45.095992],[25.817014,45.095984],[25.817028,45.095976],[25.817045,45.095969],[25.817078,45.095957],[25.817109,45.095942],[25.817123,45.095934],[25.817136,45.095926],[25.817148,45.095916],[25.817161,45.095907],[25.817176,45.0959],[25.817209,45.095887],[25.817254,45.095868],[25.817268,45.095861],[25.81728,45.095854],[25.81729,45.095847],[25.817298,45.095839],[25.817309,45.095822],[25.817316,45.095813],[25.817327,45.095804],[25.81735,45.095788],[25.817376,45.095771],[25.817403,45.095755],[25.817433,45.09574],[25.81746,45.095724],[25.817487,45.095706],[25.817513,45.095688],[25.817538,45.09567],[25.817589,45.095633],[25.817614,45.095615],[25.817638,45.095596],[25.817662,45.095576],[25.817673,45.095566],[25.817684,45.095556],[25.817704,45.095536],[25.817714,45.095526],[25.817724,45.095518],[25.817733,45.095511],[25.817742,45.095505],[25.81775,45.095502],[25.817759,45.095503],[25.817766,45.095507],[25.817781,45.095521],[25.81779,45.095528],[25.817799,45.095535],[25.817809,45.09554],[25.81782,45.095542],[25.817832,45.095541],[25.817846,45.095538],[25.81786,45.095534],[25.817912,45.095522],[25.817932,45.095518],[25.817953,45.095515],[25.817996,45.095509],[25.818018,45.095506],[25.818038,45.095502],[25.818056,45.095496],[25.818071,45.095489],[25.818085,45.095481],[25.818098,45.095471],[25.81812,45.095451],[25.818143,45.095431],[25.818164,45.09541],[25.818176,45.0954],[25.818188,45.095391],[25.818201,45.095382],[25.818215,45.095374],[25.81823,45.095366],[25.818276,45.095345],[25.818291,45.095337],[25.818305,45.095329],[25.818318,45.09532],[25.818329,45.09531],[25.818337,45.095298],[25.818342,45.095285],[25.818345,45.09527],[25.818347,45.095255],[25.818347,45.095241],[25.818348,45.095201],[25.818351,45.09519],[25.818358,45.095181],[25.818368,45.095173],[25.818381,45.095167],[25.81841,45.095155],[25.818423,45.095148],[25.818434,45.095141],[25.818443,45.095133],[25.818449,45.095124],[25.818452,45.095114],[25.818455,45.095103],[25.818458,45.095091],[25.818463,45.095079],[25.81847,45.095068],[25.81848,45.095058],[25.818494,45.095051],[25.818511,45.095045],[25.81853,45.095041],[25.81857,45.095033],[25.818589,45.095028],[25.818625,45.095018],[25.818642,45.095012],[25.818658,45.095005],[25.818671,45.094996],[25.818682,45.094986],[25.818693,45.094975],[25.818702,45.094964],[25.818719,45.09494],[25.818726,45.094927],[25.81874,45.094901],[25.818747,45.094888],[25.818761,45.094862],[25.818769,45.09485],[25.818775,45.094836],[25.818782,45.094823],[25.818788,45.094809],[25.818793,45.094795],[25.818796,45.094779],[25.818802,45.094748],[25.818805,45.094732],[25.81881,45.094717],[25.818815,45.094704],[25.818824,45.094692],[25.818835,45.094682],[25.818848,45.094673],[25.818862,45.094665],[25.818878,45.094658],[25.81891,45.094644],[25.818942,45.094631],[25.818957,45.094623],[25.818969,45.094614],[25.81898,45.094604],[25.818991,45.094594],[25.819039,45.094537],[25.819061,45.094517],[25.819084,45.094497],[25.819108,45.094478],[25.819133,45.09446],[25.819158,45.094443],[25.819171,45.094435],[25.819184,45.094428],[25.819198,45.094423],[25.819212,45.094419],[25.819227,45.094417],[25.819243,45.094418],[25.81926,45.094419],[25.819279,45.094421],[25.819297,45.094425],[25.819316,45.094429],[25.819375,45.09444],[25.819394,45.094445],[25.819429,45.094456],[25.819446,45.094462],[25.819478,45.094476],[25.819493,45.094484],[25.819525,45.094497],[25.81957,45.094519],[25.819586,45.094525],[25.819616,45.094536],[25.819632,45.094541],[25.819647,45.094545],[25.819663,45.094546],[25.819721,45.094546],[25.819743,45.094546],[25.819765,45.094546],[25.819788,45.094548],[25.819809,45.094549],[25.81983,45.094552],[25.819849,45.094557],[25.819866,45.094563],[25.819882,45.094569],[25.819911,45.094584],[25.819924,45.094591],[25.819936,45.094597],[25.819948,45.094603],[25.81996,45.094606],[25.81997,45.094607],[25.81998,45.094605],[25.819988,45.094599],[25.819995,45.09459],[25.82001,45.09457],[25.820025,45.094547],[25.820034,45.094536],[25.820046,45.094526],[25.820061,45.09452],[25.820078,45.094515],[25.820098,45.094512],[25.820118,45.09451],[25.820138,45.09451],[25.820176,45.09451],[25.820193,45.094509],[25.82021,45.094506],[25.820225,45.094501],[25.820238,45.094493],[25.820249,45.094484],[25.820259,45.094474],[25.820267,45.094462],[25.820283,45.094439],[25.820299,45.094419],[25.820308,45.094411],[25.820317,45.094405],[25.820327,45.094401],[25.820337,45.094401],[25.820346,45.094405],[25.820376,45.094421],[25.820388,45.094426],[25.820401,45.094428],[25.820414,45.094427],[25.820427,45.094424],[25.820441,45.09442],[25.820482,45.094402],[25.820496,45.094397],[25.820511,45.094393],[25.820528,45.09439],[25.820545,45.09439],[25.820599,45.094393],[25.820636,45.094394],[25.820652,45.094394],[25.820667,45.094392],[25.820681,45.094388],[25.820694,45.094382],[25.820707,45.094375],[25.82072,45.094368],[25.820745,45.09435],[25.82077,45.094332],[25.820782,45.094322],[25.820794,45.094313],[25.820809,45.094305],[25.820824,45.094298],[25.820842,45.094292],[25.820862,45.094288],[25.820882,45.094285],[25.820922,45.09428],[25.820939,45.094277],[25.820954,45.094273],[25.820964,45.094268],[25.820969,45.094262],[25.82097,45.094255],[25.820968,45.094246],[25.820964,45.094238],[25.820962,45.094229],[25.820961,45.09422],[25.820962,45.094213],[25.820967,45.094206],[25.820978,45.094201],[25.820993,45.094197],[25.821012,45.094194],[25.821032,45.094192],[25.821075,45.094188],[25.821097,45.094185],[25.821117,45.094182],[25.821178,45.09417],[25.821198,45.094166],[25.821216,45.094161],[25.821255,45.094152],[25.821274,45.094147],[25.821308,45.094136],[25.821325,45.09413],[25.821356,45.094118],[25.821371,45.094112],[25.821382,45.094104],[25.821391,45.094096],[25.821397,45.094087],[25.821401,45.094078],[25.821407,45.094069],[25.821415,45.09406],[25.821425,45.094051],[25.821436,45.094043],[25.821448,45.094035],[25.821475,45.094019],[25.821503,45.094003],[25.821543,45.093977],[25.821572,45.093961],[25.821602,45.093946],[25.82163,45.093929],[25.821656,45.093912],[25.821681,45.093894],[25.821703,45.093877],[25.821713,45.093868],[25.821721,45.09386],[25.821727,45.093851],[25.82173,45.093843],[25.82173,45.093836],[25.821725,45.093829],[25.821719,45.093822],[25.821714,45.093815],[25.821712,45.093806],[25.821713,45.093797],[25.821716,45.093786],[25.82172,45.093775],[25.821726,45.093764],[25.821734,45.093753],[25.821743,45.093742],[25.821754,45.093732],[25.821766,45.093724],[25.82178,45.093716],[25.821794,45.093707],[25.821806,45.093698],[25.821817,45.093688],[25.821827,45.093676],[25.821843,45.093651],[25.821851,45.093639],[25.821871,45.093617],[25.821882,45.093606],[25.821891,45.093595],[25.821899,45.093582],[25.821904,45.093568],[25.821909,45.093554],[25.821917,45.093524],[25.821921,45.093509],[25.821927,45.093496],[25.821941,45.093471],[25.821945,45.093458],[25.821948,45.093445],[25.821948,45.093431],[25.821947,45.093417],[25.821945,45.093404],[25.821944,45.093391],[25.821944,45.093377],[25.821946,45.093364],[25.821949,45.093352],[25.821959,45.093331],[25.821962,45.09332],[25.821965,45.093297],[25.821968,45.093285],[25.821973,45.093273],[25.82198,45.093262],[25.82199,45.093252],[25.822024,45.093224],[25.822034,45.093215],[25.822044,45.093205],[25.822052,45.093195],[25.822058,45.093185],[25.82206,45.093174],[25.82206,45.093162],[25.822057,45.093151],[25.822053,45.09314],[25.822048,45.093129],[25.822043,45.093118],[25.82204,45.093108],[25.822038,45.093098],[25.822039,45.09309],[25.822044,45.093082],[25.822054,45.093076],[25.822067,45.093071],[25.822098,45.093062],[25.822113,45.093056],[25.822126,45.093048],[25.822135,45.093039],[25.82214,45.093027],[25.822143,45.093015],[25.822144,45.093002],[25.822144,45.09299],[25.822145,45.092977],[25.822147,45.092964],[25.822151,45.092951],[25.822157,45.092939],[25.822165,45.092928],[25.822172,45.092916],[25.822194,45.09288],[25.8222,45.092868],[25.822204,45.092856],[25.822208,45.092845],[25.822208,45.092833],[25.822206,45.092822],[25.822202,45.092811],[25.822191,45.09279],[25.822186,45.09278],[25.822184,45.09277],[25.822184,45.092762],[25.822188,45.092754],[25.822197,45.092747],[25.822209,45.092741],[25.822238,45.092729],[25.822271,45.092717],[25.822286,45.09271],[25.822301,45.092702],[25.822314,45.092694],[25.822326,45.092684],[25.822337,45.092675],[25.822359,45.092657],[25.82237,45.09265],[25.82238,45.092644],[25.82239,45.09264],[25.8224,45.092639],[25.822411,45.092642],[25.822421,45.092648],[25.822431,45.092655],[25.822482,45.0927],[25.822492,45.092707],[25.822502,45.092712],[25.822512,45.092715],[25.822522,45.092714],[25.822531,45.092709],[25.82254,45.092702],[25.822548,45.092694],[25.822582,45.092654],[25.82259,45.092645],[25.822599,45.092638],[25.822611,45.092635],[25.822623,45.092636],[25.822634,45.092639],[25.822646,45.092645],[25.822657,45.092652],[25.822669,45.09266],[25.822682,45.092668],[25.822695,45.092676],[25.822711,45.092683],[25.822727,45.092689],[25.822746,45.092694],[25.822766,45.092697],[25.822788,45.092698],[25.82281,45.092699],[25.822833,45.092699],[25.822855,45.092698],[25.822877,45.092695],[25.822898,45.092693],[25.82292,45.09269],[25.822943,45.092688],[25.823037,45.092681],[25.82306,45.092679],[25.823082,45.092677],[25.823104,45.092674],[25.823126,45.092671],[25.823149,45.092669],[25.823218,45.092664],[25.823241,45.092661],[25.823262,45.092658],[25.823281,45.092654],[25.823298,45.092648],[25.823312,45.09264],[25.823325,45.09263],[25.823336,45.09262],[25.823357,45.092599],[25.823388,45.092567],[25.823408,45.092545],[25.823419,45.092535],[25.82343,45.092525],[25.823454,45.092505],[25.823516,45.092458],[25.82354,45.092439],[25.823563,45.092419],[25.823592,45.092387],[25.8236,45.092376],[25.823607,45.092366],[25.823612,45.092356],[25.823615,45.092347],[25.823615,45.092338],[25.823611,45.09233],[25.823602,45.092324],[25.82359,45.092319],[25.823552,45.092303],[25.823541,45.092299],[25.823535,45.092294],[25.823533,45.092288],[25.823537,45.092282],[25.823545,45.092276],[25.823555,45.092269],[25.823578,45.092254],[25.823591,45.092246],[25.823603,45.092237],[25.823614,45.092227],[25.823623,45.092216],[25.823629,45.092203],[25.823633,45.092189],[25.823635,45.092174],[25.823635,45.092159],[25.823634,45.092144],[25.823631,45.092129],[25.823623,45.092099],[25.823606,45.092026],[25.823605,45.092012],[25.823606,45.091999],[25.82361,45.091986],[25.823617,45.091975],[25.823624,45.091963],[25.823651,45.09193],[25.823681,45.091898],[25.823689,45.091886],[25.823696,45.091875],[25.823701,45.091862],[25.823703,45.091848],[25.823702,45.091835],[25.8237,45.091821],[25.823685,45.091781],[25.823679,45.091768],[25.823673,45.091756],[25.823667,45.091743],[25.823663,45.091731],[25.823659,45.091719],[25.823658,45.091707],[25.823661,45.091696],[25.823666,45.091685],[25.823673,45.091674],[25.823703,45.09163],[25.82371,45.091619],[25.823714,45.091609],[25.823716,45.091598],[25.823714,45.091587],[25.823709,45.091576],[25.823703,45.091566],[25.823686,45.091544],[25.823677,45.091533],[25.823647,45.091501],[25.823638,45.091489],[25.82362,45.091465],[25.823611,45.091453],[25.823595,45.091428],[25.823588,45.091414],[25.823575,45.091387],[25.823568,45.091374],[25.823559,45.091362],[25.823549,45.09135],[25.823538,45.091339],[25.823526,45.09133],[25.823513,45.091321],[25.823498,45.091314],[25.823482,45.091307],[25.823467,45.091301],[25.823437,45.091289],[25.823424,45.091283],[25.823415,45.091276],[25.823409,45.091269],[25.823408,45.091261],[25.823411,45.091252],[25.823417,45.091244],[25.823424,45.091236],[25.823433,45.091228],[25.823442,45.09122],[25.823458,45.091205],[25.823462,45.091199],[25.823461,45.091193],[25.823454,45.091187],[25.823445,45.091181],[25.823433,45.091176],[25.823389,45.091161],[25.823377,45.091155],[25.823367,45.091149],[25.82336,45.091143],[25.823358,45.091136],[25.823362,45.091129],[25.823369,45.091122],[25.823379,45.091115],[25.823417,45.091093],[25.82343,45.091084],[25.823441,45.091074],[25.823462,45.091052],[25.823471,45.091041],[25.82349,45.091017],[25.823507,45.090992],[25.823516,45.09098],[25.823527,45.090969],[25.823538,45.090959],[25.82355,45.09095],[25.823563,45.090941],[25.823589,45.090925],[25.8236,45.090917],[25.823609,45.090908],[25.823616,45.0909],[25.823619,45.090892],[25.823618,45.090883],[25.823613,45.090876],[25.823605,45.090868],[25.823594,45.090861],[25.823581,45.090854],[25.823558,45.09084],[25.823549,45.090833],[25.823541,45.090827],[25.823536,45.090822],[25.823537,45.090816],[25.823545,45.090811],[25.823556,45.090807],[25.823585,45.090797],[25.823638,45.090783],[25.823655,45.090777],[25.82367,45.090769],[25.823681,45.090759],[25.82369,45.090747],[25.823705,45.090721],[25.823712,45.090708],[25.82373,45.090684],[25.82374,45.090673],[25.823752,45.090663],[25.823764,45.090654],[25.823819,45.090623],[25.823831,45.090615],[25.82384,45.090606],[25.823847,45.090596],[25.82385,45.090586],[25.823851,45.090575],[25.823848,45.090549],[25.823845,45.090523],[25.823841,45.090501],[25.823842,45.090493],[25.823846,45.090488],[25.823853,45.090486],[25.823862,45.090487],[25.823873,45.09049],[25.823927,45.090508],[25.82394,45.090512],[25.823953,45.090514],[25.823966,45.090513],[25.823978,45.09051],[25.823988,45.090502],[25.823996,45.090493],[25.824011,45.09047],[25.82403,45.090449],[25.82404,45.090438],[25.824053,45.090429],[25.824067,45.090421],[25.824083,45.090414],[25.8241,45.090408],[25.824136,45.090397],[25.824154,45.090392],[25.824193,45.090382],[25.824211,45.090377],[25.824249,45.090367],[25.824267,45.090362],[25.8243,45.09035],[25.824316,45.090343],[25.82433,45.090334],[25.824341,45.090324],[25.82435,45.090312],[25.824366,45.090288],[25.824376,45.090277],[25.824386,45.090265],[25.824396,45.090255],[25.824409,45.090246],[25.824424,45.090238],[25.82444,45.090231],[25.824458,45.090226],[25.824476,45.09022],[25.824494,45.090215],[25.82451,45.090208],[25.824524,45.0902],[25.824536,45.09019],[25.824546,45.09018],[25.824563,45.090157],[25.824578,45.090137],[25.824585,45.090129],[25.824593,45.090124],[25.824602,45.090122],[25.824611,45.090124],[25.824621,45.090129],[25.824631,45.090136],[25.824641,45.090145],[25.824664,45.090162],[25.824689,45.090178],[25.824703,45.090185],[25.824719,45.09019],[25.824736,45.090192],[25.824755,45.090193],[25.824772,45.090192],[25.824805,45.090187],[25.82482,45.090186],[25.824834,45.090185],[25.824846,45.090186],[25.824856,45.09019],[25.824863,45.090196],[25.824866,45.090205],[25.82487,45.090225],[25.824874,45.090236],[25.82488,45.090246],[25.824889,45.090254],[25.824902,45.09026],[25.824918,45.090264],[25.824935,45.090265],[25.824954,45.090265],[25.824992,45.090263],[25.825013,45.090262],[25.825035,45.090262],[25.825057,45.090263],[25.825078,45.090265],[25.825099,45.090268],[25.82512,45.09027],[25.825188,45.090275],[25.82521,45.090277],[25.825232,45.09028],[25.825253,45.090283],[25.825275,45.090285],[25.825342,45.090292],[25.825364,45.090294],[25.825384,45.090297],[25.825444,45.090309],[25.825463,45.090313],[25.825481,45.090319],[25.825497,45.090325],[25.825512,45.090333],[25.825525,45.090341],[25.825539,45.09035],[25.825552,45.090359],[25.825565,45.090367],[25.82558,45.090375],[25.825596,45.090381],[25.825614,45.090386],[25.825635,45.09039],[25.825656,45.090392],[25.825724,45.090399],[25.825745,45.090402],[25.825765,45.090406],[25.825782,45.090411],[25.825797,45.090419],[25.825809,45.090428],[25.825819,45.090439],[25.825827,45.090451],[25.825841,45.090476],[25.825856,45.090497],[25.825863,45.090505],[25.825872,45.090511],[25.825881,45.090513],[25.825892,45.090512],[25.825903,45.090509],[25.825939,45.090494],[25.825952,45.090489],[25.825964,45.090486],[25.825978,45.090486],[25.825991,45.090488],[25.826002,45.090494],[25.826013,45.090501],[25.826024,45.09051],[25.826045,45.090528],[25.826056,45.090536],[25.826068,45.090543],[25.826081,45.090549],[25.826095,45.090553],[25.826109,45.090555],[25.826125,45.090554],[25.826142,45.090552],[25.82616,45.09055],[25.826178,45.090547],[25.826195,45.090543],[25.826214,45.090539],[25.82625,45.090534],[25.826267,45.090532],[25.826284,45.090532],[25.8263,45.090534],[25.826315,45.090538],[25.82633,45.090544],[25.826344,45.090551],[25.826358,45.090558],[25.826372,45.090565],[25.8264,45.09058],[25.826415,45.090586],[25.826431,45.090591],[25.826449,45.090594],[25.826467,45.090595],[25.826485,45.090594],[25.826523,45.090591],[25.826542,45.090589],[25.826579,45.090587],[25.826595,45.090587],[25.82661,45.090589],[25.826624,45.090593],[25.826638,45.090598],[25.826651,45.090605],[25.826664,45.090612],[25.8267,45.090635],[25.826711,45.090641],[25.82672,45.090647],[25.826729,45.09065],[25.826738,45.090649],[25.826746,45.090644],[25.826753,45.090637],[25.82676,45.090628],[25.826767,45.090617],[25.826779,45.090594],[25.826787,45.090584],[25.826796,45.090576],[25.826808,45.090571],[25.826822,45.090568],[25.826837,45.090568],[25.826885,45.09057],[25.826898,45.09057],[25.826911,45.090568],[25.82692,45.090564],[25.826926,45.090557],[25.826928,45.090548],[25.826927,45.090537],[25.826918,45.090474],[25.826919,45.090462],[25.826923,45.090451],[25.82693,45.09044],[25.826939,45.09043],[25.826949,45.090421],[25.826961,45.090412],[25.826986,45.090396],[25.826997,45.090388],[25.827006,45.09038],[25.827012,45.090372],[25.827016,45.090364],[25.827014,45.090356],[25.827008,45.090349],[25.826999,45.090342],[25.826986,45.090336],[25.826956,45.090326],[25.826929,45.090316],[25.826917,45.090311],[25.826909,45.090305],[25.826907,45.090299],[25.82691,45.090292],[25.826916,45.090286],[25.826926,45.090279],[25.826961,45.090259],[25.826972,45.090252],[25.82698,45.090244],[25.826985,45.090236],[25.826986,45.090228],[25.826983,45.090219],[25.826978,45.090211],[25.826958,45.090186],[25.826954,45.090178],[25.826952,45.090171],[25.826956,45.090164],[25.826965,45.090158],[25.826978,45.090154],[25.82701,45.090145],[25.827027,45.09014],[25.827062,45.09013],[25.82708,45.090124],[25.827096,45.090117],[25.827109,45.090108],[25.827121,45.090098],[25.827132,45.090088],[25.827153,45.090066],[25.827163,45.090055],[25.827174,45.090045],[25.827186,45.090035],[25.8272,45.090026],[25.827216,45.090019],[25.827234,45.090014],[25.827255,45.09001],[25.827277,45.090008],[25.827299,45.090007],[25.827323,45.090006],[25.827346,45.090007],[25.827368,45.090009],[25.82739,45.090011],[25.827409,45.090015],[25.827426,45.090021],[25.82744,45.090028],[25.827452,45.090037],[25.827462,45.090045],[25.827478,45.09006],[25.827485,45.090065],[25.827493,45.090065],[25.827499,45.090062],[25.82751,45.090051],[25.827517,45.090045],[25.827525,45.090042],[25.827542,45.09004],[25.82755,45.090038],[25.827557,45.090035],[25.827563,45.090029],[25.827567,45.090021],[25.82757,45.090014],[25.827573,45.090008],[25.827579,45.090003],[25.827589,45.090001],[25.8276,45.090001],[25.827613,45.090004],[25.827628,45.090008],[25.827643,45.090012],[25.827673,45.090025],[25.827688,45.090031],[25.827737,45.090049],[25.827754,45.090055],[25.827786,45.090064],[25.827801,45.090067],[25.827815,45.090069],[25.827828,45.09007],[25.827839,45.090067],[25.827848,45.090062],[25.827864,45.090049],[25.827873,45.090044],[25.827884,45.090041],[25.827896,45.090042],[25.82791,45.090044],[25.827924,45.090048],[25.827939,45.090053],[25.827969,45.090065],[25.828001,45.090076],[25.828018,45.090083],[25.828102,45.090113],[25.828152,45.090132],[25.8282,45.090153],[25.828249,45.090172],[25.828283,45.090184],[25.828315,45.090197],[25.828331,45.090204],[25.828345,45.090212],[25.828359,45.09022],[25.828371,45.090229],[25.828382,45.09024],[25.82839,45.090252],[25.828398,45.090265],[25.828407,45.090277],[25.828417,45.090288],[25.828429,45.090297],[25.828443,45.090305],[25.828457,45.090314],[25.828487,45.090329],[25.828515,45.090345],[25.828529,45.090353],[25.828542,45.090362],[25.828554,45.090371],[25.828564,45.090382],[25.828573,45.090394],[25.82858,45.090406],[25.828588,45.090417],[25.828613,45.090446],[25.828619,45.090455],[25.828621,45.090464],[25.82862,45.090474],[25.828618,45.090483],[25.828614,45.090493],[25.82861,45.090502],[25.828607,45.090509],[25.828607,45.090516],[25.828611,45.090522],[25.828619,45.090525],[25.828632,45.090527],[25.828646,45.090528],[25.828661,45.090527],[25.828677,45.090528],[25.828694,45.090529],[25.82875,45.090537],[25.828769,45.090541],[25.828787,45.090546],[25.828804,45.090552],[25.828819,45.090559],[25.828834,45.090567],[25.828848,45.090575],[25.828874,45.090593],[25.828898,45.090612],[25.828909,45.090622],[25.82892,45.090633],[25.828929,45.090644],[25.828947,45.090668],[25.828955,45.090681],[25.828962,45.090694],[25.828969,45.090706],[25.828978,45.090717],[25.828987,45.090728],[25.828996,45.090738],[25.829007,45.090746],[25.82902,45.090751],[25.829035,45.090753],[25.829067,45.090754],[25.829084,45.090755],[25.829101,45.090757],[25.829116,45.09076],[25.829128,45.090765],[25.829136,45.090772],[25.829141,45.09078],[25.829151,45.090799],[25.829158,45.090809],[25.829168,45.090817],[25.82918,45.090822],[25.829194,45.090826],[25.829209,45.090827],[25.829223,45.090828],[25.829236,45.09083],[25.829249,45.090833],[25.829259,45.090838],[25.829264,45.090846],[25.829265,45.090854],[25.829262,45.090864],[25.829258,45.090874],[25.829252,45.090885],[25.82923,45.090915],[25.829225,45.090925],[25.829223,45.090935],[25.829223,45.090943],[25.829229,45.09095],[25.82924,45.090955],[25.829255,45.090958],[25.829274,45.090961],[25.829294,45.090962],[25.829362,45.090966],[25.829385,45.090968],[25.829406,45.090971],[25.829426,45.090975],[25.829444,45.09098],[25.829462,45.090986],[25.829512,45.091005],[25.829559,45.091026],[25.829576,45.091032],[25.829594,45.091038],[25.829611,45.091044],[25.829629,45.091049],[25.829684,45.091062],[25.829702,45.091065],[25.829721,45.091067],[25.829738,45.091069],[25.829754,45.09107],[25.829769,45.091068],[25.829784,45.091065],[25.829799,45.09106],[25.82986,45.091038],[25.829875,45.091033],[25.82989,45.091029],[25.829906,45.091028],[25.829922,45.091029],[25.829936,45.091032],[25.829949,45.091038],[25.829973,45.091052],[25.829985,45.09106],[25.830006,45.091073],[25.830017,45.091077],[25.830028,45.091078],[25.83004,45.091076],[25.830052,45.091072],[25.830091,45.091055],[25.830105,45.09105],[25.83012,45.091046],[25.830136,45.091043],[25.830153,45.091043],[25.830169,45.091046],[25.830184,45.09105],[25.830199,45.091055],[25.830243,45.091075],[25.830258,45.09108],[25.830273,45.091085],[25.83029,45.091088],[25.830308,45.091088],[25.830326,45.091087],[25.830343,45.091084],[25.830361,45.09108],[25.830379,45.091076],[25.830396,45.091071],[25.830415,45.091066],[25.830453,45.091056],[25.830473,45.091053],[25.830495,45.09105],[25.830564,45.091043],[25.830586,45.09104],[25.830607,45.091036],[25.830627,45.091032],[25.830644,45.091025],[25.830658,45.091017],[25.83067,45.091008],[25.830681,45.090998],[25.830701,45.090979],[25.830711,45.090971],[25.83072,45.090964],[25.83073,45.090959],[25.830741,45.090957],[25.830751,45.09096],[25.83076,45.090966],[25.830768,45.090974],[25.830793,45.091002],[25.830801,45.091011],[25.830811,45.091017],[25.830823,45.091021],[25.830836,45.091021],[25.830849,45.091018],[25.830862,45.091014],[25.830902,45.090997],[25.830917,45.090992],[25.830932,45.090988],[25.830947,45.090986],[25.830964,45.090986],[25.83098,45.090989],[25.830997,45.090992],[25.831013,45.090996],[25.831029,45.091],[25.831073,45.091012],[25.831085,45.091014],[25.831096,45.091014],[25.831105,45.091011],[25.831111,45.091004],[25.831116,45.090993],[25.83112,45.090981],[25.831125,45.090955],[25.831129,45.090943],[25.831134,45.090932],[25.83114,45.090925],[25.831149,45.090921],[25.83116,45.090921],[25.831172,45.090924],[25.831215,45.090935],[25.83123,45.09094],[25.831246,45.090943],[25.831262,45.090946],[25.831277,45.090948],[25.831292,45.090947],[25.831306,45.090944],[25.831321,45.09094],[25.831367,45.090925],[25.831382,45.090919],[25.831397,45.090915],[25.831412,45.09091],[25.831428,45.090908],[25.831445,45.090908],[25.831492,45.090911],[25.831507,45.090912],[25.831521,45.09091],[25.831534,45.090906],[25.831544,45.090899],[25.831563,45.090883],[25.831572,45.090875],[25.831581,45.090868],[25.831591,45.090864],[25.831601,45.090862],[25.831612,45.090864],[25.831624,45.090867],[25.831662,45.090882],[25.831675,45.090886],[25.831688,45.090889],[25.831703,45.09089],[25.831717,45.090888],[25.831732,45.090886],[25.831748,45.090882],[25.831795,45.090867],[25.83181,45.090863],[25.831824,45.090859],[25.831839,45.090856],[25.831853,45.090855],[25.831868,45.090857],[25.831883,45.090861],[25.831898,45.090865],[25.831913,45.090871],[25.831942,45.090882],[25.831957,45.090887],[25.831973,45.090892],[25.831989,45.090894],[25.832006,45.090893],[25.832022,45.090891],[25.832037,45.090887],[25.832052,45.090881],[25.832094,45.090862],[25.832108,45.090857],[25.832122,45.090853],[25.832138,45.090851],[25.832154,45.090851],[25.832191,45.090852],[25.832211,45.090854],[25.83223,45.090855],[25.832248,45.090858],[25.832267,45.090859],[25.832286,45.09086],[25.83232,45.09086],[25.832335,45.090861],[25.83235,45.090864],[25.832361,45.090869],[25.832369,45.090876],[25.832374,45.090885],[25.832382,45.090904],[25.832387,45.090915],[25.832396,45.090924],[25.832409,45.090932],[25.832423,45.090938],[25.832456,45.09095],[25.832474,45.090955],[25.832511,45.090965],[25.832529,45.09097],[25.832545,45.090977],[25.83256,45.090984],[25.832603,45.091006],[25.832616,45.091013],[25.832629,45.091019],[25.832643,45.091024],[25.832656,45.091027],[25.832669,45.091027],[25.832683,45.091024],[25.832696,45.09102],[25.832725,45.091009],[25.832739,45.091003],[25.832766,45.090991],[25.832778,45.090986],[25.83279,45.090982],[25.832801,45.090981],[25.832811,45.090982],[25.83282,45.090988],[25.832827,45.090996],[25.832851,45.091022],[25.832859,45.09103],[25.832868,45.091035],[25.832878,45.091037],[25.832889,45.091036],[25.832902,45.091034],[25.832954,45.091018],[25.832966,45.091016],[25.832977,45.091016],[25.832987,45.091019],[25.832995,45.091026],[25.833001,45.091035],[25.833019,45.091071],[25.833024,45.091083],[25.833033,45.091107],[25.833038,45.091116],[25.833044,45.091122],[25.833051,45.091124],[25.833059,45.091122],[25.833068,45.091117],[25.833077,45.09111],[25.833098,45.091093],[25.833121,45.091074],[25.833143,45.091054],[25.833155,45.091045],[25.833168,45.091036],[25.833183,45.091029],[25.833199,45.091023],[25.833216,45.091018],[25.833234,45.091016],[25.833253,45.091014],[25.833288,45.091013],[25.833304,45.091011],[25.833319,45.091008],[25.833331,45.091002],[25.833339,45.090993],[25.833344,45.090983],[25.833347,45.090971],[25.833349,45.090959],[25.833349,45.090948],[25.833351,45.090936],[25.833356,45.090925],[25.833363,45.090915],[25.833375,45.090907],[25.833389,45.0909],[25.833418,45.090888],[25.833432,45.090881],[25.833445,45.090874],[25.833456,45.090866],[25.833464,45.090857],[25.83347,45.090848],[25.833475,45.09084],[25.833482,45.090831],[25.833492,45.090823],[25.833504,45.090816],[25.833518,45.09081],[25.833535,45.090804],[25.833569,45.090794],[25.833587,45.090789],[25.833624,45.09078],[25.833642,45.090775],[25.83366,45.090771],[25.833678,45.090767],[25.833695,45.090764],[25.833713,45.090763],[25.833731,45.090763],[25.833748,45.090765],[25.833779,45.090772],[25.833796,45.090774],[25.833813,45.090774],[25.833829,45.090772],[25.833844,45.090768],[25.833858,45.090763],[25.833871,45.090757],[25.833881,45.09075],[25.833889,45.090741],[25.833893,45.090732],[25.833894,45.090722],[25.833893,45.090704],[25.833893,45.090696],[25.833897,45.090688],[25.833904,45.09068],[25.833915,45.090673],[25.833926,45.090666],[25.833953,45.090651],[25.833967,45.090644],[25.83398,45.090635],[25.834006,45.090618],[25.834032,45.0906],[25.834057,45.090582],[25.834081,45.090563],[25.834092,45.090552],[25.834103,45.090542],[25.834113,45.090531],[25.834131,45.090508],[25.834149,45.090485],[25.834177,45.090451],[25.834193,45.090426],[25.834202,45.090414],[25.834212,45.090403],[25.834222,45.090393],[25.834234,45.090383],[25.834248,45.090374],[25.834277,45.090359],[25.83429,45.09035],[25.8343,45.090339],[25.834308,45.090327],[25.834323,45.090302],[25.834332,45.090291],[25.834343,45.090282],[25.834357,45.090275],[25.834374,45.090271],[25.834392,45.090268],[25.83441,45.090266],[25.834442,45.090263],[25.834456,45.09026],[25.834468,45.090254],[25.834477,45.090244],[25.834483,45.090232],[25.834486,45.090218],[25.834489,45.090203],[25.83449,45.090186],[25.834491,45.090169],[25.83449,45.090098],[25.834491,45.090062],[25.834492,45.090045],[25.834494,45.090028],[25.834497,45.090012],[25.834501,45.089998],[25.834508,45.089984],[25.834517,45.089973],[25.834527,45.089962],[25.83454,45.089953],[25.834552,45.089944],[25.834563,45.089935],[25.834574,45.089925],[25.834583,45.089915],[25.83459,45.089905],[25.834595,45.089893],[25.834597,45.089881],[25.834596,45.089869],[25.834593,45.089848],[25.834592,45.089837],[25.834593,45.089828],[25.834598,45.08982],[25.834607,45.089813],[25.834619,45.089807],[25.834632,45.089801],[25.83466,45.089787],[25.834673,45.08978],[25.834684,45.089771],[25.834692,45.08976],[25.834696,45.089748],[25.834698,45.089735],[25.834698,45.089722],[25.834697,45.08971],[25.834696,45.089697],[25.834696,45.089684],[25.834698,45.089672],[25.834702,45.089662],[25.834708,45.089655],[25.834718,45.089651],[25.834729,45.089651],[25.834743,45.089652],[25.834757,45.089654],[25.834772,45.089657],[25.834787,45.08966],[25.834803,45.089662],[25.834816,45.089663],[25.834829,45.089661],[25.834841,45.089656],[25.834849,45.089648],[25.834854,45.089636],[25.834857,45.089623],[25.834858,45.089609],[25.834857,45.089593],[25.834856,45.089578],[25.834853,45.089563],[25.834849,45.089548],[25.834846,45.089533],[25.834844,45.089517],[25.834844,45.0895],[25.834844,45.089484],[25.834846,45.089469],[25.83485,45.089454],[25.834856,45.08944],[25.834864,45.089429],[25.834873,45.089417],[25.834883,45.089407],[25.834921,45.089374],[25.834926,45.089367],[25.834926,45.08936],[25.834921,45.089353],[25.834912,45.089346],[25.834901,45.089341],[25.834875,45.08933],[25.834864,45.089324],[25.834854,45.089318],[25.834847,45.089312],[25.834845,45.089305],[25.834847,45.089298],[25.834852,45.08929],[25.834867,45.089275],[25.834874,45.089267],[25.834878,45.089259],[25.834879,45.089249],[25.834875,45.089241],[25.834868,45.089233],[25.834848,45.089217],[25.834838,45.08921],[25.834821,45.089195],[25.834816,45.089189],[25.834816,45.089182],[25.834822,45.089176],[25.834831,45.08917],[25.834844,45.089165],[25.83486,45.08916],[25.834896,45.089152],[25.834932,45.089141],[25.834949,45.089135],[25.834966,45.089129],[25.834979,45.08912],[25.83499,45.089109],[25.834997,45.089096],[25.835003,45.089082],[25.835016,45.089037],[25.835022,45.089023],[25.83503,45.08901],[25.835039,45.088999],[25.835051,45.088989],[25.835064,45.08898],[25.835104,45.088956],[25.835115,45.088948],[25.835124,45.08894],[25.835131,45.088931],[25.835133,45.088921],[25.835132,45.088911],[25.835127,45.088901],[25.835119,45.088891],[25.835094,45.088863],[25.835087,45.088853],[25.835082,45.088844],[25.83508,45.088834],[25.835083,45.088824],[25.835091,45.088816],[25.8351,45.088807],[25.835111,45.088799],[25.835136,45.088782],[25.835163,45.088766],[25.835209,45.088743],[25.835239,45.088729],[25.835254,45.088723],[25.835271,45.088718],[25.835289,45.088715],[25.835307,45.088714],[25.835326,45.088715],[25.835344,45.088717],[25.835361,45.088722],[25.835394,45.088731],[25.835411,45.088735],[25.835427,45.088738],[25.835443,45.088741],[25.835459,45.088741],[25.835474,45.088739],[25.835488,45.088734],[25.835502,45.088728],[25.835514,45.088721],[25.835526,45.088714],[25.835537,45.088706],[25.835547,45.088699],[25.835558,45.088694],[25.835569,45.088691],[25.83558,45.088691],[25.835591,45.088695],[25.835602,45.0887],[25.835611,45.088708],[25.83562,45.088718],[25.83563,45.088727],[25.835647,45.088746],[25.835656,45.088754],[25.835665,45.08876],[25.835673,45.088764],[25.835683,45.088765],[25.835691,45.088761],[25.835701,45.088755],[25.835711,45.088747],[25.835731,45.08873],[25.83575,45.088711],[25.835761,45.088703],[25.835772,45.088696],[25.835783,45.088691],[25.835793,45.088688],[25.835804,45.088689],[25.835813,45.088694],[25.835822,45.088702],[25.835831,45.088711],[25.835839,45.088721],[25.835855,45.088745],[25.835873,45.088769],[25.835883,45.088781],[25.835904,45.088802],[25.835915,45.088813],[25.835936,45.088833],[25.835944,45.088844],[25.835958,45.088863],[25.835962,45.088872],[25.835963,45.08888],[25.83596,45.088888],[25.835951,45.088894],[25.835939,45.088899],[25.83591,45.08891],[25.83588,45.088919],[25.835867,45.088924],[25.835857,45.08893],[25.835853,45.088937],[25.835853,45.088945],[25.835859,45.088952],[25.835876,45.088967],[25.835886,45.088974],[25.835903,45.088989],[25.835909,45.088996],[25.835911,45.089004],[25.835909,45.089012],[25.835904,45.089021],[25.835884,45.089046],[25.83588,45.089055],[25.835878,45.089062],[25.835881,45.089069],[25.835889,45.089076],[25.8359,45.089082],[25.835913,45.089087],[25.835929,45.089092],[25.835965,45.089101],[25.835983,45.089106],[25.835999,45.089112],[25.836013,45.089121],[25.836038,45.089139],[25.836062,45.089158],[25.836076,45.089167],[25.83609,45.089175],[25.836106,45.089182],[25.836123,45.089188],[25.836141,45.089193],[25.83616,45.089198],[25.836181,45.089201],[25.836223,45.089207],[25.836244,45.08921],[25.836264,45.089214],[25.836285,45.089217],[25.836328,45.089222],[25.836349,45.089225],[25.836369,45.089229],[25.836391,45.089232],[25.836458,45.089238],[25.83648,45.08924],[25.836501,45.089243],[25.836561,45.089255],[25.83658,45.089259],[25.836597,45.089265],[25.836611,45.089274],[25.836621,45.089285],[25.836627,45.089298],[25.836631,45.089312],[25.836634,45.089328],[25.836634,45.089343],[25.836634,45.089359],[25.836633,45.089374],[25.836629,45.0894],[25.836629,45.089411],[25.836631,45.089421],[25.836636,45.089428],[25.836645,45.089431],[25.836655,45.089431],[25.836667,45.089428],[25.836681,45.089425],[25.836694,45.089419],[25.836724,45.089406],[25.836773,45.089386],[25.836824,45.089367],[25.836842,45.08936],[25.836878,45.089349],[25.836896,45.089344],[25.836916,45.08934],[25.836953,45.089334],[25.836973,45.089332],[25.836992,45.089332],[25.837011,45.089333],[25.837029,45.089337],[25.837045,45.089342],[25.837061,45.089348],[25.837102,45.089366],[25.837114,45.08937],[25.837127,45.089372],[25.837139,45.089372],[25.83715,45.089368],[25.837161,45.089362],[25.837172,45.089355],[25.837183,45.089346],[25.837206,45.089329],[25.83722,45.089321],[25.837236,45.089314],[25.837254,45.089309],[25.837293,45.089299],[25.837312,45.089294],[25.837347,45.089283],[25.837364,45.089276],[25.837379,45.089269],[25.837391,45.089259],[25.837403,45.089249],[25.837413,45.089239],[25.837432,45.089217],[25.837451,45.089196],[25.83746,45.089187],[25.837472,45.089179],[25.837485,45.089175],[25.8375,45.089173],[25.837517,45.089173],[25.837553,45.089175],[25.837605,45.08918],[25.83762,45.08918],[25.837634,45.089177],[25.837644,45.089173],[25.837649,45.089166],[25.837651,45.089157],[25.837651,45.089146],[25.83765,45.089134],[25.837649,45.089121],[25.837645,45.089087],[25.837646,45.089078],[25.837651,45.089071],[25.83766,45.089068],[25.837671,45.089068],[25.837685,45.089068],[25.837701,45.08907],[25.837718,45.089073],[25.837736,45.089076],[25.837754,45.089079],[25.83779,45.089084],[25.837807,45.089085],[25.837823,45.089084],[25.837838,45.089081],[25.837852,45.089076],[25.837864,45.089068],[25.837875,45.089059],[25.837885,45.08905],[25.837895,45.08904],[25.837913,45.08902],[25.837922,45.089011],[25.837932,45.089004],[25.837942,45.088998],[25.837953,45.088996],[25.837965,45.088998],[25.837978,45.089],[25.83802,45.089014],[25.838034,45.089018],[25.838049,45.089022],[25.838063,45.089025],[25.838077,45.089026],[25.838092,45.089024],[25.838107,45.08902],[25.838123,45.089016],[25.83817,45.088999],[25.838187,45.088994],[25.838204,45.08899],[25.838221,45.088986],[25.83824,45.088984],[25.838258,45.088983],[25.838277,45.088984],[25.838313,45.088988],[25.838347,45.08899],[25.838361,45.088991],[25.838373,45.088989],[25.838383,45.088985],[25.838389,45.088977],[25.838392,45.088968],[25.838392,45.088933],[25.838393,45.08892],[25.838396,45.088908],[25.8384,45.088898],[25.838407,45.08889],[25.838416,45.088886],[25.838427,45.088886],[25.838441,45.088886],[25.838455,45.088888],[25.83847,45.088891],[25.838485,45.088893],[25.8385,45.088895],[25.838514,45.088896],[25.838527,45.088894],[25.838539,45.088889],[25.838547,45.088881],[25.838554,45.08887],[25.83857,45.088834],[25.838576,45.088823],[25.838585,45.088815],[25.838596,45.088811],[25.838609,45.08881],[25.838622,45.088811],[25.838635,45.088813],[25.838649,45.088817],[25.838664,45.08882],[25.838678,45.088822],[25.838691,45.088823],[25.838703,45.088821],[25.838714,45.088817],[25.838721,45.088809],[25.838725,45.0888],[25.838727,45.088789],[25.838728,45.088778],[25.838728,45.088767],[25.838729,45.088757],[25.838732,45.088748],[25.838738,45.088741],[25.838747,45.088738],[25.838749,45.088738],[25.838741,45.088256]],[[25.837236,45.08733],[25.837235,45.087335],[25.837233,45.087339],[25.837225,45.087351],[25.837217,45.087367],[25.837213,45.087372],[25.837203,45.087383],[25.837193,45.087396],[25.83719,45.0874],[25.837186,45.087403],[25.837182,45.087404],[25.837178,45.087404],[25.837174,45.087404],[25.83717,45.087403],[25.837157,45.087397],[25.837148,45.087392],[25.837135,45.087383],[25.837127,45.087377],[25.837119,45.087371],[25.837109,45.087362],[25.837106,45.087359],[25.837104,45.087356],[25.837103,45.087352],[25.837103,45.087349],[25.837104,45.087346],[25.837106,45.087343],[25.837113,45.087337],[25.83712,45.087332],[25.837125,45.087329],[25.837131,45.087326],[25.837138,45.087324],[25.83716,45.087317],[25.837171,45.087312],[25.837176,45.08731],[25.837184,45.087309],[25.837193,45.087308],[25.837201,45.087307],[25.83721,45.087308],[25.837217,45.087309],[25.837224,45.08731],[25.83723,45.087313],[25.837234,45.087317],[25.837236,45.087321],[25.837237,45.087325],[25.837236,45.08733]],[[25.822066,45.091246],[25.822055,45.091285],[25.822052,45.091294],[25.822047,45.091306],[25.822046,45.091311],[25.822043,45.091327],[25.822041,45.091332],[25.822039,45.091337],[25.822035,45.091342],[25.822026,45.091351],[25.822021,45.091356],[25.822015,45.09136],[25.822003,45.091369],[25.821996,45.091373],[25.82199,45.091376],[25.821982,45.091379],[25.821975,45.091382],[25.821968,45.091385],[25.821956,45.091387],[25.821944,45.091387],[25.821933,45.091385],[25.821924,45.09138],[25.821918,45.091375],[25.821915,45.091368],[25.821913,45.09136],[25.821912,45.091352],[25.821914,45.091344],[25.821917,45.091337],[25.821921,45.09133],[25.821931,45.091318],[25.821934,45.091313],[25.821936,45.091308],[25.821938,45.091299],[25.82194,45.091294],[25.821943,45.091289],[25.821946,45.091284],[25.821956,45.091273],[25.821963,45.091266],[25.82197,45.09126],[25.821981,45.091254],[25.822015,45.091239],[25.822032,45.091231],[25.822039,45.091227],[25.822047,45.091226],[25.822055,45.091227],[25.822061,45.091229],[25.822065,45.091233],[25.822066,45.091239],[25.822066,45.091246]],[[25.822877,45.091568],[25.822871,45.091577],[25.822867,45.091582],[25.822846,45.091601],[25.822834,45.091611],[25.822819,45.091625],[25.822811,45.091631],[25.8228,45.091637],[25.822789,45.091642],[25.822769,45.091649],[25.82276,45.091652],[25.822746,45.091655],[25.822732,45.091657],[25.822717,45.091658],[25.822702,45.091659],[25.822688,45.091659],[25.822674,45.091658],[25.822661,45.091657],[25.822651,45.091655],[25.822644,45.091652],[25.822641,45.091649],[25.82264,45.091645],[25.822641,45.091641],[25.822643,45.091637],[25.822647,45.091633],[25.822651,45.091629],[25.822656,45.091624],[25.822673,45.09161],[25.822699,45.091592],[25.822707,45.091588],[25.822722,45.091579],[25.82273,45.091575],[25.822741,45.091571],[25.822774,45.09156],[25.822783,45.091557],[25.822796,45.091555],[25.822808,45.091553],[25.822822,45.091552],[25.822835,45.091552],[25.822847,45.091552],[25.822858,45.091553],[25.822867,45.091555],[25.822874,45.091558],[25.822877,45.091561],[25.822878,45.091565],[25.822877,45.091568]]]],"type":"MultiPolygon"},"properties":{"fid":42.0,"tt":1.0,"Id":783,"IFCID":783,"localId":"1.298.135164","namespace":"RO.Ancpi.AU","versionId":"20140402141640","country":"RO","natLevel":"3rdOrder","natLevName":"Comuna","natCode":"135164","name":"SCORTENI","resOfAut":"SCORÃžENI","beginVers":"2014-04-02","endVersion":null,"Shape_Leng":43149.6357825,"Shape_Area":39846453.0656,"Jud_ID":"1.298","Jud_name":"PRAHOVA","_s":{"f":"#4daf4a","fo":1.0,"s":"#3388ff","so":1.0,"w":1.0,"r":5.0}}},{"type":"Feature","geometry":{"coordinates":[[[[25.812922,45.096479],[25.812919,45.096489],[25.812917,45.0965],[25.812918,45.096512],[25.812919,45.096523],[25.812919,45.096535],[25.812918,45.096546],[25.812914,45.096556],[25.812907,45.096563],[25.812898,45.096567],[25.812886,45.096568],[25.812871,45.096568],[25.812855,45.096567],[25.812838,45.096564],[25.812822,45.096561],[25.812805,45.096559],[25.812789,45.096557],[25.812774,45.096557],[25.812762,45.096558],[25.812753,45.096561],[25.812747,45.096568],[25.812744,45.096578],[25.812743,45.096588],[25.812745,45.096613],[25.812745,45.096627],[25.812743,45.096641],[25.81274,45.096655],[25.812734,45.096668],[25.812726,45.096679],[25.812717,45.09669],[25.812706,45.096701],[25.812695,45.09671],[25.812683,45.09672],[25.81267,45.096729],[25.812658,45.096737],[25.812646,45.096746],[25.812636,45.096756],[25.812628,45.096766],[25.812624,45.096778],[25.812623,45.09679],[25.812624,45.096802],[25.812628,45.096814],[25.812633,45.096826],[25.812643,45.096848],[25.812647,45.096859],[25.812648,45.096869],[25.812647,45.096877],[25.812642,45.096884],[25.812631,45.096889],[25.812616,45.096893],[25.812599,45.096896],[25.812563,45.096901],[25.812546,45.096904],[25.812532,45.096907],[25.812522,45.096912],[25.812517,45.096918],[25.812518,45.096924],[25.812522,45.096932],[25.812543,45.096957],[25.812549,45.096966],[25.812553,45.096975],[25.812553,45.096984],[25.81255,45.096994],[25.812542,45.097002],[25.81252,45.097018],[25.812508,45.097026],[25.812496,45.097035],[25.812485,45.097045],[25.812476,45.097056],[25.81247,45.097069],[25.812465,45.097084],[25.812463,45.097099],[25.812461,45.097115],[25.812462,45.097132],[25.812463,45.097148],[25.812465,45.097164],[25.812469,45.097179],[25.812474,45.097194],[25.812478,45.097209],[25.812482,45.097225],[25.812491,45.097269],[25.812493,45.097282],[25.812493,45.097294],[25.81249,45.097307],[25.812484,45.097318],[25.812474,45.097327],[25.812462,45.097335],[25.81245,45.097343],[25.812423,45.097357],[25.812412,45.097364],[25.812402,45.09737],[25.812394,45.097377],[25.812392,45.097385],[25.812393,45.097393],[25.812396,45.097401],[25.812401,45.09741],[25.812405,45.097419],[25.812408,45.097427],[25.812407,45.097436],[25.812404,45.097445],[25.812396,45.097453],[25.812379,45.097467],[25.812372,45.097475],[25.812368,45.097483],[25.812367,45.097491],[25.812371,45.097499],[25.812377,45.097508],[25.812398,45.097534],[25.812403,45.097542],[25.812406,45.09755],[25.812404,45.097558],[25.812398,45.097566],[25.812389,45.097573],[25.812376,45.097579],[25.812347,45.097589],[25.812332,45.097594],[25.812321,45.097601],[25.812313,45.09761],[25.812309,45.09762],[25.812305,45.09764],[25.812301,45.09765],[25.812296,45.09766],[25.812289,45.097667],[25.812279,45.097671],[25.812267,45.097672],[25.812252,45.097672],[25.812236,45.097672],[25.812204,45.097671],[25.812188,45.097672],[25.812174,45.097676],[25.812162,45.097682],[25.812153,45.097691],[25.812147,45.097703],[25.812144,45.097717],[25.812142,45.097731],[25.812141,45.097745],[25.812141,45.097758],[25.812143,45.09778],[25.812142,45.097789],[25.812138,45.097794],[25.812131,45.097797],[25.812122,45.097796],[25.812111,45.097792],[25.812069,45.097777],[25.81204,45.097764],[25.812025,45.097758],[25.81201,45.097754],[25.811995,45.097751],[25.811981,45.097749],[25.811968,45.09775],[25.811956,45.097755],[25.811947,45.097763],[25.811941,45.097774],[25.811924,45.097813],[25.81191,45.097839],[25.811903,45.097852],[25.811894,45.097864],[25.811882,45.097874],[25.811867,45.097881],[25.811849,45.097887],[25.811828,45.097891],[25.811807,45.097894],[25.811739,45.097901],[25.811718,45.097904],[25.811697,45.097907],[25.811675,45.09791],[25.811653,45.097912],[25.811631,45.097914],[25.811569,45.097917],[25.811552,45.097917],[25.811534,45.097916],[25.811518,45.097914],[25.811501,45.09791],[25.811484,45.097907],[25.811467,45.097902],[25.81145,45.097898],[25.811433,45.097895],[25.811417,45.097892],[25.8114,45.097892],[25.811383,45.097893],[25.811367,45.097896],[25.811351,45.0979],[25.811335,45.097905],[25.811319,45.097911],[25.811289,45.097925],[25.811257,45.097938],[25.811241,45.097945],[25.811209,45.097959],[25.811192,45.097965],[25.811156,45.097976],[25.811123,45.097989],[25.811107,45.097996],[25.811092,45.098003],[25.811077,45.098011],[25.811064,45.09802],[25.811053,45.09803],[25.811043,45.098041],[25.811035,45.098053],[25.811027,45.098065],[25.811015,45.098092],[25.811008,45.098106],[25.810992,45.09813],[25.810983,45.098142],[25.810973,45.098153],[25.810962,45.098163],[25.810928,45.098193],[25.810907,45.098214],[25.810898,45.098225],[25.81089,45.098237],[25.810885,45.09825],[25.810881,45.098264],[25.810879,45.098279],[25.810879,45.098294],[25.810879,45.098309],[25.810881,45.098335],[25.81088,45.098348],[25.810876,45.098359],[25.81087,45.09837],[25.810861,45.098381],[25.810852,45.09839],[25.810841,45.0984],[25.810818,45.098419],[25.810782,45.098447],[25.81077,45.098457],[25.810759,45.098467],[25.810737,45.098488],[25.810714,45.098508],[25.810703,45.098518],[25.81068,45.098538],[25.81067,45.098549],[25.81066,45.09856],[25.810652,45.098572],[25.810631,45.098611],[25.810625,45.098624],[25.810621,45.098638],[25.810613,45.098664],[25.810612,45.098678],[25.810613,45.098691],[25.810617,45.098704],[25.810623,45.098717],[25.810629,45.098729],[25.810637,45.098742],[25.810654,45.098766],[25.810661,45.098779],[25.810667,45.098793],[25.810671,45.098808],[25.810673,45.098823],[25.810674,45.098839],[25.810673,45.098854],[25.810669,45.098868],[25.810664,45.098882],[25.810655,45.098893],[25.810642,45.098902],[25.810627,45.098909],[25.81061,45.098915],[25.810592,45.09892],[25.810572,45.098925],[25.810551,45.098928],[25.810508,45.098934],[25.810487,45.098938],[25.810467,45.098942],[25.810446,45.098945],[25.810404,45.098952],[25.810383,45.098955],[25.810325,45.098969],[25.810306,45.098974],[25.810289,45.098981],[25.810275,45.098989],[25.810262,45.098998],[25.810251,45.099008],[25.810242,45.09902],[25.810233,45.099031],[25.810226,45.099044],[25.810212,45.099068],[25.810198,45.099089],[25.810191,45.099097],[25.810183,45.099103],[25.810174,45.099105],[25.810165,45.099102],[25.810155,45.099097],[25.810146,45.09909],[25.810136,45.099082],[25.810114,45.099064],[25.810092,45.099048],[25.810081,45.09904],[25.810071,45.099034],[25.810061,45.09903],[25.810051,45.09903],[25.81004,45.099033],[25.81003,45.099038],[25.810021,45.099046],[25.810003,45.099064],[25.809994,45.099073],[25.809985,45.099081],[25.809975,45.099088],[25.809963,45.099091],[25.80995,45.099092],[25.809937,45.099089],[25.809923,45.099085],[25.809896,45.099075],[25.809883,45.099071],[25.80987,45.099068],[25.809857,45.099066],[25.809846,45.099066],[25.809837,45.09907],[25.80983,45.099077],[25.809825,45.099087],[25.809822,45.099098],[25.809817,45.099133],[25.809815,45.099141],[25.809809,45.099148],[25.8098,45.099153],[25.809787,45.099155],[25.809774,45.099156],[25.809746,45.099154],[25.809733,45.099155],[25.809721,45.099156],[25.809711,45.09916],[25.809702,45.099167],[25.809695,45.099177],[25.809681,45.0992],[25.809673,45.099211],[25.809662,45.099221],[25.809647,45.099228],[25.80963,45.099234],[25.809612,45.099238],[25.809576,45.099247],[25.809561,45.099252],[25.809548,45.099258],[25.809541,45.099267],[25.809537,45.099275],[25.809534,45.099303],[25.809532,45.099311],[25.809526,45.099319],[25.809516,45.099325],[25.809503,45.09933],[25.809475,45.099339],[25.809463,45.099345],[25.809454,45.099351],[25.809448,45.099359],[25.809446,45.099367],[25.809449,45.099375],[25.809454,45.099384],[25.809475,45.099411],[25.80948,45.099421],[25.809482,45.09943],[25.809482,45.099438],[25.809477,45.099445],[25.809467,45.09945],[25.809453,45.099455],[25.80942,45.099462],[25.809404,45.099466],[25.809389,45.099471],[25.809377,45.099477],[25.809369,45.099485],[25.809366,45.099494],[25.809364,45.099523],[25.809362,45.099531],[25.809357,45.099539],[25.809347,45.099545],[25.809333,45.099551],[25.809318,45.099555],[25.809302,45.099559],[25.809283,45.099562],[25.809264,45.099563],[25.809244,45.099563],[25.809224,45.099561],[25.809164,45.099551],[25.809144,45.099547],[25.809126,45.099542],[25.809109,45.099535],[25.809093,45.099528],[25.809079,45.09952],[25.809067,45.09951],[25.809057,45.0995],[25.809047,45.09949],[25.809039,45.099479],[25.809032,45.099469],[25.809025,45.09946],[25.809017,45.099454],[25.809007,45.099452],[25.808997,45.099453],[25.808986,45.099456],[25.808975,45.099462],[25.808963,45.099468],[25.808951,45.099474],[25.80894,45.09948],[25.808928,45.099485],[25.808917,45.099489],[25.808907,45.09949],[25.808898,45.099487],[25.80889,45.099481],[25.808884,45.099473],[25.808871,45.099452],[25.808857,45.099432],[25.80885,45.099424],[25.808841,45.099418],[25.808832,45.099416],[25.808821,45.099418],[25.80881,45.099421],[25.808798,45.099427],[25.808786,45.099433],[25.808773,45.09944],[25.808746,45.099454],[25.808732,45.099459],[25.808717,45.099464],[25.808701,45.099467],[25.808684,45.099467],[25.808648,45.099465],[25.808593,45.099459],[25.808575,45.099459],[25.808557,45.099461],[25.80854,45.099464],[25.808525,45.099469],[25.808511,45.099476],[25.808498,45.099483],[25.808486,45.099491],[25.808476,45.099498],[25.808466,45.099505],[25.808455,45.09951],[25.808445,45.099512],[25.808435,45.099511],[25.808426,45.099506],[25.808418,45.099499],[25.808409,45.099491],[25.808393,45.099472],[25.808384,45.099464],[25.808374,45.099458],[25.808364,45.099453],[25.808353,45.099452],[25.808341,45.099455],[25.808329,45.099459],[25.808317,45.099465],[25.808305,45.099472],[25.80828,45.099489],[25.808242,45.099516],[25.808229,45.099524],[25.808215,45.099533],[25.808201,45.099542],[25.808187,45.09955],[25.808171,45.099557],[25.808155,45.099563],[25.808136,45.099568],[25.808116,45.099572],[25.808094,45.099575],[25.808051,45.099581],[25.80803,45.099584],[25.808009,45.099588],[25.807988,45.099591],[25.807945,45.099597],[25.807924,45.0996],[25.807904,45.099604],[25.807867,45.099614],[25.807849,45.09962],[25.807816,45.099633],[25.807801,45.09964],[25.807787,45.099648],[25.807776,45.099659],[25.807767,45.09967],[25.807751,45.099695],[25.807744,45.099708],[25.807732,45.099735],[25.807724,45.099748],[25.807714,45.099759],[25.807704,45.09977],[25.807691,45.099779],[25.807676,45.099787],[25.807659,45.099793],[25.807625,45.099804],[25.807596,45.099815],[25.807583,45.09982],[25.807575,45.099827],[25.807571,45.099834],[25.807573,45.099842],[25.807579,45.099849],[25.807597,45.099864],[25.807608,45.099871],[25.807626,45.099886],[25.807633,45.099893],[25.807634,45.099901],[25.807632,45.099909],[25.807626,45.099918],[25.807618,45.099927],[25.807608,45.099936],[25.807585,45.099954],[25.807523,45.099999],[25.8075,45.100017],[25.80749,45.100026],[25.807482,45.100035],[25.807475,45.100044],[25.807472,45.100053],[25.807473,45.100061],[25.807478,45.100069],[25.807486,45.100077],[25.807497,45.100084],[25.807508,45.100091],[25.807527,45.100104],[25.807533,45.100111],[25.807535,45.100118],[25.807531,45.100126],[25.807523,45.100132],[25.807511,45.100137],[25.807497,45.100142],[25.807484,45.100148],[25.807472,45.100154],[25.807461,45.100161],[25.807452,45.100168],[25.807448,45.100177],[25.807448,45.100187],[25.807449,45.100198],[25.807452,45.10021],[25.807456,45.100221],[25.80746,45.100232],[25.807464,45.100244],[25.807466,45.100254],[25.807467,45.100264],[25.807464,45.100273],[25.807456,45.100281],[25.807446,45.100289],[25.807435,45.100297],[25.807409,45.100312],[25.80738,45.100327],[25.807353,45.100344],[25.80734,45.100353],[25.807328,45.100363],[25.807317,45.100373],[25.807309,45.100385],[25.807303,45.100399],[25.807298,45.100413],[25.807291,45.100442],[25.807287,45.100454],[25.807281,45.100465],[25.807274,45.100474],[25.807264,45.100478],[25.807252,45.10048],[25.807239,45.10048],[25.80721,45.10048],[25.807195,45.100481],[25.807181,45.100484],[25.807168,45.10049],[25.807159,45.100498],[25.807151,45.100508],[25.807139,45.10053],[25.807133,45.100539],[25.807125,45.100545],[25.807116,45.100548],[25.807106,45.100547],[25.807094,45.100543],[25.807082,45.100539],[25.807055,45.100527],[25.807041,45.100522],[25.807015,45.100513],[25.807003,45.100511],[25.806993,45.10051],[25.806984,45.100513],[25.806977,45.100521],[25.806972,45.100531],[25.806968,45.100543],[25.806962,45.100569],[25.806958,45.100581],[25.806953,45.100592],[25.806946,45.100599],[25.806936,45.100603],[25.806925,45.100604],[25.806913,45.100603],[25.806899,45.100601],[25.806886,45.100599],[25.806873,45.100596],[25.80686,45.100595],[25.806847,45.100596],[25.806836,45.1006],[25.806826,45.100608],[25.806818,45.100618],[25.806803,45.10064],[25.806785,45.100663],[25.806775,45.100674],[25.806763,45.100683],[25.80675,45.100692],[25.806735,45.1007],[25.80672,45.100707],[25.806704,45.100713],[25.806687,45.100718],[25.80667,45.100723],[25.806652,45.100726],[25.806634,45.100728],[25.806616,45.100728],[25.806598,45.100726],[25.806581,45.100723],[25.806564,45.100719],[25.806547,45.100715],[25.806532,45.100711],[25.806517,45.100707],[25.806504,45.100705],[25.80649,45.100706],[25.806478,45.10071],[25.806469,45.100717],[25.80646,45.100726],[25.806444,45.100748],[25.80643,45.100772],[25.806422,45.100783],[25.806412,45.100793],[25.806402,45.100802],[25.80639,45.100809],[25.806377,45.100813],[25.806361,45.100815],[25.806345,45.100814],[25.806328,45.100813],[25.80631,45.100811],[25.806274,45.100808],[25.806256,45.100807],[25.806238,45.100809],[25.806222,45.100812],[25.806208,45.100818],[25.806198,45.100827],[25.80619,45.100837],[25.806177,45.100859],[25.80617,45.100869],[25.806162,45.100876],[25.806151,45.10088],[25.80614,45.10088],[25.806126,45.100879],[25.806112,45.100877],[25.806084,45.10087],[25.80607,45.100868],[25.806055,45.100868],[25.806042,45.100871],[25.80603,45.100877],[25.806021,45.100886],[25.806014,45.100897],[25.80601,45.10091],[25.806002,45.100937],[25.805998,45.100949],[25.805993,45.100959],[25.805987,45.100966],[25.805978,45.10097],[25.805968,45.100969],[25.805956,45.100966],[25.805944,45.100961],[25.805931,45.100955],[25.805918,45.100949],[25.805889,45.100936],[25.805875,45.100929],[25.805851,45.100918],[25.80584,45.100914],[25.805831,45.100913],[25.805823,45.100915],[25.805818,45.100921],[25.805816,45.10093],[25.805815,45.100939],[25.805816,45.10095],[25.805815,45.100961],[25.805813,45.100973],[25.805808,45.100984],[25.805799,45.100993],[25.805787,45.100999],[25.805772,45.101003],[25.805756,45.101006],[25.805739,45.101008],[25.805723,45.101008],[25.805707,45.10101],[25.805691,45.101014],[25.805676,45.101019],[25.805661,45.101025],[25.805647,45.101032],[25.805633,45.101039],[25.805619,45.101047],[25.805589,45.101062],[25.805573,45.101069],[25.805556,45.101075],[25.805537,45.10108],[25.805517,45.101084],[25.805452,45.101093],[25.805432,45.101097],[25.805413,45.101103],[25.805398,45.10111],[25.805386,45.101119],[25.805376,45.10113],[25.805367,45.101142],[25.805359,45.101154],[25.805353,45.101166],[25.805343,45.10119],[25.805337,45.101199],[25.80533,45.101206],[25.805321,45.101209],[25.805311,45.101208],[25.8053,45.101205],[25.805289,45.1012],[25.805277,45.101194],[25.805265,45.101187],[25.805252,45.101181],[25.80524,45.101176],[25.805227,45.101171],[25.805215,45.101169],[25.805203,45.10117],[25.805192,45.101174],[25.805181,45.10118],[25.805172,45.101188],[25.805144,45.101213],[25.805135,45.101221],[25.805125,45.101226],[25.805116,45.101228],[25.805107,45.101227],[25.805099,45.101222],[25.805092,45.101214],[25.805076,45.101194],[25.805061,45.101171],[25.805035,45.101135],[25.805026,45.101124],[25.805016,45.101113],[25.805006,45.101103],[25.804994,45.101095],[25.80498,45.10109],[25.804963,45.101087],[25.804946,45.101087],[25.804889,45.101092],[25.804831,45.101099],[25.804813,45.101099],[25.804794,45.101098],[25.804777,45.101095],[25.804761,45.10109],[25.804746,45.101084],[25.804718,45.10107],[25.804704,45.101063],[25.804691,45.101056],[25.804679,45.10105],[25.804666,45.101046],[25.804654,45.101043],[25.804642,45.101044],[25.804631,45.101048],[25.804619,45.101053],[25.804609,45.101061],[25.804599,45.10107],[25.804576,45.101088],[25.804564,45.101097],[25.804552,45.101107],[25.804525,45.101124],[25.804511,45.101133],[25.804497,45.101141],[25.804481,45.101148],[25.804447,45.101161],[25.80443,45.101166],[25.804393,45.101177],[25.804341,45.101194],[25.804324,45.1012],[25.804272,45.101217],[25.804254,45.101222],[25.804235,45.101227],[25.804217,45.101231],[25.804198,45.101233],[25.804178,45.101235],[25.804157,45.101235],[25.804137,45.101235],[25.804118,45.101233],[25.804099,45.101233],[25.804079,45.101234],[25.80406,45.101236],[25.804042,45.10124],[25.804026,45.101246],[25.804011,45.101253],[25.803997,45.101261],[25.803983,45.101269],[25.803958,45.101287],[25.803935,45.101305],[25.803925,45.101314],[25.803914,45.101321],[25.803903,45.101327],[25.803892,45.101331],[25.80388,45.101331],[25.803868,45.101328],[25.803856,45.101324],[25.803844,45.101317],[25.803832,45.101309],[25.803821,45.101301],[25.803809,45.101291],[25.803788,45.101273],[25.803777,45.101265],[25.803766,45.101258],[25.803755,45.101253],[25.803744,45.101251],[25.803733,45.101251],[25.803724,45.101256],[25.803714,45.101262],[25.803704,45.10127],[25.803683,45.101288],[25.803664,45.101308],[25.803653,45.101317],[25.803641,45.101326],[25.803629,45.101333],[25.803614,45.101337],[25.803598,45.101339],[25.803541,45.101339],[25.803519,45.10134],[25.803497,45.101341],[25.803476,45.101343],[25.803455,45.101346],[25.803436,45.10135],[25.803419,45.101356],[25.803404,45.101363],[25.803389,45.10137],[25.803375,45.101378],[25.803348,45.101395],[25.803308,45.101422],[25.80328,45.101438],[25.803251,45.101454],[25.803237,45.101462],[25.803224,45.101471],[25.803199,45.10149],[25.803188,45.1015],[25.80318,45.101512],[25.803174,45.101525],[25.803164,45.101553],[25.803159,45.101565],[25.803152,45.101576],[25.803144,45.101585],[25.803133,45.101589],[25.80312,45.101591],[25.803107,45.10159],[25.803093,45.101589],[25.803079,45.101586],[25.803066,45.101583],[25.803053,45.101581],[25.803042,45.101581],[25.803032,45.101584],[25.803023,45.10159],[25.803016,45.101598],[25.803,45.101619],[25.802986,45.101643],[25.802977,45.101654],[25.802966,45.101664],[25.802953,45.101673],[25.802937,45.10168],[25.80292,45.101686],[25.802903,45.101692],[25.802884,45.101697],[25.802846,45.101706],[25.802828,45.101711],[25.802811,45.101718],[25.802795,45.101724],[25.80278,45.101732],[25.802767,45.101741],[25.802755,45.101751],[25.802746,45.101762],[25.80273,45.101787],[25.802705,45.101823],[25.802695,45.101834],[25.802683,45.101844],[25.80267,45.101852],[25.802654,45.101859],[25.802637,45.101865],[25.802602,45.101876],[25.802565,45.101887],[25.802547,45.101892],[25.80253,45.101898],[25.802516,45.101906],[25.802503,45.101915],[25.802492,45.101926],[25.802482,45.101937],[25.802473,45.101948],[25.802457,45.101972],[25.802448,45.101983],[25.802438,45.101993],[25.802428,45.102002],[25.802416,45.102008],[25.802402,45.102012],[25.802387,45.102013],[25.802371,45.102012],[25.802353,45.10201],[25.802335,45.102008],[25.802317,45.102004],[25.802299,45.102001],[25.802281,45.101997],[25.802248,45.101993],[25.802234,45.101991],[25.802222,45.101992],[25.802213,45.101996],[25.802209,45.102002],[25.802207,45.102011],[25.802208,45.102022],[25.80221,45.102048],[25.802216,45.102086],[25.802216,45.102097],[25.802213,45.102107],[25.802206,45.102115],[25.802196,45.10212],[25.802183,45.102122],[25.802169,45.102121],[25.802153,45.10212],[25.802104,45.102116],[25.802089,45.102116],[25.802076,45.102118],[25.802066,45.102123],[25.80206,45.10213],[25.802058,45.102138],[25.802058,45.102149],[25.802058,45.102162],[25.802059,45.102211],[25.802058,45.102219],[25.802054,45.102225],[25.802047,45.102228],[25.802036,45.102228],[25.802023,45.102227],[25.802008,45.102225],[25.801993,45.102223],[25.801978,45.10222],[25.801963,45.102218],[25.801949,45.102217],[25.801938,45.102218],[25.801928,45.102222],[25.801921,45.10223],[25.801916,45.10224],[25.801912,45.102251],[25.801906,45.102286],[25.801903,45.102294],[25.801897,45.102301],[25.801886,45.102306],[25.801872,45.102308],[25.801857,45.102309],[25.801824,45.102308],[25.801807,45.102309],[25.801791,45.102311],[25.801777,45.102314],[25.801767,45.102318],[25.801762,45.102325],[25.801762,45.102333],[25.801764,45.102342],[25.801768,45.102353],[25.801788,45.102387],[25.801795,45.102398],[25.801801,45.10241],[25.801806,45.102422],[25.801809,45.102433],[25.801809,45.102444],[25.801806,45.102455],[25.801798,45.102464],[25.801788,45.102473],[25.801775,45.102481],[25.801746,45.102494],[25.801716,45.102507],[25.801688,45.102518],[25.801676,45.102524],[25.801668,45.10253],[25.801665,45.102537],[25.801668,45.102544],[25.801673,45.102552],[25.801682,45.10256],[25.801691,45.102569],[25.801725,45.102596],[25.801734,45.102606],[25.801741,45.102617],[25.801745,45.10263],[25.801746,45.102644],[25.801745,45.102657],[25.801741,45.10267],[25.801737,45.102684],[25.801732,45.102698],[25.801726,45.102711],[25.801711,45.102736],[25.801703,45.102749],[25.801684,45.102771],[25.801675,45.102781],[25.801664,45.10279],[25.801652,45.102797],[25.80164,45.102802],[25.801628,45.102806],[25.801615,45.102806],[25.801603,45.102804],[25.80159,45.1028],[25.801554,45.102786],[25.801544,45.102783],[25.801534,45.102782],[25.801525,45.102785],[25.801519,45.102792],[25.801514,45.102802],[25.80151,45.102814],[25.801504,45.10284],[25.8015,45.102852],[25.801494,45.102863],[25.801487,45.10287],[25.801477,45.102875],[25.801465,45.102875],[25.801451,45.102875],[25.801436,45.102873],[25.801421,45.10287],[25.801405,45.102868],[25.80139,45.102866],[25.801376,45.102865],[25.801364,45.102866],[25.801356,45.102869],[25.80135,45.102876],[25.801348,45.102884],[25.801349,45.102921],[25.801348,45.102935],[25.801347,45.10295],[25.801344,45.102965],[25.80134,45.102979],[25.801334,45.102993],[25.801321,45.103018],[25.801315,45.10303],[25.801309,45.103042],[25.801304,45.103054],[25.801302,45.103066],[25.801303,45.103078],[25.801308,45.103089],[25.801315,45.103099],[25.801324,45.103109],[25.801344,45.103126],[25.801352,45.103135],[25.801357,45.103143],[25.801359,45.103152],[25.801356,45.103161],[25.801348,45.103169],[25.801338,45.103175],[25.801326,45.103182],[25.801313,45.103187],[25.801298,45.103192],[25.801282,45.103194],[25.801265,45.103194],[25.80123,45.103192],[25.801212,45.103191],[25.801195,45.103191],[25.80118,45.103191],[25.801168,45.103192],[25.801159,45.103195],[25.801153,45.103202],[25.801151,45.10321],[25.80115,45.103231],[25.801149,45.103242],[25.801147,45.103253],[25.801143,45.103263],[25.801136,45.103271],[25.801127,45.103275],[25.801116,45.103276],[25.801103,45.103276],[25.801074,45.103276],[25.801059,45.103277],[25.801044,45.10328],[25.80103,45.103285],[25.801019,45.103293],[25.80101,45.103303],[25.801002,45.103313],[25.800992,45.103323],[25.800982,45.103331],[25.800968,45.103337],[25.800953,45.103341],[25.800938,45.103343],[25.800924,45.103344],[25.800909,45.103346],[25.800896,45.10335],[25.800885,45.103355],[25.800878,45.103363],[25.800874,45.103372],[25.800871,45.103391],[25.800868,45.103401],[25.800863,45.103411],[25.800856,45.103418],[25.800846,45.103422],[25.800835,45.103423],[25.800821,45.103424],[25.800791,45.103424],[25.800777,45.103424],[25.800765,45.103427],[25.800754,45.103432],[25.800746,45.10344],[25.800742,45.10345],[25.800739,45.103462],[25.800739,45.103474],[25.800739,45.103486],[25.800738,45.103499],[25.800736,45.103512],[25.800731,45.103524],[25.800723,45.103535],[25.800715,45.103546],[25.800695,45.103566],[25.800686,45.103575],[25.800677,45.103584],[25.800669,45.103593],[25.800664,45.103602],[25.800662,45.10361],[25.800665,45.103617],[25.800673,45.103623],[25.800684,45.103629],[25.800697,45.103635],[25.800713,45.10364],[25.800745,45.103649],[25.800774,45.103659],[25.800786,45.103664],[25.800793,45.103668],[25.800795,45.103674],[25.80079,45.10368],[25.800783,45.103686],[25.800773,45.103693],[25.800748,45.103707],[25.800719,45.10372],[25.800691,45.103735],[25.800678,45.103743],[25.800669,45.103751],[25.800662,45.103761],[25.800658,45.103771],[25.800657,45.103782],[25.80066,45.103831],[25.800659,45.103842],[25.800656,45.103852],[25.800648,45.10386],[25.800635,45.103866],[25.80062,45.103869],[25.800601,45.103872],[25.800582,45.103873],[25.800563,45.103873],[25.800545,45.103872],[25.800529,45.103871],[25.800514,45.103871],[25.800501,45.103872],[25.800493,45.103876],[25.800489,45.103881],[25.800491,45.103887],[25.800495,45.103895],[25.800516,45.103922],[25.800522,45.103932],[25.800526,45.103943],[25.800529,45.103952],[25.800528,45.103962],[25.800524,45.103971],[25.800515,45.103979],[25.800493,45.103992],[25.800483,45.103998],[25.800475,45.104005],[25.80047,45.104011],[25.800469,45.104017],[25.800474,45.104024],[25.800492,45.104038],[25.800524,45.104063],[25.800534,45.104072],[25.800543,45.104081],[25.800551,45.10409],[25.800556,45.1041],[25.800558,45.10411],[25.800556,45.104121],[25.800553,45.104132],[25.800549,45.104144],[25.800544,45.104157],[25.800539,45.104169],[25.800532,45.104195],[25.800529,45.104208],[25.800529,45.10422],[25.800532,45.104232],[25.800539,45.104242],[25.800549,45.104251],[25.800562,45.104259],[25.800576,45.104267],[25.800591,45.104273],[25.800652,45.104298],[25.800665,45.104305],[25.800675,45.104311],[25.800682,45.104317],[25.800683,45.104324],[25.80068,45.104332],[25.800673,45.104339],[25.800662,45.104346],[25.800637,45.10436],[25.800609,45.104376],[25.800579,45.104391],[25.80055,45.104407],[25.800508,45.104431],[25.800494,45.104439],[25.80048,45.104446],[25.800466,45.104452],[25.80045,45.104456],[25.800434,45.104459],[25.800417,45.104459],[25.800384,45.104457],[25.80035,45.104455],[25.800335,45.104455],[25.800321,45.104457],[25.800309,45.104462],[25.800299,45.10447],[25.800292,45.10448],[25.80028,45.104501],[25.800274,45.104511],[25.800266,45.104518],[25.800256,45.104522],[25.800244,45.104524],[25.800231,45.104525],[25.800204,45.104525],[25.80019,45.104527],[25.800177,45.104532],[25.800167,45.104539],[25.800157,45.104548],[25.800147,45.104558],[25.800139,45.104569],[25.800123,45.104593],[25.800114,45.104604],[25.800102,45.104614],[25.800089,45.104623],[25.800073,45.10463],[25.800041,45.104642],[25.800026,45.104648],[25.800014,45.104656],[25.800007,45.104665],[25.800002,45.104675],[25.800001,45.104686],[25.800002,45.104707],[25.800002,45.104716],[25.8,45.104725],[25.799994,45.104732],[25.799984,45.104738],[25.79997,45.104743],[25.799938,45.104752],[25.799924,45.104757],[25.799911,45.104762],[25.7999,45.104768],[25.799893,45.104774],[25.799891,45.104782],[25.799894,45.104789],[25.799901,45.104797],[25.79991,45.104805],[25.79992,45.104813],[25.799945,45.104829],[25.799972,45.104843],[25.799983,45.104851],[25.799992,45.104858],[25.799998,45.104866],[25.800001,45.104872],[25.799997,45.104879],[25.799989,45.104884],[25.799975,45.104888],[25.799926,45.1049],[25.799873,45.104912],[25.799858,45.104916],[25.799848,45.104922],[25.799842,45.104929],[25.799841,45.104938],[25.799843,45.104948],[25.799846,45.104959],[25.799856,45.104981],[25.799865,45.105006],[25.799867,45.105018],[25.799866,45.105031],[25.799863,45.105043],[25.799857,45.105054],[25.79985,45.105065],[25.799834,45.105086],[25.799827,45.105096],[25.799822,45.105106],[25.799819,45.105116],[25.799819,45.105124],[25.799823,45.105132],[25.799832,45.105139],[25.799844,45.105144],[25.799883,45.105161],[25.799894,45.105166],[25.799903,45.105173],[25.799906,45.10518],[25.799905,45.105188],[25.799899,45.105195],[25.79988,45.105209],[25.799868,45.105217],[25.799858,45.105224],[25.799849,45.105233],[25.799843,45.105242],[25.799841,45.105252],[25.799842,45.105262],[25.799846,45.105272],[25.799853,45.105281],[25.799876,45.105308],[25.799881,45.105317],[25.799884,45.105325],[25.799882,45.105333],[25.799876,45.10534],[25.799867,45.105347],[25.799854,45.105353],[25.799824,45.105363],[25.799811,45.105368],[25.7998,45.105375],[25.799793,45.105384],[25.799791,45.105394],[25.799791,45.105404],[25.799796,45.105437],[25.799796,45.105449],[25.799793,45.10546],[25.799787,45.105471],[25.799778,45.10548],[25.799767,45.105488],[25.799755,45.105496],[25.799732,45.10551],[25.799724,45.105517],[25.79972,45.105526],[25.79972,45.105535],[25.799724,45.105544],[25.79973,45.105553],[25.799753,45.10558],[25.799758,45.105588],[25.799761,45.105597],[25.79976,45.105605],[25.799755,45.105613],[25.799746,45.105621],[25.799735,45.105628],[25.799708,45.105642],[25.79968,45.105656],[25.799667,45.105663],[25.799655,45.105671],[25.799646,45.10568],[25.79964,45.105691],[25.799638,45.105702],[25.799639,45.105715],[25.799641,45.105728],[25.799646,45.105757],[25.799649,45.105772],[25.799655,45.105799],[25.799657,45.105811],[25.799657,45.105823],[25.799654,45.105832],[25.799648,45.10584],[25.799639,45.105843],[25.799628,45.105843],[25.799615,45.105841],[25.7996,45.105838],[25.79957,45.105828],[25.799554,45.105822],[25.799524,45.10581],[25.799509,45.105805],[25.799494,45.105802],[25.799481,45.1058],[25.799469,45.1058],[25.799458,45.105803],[25.79945,45.10581],[25.799443,45.10582],[25.799431,45.105842],[25.799424,45.105853],[25.799413,45.105876],[25.799407,45.105885],[25.799399,45.105891],[25.79939,45.105894],[25.799379,45.105893],[25.799368,45.105889],[25.799356,45.105884],[25.799343,45.105878],[25.799331,45.105872],[25.799317,45.105866],[25.799304,45.10586],[25.799291,45.105856],[25.799278,45.105854],[25.799267,45.105854],[25.799257,45.105858],[25.799249,45.105865],[25.799244,45.105876],[25.799239,45.105888],[25.799231,45.105916],[25.799226,45.10593],[25.799219,45.105943],[25.799211,45.105955],[25.799201,45.105966],[25.79918,45.105988],[25.799169,45.105998],[25.79915,45.106019],[25.799141,45.10603],[25.799134,45.106042],[25.79913,45.106054],[25.799129,45.106067],[25.79913,45.10608],[25.799135,45.106106],[25.799138,45.106118],[25.79914,45.10614],[25.79914,45.106148],[25.799136,45.106153],[25.799128,45.106156],[25.799118,45.106156],[25.799104,45.106155],[25.799088,45.106153],[25.799072,45.10615],[25.799055,45.106147],[25.799039,45.106145],[25.799022,45.106144],[25.799007,45.106143],[25.798995,45.106145],[25.798985,45.106149],[25.798978,45.106157],[25.798973,45.106167],[25.79897,45.106179],[25.798969,45.106192],[25.798969,45.106205],[25.798969,45.106226],[25.798968,45.106234],[25.798963,45.106241],[25.798955,45.106243],[25.798944,45.106243],[25.798932,45.106241],[25.798917,45.106238],[25.798873,45.106225],[25.798858,45.10622],[25.798845,45.106217],[25.798832,45.106215],[25.79882,45.106216],[25.79881,45.10622],[25.798803,45.106228],[25.798798,45.106238],[25.798796,45.10625],[25.798795,45.106263],[25.798796,45.106275],[25.798797,45.106286],[25.798797,45.106297],[25.798794,45.106306],[25.798789,45.106313],[25.79878,45.106316],[25.798769,45.106317],[25.798756,45.106315],[25.798741,45.106313],[25.798725,45.10631],[25.798707,45.106307],[25.798671,45.106302],[25.798654,45.106299],[25.798636,45.106299],[25.798619,45.1063],[25.798602,45.106304],[25.798585,45.106308],[25.798568,45.106313],[25.798552,45.106319],[25.798521,45.106333],[25.798504,45.106339],[25.798486,45.106345],[25.798467,45.10635],[25.798447,45.106353],[25.798385,45.106361],[25.798367,45.106364],[25.798352,45.106367],[25.798343,45.106372],[25.798339,45.106378],[25.79834,45.106385],[25.798346,45.106393],[25.798354,45.106401],[25.798364,45.106409],[25.798422,45.106453],[25.798432,45.106461],[25.79844,45.106469],[25.798445,45.106477],[25.798446,45.106484],[25.798442,45.10649],[25.798432,45.106495],[25.798417,45.106498],[25.798399,45.106501],[25.798339,45.106507],[25.79832,45.10651],[25.798305,45.106514],[25.798293,45.10652],[25.798287,45.106527],[25.798286,45.106536],[25.798289,45.106544],[25.798296,45.106553],[25.798305,45.106562],[25.798315,45.106571],[25.798348,45.106597],[25.798357,45.106606],[25.798365,45.106614],[25.79837,45.106622],[25.798372,45.106629],[25.798369,45.106635],[25.798361,45.10664],[25.798348,45.106645],[25.798319,45.106653],[25.798305,45.106658],[25.798294,45.106665],[25.798286,45.106673],[25.798283,45.106682],[25.798283,45.106692],[25.798284,45.106712],[25.798284,45.106721],[25.798281,45.10673],[25.798275,45.106738],[25.798265,45.106744],[25.798252,45.106748],[25.798239,45.106751],[25.798227,45.106754],[25.798217,45.106756],[25.79821,45.10676],[25.798206,45.106767],[25.798207,45.106775],[25.79821,45.106784],[25.798216,45.106794],[25.798223,45.106805],[25.798241,45.106825],[25.798251,45.106835],[25.798274,45.106864],[25.79828,45.106871],[25.798282,45.106877],[25.79828,45.106881],[25.798274,45.106883],[25.798263,45.106883],[25.798232,45.106881],[25.798214,45.106879],[25.798177,45.106875],[25.798158,45.106874],[25.798139,45.106874],[25.79812,45.106877],[25.798104,45.106881],[25.798089,45.106888],[25.798077,45.106897],[25.798067,45.106907],[25.798058,45.106919],[25.798042,45.106943],[25.798027,45.106969],[25.798018,45.106981],[25.798008,45.106992],[25.797998,45.107003],[25.797986,45.107013],[25.797974,45.107022],[25.797961,45.107031],[25.797948,45.10704],[25.797933,45.107048],[25.797918,45.107056],[25.797902,45.107062],[25.797869,45.107075],[25.797855,45.107082],[25.797843,45.10709],[25.797823,45.107108],[25.797812,45.107114],[25.7978,45.107117],[25.797787,45.107118],[25.797774,45.107116],[25.797761,45.107112],[25.797749,45.107109],[25.797736,45.107106],[25.797725,45.107105],[25.797713,45.107106],[25.797702,45.107111],[25.797692,45.107118],[25.797684,45.107127],[25.797677,45.107138],[25.797661,45.107161],[25.797654,45.107174],[25.797641,45.1072],[25.797635,45.107214],[25.797625,45.107243],[25.79762,45.107257],[25.797614,45.107271],[25.797597,45.107314],[25.797591,45.107327],[25.797581,45.107353],[25.797576,45.107365],[25.797569,45.107376],[25.797561,45.107384],[25.797551,45.107388],[25.797539,45.10739],[25.797526,45.107391],[25.797499,45.107393],[25.797488,45.107394],[25.797479,45.107397],[25.797474,45.107403],[25.79747,45.107411],[25.797466,45.10743],[25.797462,45.107441],[25.797456,45.107451],[25.797447,45.107461],[25.797437,45.10747],[25.797417,45.107489],[25.7974,45.107508],[25.797392,45.107516],[25.797385,45.107525],[25.797382,45.107533],[25.797381,45.10755],[25.79738,45.107558],[25.797376,45.107565],[25.797368,45.107573],[25.797346,45.107587],[25.797333,45.107595],[25.79732,45.107602],[25.797305,45.107608],[25.797273,45.107622],[25.79724,45.107634],[25.797224,45.107641],[25.797207,45.107647],[25.79719,45.107654],[25.797172,45.107659],[25.797133,45.107668],[25.797115,45.107673],[25.79708,45.107685],[25.797064,45.107691],[25.797033,45.107705],[25.797018,45.107713],[25.796988,45.107727],[25.796956,45.107741],[25.79694,45.107748],[25.796927,45.107757],[25.796915,45.107766],[25.796904,45.107776],[25.796884,45.107798],[25.796865,45.107821],[25.796846,45.107843],[25.796836,45.107854],[25.796813,45.107874],[25.796791,45.107894],[25.796767,45.107913],[25.796754,45.107922],[25.796739,45.10793],[25.796705,45.107942],[25.796689,45.107949],[25.796676,45.107958],[25.796666,45.107969],[25.796658,45.107981],[25.796645,45.108008],[25.796638,45.108021],[25.79663,45.108033],[25.796619,45.108042],[25.796605,45.108049],[25.796589,45.108054],[25.796572,45.108057],[25.796555,45.108058],[25.796526,45.108059],[25.796515,45.10806],[25.796508,45.108063],[25.796505,45.108068],[25.796508,45.108075],[25.796513,45.108082],[25.796538,45.108109],[25.796547,45.108119],[25.796562,45.108139],[25.796568,45.108148],[25.796571,45.108157],[25.796569,45.108166],[25.796563,45.108174],[25.796552,45.10818],[25.796536,45.108184],[25.796519,45.108187],[25.796481,45.108193],[25.796464,45.108196],[25.79645,45.108199],[25.79644,45.108204],[25.796436,45.10821],[25.796437,45.108217],[25.796442,45.108224],[25.796449,45.108232],[25.796458,45.108241],[25.79649,45.108267],[25.7965,45.108275],[25.796508,45.108284],[25.796514,45.108292],[25.796516,45.1083],[25.796515,45.108308],[25.796508,45.108314],[25.796498,45.108321],[25.796487,45.108327],[25.796461,45.108339],[25.796449,45.108345],[25.796441,45.108352],[25.796436,45.108359],[25.796436,45.108367],[25.79644,45.108374],[25.796448,45.108381],[25.796459,45.108388],[25.796495,45.108407],[25.796506,45.108414],[25.796514,45.108421],[25.796518,45.108428],[25.796517,45.108435],[25.796511,45.108441],[25.796502,45.108448],[25.796492,45.108455],[25.796467,45.108468],[25.796455,45.108475],[25.796445,45.108482],[25.796436,45.108489],[25.796432,45.108498],[25.79643,45.108507],[25.79643,45.108526],[25.796429,45.108536],[25.796426,45.108545],[25.796419,45.108553],[25.796407,45.108559],[25.796394,45.108564],[25.796364,45.108573],[25.796352,45.108577],[25.796343,45.108582],[25.796339,45.108589],[25.796341,45.108596],[25.796345,45.108604],[25.796365,45.108629],[25.796371,45.108637],[25.796374,45.108646],[25.796374,45.108654],[25.796369,45.108662],[25.796359,45.108668],[25.796345,45.108673],[25.796316,45.108682],[25.796302,45.108686],[25.796292,45.108692],[25.796286,45.108699],[25.796284,45.108707],[25.796282,45.108725],[25.796281,45.108734],[25.796276,45.108743],[25.796268,45.108751],[25.796256,45.108757],[25.796239,45.108761],[25.796221,45.108765],[25.796182,45.108771],[25.796164,45.108775],[25.796147,45.10878],[25.796134,45.108788],[25.796126,45.108797],[25.796121,45.108808],[25.796119,45.10882],[25.796121,45.108847],[25.796121,45.108862],[25.796121,45.108877],[25.796119,45.108892],[25.796116,45.108907],[25.796112,45.108921],[25.796105,45.108934],[25.796095,45.108944],[25.796083,45.108954],[25.796069,45.108962],[25.79604,45.108975],[25.796027,45.108983],[25.796015,45.10899],[25.796006,45.108999],[25.796001,45.109008],[25.796,45.109018],[25.796002,45.109029],[25.796006,45.10904],[25.796012,45.109052],[25.796025,45.109077],[25.796038,45.109103],[25.796043,45.109118],[25.796047,45.109133],[25.796051,45.10915],[25.796058,45.1092],[25.796061,45.109216],[25.796065,45.109232],[25.79607,45.109247],[25.796087,45.10929],[25.796094,45.109304],[25.796101,45.109317],[25.796107,45.10933],[25.796124,45.109369],[25.796128,45.109382],[25.796131,45.109394],[25.796132,45.109405],[25.796132,45.109414],[25.796128,45.109423],[25.79612,45.10943],[25.796099,45.109444],[25.796091,45.109451],[25.796086,45.10946],[25.796085,45.109471],[25.796086,45.109481],[25.796089,45.109493],[25.796093,45.109505],[25.796097,45.109518],[25.796102,45.109529],[25.796107,45.109541],[25.796111,45.109553],[25.796113,45.109564],[25.796113,45.109575],[25.79611,45.109586],[25.796105,45.109597],[25.796098,45.109609],[25.796075,45.109642],[25.796067,45.109655],[25.796061,45.109667],[25.796056,45.109679],[25.796053,45.109693],[25.796052,45.109706],[25.796054,45.10972],[25.796057,45.109732],[25.796063,45.109744],[25.796075,45.109765],[25.796079,45.109776],[25.796082,45.109785],[25.796082,45.109794],[25.796077,45.109801],[25.796068,45.109807],[25.796055,45.109811],[25.796027,45.109819],[25.796014,45.109823],[25.796004,45.109829],[25.795999,45.109836],[25.795999,45.109844],[25.796,45.109852],[25.796002,45.109861],[25.796005,45.10987],[25.796007,45.109878],[25.796007,45.109885],[25.796002,45.109892],[25.795992,45.109897],[25.795978,45.109901],[25.795924,45.109913],[25.795907,45.109917],[25.79589,45.109923],[25.795857,45.109935],[25.795841,45.109941],[25.795824,45.109946],[25.795805,45.109949],[25.795785,45.109951],[25.795766,45.109952],[25.795746,45.109952],[25.795728,45.109951],[25.795709,45.109951],[25.79569,45.109952],[25.795673,45.109956],[25.795657,45.109961],[25.795643,45.109968],[25.795632,45.109977],[25.79562,45.109987],[25.795599,45.110008],[25.795588,45.110018],[25.795577,45.110028],[25.795564,45.110037],[25.795549,45.110044],[25.795532,45.11005],[25.795496,45.110061],[25.795477,45.110066],[25.795457,45.110069],[25.795397,45.110078],[25.795378,45.11008],[25.795358,45.11008],[25.79534,45.11008],[25.795322,45.110079],[25.795305,45.110079],[25.795288,45.110081],[25.795274,45.110084],[25.795263,45.110089],[25.795256,45.110096],[25.795253,45.110105],[25.795254,45.110115],[25.795257,45.110136],[25.795258,45.110146],[25.795256,45.110156],[25.79525,45.110165],[25.795241,45.110173],[25.795228,45.11018],[25.795201,45.110195],[25.795172,45.110209],[25.795141,45.110223],[25.795093,45.110244],[25.795064,45.110259],[25.795047,45.110265],[25.794994,45.110282],[25.794957,45.110292],[25.794939,45.110298],[25.794905,45.11031],[25.794889,45.110317],[25.794874,45.110324],[25.79486,45.110332],[25.794833,45.110349],[25.794807,45.110367],[25.794782,45.110386],[25.794759,45.110405],[25.794737,45.110426],[25.794692,45.11048],[25.794683,45.110489],[25.794674,45.110497],[25.794665,45.110503],[25.794655,45.110507],[25.794644,45.110508],[25.794622,45.11051],[25.794611,45.110513],[25.794601,45.110518],[25.794566,45.110539],[25.794553,45.110546],[25.794537,45.110551],[25.79452,45.110554],[25.794501,45.110557],[25.794468,45.110561],[25.794454,45.110563],[25.794441,45.110568],[25.794431,45.110575],[25.794422,45.110584],[25.794405,45.110605],[25.79438,45.11064],[25.794364,45.110664],[25.794338,45.1107],[25.794318,45.110722],[25.794308,45.110733],[25.794289,45.110755],[25.794268,45.110777],[25.794246,45.110797],[25.794235,45.110808],[25.794222,45.110817],[25.794209,45.110826],[25.794195,45.110834],[25.79418,45.110841],[25.794137,45.110865],[25.794122,45.110872],[25.794108,45.11088],[25.794096,45.110889],[25.794085,45.110898],[25.794077,45.110907],[25.79407,45.110917],[25.794067,45.110928],[25.794067,45.110939],[25.794071,45.11095],[25.794075,45.110962],[25.794079,45.110973],[25.794084,45.110984],[25.794088,45.110994],[25.79409,45.111004],[25.794089,45.111013],[25.794084,45.111021],[25.794075,45.111027],[25.794062,45.111032],[25.794034,45.111041],[25.794022,45.111046],[25.794013,45.111053],[25.794007,45.11106],[25.794006,45.111068],[25.79401,45.111075],[25.794016,45.111083],[25.794024,45.111091],[25.794034,45.111098],[25.794044,45.111105],[25.794053,45.111112],[25.79406,45.11112],[25.794063,45.111127],[25.794062,45.111134],[25.794055,45.11114],[25.794045,45.111146],[25.794033,45.111152],[25.794019,45.111157],[25.794004,45.111163],[25.79399,45.111168],[25.793978,45.111174],[25.793968,45.11118],[25.793961,45.111186],[25.79396,45.111193],[25.793963,45.1112],[25.79397,45.111207],[25.79398,45.111213],[25.793991,45.11122],[25.794011,45.111234],[25.794018,45.111242],[25.794022,45.111251],[25.794021,45.11126],[25.794016,45.111269],[25.794009,45.111277],[25.793991,45.111294],[25.793983,45.111303],[25.793977,45.111313],[25.793974,45.111324],[25.793974,45.111335],[25.793976,45.111347],[25.79398,45.111359],[25.793987,45.111384],[25.79399,45.111397],[25.793991,45.111411],[25.793989,45.111425],[25.793986,45.111438],[25.793981,45.111451],[25.793974,45.111464],[25.793968,45.111476],[25.793952,45.111501],[25.793945,45.111514],[25.79394,45.111528],[25.793936,45.111543],[25.793933,45.111559],[25.793931,45.111576],[25.793926,45.111626],[25.793924,45.111642],[25.79392,45.111658],[25.793916,45.111672],[25.793903,45.111699],[25.793896,45.111713],[25.793889,45.111725],[25.793882,45.111738],[25.793869,45.111765],[25.793864,45.111779],[25.79386,45.111794],[25.79385,45.111841],[25.793846,45.111856],[25.793841,45.11187],[25.793837,45.111885],[25.793826,45.111931],[25.793821,45.111946],[25.793815,45.11196],[25.793805,45.111988],[25.793799,45.112002],[25.793792,45.112015],[25.793775,45.112056],[25.793768,45.11207],[25.793756,45.112097],[25.79375,45.11211],[25.79373,45.11215],[25.793722,45.112162],[25.793712,45.112173],[25.7937,45.112182],[25.793686,45.112191],[25.793672,45.112199],[25.793641,45.112213],[25.793611,45.112227],[25.793596,45.112235],[25.793584,45.112244],[25.793572,45.112254],[25.793563,45.112265],[25.793555,45.112278],[25.793547,45.11229],[25.793542,45.112305],[25.793539,45.11232],[25.793536,45.112336],[25.793532,45.112387],[25.793531,45.112404],[25.793528,45.11242],[25.793525,45.112435],[25.793519,45.112449],[25.793511,45.112461],[25.793499,45.112471],[25.793486,45.11248],[25.793472,45.112488],[25.793456,45.112494],[25.793439,45.112501],[25.793423,45.112507],[25.793408,45.112515],[25.793393,45.112523],[25.793366,45.11254],[25.79334,45.112557],[25.793327,45.112567],[25.793314,45.112576],[25.7933,45.112583],[25.79327,45.112598],[25.793239,45.112611],[25.793211,45.112625],[25.793199,45.112633],[25.79319,45.112641],[25.793184,45.11265],[25.793182,45.112659],[25.793184,45.112669],[25.793187,45.11268],[25.793192,45.112691],[25.793197,45.112702],[25.793203,45.112714],[25.793207,45.112726],[25.79321,45.112737],[25.793211,45.112748],[25.793208,45.112759],[25.793202,45.112769],[25.793191,45.112776],[25.793178,45.112783],[25.793164,45.112789],[25.793151,45.112795],[25.79314,45.112803],[25.793133,45.112812],[25.793129,45.112822],[25.793129,45.112833],[25.793133,45.112853],[25.793134,45.112863],[25.793133,45.112872],[25.793128,45.112882],[25.79312,45.11289],[25.793098,45.112907],[25.793085,45.112915],[25.793073,45.112924],[25.793063,45.112934],[25.793054,45.112944],[25.793048,45.112957],[25.793045,45.11297],[25.793043,45.112985],[25.793042,45.112999],[25.793043,45.113013],[25.793044,45.113026],[25.793044,45.113039],[25.793042,45.113052],[25.793037,45.113064],[25.79303,45.113075],[25.793021,45.113085],[25.793011,45.113095],[25.793,45.113104],[25.792979,45.11312],[25.792971,45.113128],[25.792966,45.113136],[25.792964,45.113144],[25.792966,45.113152],[25.792969,45.11316],[25.792973,45.113168],[25.792975,45.113176],[25.792975,45.113183],[25.792971,45.113189],[25.792962,45.113195],[25.792949,45.113199],[25.792918,45.113209],[25.792887,45.113222],[25.792872,45.113229],[25.79286,45.113238],[25.792851,45.113249],[25.792844,45.113263],[25.79284,45.113278],[25.792837,45.113294],[25.792835,45.113311],[25.792834,45.113328],[25.792832,45.113399],[25.792831,45.113417],[25.792829,45.113434],[25.792827,45.11345],[25.792823,45.113465],[25.792818,45.113479],[25.792811,45.113491],[25.792798,45.113513],[25.792792,45.113523],[25.792789,45.113532],[25.792789,45.113541],[25.792794,45.11355],[25.792802,45.113558],[25.792824,45.113571],[25.792833,45.113579],[25.792839,45.113589],[25.792842,45.113599],[25.792842,45.11361],[25.792839,45.113621],[25.792832,45.113644],[25.792831,45.113656],[25.792831,45.113669],[25.792834,45.113681],[25.792843,45.113704],[25.792848,45.113715],[25.792853,45.113725],[25.792857,45.113735],[25.792858,45.113743],[25.792856,45.113751],[25.792849,45.113758],[25.79284,45.113765],[25.792829,45.113771],[25.792809,45.113783],[25.792801,45.113789],[25.792799,45.113796],[25.792802,45.113804],[25.792809,45.11381],[25.79283,45.113823],[25.79284,45.11383],[25.792847,45.11384],[25.792852,45.113851],[25.792854,45.113863],[25.792855,45.113874],[25.792857,45.113886],[25.79286,45.113899],[25.792863,45.113911],[25.792867,45.113923],[25.792869,45.113935],[25.79287,45.113947],[25.79287,45.113958],[25.792867,45.113967],[25.79286,45.113977],[25.792851,45.113985],[25.792839,45.113993],[25.792798,45.114016],[25.792785,45.114025],[25.792774,45.114035],[25.792753,45.114055],[25.792745,45.114066],[25.792737,45.114078],[25.792733,45.11409],[25.792731,45.114103],[25.792731,45.114116],[25.792733,45.114128],[25.792739,45.11415],[25.792741,45.11416],[25.79274,45.11417],[25.792736,45.114179],[25.792728,45.114186],[25.792708,45.1142],[25.7927,45.114207],[25.792696,45.114216],[25.792696,45.114225],[25.7927,45.114234],[25.792706,45.114244],[25.792722,45.114266],[25.79273,45.114277],[25.792737,45.11429],[25.792743,45.114304],[25.792754,45.114332],[25.79276,45.114346],[25.792767,45.114358],[25.792785,45.114378],[25.792792,45.114387],[25.792796,45.114397],[25.792797,45.114406],[25.792794,45.114416],[25.792786,45.114424],[25.792765,45.114439],[25.792753,45.114447],[25.792742,45.114455],[25.792732,45.114464],[25.792725,45.114474],[25.792721,45.114485],[25.792721,45.114496],[25.792723,45.114508],[25.792726,45.114521],[25.79273,45.114534],[25.792735,45.114547],[25.79274,45.114559],[25.792744,45.114572],[25.792748,45.114585],[25.79275,45.114597],[25.792751,45.114608],[25.792748,45.114618],[25.792743,45.114628],[25.792734,45.114637],[25.792724,45.114646],[25.792712,45.114654],[25.792685,45.11467],[25.792673,45.114678],[25.792661,45.114686],[25.79265,45.114694],[25.792642,45.114702],[25.792636,45.11471],[25.792633,45.114718],[25.792635,45.114726],[25.792642,45.114732],[25.792652,45.114739],[25.792663,45.114746],[25.792689,45.114758],[25.792701,45.114765],[25.792711,45.114772],[25.792719,45.114779],[25.792723,45.114788],[25.792722,45.114796],[25.792716,45.114804],[25.792694,45.114829],[25.792688,45.114838],[25.792684,45.114846],[25.792683,45.114855],[25.792686,45.114864],[25.79269,45.114873],[25.792694,45.114882],[25.792698,45.114891],[25.792701,45.1149],[25.7927,45.114909],[25.792695,45.114917],[25.792685,45.114924],[25.792674,45.11493],[25.792661,45.114936],[25.79265,45.114942],[25.792642,45.114949],[25.792637,45.114956],[25.792636,45.114965],[25.792639,45.114973],[25.792646,45.114981],[25.792654,45.11499],[25.792664,45.114999],[25.792674,45.115008],[25.792695,45.115028],[25.792703,45.115038],[25.79271,45.115048],[25.792714,45.11506],[25.792715,45.115072],[25.792713,45.115084],[25.792709,45.115097],[25.792705,45.11511],[25.7927,45.115123],[25.792692,45.115135],[25.792682,45.115145],[25.79267,45.115155],[25.792655,45.115163],[25.792625,45.115178],[25.792543,45.115211],[25.792527,45.115218],[25.792497,45.115233],[25.792466,45.115247],[25.792437,45.115263],[25.792395,45.115288],[25.792365,45.115303],[25.792349,45.11531],[25.792316,45.115324],[25.792284,45.115336],[25.792253,45.115349],[25.792239,45.115356],[25.792227,45.115363],[25.792216,45.11537],[25.792209,45.115377],[25.792207,45.115385],[25.79221,45.115393],[25.792217,45.115401],[25.792237,45.115415],[25.792249,45.115422],[25.792259,45.115429],[25.792267,45.115436],[25.792272,45.115444],[25.792271,45.115451],[25.792266,45.115459],[25.792257,45.115466],[25.792245,45.115472],[25.79223,45.115477],[25.792213,45.115482],[25.792194,45.115486],[25.792173,45.115489],[25.79215,45.115491],[25.792106,45.115494],[25.792086,45.115496],[25.792067,45.115499],[25.792052,45.115502],[25.792041,45.115507],[25.792037,45.115514],[25.792037,45.115521],[25.792041,45.115529],[25.792055,45.115548],[25.792063,45.115558],[25.79208,45.115577],[25.792087,45.115585],[25.792092,45.115594],[25.792094,45.115601],[25.792091,45.115608],[25.792083,45.115614],[25.792071,45.115619],[25.792056,45.115624],[25.79204,45.115629],[25.792021,45.115633],[25.791982,45.11564],[25.791962,45.115644],[25.791944,45.11565],[25.791928,45.115657],[25.791916,45.115666],[25.791906,45.115677],[25.791896,45.115689],[25.791887,45.115701],[25.79188,45.115713],[25.791865,45.115739],[25.791848,45.115764],[25.791839,45.115776],[25.791829,45.115787],[25.791816,45.115796],[25.791802,45.115804],[25.791787,45.115812],[25.791757,45.115825],[25.791729,45.115838],[25.791717,45.115844],[25.791709,45.115851],[25.791706,45.115859],[25.791707,45.115867],[25.791714,45.115874],[25.791733,45.11589],[25.791767,45.115914],[25.791776,45.115922],[25.791784,45.11593],[25.79179,45.115938],[25.791791,45.115945],[25.791788,45.115951],[25.791779,45.115957],[25.791766,45.115961],[25.791735,45.115969],[25.791719,45.115975],[25.791705,45.115981],[25.791693,45.115988],[25.791684,45.115995],[25.791678,45.116005],[25.791677,45.116015],[25.791679,45.116025],[25.791682,45.116037],[25.791687,45.116048],[25.791692,45.116059],[25.791696,45.116071],[25.7917,45.116082],[25.791702,45.116092],[25.791701,45.116103],[25.791697,45.116113],[25.791691,45.116124],[25.791668,45.116155],[25.791652,45.116175],[25.791644,45.116184],[25.791639,45.116193],[25.791637,45.116202],[25.791638,45.11621],[25.791644,45.116217],[25.791662,45.116233],[25.791672,45.116241],[25.79168,45.116249],[25.791688,45.116257],[25.791694,45.116265],[25.791696,45.116272],[25.791694,45.11628],[25.791688,45.116287],[25.791678,45.116293],[25.791666,45.116299],[25.79164,45.116311],[25.791628,45.116317],[25.79162,45.116325],[25.791614,45.116332],[25.791613,45.11634],[25.791617,45.116349],[25.791623,45.116357],[25.791632,45.116366],[25.791642,45.116374],[25.791673,45.116398],[25.791682,45.116405],[25.791689,45.116411],[25.791692,45.116417],[25.791689,45.116422],[25.79168,45.116425],[25.791667,45.116428],[25.79165,45.116431],[25.791614,45.116435],[25.791597,45.116438],[25.791582,45.116442],[25.791571,45.116447],[25.791565,45.116454],[25.791564,45.116462],[25.791565,45.116472],[25.791567,45.116482],[25.791571,45.116493],[25.791575,45.116504],[25.791578,45.116514],[25.79158,45.116525],[25.791578,45.116535],[25.791574,45.116544],[25.791568,45.116554],[25.791546,45.116581],[25.791541,45.11659],[25.791539,45.116599],[25.79154,45.116607],[25.791545,45.116615],[25.791554,45.116622],[25.791564,45.116628],[25.791576,45.116634],[25.791586,45.11664],[25.791594,45.116647],[25.791598,45.116654],[25.791599,45.116661],[25.791594,45.116668],[25.791582,45.116682],[25.791575,45.11669],[25.791571,45.116698],[25.791569,45.116706],[25.791571,45.116714],[25.791577,45.116721],[25.791597,45.116737],[25.791608,45.116745],[25.79163,45.116763],[25.79164,45.116773],[25.791647,45.116784],[25.79165,45.116796],[25.791651,45.116809],[25.791649,45.116821],[25.791645,45.116832],[25.791639,45.116842],[25.791633,45.116851],[25.791624,45.116858],[25.791613,45.116861],[25.7916,45.116862],[25.791585,45.11686],[25.79157,45.116858],[25.791553,45.116855],[25.791536,45.116852],[25.791519,45.11685],[25.791502,45.116848],[25.791486,45.116847],[25.791471,45.116848],[25.791456,45.116852],[25.791442,45.116857],[25.791427,45.116863],[25.791413,45.116869],[25.791369,45.116891],[25.791341,45.116907],[25.791314,45.116924],[25.791288,45.116942],[25.791263,45.116961],[25.791251,45.11697],[25.791239,45.11698],[25.791228,45.11699],[25.791218,45.117001],[25.791208,45.117012],[25.7912,45.117024],[25.791194,45.117038],[25.791189,45.117053],[25.791186,45.117068],[25.791179,45.117117],[25.791176,45.117132],[25.791171,45.117146],[25.791165,45.117159],[25.791156,45.117169],[25.791147,45.117179],[25.791131,45.117198],[25.791126,45.117207],[25.791121,45.117216],[25.791115,45.117225],[25.791107,45.117234],[25.791098,45.117242],[25.791087,45.117251],[25.791075,45.11726],[25.791062,45.117268],[25.791049,45.117276],[25.79102,45.117291],[25.791006,45.117299],[25.790992,45.117307],[25.790966,45.117324],[25.79094,45.117342],[25.790889,45.117378],[25.790864,45.117397],[25.790839,45.117415],[25.790815,45.117434],[25.790792,45.117454],[25.790772,45.117476],[25.790717,45.117527],[25.790696,45.117549],[25.790674,45.117569],[25.790651,45.117588],[25.790628,45.117606],[25.790607,45.117622],[25.790596,45.117629],[25.790585,45.117635],[25.790573,45.117639],[25.790561,45.117643],[25.790537,45.117655],[25.790501,45.117675],[25.790489,45.11768],[25.790475,45.117683],[25.79046,45.117684],[25.790425,45.117686],[25.790408,45.117687],[25.790391,45.117689],[25.790378,45.117692],[25.790368,45.117696],[25.790364,45.117702],[25.790364,45.117709],[25.790367,45.117717],[25.790376,45.117734],[25.790379,45.117744],[25.79038,45.117753],[25.790377,45.117763],[25.79037,45.117772],[25.790361,45.117781],[25.790349,45.117789],[25.79031,45.117813],[25.790297,45.117822],[25.790285,45.117832],[25.790275,45.117843],[25.790267,45.117855],[25.790261,45.117869],[25.790249,45.117896],[25.790243,45.117909],[25.790234,45.11792],[25.790223,45.117929],[25.79021,45.117936],[25.790195,45.117941],[25.790178,45.117944],[25.79016,45.117945],[25.790143,45.117945],[25.790126,45.117946],[25.790108,45.117948],[25.790091,45.117952],[25.790076,45.117958],[25.790064,45.117966],[25.790055,45.117976],[25.790046,45.117988],[25.790038,45.117999],[25.79003,45.118012],[25.790017,45.118039],[25.79001,45.118051],[25.789997,45.118078],[25.78999,45.118091],[25.789981,45.118103],[25.789963,45.118126],[25.789946,45.11815],[25.789919,45.118185],[25.789909,45.118196],[25.789898,45.118207],[25.789886,45.118216],[25.789872,45.118225],[25.789856,45.118232],[25.789837,45.118237],[25.789817,45.11824],[25.789795,45.118243],[25.789772,45.118245],[25.789727,45.118248],[25.789707,45.118249],[25.789688,45.118252],[25.789673,45.118255],[25.789662,45.118259],[25.789658,45.118266],[25.789658,45.118273],[25.789662,45.118281],[25.789676,45.1183],[25.789684,45.118311],[25.789703,45.118332],[25.789712,45.118343],[25.789719,45.118354],[25.789725,45.118365],[25.789729,45.118376],[25.789731,45.118388],[25.789728,45.118399],[25.789723,45.118409],[25.789715,45.11842],[25.789706,45.11843],[25.789686,45.11845],[25.789676,45.118461],[25.789666,45.118472],[25.789658,45.118484],[25.789651,45.118496],[25.789645,45.118509],[25.789641,45.118523],[25.789639,45.118538],[25.789638,45.118553],[25.78964,45.118567],[25.789643,45.118581],[25.789652,45.118607],[25.789658,45.118631],[25.789659,45.118641],[25.789658,45.11865],[25.789653,45.118656],[25.789644,45.11866],[25.789631,45.118662],[25.789598,45.118664],[25.789578,45.118665],[25.789559,45.118667],[25.78954,45.11867],[25.789522,45.118675],[25.789508,45.118683],[25.789497,45.118693],[25.78949,45.118705],[25.789484,45.118719],[25.78948,45.118734],[25.789472,45.118764],[25.789467,45.118779],[25.78946,45.118792],[25.789452,45.118804],[25.789442,45.118816],[25.789431,45.118826],[25.78942,45.118836],[25.789396,45.118856],[25.78936,45.118885],[25.789337,45.118905],[25.789317,45.118927],[25.789306,45.118937],[25.789286,45.118959],[25.789277,45.118971],[25.789261,45.118995],[25.789254,45.119007],[25.789248,45.11902],[25.789244,45.119032],[25.789241,45.119046],[25.789241,45.119059],[25.789244,45.119072],[25.789249,45.119084],[25.789256,45.119095],[25.789264,45.119105],[25.789289,45.11913],[25.789294,45.119137],[25.789294,45.119145],[25.789289,45.119151],[25.78928,45.119158],[25.789268,45.119163],[25.78924,45.119174],[25.789212,45.119185],[25.789199,45.119191],[25.78919,45.119197],[25.789186,45.119205],[25.789186,45.119214],[25.789188,45.119224],[25.789192,45.119235],[25.789204,45.119258],[25.789215,45.119284],[25.789218,45.119297],[25.78922,45.119311],[25.78922,45.119326],[25.789218,45.11934],[25.789209,45.119367],[25.789204,45.119381],[25.789198,45.119395],[25.789184,45.119421],[25.789176,45.119434],[25.789169,45.119446],[25.789155,45.119472],[25.789147,45.119485],[25.78913,45.119508],[25.789121,45.119519],[25.789111,45.119529],[25.789101,45.119538],[25.78909,45.119545],[25.789078,45.119551],[25.789066,45.119554],[25.789054,45.119556],[25.789044,45.119559],[25.789036,45.119564],[25.789032,45.119571],[25.789032,45.11958],[25.789033,45.11959],[25.789035,45.119601],[25.789038,45.119613],[25.789042,45.119626],[25.789045,45.119638],[25.789046,45.119652],[25.789046,45.119665],[25.789046,45.119677],[25.789046,45.11969],[25.789049,45.119703],[25.789053,45.119714],[25.789064,45.119736],[25.789068,45.119747],[25.789069,45.119759],[25.789068,45.119783],[25.789068,45.119795],[25.789069,45.119819],[25.789068,45.119831],[25.78906,45.119855],[25.789055,45.119868],[25.789049,45.11988],[25.789026,45.119917],[25.78902,45.11993],[25.788999,45.119987],[25.788995,45.120002],[25.788991,45.120018],[25.788986,45.12005],[25.788982,45.120065],[25.788978,45.12008],[25.788973,45.120095],[25.78896,45.120139],[25.788954,45.120153],[25.788947,45.120166],[25.788938,45.120177],[25.788928,45.120188],[25.788917,45.120198],[25.788905,45.120208],[25.788879,45.120226],[25.788866,45.120234],[25.788853,45.120243],[25.788842,45.120253],[25.788832,45.120264],[25.788824,45.120276],[25.788818,45.12029],[25.788808,45.120319],[25.788802,45.120333],[25.788795,45.120346],[25.788783,45.120373],[25.788776,45.120386],[25.78876,45.120411],[25.788752,45.120423],[25.788732,45.120445],[25.788722,45.120456],[25.788713,45.120467],[25.788704,45.120479],[25.788696,45.120492],[25.788676,45.120531],[25.78867,45.120545],[25.78866,45.120572],[25.788654,45.120584],[25.788647,45.120595],[25.788637,45.120603],[25.788626,45.120608],[25.788614,45.120611],[25.7886,45.120611],[25.788586,45.120611],[25.788556,45.120608],[25.788542,45.120609],[25.788529,45.120611],[25.788518,45.120616],[25.788511,45.120623],[25.788508,45.120632],[25.788506,45.120654],[25.788504,45.120666],[25.7885,45.120677],[25.788495,45.120688],[25.788487,45.120696],[25.788476,45.120702],[25.788463,45.120704],[25.78845,45.120705],[25.78842,45.120705],[25.788406,45.120706],[25.788394,45.120708],[25.788385,45.120712],[25.788378,45.120719],[25.788374,45.120729],[25.788372,45.120739],[25.788372,45.12075],[25.788372,45.12076],[25.788372,45.12077],[25.788368,45.120779],[25.788362,45.120786],[25.788353,45.12079],[25.788342,45.120791],[25.788329,45.120792],[25.788288,45.120791],[25.788277,45.120793],[25.788268,45.120797],[25.788262,45.120803],[25.78826,45.120811],[25.788257,45.120833],[25.788256,45.120846],[25.788253,45.120857],[25.788248,45.120867],[25.788242,45.120875],[25.788233,45.12088],[25.788222,45.120882],[25.78821,45.120882],[25.788185,45.120882],[25.788174,45.120884],[25.788163,45.120888],[25.788156,45.120894],[25.78815,45.120901],[25.788146,45.120908],[25.788139,45.120916],[25.788129,45.120923],[25.788115,45.120928],[25.788098,45.120932],[25.788078,45.120935],[25.788056,45.120937],[25.787989,45.120943],[25.787967,45.120946],[25.787946,45.120949],[25.787927,45.120954],[25.787911,45.120961],[25.787895,45.120968],[25.787862,45.120981],[25.787847,45.120988],[25.787833,45.120997],[25.78782,45.121005],[25.787806,45.121014],[25.787792,45.121022],[25.787777,45.121029],[25.787745,45.121043],[25.787713,45.121056],[25.787666,45.121077],[25.787634,45.12109],[25.787619,45.121098],[25.787606,45.121107],[25.787594,45.121116],[25.787584,45.121127],[25.787575,45.121139],[25.787567,45.121152],[25.787561,45.121165],[25.787556,45.12118],[25.787548,45.12121],[25.787542,45.121224],[25.787535,45.121237],[25.787527,45.121248],[25.787518,45.121259],[25.787501,45.121281],[25.787493,45.121291],[25.787483,45.121299],[25.78747,45.121304],[25.787457,45.121306],[25.787429,45.121307],[25.787416,45.121307],[25.787404,45.121309],[25.787394,45.121313],[25.787387,45.121321],[25.787381,45.121331],[25.787377,45.121342],[25.787374,45.121355],[25.787372,45.121367],[25.787371,45.121378],[25.787372,45.12139],[25.787377,45.121401],[25.787383,45.121412],[25.78739,45.121424],[25.787399,45.121435],[25.787409,45.121446],[25.78742,45.121456],[25.787432,45.121465],[25.787446,45.121473],[25.787461,45.12148],[25.787491,45.121492],[25.787503,45.121498],[25.787514,45.121505],[25.787521,45.121512],[25.787524,45.121519],[25.787522,45.121527],[25.787517,45.121535],[25.787498,45.121558],[25.787494,45.121566],[25.787492,45.121572],[25.787496,45.121577],[25.787504,45.12158],[25.787516,45.121581],[25.78753,45.121582],[25.787546,45.121581],[25.787563,45.121581],[25.787581,45.121582],[25.787599,45.121584],[25.787616,45.121588],[25.787631,45.121594],[25.787646,45.121601],[25.787658,45.12161],[25.787696,45.121638],[25.787721,45.121656],[25.787811,45.121719],[25.787835,45.121737],[25.787856,45.121754],[25.787864,45.121762],[25.787869,45.121772],[25.787871,45.121782],[25.787869,45.1218],[25.787869,45.121809],[25.787871,45.121817],[25.787878,45.121824],[25.787889,45.12183],[25.787903,45.121834],[25.787919,45.121836],[25.787949,45.12184],[25.787961,45.121843],[25.787971,45.121848],[25.787979,45.121856],[25.787984,45.121866],[25.787988,45.121878],[25.787994,45.121912],[25.787999,45.121921],[25.788007,45.12193],[25.78802,45.121936],[25.788037,45.12194],[25.788055,45.121944],[25.788094,45.12195],[25.788112,45.121953],[25.788128,45.121957],[25.78814,45.121963],[25.788148,45.121971],[25.788151,45.121981],[25.78815,45.121991],[25.788147,45.122002],[25.788143,45.122014],[25.788138,45.122026],[25.788134,45.122038],[25.78813,45.122051],[25.788127,45.122064],[25.788124,45.122076],[25.788124,45.122088],[25.788126,45.1221],[25.788133,45.122127],[25.788138,45.12214],[25.788143,45.122153],[25.788148,45.122167],[25.788152,45.122181],[25.788157,45.122208],[25.788159,45.122221],[25.788158,45.122233],[25.788154,45.122244],[25.788147,45.122255],[25.788138,45.122265],[25.788127,45.122274],[25.788116,45.122282],[25.788091,45.122298],[25.78808,45.122306],[25.788071,45.122314],[25.788065,45.122321],[25.788062,45.122329],[25.788064,45.122336],[25.788072,45.122342],[25.788083,45.122348],[25.788096,45.122354],[25.788111,45.122359],[25.788144,45.122368],[25.788172,45.122377],[25.788184,45.122382],[25.788192,45.122387],[25.788193,45.122392],[25.788189,45.122398],[25.788182,45.122405],[25.788173,45.122412],[25.78815,45.122428],[25.788137,45.122436],[25.788124,45.122445],[25.788113,45.122455],[25.788103,45.122466],[25.788095,45.122478],[25.788089,45.122492],[25.788079,45.12252],[25.788074,45.122533],[25.788067,45.122544],[25.788058,45.122552],[25.788047,45.122558],[25.788034,45.12256],[25.78802,45.12256],[25.787992,45.122559],[25.78798,45.122559],[25.787968,45.122561],[25.787959,45.122565],[25.787953,45.122572],[25.78795,45.122581],[25.78795,45.122604],[25.787949,45.122617],[25.787947,45.122631],[25.787943,45.122644],[25.787937,45.122656],[25.787928,45.122667],[25.787917,45.122677],[25.787905,45.122686],[25.787891,45.122694],[25.787877,45.122702],[25.787862,45.122709],[25.787845,45.122714],[25.787826,45.122717],[25.787806,45.122719],[25.787786,45.122719],[25.787766,45.122719],[25.787747,45.122717],[25.787729,45.122717],[25.78771,45.122717],[25.787692,45.122718],[25.787674,45.122719],[25.787655,45.122718],[25.787638,45.122717],[25.787622,45.122715],[25.787609,45.122713],[25.787598,45.122711],[25.787588,45.122712],[25.787579,45.122715],[25.78757,45.122719],[25.787562,45.122723],[25.787552,45.122725],[25.787532,45.122725],[25.787522,45.122725],[25.787512,45.122728],[25.787502,45.122732],[25.787493,45.122737],[25.787482,45.122742],[25.787469,45.122744],[25.78742,45.122748],[25.787401,45.12275],[25.787381,45.122753],[25.787324,45.122764],[25.787304,45.122768],[25.787287,45.122774],[25.787271,45.12278],[25.787259,45.122789],[25.787238,45.122808],[25.787227,45.122816],[25.787215,45.122822],[25.787203,45.122826],[25.78719,45.122829],[25.787178,45.122832],[25.787154,45.122842],[25.787143,45.122848],[25.787132,45.122852],[25.787119,45.122854],[25.787106,45.122854],[25.787077,45.122853],[25.787063,45.122853],[25.787049,45.122855],[25.787036,45.122859],[25.787025,45.122866],[25.787015,45.122874],[25.787005,45.122883],[25.786988,45.122903],[25.786978,45.122912],[25.786968,45.122918],[25.786956,45.122923],[25.786944,45.122925],[25.78693,45.122924],[25.786916,45.122923],[25.786901,45.12292],[25.786886,45.122916],[25.786872,45.122913],[25.786857,45.12291],[25.786843,45.12291],[25.786828,45.122912],[25.786815,45.122917],[25.786803,45.122923],[25.786791,45.122931],[25.78678,45.122939],[25.786768,45.122946],[25.786756,45.122952],[25.786744,45.122957],[25.786732,45.12296],[25.78672,45.122961],[25.786707,45.122958],[25.786695,45.122954],[25.786658,45.12294],[25.786647,45.122936],[25.786636,45.122935],[25.786626,45.122937],[25.786617,45.122942],[25.786608,45.12295],[25.7866,45.12296],[25.786593,45.122971],[25.78658,45.122995],[25.786572,45.123007],[25.786562,45.123018],[25.786551,45.123028],[25.786539,45.123038],[25.786525,45.123046],[25.78651,45.123054],[25.786479,45.123068],[25.786428,45.123087],[25.786375,45.123104],[25.78632,45.123119],[25.786285,45.123131],[25.786268,45.123137],[25.786235,45.12315],[25.786219,45.123157],[25.786204,45.123165],[25.78619,45.123173],[25.786177,45.123182],[25.786167,45.123192],[25.786149,45.123215],[25.786131,45.123236],[25.786122,45.123245],[25.786112,45.123252],[25.786099,45.123256],[25.786086,45.123258],[25.786072,45.123257],[25.786058,45.123255],[25.786044,45.123252],[25.786031,45.12325],[25.786019,45.123248],[25.786009,45.123249],[25.786,45.123252],[25.785993,45.12326],[25.785988,45.12327],[25.785984,45.123282],[25.785978,45.123308],[25.785975,45.12332],[25.78597,45.123329],[25.785964,45.123336],[25.785955,45.123339],[25.785945,45.123338],[25.785934,45.123335],[25.785923,45.12333],[25.78591,45.123323],[25.785898,45.123317],[25.785885,45.12331],[25.785872,45.123304],[25.785859,45.123299],[25.785847,45.123296],[25.785834,45.123297],[25.785823,45.1233],[25.785814,45.123308],[25.785807,45.123318],[25.785801,45.12333],[25.785789,45.123356],[25.785785,45.12337],[25.785782,45.123386],[25.785772,45.123451],[25.785769,45.123467],[25.785765,45.123482],[25.785762,45.123498],[25.78576,45.123515],[25.785759,45.123531],[25.78576,45.123548],[25.78576,45.123565],[25.785762,45.123581],[25.785765,45.123597],[25.785768,45.123611],[25.785772,45.123625],[25.785776,45.123638],[25.785778,45.12365],[25.78578,45.123662],[25.785779,45.123672],[25.785776,45.123681],[25.785769,45.123688],[25.785751,45.123702],[25.785745,45.12371],[25.78574,45.123717],[25.78574,45.123725],[25.785744,45.123733],[25.785749,45.123741],[25.785772,45.123765],[25.785778,45.123773],[25.78578,45.123782],[25.785778,45.12379],[25.785772,45.123799],[25.785748,45.123825],[25.785741,45.123835],[25.785735,45.123845],[25.785733,45.123856],[25.785734,45.123867],[25.785738,45.123878],[25.785744,45.123889],[25.785751,45.1239],[25.785774,45.12393],[25.78578,45.123939],[25.785784,45.123948],[25.785783,45.123957],[25.785778,45.123965],[25.785768,45.123972],[25.785754,45.123977],[25.785724,45.123987],[25.785695,45.123999],[25.785683,45.124004],[25.785674,45.124011],[25.785669,45.124019],[25.785669,45.124028],[25.785671,45.124038],[25.785675,45.124048],[25.785679,45.124058],[25.785683,45.124069],[25.785686,45.12408],[25.785687,45.12409],[25.785685,45.124099],[25.785678,45.124107],[25.785666,45.124114],[25.785651,45.124119],[25.785597,45.124132],[25.785579,45.124137],[25.785564,45.124145],[25.785552,45.124154],[25.785542,45.124165],[25.785524,45.124189],[25.785516,45.124201],[25.785509,45.124214],[25.785501,45.124226],[25.785491,45.124236],[25.78548,45.124245],[25.785466,45.124252],[25.785451,45.124256],[25.785434,45.124258],[25.785417,45.124258],[25.785364,45.124252],[25.785348,45.124251],[25.785334,45.12425],[25.785321,45.124252],[25.785311,45.124256],[25.785305,45.124263],[25.785302,45.124273],[25.785301,45.124309],[25.785299,45.124324],[25.785297,45.124338],[25.785292,45.124352],[25.785286,45.124364],[25.785277,45.124375],[25.785267,45.124385],[25.785255,45.124394],[25.785243,45.124402],[25.785232,45.12441],[25.785223,45.124418],[25.785216,45.124426],[25.785214,45.124434],[25.785217,45.124442],[25.785225,45.124449],[25.785235,45.124456],[25.785247,45.124463],[25.785272,45.124475],[25.785283,45.124482],[25.785293,45.124488],[25.7853,45.124495],[25.785302,45.124503],[25.785299,45.12451],[25.785292,45.124518],[25.785283,45.124526],[25.785273,45.124534],[25.785249,45.124549],[25.785238,45.124557],[25.785228,45.124565],[25.785221,45.124573],[25.785217,45.124582],[25.785216,45.124591],[25.78522,45.1246],[25.785227,45.124608],[25.785236,45.124617],[25.785246,45.124626],[25.78528,45.124653],[25.78529,45.124662],[25.7853,45.124671],[25.785308,45.124681],[25.785313,45.12469],[25.785315,45.1247],[25.785313,45.124711],[25.785309,45.124722],[25.785304,45.124733],[25.78529,45.124757],[25.785282,45.124769],[25.785274,45.124781],[25.785257,45.124806],[25.785248,45.124818],[25.78524,45.12483],[25.785224,45.124856],[25.785217,45.124869],[25.785199,45.124908],[25.785195,45.12492],[25.785192,45.124933],[25.785191,45.124944],[25.785191,45.124954],[25.785196,45.124963],[25.785205,45.124971],[25.785216,45.124978],[25.785229,45.124985],[25.785259,45.124998],[25.78529,45.125012],[25.785305,45.125019],[25.785318,45.125028],[25.78533,45.125038],[25.78534,45.125049],[25.785348,45.125061],[25.785355,45.125073],[25.78536,45.125086],[25.785362,45.1251],[25.785361,45.125114],[25.785358,45.125128],[25.785353,45.125141],[25.785345,45.125153],[25.785336,45.125164],[25.785315,45.125184],[25.785304,45.125194],[25.785295,45.125203],[25.785286,45.125213],[25.78528,45.125222],[25.785276,45.125231],[25.785276,45.12524],[25.785281,45.125248],[25.785291,45.125254],[25.785304,45.125259],[25.785318,45.125264],[25.785332,45.12527],[25.785344,45.125276],[25.785354,45.125282],[25.785361,45.125288],[25.785363,45.125296],[25.785361,45.125303],[25.785355,45.125312],[25.785347,45.12532],[25.785338,45.125329],[25.785307,45.125353],[25.78529,45.125367],[25.785286,45.125374],[25.785287,45.12538],[25.785294,45.125385],[25.785305,45.12539],[25.785318,45.125395],[25.785333,45.125399],[25.785384,45.125408],[25.785398,45.125412],[25.785408,45.125417],[25.785413,45.125423],[25.785412,45.12543],[25.785409,45.125438],[25.785392,45.125461],[25.785389,45.125469],[25.785388,45.125476],[25.785393,45.125483],[25.785402,45.125488],[25.785416,45.125492],[25.785465,45.125504],[25.785483,45.125508],[25.785516,45.125514],[25.785529,45.125517],[25.785537,45.125521],[25.785539,45.125526],[25.785535,45.125531],[25.785526,45.125536],[25.785515,45.125542],[25.785472,45.12556],[25.78544,45.125572],[25.785413,45.125584],[25.785402,45.125591],[25.785394,45.125598],[25.785391,45.125604],[25.785392,45.125611],[25.785398,45.125617],[25.785419,45.125628],[25.78543,45.125634],[25.78544,45.125641],[25.785447,45.125648],[25.78545,45.125657],[25.785449,45.125666],[25.785444,45.125674],[25.785435,45.125682],[25.785425,45.12569],[25.785412,45.125697],[25.785388,45.125713],[25.785366,45.12573],[25.785358,45.125739],[25.785353,45.125749],[25.785352,45.12576],[25.785352,45.125773],[25.785352,45.125787],[25.785353,45.125802],[25.785355,45.125818],[25.785357,45.125834],[25.78536,45.125849],[25.785364,45.125864],[25.785381,45.125907],[25.785387,45.125922],[25.785394,45.125935],[25.785402,45.125947],[25.785412,45.125959],[25.785422,45.12597],[25.785434,45.12598],[25.785447,45.125989],[25.785461,45.125997],[25.785475,45.126005],[25.785503,45.126021],[25.78553,45.126038],[25.785543,45.126048],[25.785553,45.126059],[25.785562,45.126071],[25.785578,45.126096],[25.785585,45.12611],[25.785597,45.126137],[25.785604,45.12615],[25.785613,45.126162],[25.785623,45.126172],[25.785633,45.126181],[25.785642,45.126191],[25.78565,45.126199],[25.785656,45.126207],[25.785658,45.126215],[25.785656,45.126223],[25.78565,45.12623],[25.78564,45.126236],[25.785629,45.126243],[25.785604,45.126256],[25.785593,45.126263],[25.785583,45.126269],[25.785577,45.126276],[25.785575,45.126284],[25.785578,45.126291],[25.785584,45.126299],[25.785593,45.126307],[25.785603,45.126316],[25.785614,45.126323],[25.785625,45.126331],[25.785636,45.126338],[25.785646,45.126345],[25.785653,45.126352],[25.785657,45.12636],[25.785656,45.126367],[25.785649,45.126373],[25.785639,45.126379],[25.785627,45.126386],[25.785572,45.12641],[25.78556,45.126416],[25.785551,45.126422],[25.785547,45.12643],[25.785548,45.126438],[25.785554,45.126446],[25.785563,45.126453],[25.785573,45.126461],[25.785609,45.126488],[25.785633,45.126507],[25.785644,45.126517],[25.785655,45.126528],[25.785664,45.12654],[25.785681,45.126565],[25.78569,45.126577],[25.785707,45.126602],[25.785717,45.126614],[25.785734,45.126638],[25.785743,45.12665],[25.785751,45.126661],[25.785766,45.126683],[25.785772,45.126694],[25.785776,45.126704],[25.785776,45.126714],[25.785773,45.126724],[25.785766,45.126732],[25.785757,45.12674],[25.785746,45.126746],[25.785724,45.126756],[25.785717,45.126761],[25.785715,45.126767],[25.785718,45.126773],[25.785738,45.126795],[25.785744,45.126804],[25.785748,45.126812],[25.785749,45.126822],[25.785745,45.126831],[25.785738,45.126839],[25.785719,45.126855],[25.785709,45.126863],[25.78569,45.12688],[25.785683,45.126888],[25.785681,45.126897],[25.785682,45.126906],[25.785685,45.126916],[25.785689,45.126927],[25.785699,45.126947],[25.785703,45.126957],[25.785704,45.126968],[25.785701,45.126978],[25.785695,45.126987],[25.785686,45.126994],[25.785674,45.127],[25.785661,45.127005],[25.785651,45.127009],[25.785643,45.127014],[25.785641,45.12702],[25.785644,45.127026],[25.785663,45.127047],[25.785668,45.127055],[25.785671,45.127062],[25.785671,45.12707],[25.785667,45.127078],[25.78566,45.127085],[25.785644,45.127098],[25.785639,45.127104],[25.785637,45.127111],[25.78564,45.127119],[25.785645,45.127126],[25.785664,45.127148],[25.785668,45.127155],[25.785668,45.127162],[25.785663,45.127168],[25.785654,45.127175],[25.785643,45.127181],[25.785619,45.127191],[25.785608,45.127197],[25.785599,45.127202],[25.785594,45.127208],[25.785595,45.127213],[25.785601,45.127218],[25.78562,45.127229],[25.785631,45.127235],[25.785641,45.127242],[25.785649,45.12725],[25.785653,45.127259],[25.785653,45.127268],[25.78565,45.127278],[25.785645,45.127288],[25.785639,45.127298],[25.785633,45.127309],[25.785627,45.12732],[25.785624,45.127332],[25.785624,45.127345],[25.785625,45.127357],[25.785634,45.127393],[25.785636,45.127404],[25.785635,45.127415],[25.785631,45.127426],[25.785624,45.127436],[25.785614,45.127445],[25.785602,45.127453],[25.785589,45.127461],[25.785563,45.127479],[25.785551,45.127489],[25.785542,45.1275],[25.785535,45.127513],[25.785528,45.127527],[25.785523,45.12754],[25.785518,45.127554],[25.785515,45.127568],[25.785514,45.127583],[25.785515,45.127597],[25.785518,45.127611],[25.785524,45.127624],[25.785533,45.127635],[25.785545,45.127644],[25.78556,45.127652],[25.785574,45.127659],[25.785602,45.127673],[25.785614,45.12768],[25.785623,45.127688],[25.785629,45.127696],[25.785631,45.127705],[25.785629,45.127714],[25.785624,45.127723],[25.785598,45.127767],[25.785592,45.127779],[25.785587,45.127791],[25.785584,45.127802],[25.785583,45.127814],[25.785585,45.127826],[25.785591,45.127837],[25.785598,45.127847],[25.785624,45.12788],[25.785641,45.127901],[25.785649,45.12791],[25.785654,45.12792],[25.785657,45.12793],[25.785657,45.127938],[25.785652,45.127945],[25.785643,45.127951],[25.785629,45.127956],[25.785598,45.127965],[25.785583,45.127971],[25.78557,45.127979],[25.785561,45.127989],[25.785556,45.128],[25.785553,45.128013],[25.785552,45.128026],[25.785553,45.128038],[25.785552,45.128052],[25.78555,45.128065],[25.785547,45.128078],[25.78554,45.128091],[25.785532,45.128101],[25.785521,45.128111],[25.785509,45.12812],[25.785496,45.128127],[25.785473,45.128143],[25.785464,45.12815],[25.785456,45.128156],[25.785452,45.128162],[25.785453,45.128168],[25.78546,45.128173],[25.785482,45.128183],[25.785494,45.128189],[25.785504,45.128197],[25.785513,45.128205],[25.78552,45.128215],[25.785524,45.128226],[25.785526,45.128236],[25.78553,45.128247],[25.785535,45.128258],[25.785543,45.128268],[25.785553,45.128277],[25.785565,45.128284],[25.785577,45.128292],[25.785601,45.128304],[25.78561,45.128311],[25.785615,45.128318],[25.785616,45.128326],[25.785614,45.128344],[25.785615,45.128354],[25.785617,45.128364],[25.785625,45.128382],[25.785627,45.128393],[25.785625,45.128403],[25.785622,45.128414],[25.785613,45.128435],[25.78561,45.128446],[25.785608,45.128458],[25.785607,45.128469],[25.785605,45.12848],[25.785601,45.128491],[25.785594,45.1285],[25.785585,45.128508],[25.785565,45.12852],[25.785559,45.128525],[25.785558,45.128531],[25.785562,45.128537],[25.785576,45.12855],[25.785584,45.128557],[25.785591,45.128565],[25.785596,45.128573],[25.785598,45.128582],[25.785598,45.1286],[25.785599,45.128608],[25.785604,45.128615],[25.785613,45.128622],[25.785624,45.128628],[25.785638,45.128634],[25.785653,45.12864],[25.785669,45.128646],[25.785685,45.128652],[25.7857,45.128659],[25.785715,45.128667],[25.785729,45.128675],[25.785742,45.128683],[25.785755,45.128693],[25.785767,45.128702],[25.78579,45.128722],[25.785802,45.128732],[25.785813,45.128742],[25.785823,45.128753],[25.785831,45.128765],[25.785846,45.128789],[25.785852,45.128801],[25.785857,45.128813],[25.785861,45.128825],[25.785863,45.128837],[25.785863,45.128878],[25.785864,45.128908],[25.785865,45.128923],[25.785869,45.128951],[25.785869,45.128964],[25.785867,45.128978],[25.785863,45.12899],[25.785855,45.129018],[25.785849,45.129031],[25.78583,45.129071],[25.785823,45.129084],[25.785815,45.129096],[25.785804,45.129107],[25.785794,45.129117],[25.785784,45.129128],[25.785774,45.129139],[25.785767,45.129152],[25.78576,45.129166],[25.785749,45.129193],[25.785742,45.129207],[25.785737,45.129221],[25.785727,45.129251],[25.785722,45.129265],[25.785717,45.129279],[25.785711,45.129293],[25.785703,45.129323],[25.785698,45.129337],[25.785692,45.129351],[25.785688,45.129365],[25.785685,45.129379],[25.785682,45.129393],[25.785678,45.129419],[25.785678,45.129431],[25.785681,45.129443],[25.785694,45.129466],[25.785699,45.129479],[25.785703,45.129494],[25.785706,45.129509],[25.785708,45.129526],[25.785717,45.129592],[25.785719,45.129609],[25.785723,45.129624],[25.785728,45.129639],[25.785731,45.129655],[25.785734,45.129671],[25.785744,45.129737],[25.785747,45.129753],[25.785751,45.129769],[25.785756,45.129783],[25.78576,45.129798],[25.785768,45.129829],[25.785772,45.129844],[25.785778,45.129858],[25.785796,45.129899],[25.785803,45.129912],[25.785827,45.12995],[25.785853,45.129986],[25.785881,45.13002],[25.785933,45.130073],[25.785956,45.130093],[25.786017,45.13014],[25.786039,45.13016],[25.78607,45.130193],[25.78609,45.130215],[25.786107,45.130239],[25.786116,45.13025],[25.786127,45.130261],[25.786138,45.130271],[25.786162,45.13029],[25.786175,45.130299],[25.786188,45.130308],[25.786202,45.130316],[25.786216,45.130324],[25.786247,45.130338],[25.786292,45.13036],[25.786354,45.130386],[25.786368,45.130391],[25.786383,45.130396],[25.786398,45.130399],[25.786411,45.130402],[25.786424,45.130402],[25.786447,45.130401],[25.78646,45.130402],[25.786472,45.130405],[25.786485,45.13041],[25.786512,45.130422],[25.786526,45.130429],[25.786538,45.130437],[25.78655,45.130447],[25.786561,45.130457],[25.78657,45.130469],[25.78658,45.13048],[25.786591,45.13049],[25.786603,45.130499],[25.786615,45.130508],[25.786627,45.130517],[25.78665,45.130532],[25.786658,45.13054],[25.786664,45.130548],[25.786667,45.130556],[25.786665,45.130563],[25.78666,45.130568],[25.786647,45.130575],[25.786642,45.13058],[25.78664,45.130588],[25.786641,45.130596],[25.786645,45.130605],[25.786657,45.130626],[25.786662,45.130639],[25.786674,45.130665],[25.786681,45.130678],[25.786704,45.130715],[25.786713,45.130727],[25.78672,45.130738],[25.786727,45.13075],[25.786732,45.130761],[25.786735,45.130773],[25.786737,45.130785],[25.786737,45.130795],[25.786738,45.130805],[25.786741,45.130813],[25.786746,45.13082],[25.786751,45.130826],[25.786756,45.130833],[25.786759,45.130842],[25.786759,45.130853],[25.786758,45.130864],[25.786752,45.130889],[25.786743,45.130938],[25.786743,45.130948],[25.786745,45.130956],[25.786749,45.130963],[25.786754,45.130969],[25.786758,45.130976],[25.786761,45.130985],[25.786761,45.130996],[25.786759,45.131007],[25.786755,45.131019],[25.786746,45.131044],[25.78674,45.131057],[25.786718,45.131095],[25.78671,45.131107],[25.786694,45.131132],[25.786686,45.131145],[25.786672,45.131171],[25.786664,45.131183],[25.786639,45.13122],[25.786632,45.131232],[25.786619,45.131258],[25.786611,45.13127],[25.786602,45.13128],[25.786593,45.13129],[25.786575,45.131307],[25.786568,45.131316],[25.786563,45.131324],[25.786557,45.131333],[25.78654,45.131351],[25.786521,45.131371],[25.78651,45.13138],[25.786486,45.131398],[25.786475,45.131408],[25.786464,45.131419],[25.786454,45.13143],[25.786438,45.131454],[25.786431,45.131467],[25.786419,45.131495],[25.786412,45.131508],[25.786391,45.131547],[25.786383,45.131559],[25.786361,45.131597],[25.786355,45.131609],[25.78634,45.131645],[25.786337,45.131656],[25.786335,45.131667],[25.786332,45.131678],[25.786324,45.1317],[25.786316,45.131724],[25.786314,45.131737],[25.786314,45.131751],[25.786317,45.131764],[25.786322,45.131777],[25.786333,45.131803],[25.786339,45.131816],[25.786355,45.131841],[25.786364,45.131853],[25.786407,45.13191],[25.786414,45.131921],[25.786419,45.131932],[25.786421,45.131943],[25.786422,45.131976],[25.786421,45.131987],[25.786418,45.131998],[25.786412,45.132009],[25.786405,45.132021],[25.786397,45.132032],[25.786387,45.132042],[25.786376,45.132052],[25.786363,45.13206],[25.786347,45.132067],[25.78633,45.132073],[25.786312,45.132079],[25.786294,45.132084],[25.786278,45.132091],[25.786264,45.1321],[25.786252,45.132109],[25.786242,45.13212],[25.786226,45.132145],[25.786217,45.132156],[25.786206,45.132167],[25.786195,45.132177],[25.786182,45.132186],[25.786167,45.132194],[25.78615,45.1322],[25.786113,45.13221],[25.786061,45.132227],[25.786046,45.132233],[25.786033,45.132241],[25.786025,45.132251],[25.786019,45.132263],[25.786017,45.132276],[25.786016,45.132288],[25.786016,45.1323],[25.786015,45.132313],[25.786013,45.132325],[25.786007,45.132336],[25.785999,45.132345],[25.785987,45.132351],[25.785972,45.132355],[25.785955,45.132357],[25.785939,45.132358],[25.785924,45.132359],[25.785909,45.13236],[25.785895,45.132364],[25.785885,45.132369],[25.785878,45.132377],[25.785875,45.132386],[25.785876,45.132397],[25.78588,45.13245],[25.785881,45.132462],[25.785881,45.132474],[25.785878,45.132485],[25.785872,45.132495],[25.785863,45.132504],[25.785853,45.132513],[25.78584,45.132521],[25.785826,45.132529],[25.785768,45.132558],[25.78574,45.132572],[25.785727,45.132579],[25.785717,45.132586],[25.785709,45.132594],[25.785706,45.132602],[25.785708,45.132611],[25.785711,45.132621],[25.785717,45.132631],[25.785725,45.132641],[25.785743,45.132662],[25.785769,45.132694],[25.785776,45.132705],[25.785782,45.132716],[25.785785,45.132727],[25.785788,45.132799],[25.78579,45.132829],[25.785794,45.132857],[25.785795,45.132871],[25.785793,45.132884],[25.785785,45.132909],[25.78578,45.132922],[25.785775,45.132934],[25.785763,45.132957],[25.785757,45.132967],[25.785754,45.132978],[25.785752,45.132989],[25.78575,45.133001],[25.785746,45.133012],[25.785735,45.133036],[25.785729,45.133049],[25.785721,45.13306],[25.785712,45.133071],[25.785701,45.133082],[25.785679,45.133102],[25.785618,45.133149],[25.785607,45.133159],[25.785595,45.133169],[25.785575,45.13319],[25.785543,45.13322],[25.785523,45.13324],[25.785513,45.133248],[25.785503,45.133255],[25.785483,45.133266],[25.785474,45.133273],[25.785467,45.133283],[25.78546,45.133294],[25.785448,45.133319],[25.785442,45.133331],[25.785428,45.133357],[25.785421,45.133369],[25.785412,45.13338],[25.785404,45.133392],[25.785394,45.133402],[25.785383,45.133411],[25.78535,45.133435],[25.78534,45.13344],[25.78533,45.133445],[25.78532,45.133451],[25.785312,45.133459],[25.785296,45.133477],[25.785288,45.133486],[25.785281,45.133494],[25.785277,45.133504],[25.785273,45.133525],[25.785269,45.133537],[25.785265,45.13355],[25.785262,45.133563],[25.78525,45.133617],[25.785249,45.133631],[25.785249,45.133644],[25.785251,45.133657],[25.785252,45.133671],[25.785252,45.133685],[25.78525,45.1337],[25.785247,45.133714],[25.785234,45.133756],[25.785229,45.13377],[25.785224,45.133784],[25.785219,45.133798],[25.785207,45.133844],[25.785203,45.133859],[25.785197,45.133873],[25.785183,45.133917],[25.785177,45.133931],[25.78517,45.133943],[25.785161,45.133955],[25.785151,45.133966],[25.785129,45.133987],[25.78512,45.133999],[25.785113,45.134011],[25.785098,45.134037],[25.785092,45.134051],[25.785072,45.134109],[25.785068,45.134123],[25.785065,45.134138],[25.785063,45.134153],[25.785062,45.134168],[25.785061,45.134195],[25.785062,45.134207],[25.785065,45.134217],[25.785072,45.134227],[25.785081,45.134236],[25.785089,45.134247],[25.785097,45.134258],[25.785104,45.13427],[25.78511,45.134284],[25.785121,45.134313],[25.785127,45.134327],[25.785133,45.13434],[25.785146,45.134367],[25.785153,45.13438],[25.785177,45.134418],[25.785194,45.134442],[25.785203,45.134454],[25.785231,45.134489],[25.785282,45.134542],[25.785294,45.134552],[25.785305,45.134562],[25.78533,45.134581],[25.785355,45.134599],[25.78538,45.134617],[25.785407,45.134634],[25.785421,45.134642],[25.785437,45.134649],[25.785472,45.13466],[25.785489,45.134666],[25.785504,45.134673],[25.78552,45.13468],[25.785548,45.134696],[25.785575,45.134713],[25.785601,45.134731],[25.785626,45.134749],[25.78565,45.134767],[25.785661,45.134776],[25.785671,45.134785],[25.785679,45.134795],[25.785686,45.134805],[25.78569,45.134815],[25.785693,45.134838],[25.785696,45.134851],[25.7857,45.134863],[25.785709,45.134886],[25.785717,45.134909],[25.785719,45.13492],[25.78572,45.13493],[25.785721,45.134941],[25.785724,45.134951],[25.785729,45.13496],[25.785735,45.134967],[25.785742,45.134973],[25.785749,45.13498],[25.785756,45.13499],[25.785772,45.135025],[25.785779,45.135036],[25.785784,45.135047],[25.785788,45.135059],[25.785792,45.135069],[25.785793,45.135079],[25.785791,45.135098],[25.785791,45.135107],[25.785793,45.135115],[25.785799,45.135124],[25.785805,45.135133],[25.785812,45.135142],[25.785822,45.135162],[25.785825,45.135171],[25.785827,45.135191],[25.785829,45.135201],[25.785829,45.135212],[25.785828,45.135223],[25.785828,45.135234],[25.785828,45.135246],[25.78583,45.135268],[25.78583,45.135278],[25.785828,45.135286],[25.785823,45.135292],[25.785815,45.135295],[25.785805,45.135294],[25.785795,45.135292],[25.785783,45.135289],[25.785771,45.135286],[25.785758,45.135284],[25.785745,45.135284],[25.785733,45.135288],[25.785723,45.135295],[25.785714,45.135304],[25.785706,45.135314],[25.7857,45.135327],[25.785695,45.135341],[25.785692,45.135357],[25.78569,45.135373],[25.785684,45.135422],[25.785678,45.135453],[25.785676,45.135468],[25.785676,45.135483],[25.785677,45.135499],[25.78568,45.135514],[25.785684,45.135528],[25.785696,45.135554],[25.785708,45.135579],[25.785713,45.135591],[25.785715,45.135603],[25.785716,45.135613],[25.785715,45.135622],[25.785709,45.13563],[25.785698,45.135635],[25.785683,45.13564],[25.785665,45.135643],[25.785627,45.135651],[25.785609,45.135655],[25.785592,45.135661],[25.785578,45.13567],[25.785566,45.135679],[25.785555,45.135689],[25.785545,45.135701],[25.785528,45.135725],[25.785521,45.135738],[25.785515,45.135752],[25.785503,45.135779],[25.785498,45.135794],[25.785494,45.135809],[25.785488,45.135839],[25.78548,45.135868],[25.785478,45.135883],[25.785476,45.135897],[25.785476,45.135911],[25.785477,45.135937],[25.785477,45.13595],[25.785474,45.135961],[25.785469,45.135972],[25.785457,45.135992],[25.785452,45.136002],[25.785449,45.136011],[25.785449,45.136021],[25.785452,45.136031],[25.785457,45.13604],[25.785463,45.13605],[25.785467,45.136061],[25.785471,45.136072],[25.785474,45.136082],[25.785473,45.136092],[25.785469,45.136102],[25.785464,45.136113],[25.785456,45.136123],[25.785446,45.136132],[25.785435,45.136141],[25.785409,45.136158],[25.785383,45.136176],[25.785371,45.136186],[25.78536,45.136195],[25.78535,45.136206],[25.785332,45.136227],[25.785316,45.136248],[25.785308,45.136257],[25.785299,45.136265],[25.785291,45.136271],[25.785282,45.136278],[25.785274,45.136287],[25.785261,45.13631],[25.785253,45.136322],[25.785245,45.136333],[25.785237,45.136345],[25.785231,45.136358],[25.785227,45.136373],[25.785225,45.136388],[25.785224,45.136404],[25.785224,45.13642],[25.785226,45.136436],[25.785229,45.136451],[25.785234,45.136466],[25.78524,45.136479],[25.785247,45.136492],[25.785255,45.136505],[25.785272,45.13653],[25.785281,45.136542],[25.7853,45.136565],[25.78531,45.136576],[25.785321,45.136586],[25.785333,45.136596],[25.785357,45.136615],[25.785384,45.136632],[25.785412,45.136648],[25.785427,45.136655],[25.785443,45.136662],[25.785461,45.136668],[25.785498,45.136677],[25.785515,45.136683],[25.785532,45.136689],[25.785548,45.136696],[25.785593,45.136718],[25.785625,45.136732],[25.78567,45.136753],[25.785701,45.136766],[25.78573,45.13678],[25.785744,45.136787],[25.785755,45.136794],[25.785765,45.136802],[25.785772,45.13681],[25.785778,45.136818],[25.785785,45.136826],[25.785794,45.136833],[25.785806,45.136839],[25.785818,45.136845],[25.785832,45.136849],[25.785846,45.136853],[25.785861,45.136855],[25.785875,45.136857],[25.785891,45.136858],[25.785906,45.136861],[25.785921,45.136866],[25.785935,45.136871],[25.785948,45.136876],[25.78596,45.136883],[25.785969,45.13689],[25.785977,45.136897],[25.785982,45.136905],[25.785989,45.136913],[25.786007,45.136927],[25.786016,45.136935],[25.786023,45.136943],[25.786036,45.136958],[25.786043,45.136966],[25.786054,45.136973],[25.78608,45.136986],[25.786141,45.137012],[25.786157,45.137019],[25.786174,45.137025],[25.78621,45.137036],[25.786229,45.13704],[25.786268,45.137048],[25.786287,45.137053],[25.786322,45.137064],[25.786339,45.13707],[25.786355,45.137077],[25.78637,45.137084],[25.786398,45.137098],[25.786411,45.137105],[25.786422,45.137112],[25.786431,45.13712],[25.786438,45.137129],[25.786444,45.137137],[25.78645,45.137145],[25.786459,45.137153],[25.786468,45.137161],[25.78649,45.137176],[25.786499,45.137184],[25.786508,45.137192],[25.786514,45.1372],[25.78652,45.137209],[25.786526,45.137217],[25.786536,45.137225],[25.786546,45.137233],[25.786614,45.137271],[25.786642,45.137286],[25.786673,45.137301],[25.786717,45.137324],[25.786733,45.137331],[25.786748,45.137338],[25.786764,45.137344],[25.786798,45.137357],[25.786833,45.137368],[25.786849,45.137374],[25.786865,45.137382],[25.786879,45.13739],[25.786892,45.137399],[25.786904,45.137408],[25.786915,45.137419],[25.786935,45.13744],[25.786955,45.137463],[25.786965,45.137473],[25.786984,45.137495],[25.786993,45.137506],[25.786999,45.137517],[25.787003,45.137529],[25.787005,45.137542],[25.787003,45.137555],[25.787,45.137568],[25.786992,45.137595],[25.786987,45.137608],[25.786981,45.13762],[25.786977,45.137633],[25.78697,45.137658],[25.786968,45.137668],[25.786968,45.137678],[25.786974,45.137697],[25.786975,45.137707],[25.78697,45.137745],[25.786968,45.137759],[25.786965,45.137774],[25.786961,45.137788],[25.786951,45.137816],[25.786942,45.137846],[25.786937,45.13786],[25.786918,45.137901],[25.786911,45.137914],[25.786903,45.137926],[25.786893,45.137937],[25.786882,45.137948],[25.786872,45.137959],[25.786863,45.13797],[25.786855,45.137983],[25.786849,45.137997],[25.786838,45.138025],[25.786831,45.138038],[25.786808,45.138076],[25.786802,45.138089],[25.786797,45.138104],[25.786783,45.138147],[25.78678,45.138161],[25.786778,45.138177],[25.786777,45.138193],[25.786778,45.138209],[25.78678,45.138224],[25.786783,45.13824],[25.786787,45.138255],[25.786791,45.13827],[25.786794,45.138286],[25.786803,45.138334],[25.786806,45.13835],[25.786811,45.138365],[25.786816,45.138379],[25.78682,45.138393],[25.786823,45.138407],[25.78683,45.138443],[25.78683,45.138453],[25.786825,45.138472],[25.786826,45.138481],[25.786829,45.138491],[25.786833,45.138502],[25.786837,45.138514],[25.786843,45.138525],[25.786848,45.138537],[25.786863,45.138575],[25.786866,45.138587],[25.78687,45.13861],[25.786873,45.138621],[25.786878,45.138632],[25.786884,45.138643],[25.786891,45.138655],[25.786908,45.138677],[25.786917,45.138689],[25.786937,45.13871],[25.786947,45.138721],[25.786968,45.138742],[25.786991,45.138762],[25.787026,45.138791],[25.787038,45.138801],[25.78705,45.138811],[25.787071,45.138832],[25.787095,45.138851],[25.787119,45.13887],[25.787145,45.138888],[25.787171,45.138906],[25.787197,45.138923],[25.787224,45.13894],[25.787238,45.138948],[25.787252,45.138956],[25.787282,45.138972],[25.787295,45.13898],[25.787309,45.138989],[25.787321,45.138998],[25.787332,45.139008],[25.787343,45.139019],[25.787352,45.13903],[25.78736,45.139042],[25.787377,45.13908],[25.787384,45.13909],[25.787392,45.139098],[25.787403,45.139103],[25.787415,45.139105],[25.787429,45.139105],[25.787472,45.139105],[25.787485,45.139107],[25.787495,45.139112],[25.787502,45.13912],[25.787506,45.139129],[25.787508,45.139139],[25.787508,45.13915],[25.78751,45.139161],[25.787512,45.139172],[25.787517,45.139182],[25.787525,45.13919],[25.787535,45.139194],[25.787548,45.139195],[25.787561,45.139194],[25.787576,45.139192],[25.787591,45.139189],[25.787606,45.139186],[25.78762,45.139184],[25.787634,45.139183],[25.787646,45.139183],[25.787656,45.139186],[25.787665,45.139193],[25.787671,45.139202],[25.787683,45.139222],[25.787689,45.139231],[25.787698,45.139238],[25.787708,45.139241],[25.787719,45.139241],[25.787732,45.13924],[25.787746,45.139238],[25.787759,45.139235],[25.787772,45.139232],[25.787784,45.139231],[25.787796,45.139232],[25.787806,45.139237],[25.787814,45.139244],[25.78782,45.139255],[25.787823,45.139267],[25.787826,45.13928],[25.787829,45.139304],[25.787831,45.139315],[25.787836,45.139325],[25.787845,45.139334],[25.787867,45.13935],[25.787892,45.139367],[25.787905,45.139376],[25.787918,45.139385],[25.787929,45.139395],[25.787938,45.139406],[25.787946,45.139419],[25.787951,45.139434],[25.787955,45.139449],[25.787962,45.13948],[25.787965,45.139494],[25.78797,45.139508],[25.787976,45.139519],[25.787984,45.139527],[25.787995,45.139532],[25.788007,45.139532],[25.78802,45.13953],[25.788034,45.139527],[25.788091,45.139507],[25.788105,45.139503],[25.788118,45.139501],[25.78813,45.139502],[25.788141,45.139506],[25.788149,45.139514],[25.788155,45.139525],[25.78816,45.139538],[25.78817,45.139581],[25.788174,45.139594],[25.78818,45.139604],[25.788187,45.139612],[25.788198,45.139617],[25.788209,45.139617],[25.788223,45.139617],[25.788238,45.139615],[25.788253,45.139612],[25.788269,45.139609],[25.788284,45.139607],[25.788297,45.139606],[25.788308,45.139606],[25.788317,45.139609],[25.788322,45.139615],[25.788324,45.139623],[25.788319,45.139665],[25.788319,45.139676],[25.788322,45.139686],[25.788328,45.139695],[25.788338,45.139702],[25.788351,45.139708],[25.788365,45.139714],[25.788378,45.13972],[25.788388,45.139727],[25.788394,45.139736],[25.788397,45.139746],[25.788397,45.139757],[25.788394,45.139781],[25.788391,45.139805],[25.788392,45.139817],[25.788395,45.139828],[25.788402,45.139838],[25.78841,45.139849],[25.78842,45.139858],[25.788431,45.139868],[25.788465,45.139897],[25.788476,45.139907],[25.788487,45.139918],[25.788497,45.139929],[25.788515,45.139952],[25.788523,45.139965],[25.788538,45.139991],[25.788544,45.140004],[25.788555,45.140033],[25.788561,45.140047],[25.788568,45.14006],[25.788578,45.140071],[25.788588,45.140082],[25.7886,45.140092],[25.788615,45.140099],[25.788631,45.140105],[25.788666,45.140117],[25.788722,45.140132],[25.788739,45.140138],[25.788754,45.140145],[25.788768,45.140153],[25.78878,45.140163],[25.788815,45.140192],[25.788827,45.140201],[25.788842,45.140209],[25.788857,45.140215],[25.788875,45.14022],[25.788894,45.140222],[25.788913,45.140224],[25.788933,45.140224],[25.788951,45.140223],[25.788967,45.140222],[25.788982,45.140223],[25.788995,45.140225],[25.789004,45.140228],[25.789009,45.140235],[25.789009,45.140242],[25.789006,45.140252],[25.789002,45.140262],[25.788978,45.140305],[25.788973,45.140316],[25.788971,45.140325],[25.788971,45.140333],[25.788975,45.140339],[25.788984,45.140343],[25.788997,45.140344],[25.789012,45.140344],[25.789044,45.140341],[25.789061,45.140339],[25.789078,45.140339],[25.789092,45.140338],[25.789104,45.140339],[25.789113,45.140342],[25.789118,45.140349],[25.789119,45.140357],[25.789118,45.140366],[25.789114,45.140399],[25.789113,45.140408],[25.789115,45.140417],[25.789121,45.140424],[25.789131,45.140429],[25.789144,45.140431],[25.789197,45.140431],[25.789219,45.140432],[25.789241,45.140433],[25.789263,45.140434],[25.789284,45.140436],[25.789306,45.140438],[25.789328,45.14044],[25.789351,45.140442],[25.789374,45.140442],[25.789398,45.140442],[25.789421,45.140441],[25.789444,45.14044],[25.789466,45.140437],[25.789486,45.140434],[25.789504,45.140428],[25.789522,45.140423],[25.789538,45.140416],[25.789552,45.140408],[25.789563,45.140397],[25.789572,45.140385],[25.789588,45.14036],[25.789605,45.140337],[25.789615,45.140325],[25.789627,45.140315],[25.789639,45.140306],[25.789653,45.140298],[25.789681,45.140282],[25.789696,45.140274],[25.789711,45.140267],[25.789727,45.140261],[25.789759,45.140251],[25.789773,45.140246],[25.789787,45.140242],[25.789802,45.14024],[25.789817,45.140241],[25.789832,45.140244],[25.789848,45.140247],[25.789867,45.14025],[25.789887,45.140253],[25.789909,45.140254],[25.789932,45.140255],[25.789956,45.140255],[25.78998,45.140255],[25.790003,45.140255],[25.790026,45.140254],[25.790048,45.140253],[25.790088,45.14025],[25.790106,45.14025],[25.790124,45.140251],[25.79014,45.140253],[25.790153,45.140257],[25.790166,45.140262],[25.790188,45.140269],[25.790199,45.140273],[25.790209,45.140278],[25.790218,45.140284],[25.790228,45.140289],[25.790239,45.140292],[25.790251,45.140292],[25.790278,45.140292],[25.790291,45.140292],[25.790304,45.140295],[25.790315,45.140299],[25.790324,45.140306],[25.790331,45.140315],[25.790337,45.140323],[25.790343,45.140331],[25.79035,45.140335],[25.790357,45.140336],[25.790364,45.140333],[25.790372,45.140327],[25.790381,45.140319],[25.790399,45.1403],[25.790409,45.140291],[25.790421,45.140281],[25.790433,45.140272],[25.790448,45.140265],[25.790465,45.140258],[25.790482,45.140252],[25.790499,45.140246],[25.790514,45.140238],[25.790526,45.140229],[25.790548,45.140208],[25.790561,45.140199],[25.790577,45.140191],[25.790594,45.140185],[25.790631,45.140175],[25.790648,45.140169],[25.790665,45.140163],[25.790683,45.140157],[25.790702,45.140153],[25.790723,45.140149],[25.790746,45.140147],[25.790769,45.140146],[25.790793,45.140145],[25.790818,45.140144],[25.790867,45.140144],[25.790892,45.140144],[25.790916,45.140145],[25.79094,45.140146],[25.790963,45.140148],[25.790985,45.14015],[25.791006,45.140154],[25.791028,45.140156],[25.791093,45.140163],[25.791134,45.140168],[25.791154,45.14017],[25.791174,45.140171],[25.791194,45.140172],[25.791231,45.140171],[25.791249,45.140171],[25.791266,45.140173],[25.791283,45.140177],[25.791299,45.140182],[25.791315,45.140188],[25.791345,45.140201],[25.791361,45.140207],[25.791415,45.140223],[25.79147,45.140237],[25.791542,45.140258],[25.791598,45.140272],[25.791652,45.140288],[25.79167,45.140294],[25.791706,45.140304],[25.791724,45.140309],[25.791756,45.140322],[25.791772,45.140329],[25.791805,45.140341],[25.791853,45.140361],[25.791883,45.140376],[25.791926,45.140399],[25.791957,45.140414],[25.792028,45.140453],[25.792058,45.140467],[25.792087,45.140483],[25.792128,45.140508],[25.792142,45.140516],[25.792157,45.140524],[25.792187,45.140539],[25.792215,45.140554],[25.792256,45.140579],[25.792271,45.140587],[25.792285,45.140595],[25.792315,45.14061],[25.792343,45.140626],[25.79237,45.140643],[25.792409,45.140669],[25.792436,45.140686],[25.792464,45.140702],[25.792494,45.140717],[25.792508,45.140725],[25.792522,45.140733],[25.792549,45.14075],[25.792589,45.140775],[25.792616,45.140792],[25.792644,45.140808],[25.792674,45.140823],[25.792702,45.140839],[25.792728,45.140856],[25.79282,45.140918],[25.792846,45.140935],[25.79286,45.140943],[25.792875,45.140951],[25.792904,45.140966],[25.792933,45.140981],[25.792947,45.14099],[25.792976,45.141005],[25.792991,45.141013],[25.793006,45.14102],[25.793022,45.141026],[25.793039,45.141032],[25.793056,45.141039],[25.793071,45.141046],[25.793086,45.141053],[25.793113,45.14107],[25.79314,45.141087],[25.793166,45.141105],[25.793192,45.141122],[25.793217,45.14114],[25.79324,45.141158],[25.793251,45.141167],[25.793262,45.141176],[25.793271,45.141185],[25.793279,45.141194],[25.793285,45.141203],[25.79329,45.141212],[25.793295,45.141221],[25.793304,45.14123],[25.793313,45.141239],[25.793335,45.141257],[25.793359,45.141274],[25.793385,45.141291],[25.793399,45.141299],[25.793413,45.141307],[25.793443,45.141322],[25.793471,45.141338],[25.793498,45.141355],[25.793564,45.141399],[25.793591,45.141415],[25.793619,45.141431],[25.793649,45.141446],[25.793664,45.141454],[25.793678,45.141462],[25.793705,45.141479],[25.793718,45.141487],[25.793729,45.141497],[25.79374,45.141508],[25.793751,45.141518],[25.793763,45.141528],[25.793776,45.141536],[25.79379,45.141544],[25.793834,45.141567],[25.793849,45.141575],[25.793879,45.141589],[25.793909,45.141604],[25.793923,45.141612],[25.793952,45.141628],[25.793983,45.141642],[25.794029,45.141663],[25.79406,45.141677],[25.794106,45.141699],[25.794137,45.141713],[25.794193,45.141742],[25.794206,45.141749],[25.794217,45.141756],[25.794227,45.141764],[25.794235,45.141772],[25.794241,45.141779],[25.79425,45.141787],[25.794261,45.141793],[25.794274,45.1418],[25.794288,45.141806],[25.794303,45.141812],[25.794334,45.141825],[25.794368,45.141836],[25.794417,45.141855],[25.794465,45.141876],[25.794514,45.141895],[25.794548,45.141906],[25.794597,45.141925],[25.794627,45.141938],[25.79464,45.141944],[25.794652,45.141952],[25.794662,45.141959],[25.79467,45.141967],[25.794677,45.141974],[25.794685,45.141982],[25.794696,45.141988],[25.794723,45.142001],[25.794769,45.142019],[25.794803,45.142031],[25.79482,45.142037],[25.794854,45.142049],[25.794871,45.142055],[25.794905,45.142067],[25.794922,45.142073],[25.794957,45.142084],[25.794974,45.14209],[25.795025,45.142106],[25.795043,45.142111],[25.795078,45.14212],[25.795096,45.142122],[25.795114,45.142124],[25.795147,45.142125],[25.795164,45.142127],[25.79518,45.14213],[25.795196,45.142134],[25.795213,45.142138],[25.795263,45.142154],[25.79528,45.14216],[25.795314,45.142171],[25.795331,45.142177],[25.795365,45.142189],[25.795382,45.142195],[25.795435,45.142211],[25.795454,45.142216],[25.795492,45.142225],[25.795511,45.14223],[25.79553,45.142234],[25.795569,45.142242],[25.795588,45.142246],[25.795608,45.14225],[25.79565,45.142257],[25.79567,45.14226],[25.79569,45.142264],[25.79571,45.142268],[25.795752,45.142274],[25.795772,45.142278],[25.795791,45.142281],[25.795812,45.142285],[25.795891,45.142294],[25.79591,45.142295],[25.795929,45.142295],[25.795948,45.142293],[25.795968,45.142292],[25.795989,45.142292],[25.79601,45.142292],[25.796031,45.142293],[25.796052,45.142295],[25.796094,45.1423],[25.796159,45.142307],[25.79618,45.142309],[25.7962,45.142312],[25.796221,45.142314],[25.796242,45.142315],[25.796263,45.142316],[25.796284,45.142316],[25.796321,45.142315],[25.796339,45.142315],[25.796374,45.14232],[25.796393,45.142323],[25.796411,45.142326],[25.796464,45.142339],[25.796481,45.142344],[25.796496,45.14235],[25.79651,45.142356],[25.796521,45.142362],[25.796531,45.142369],[25.796538,45.142375],[25.796547,45.142382],[25.796559,45.142389],[25.796586,45.142401],[25.796633,45.14242],[25.796664,45.142432],[25.796694,45.142445],[25.796708,45.142451],[25.796719,45.142459],[25.796729,45.142466],[25.796737,45.142474],[25.796743,45.142482],[25.796751,45.14249],[25.796761,45.142497],[25.796811,45.142528],[25.796839,45.142543],[25.796868,45.142558],[25.796883,45.142566],[25.796897,45.142574],[25.796965,45.142616],[25.796993,45.142632],[25.797023,45.142647],[25.797051,45.142663],[25.797078,45.14268],[25.797118,45.142706],[25.797145,45.142723],[25.797173,45.142739],[25.797203,45.142753],[25.797217,45.142761],[25.797231,45.14277],[25.797258,45.142787],[25.79731,45.142822],[25.797476,45.142938],[25.797502,45.142955],[25.797528,45.142972],[25.797553,45.142987],[25.797566,45.142993],[25.797579,45.142999],[25.797592,45.143003],[25.797604,45.143006],[25.797617,45.14301],[25.79763,45.143015],[25.797643,45.143022],[25.797656,45.143029],[25.797668,45.143037],[25.797694,45.143053],[25.79772,45.143071],[25.797809,45.143133],[25.797836,45.143151],[25.797863,45.143168],[25.797878,45.143175],[25.797892,45.143183],[25.797908,45.14319],[25.797941,45.143203],[25.797974,45.143215],[25.798023,45.143234],[25.798053,45.143246],[25.798066,45.143253],[25.798078,45.14326],[25.798089,45.143267],[25.798104,45.143282],[25.798113,45.143289],[25.798126,45.143294],[25.798141,45.143299],[25.798173,45.143309],[25.798191,45.143313],[25.798248,45.143323],[25.798267,45.143326],[25.798288,45.143327],[25.798309,45.143326],[25.798329,45.143325],[25.798348,45.143324],[25.798368,45.143323],[25.798388,45.143323],[25.798409,45.143324],[25.79845,45.143328],[25.798472,45.143329],[25.798561,45.143334],[25.7986,45.143337],[25.798619,45.143337],[25.798637,45.143336],[25.798654,45.143334],[25.798685,45.143326],[25.798702,45.143324],[25.79872,45.143324],[25.798823,45.143329],[25.798846,45.14333],[25.798868,45.143332],[25.798889,45.143335],[25.798909,45.143338],[25.798972,45.143348],[25.798991,45.143352],[25.799028,45.143362],[25.799046,45.143368],[25.799063,45.143374],[25.799078,45.143381],[25.799092,45.143389],[25.799117,45.143408],[25.79913,45.143417],[25.799144,45.143425],[25.799217,45.143463],[25.799248,45.143477],[25.799291,45.143498],[25.799306,45.143504],[25.79932,45.143509],[25.799335,45.143512],[25.79935,45.143515],[25.799365,45.143517],[25.799379,45.14352],[25.799393,45.143524],[25.799407,45.14353],[25.799436,45.143542],[25.799451,45.143549],[25.799464,45.143557],[25.799477,45.143566],[25.799489,45.143575],[25.799501,45.143585],[25.799521,45.143606],[25.799533,45.143616],[25.799545,45.143625],[25.799573,45.143642],[25.799601,45.143658],[25.799632,45.143673],[25.799675,45.143696],[25.799705,45.143711],[25.799737,45.143724],[25.799785,45.143744],[25.799814,45.14376],[25.799842,45.143776],[25.799854,45.143784],[25.799866,45.143794],[25.799876,45.143803],[25.799886,45.143812],[25.799898,45.14382],[25.79991,45.143825],[25.799923,45.143829],[25.799951,45.143834],[25.799966,45.143837],[25.80001,45.143848],[25.800026,45.143851],[25.800042,45.143853],[25.800057,45.143854],[25.800072,45.143856],[25.800087,45.14386],[25.800103,45.143864],[25.800118,45.143869],[25.800149,45.143882],[25.800164,45.143889],[25.800195,45.143901],[25.800225,45.143914],[25.800241,45.143921],[25.800256,45.143926],[25.800287,45.143934],[25.800302,45.143936],[25.800317,45.143938],[25.800333,45.14394],[25.800349,45.143943],[25.800364,45.143948],[25.800379,45.143954],[25.800426,45.143972],[25.800472,45.143993],[25.800504,45.144006],[25.800552,45.144026],[25.800581,45.144041],[25.800609,45.144057],[25.800623,45.144066],[25.800635,45.144076],[25.800646,45.144086],[25.800657,45.144095],[25.800671,45.144104],[25.800699,45.14412],[25.800728,45.144136],[25.800758,45.14415],[25.800803,45.144172],[25.800835,45.144186],[25.800864,45.144201],[25.800878,45.144209],[25.800907,45.144225],[25.800938,45.144239],[25.800966,45.144255],[25.801033,45.144296],[25.801046,45.144303],[25.801059,45.14431],[25.80107,45.144318],[25.801079,45.144327],[25.801085,45.144335],[25.801091,45.144344],[25.801097,45.144352],[25.801106,45.144361],[25.801116,45.144369],[25.801128,45.144377],[25.80114,45.144385],[25.801213,45.144421],[25.801229,45.144428],[25.801245,45.144435],[25.801263,45.14444],[25.801299,45.14445],[25.801316,45.144456],[25.801332,45.144462],[25.801346,45.14447],[25.801359,45.144478],[25.80137,45.144486],[25.80138,45.144494],[25.801388,45.144503],[25.801394,45.144512],[25.801399,45.144521],[25.801405,45.14453],[25.80142,45.144549],[25.80143,45.144559],[25.801448,45.14458],[25.801465,45.144603],[25.801474,45.144615],[25.801485,45.144625],[25.801496,45.144635],[25.801508,45.144645],[25.80152,45.144654],[25.801534,45.144662],[25.801548,45.14467],[25.801563,45.144678],[25.801579,45.144684],[25.801597,45.14469],[25.801635,45.144699],[25.801653,45.144704],[25.801688,45.144715],[25.801704,45.144722],[25.801735,45.144736],[25.80178,45.144758],[25.801811,45.144772],[25.801856,45.144794],[25.801887,45.144808],[25.801957,45.144844],[25.801968,45.144851],[25.801978,45.144858],[25.801991,45.144871],[25.801999,45.144876],[25.802009,45.14488],[25.802021,45.144882],[25.802033,45.144884],[25.802046,45.144887],[25.802059,45.144891],[25.802073,45.144896],[25.802118,45.144914],[25.802147,45.144928],[25.802176,45.144944],[25.80219,45.144952],[25.802203,45.144961],[25.802215,45.144971],[25.802225,45.144982],[25.802243,45.145005],[25.802273,45.145039],[25.802299,45.145074],[25.802323,45.145109],[25.80233,45.14512],[25.802342,45.145142],[25.802347,45.145152],[25.80235,45.145161],[25.802355,45.145171],[25.802361,45.14518],[25.802368,45.145189],[25.802376,45.145198],[25.802384,45.145208],[25.80239,45.145217],[25.802396,45.145226],[25.802399,45.145235],[25.802405,45.145244],[25.802412,45.145254],[25.80242,45.145264],[25.802447,45.145295],[25.802468,45.145316],[25.802491,45.145336],[25.802502,45.145345],[25.802515,45.145353],[25.802529,45.145361],[25.802545,45.145367],[25.802561,45.145372],[25.802592,45.14538],[25.802606,45.145383],[25.802619,45.145385],[25.802632,45.145388],[25.802645,45.145393],[25.802657,45.145398],[25.802668,45.145404],[25.802679,45.14541],[25.802691,45.145413],[25.802703,45.145416],[25.802716,45.14542],[25.802743,45.145429],[25.802756,45.145433],[25.802769,45.145439],[25.802782,45.145444],[25.802796,45.145447],[25.802826,45.14545],[25.802842,45.145453],[25.802858,45.145457],[25.802887,45.145468],[25.802903,45.145472],[25.80292,45.145475],[25.802936,45.145478],[25.80295,45.14548],[25.802965,45.145481],[25.803003,45.145478],[25.803015,45.145478],[25.803038,45.145484],[25.80305,45.145486],[25.803062,45.145487],[25.803076,45.145488],[25.80309,45.145491],[25.803106,45.145492],[25.803121,45.145493],[25.803136,45.145493],[25.803149,45.145492],[25.803162,45.145489],[25.803172,45.145483],[25.803192,45.145465],[25.803215,45.145448],[25.803236,45.14543],[25.803248,45.145422],[25.803262,45.145416],[25.803277,45.145413],[25.803292,45.145412],[25.803336,45.145413],[25.803351,45.145414],[25.803383,45.145421],[25.8034,45.145425],[25.803416,45.14543],[25.803433,45.145434],[25.803468,45.145443],[25.803486,45.145446],[25.803503,45.145448],[25.803535,45.145451],[25.80355,45.145454],[25.803563,45.14546],[25.803576,45.145466],[25.803588,45.145475],[25.803599,45.145483],[25.803624,45.145501],[25.803648,45.145517],[25.80366,45.145525],[25.803671,45.145532],[25.803678,45.14554],[25.803683,45.145548],[25.803683,45.145557],[25.80368,45.145566],[25.803674,45.145575],[25.803661,45.145597],[25.803653,45.145609],[25.803629,45.145642],[25.80362,45.145652],[25.803613,45.145663],[25.803609,45.145674],[25.803609,45.145686],[25.803611,45.145698],[25.803613,45.14571],[25.803617,45.145724],[25.803622,45.145736],[25.803627,45.145749],[25.803632,45.145762],[25.803642,45.145797],[25.803644,45.145807],[25.803643,45.145826],[25.803644,45.145834],[25.803648,45.145842],[25.803657,45.145849],[25.80368,45.145862],[25.803691,45.145871],[25.803702,45.14588],[25.803711,45.14589],[25.803729,45.145911],[25.803748,45.14593],[25.803755,45.14594],[25.803765,45.145959],[25.803772,45.145967],[25.803781,45.145975],[25.803792,45.145983],[25.803805,45.145989],[25.803819,45.145995],[25.803832,45.146002],[25.803843,45.14601],[25.803849,45.146019],[25.803852,45.14603],[25.803852,45.146042],[25.803849,45.146053],[25.803845,45.146065],[25.80384,45.146078],[25.803834,45.14609],[25.803829,45.146102],[25.803826,45.146115],[25.803823,45.146128],[25.803821,45.146139],[25.803822,45.14615],[25.803826,45.146161],[25.803831,45.146172],[25.803839,45.146183],[25.803848,45.146193],[25.803857,45.146203],[25.803868,45.146213],[25.803888,45.146233],[25.803896,45.146243],[25.803904,45.146254],[25.803908,45.146265],[25.80391,45.146277],[25.803912,45.146302],[25.803913,45.146315],[25.803917,45.146328],[25.803921,45.146341],[25.803933,45.146381],[25.803938,45.146393],[25.803944,45.146403],[25.803951,45.146412],[25.803958,45.146419],[25.803965,45.146427],[25.80397,45.146438],[25.803974,45.146451],[25.803977,45.146466],[25.803978,45.146481],[25.803979,45.146497],[25.803979,45.146514],[25.803979,45.14653],[25.803977,45.146547],[25.803975,45.146563],[25.803972,45.146578],[25.803969,45.146592],[25.803966,45.146607],[25.803965,45.146621],[25.803964,45.146636],[25.803965,45.146649],[25.803965,45.146661],[25.803965,45.146673],[25.803963,45.146683],[25.803959,45.146693],[25.803956,45.146703],[25.803956,45.146713],[25.803959,45.146723],[25.803964,45.146733],[25.80397,45.146744],[25.803985,45.146767],[25.803994,45.146778],[25.804014,45.146799],[25.804045,45.146831],[25.804057,45.146841],[25.804069,45.14685],[25.804094,45.146868],[25.804108,45.146876],[25.804121,45.146883],[25.804135,45.14689],[25.804149,45.146895],[25.804164,45.146899],[25.804179,45.146902],[25.804193,45.146904],[25.804207,45.146907],[25.80422,45.146911],[25.804233,45.146917],[25.804257,45.14693],[25.804268,45.146937],[25.804276,45.146946],[25.804288,45.146962],[25.804295,45.14697],[25.804306,45.146977],[25.804332,45.146991],[25.804378,45.14701],[25.804411,45.147023],[25.804442,45.147037],[25.804456,45.147045],[25.804469,45.147054],[25.804482,45.147063],[25.804495,45.147071],[25.804509,45.147077],[25.80454,45.147088],[25.804553,45.147093],[25.804562,45.147098],[25.804566,45.147105],[25.804566,45.147113],[25.804564,45.147121],[25.80456,45.147129],[25.804557,45.147138],[25.804556,45.147146],[25.804556,45.147153],[25.804559,45.147158],[25.804568,45.147162],[25.804578,45.147164],[25.804605,45.147165],[25.804619,45.147167],[25.804633,45.14717],[25.804645,45.147176],[25.804653,45.147183],[25.804658,45.147192],[25.804665,45.147212],[25.804671,45.147223],[25.804678,45.147233],[25.804689,45.147242],[25.804713,45.147259],[25.804725,45.147267],[25.804737,45.147275],[25.804747,45.147283],[25.804756,45.147292],[25.804764,45.1473],[25.804779,45.14731],[25.804785,45.147316],[25.804788,45.147323],[25.80479,45.147341],[25.804792,45.147351],[25.804795,45.147362],[25.8048,45.147371],[25.804806,45.147378],[25.804811,45.147384],[25.804817,45.147392],[25.804821,45.147402],[25.804822,45.147414],[25.804822,45.147426],[25.804821,45.147439],[25.804817,45.147452],[25.804807,45.147476],[25.804803,45.147488],[25.804801,45.1475],[25.804801,45.147513],[25.804806,45.147539],[25.80481,45.147553],[25.804814,45.147567],[25.804819,45.147581],[25.804833,45.147607],[25.80484,45.147621],[25.804848,45.147633],[25.804858,45.147644],[25.804869,45.147655],[25.804892,45.147674],[25.804918,45.147693],[25.804945,45.14771],[25.804959,45.147718],[25.804973,45.147725],[25.804988,45.147732],[25.805004,45.147737],[25.805022,45.147741],[25.80504,45.147743],[25.805059,45.147744],[25.805077,45.147745],[25.805094,45.147745],[25.80511,45.147745],[25.805179,45.147754],[25.805197,45.147755],[25.805215,45.147755],[25.805234,45.147753],[25.805253,45.147752],[25.805274,45.147752],[25.805295,45.147752],[25.805315,45.147754],[25.805335,45.147756],[25.805387,45.147765],[25.805401,45.147768],[25.805413,45.147772],[25.80542,45.147777],[25.805427,45.147785],[25.805434,45.147788],[25.805445,45.147791],[25.805459,45.147792],[25.805475,45.147792],[25.805492,45.147792],[25.805509,45.147791],[25.805527,45.14779],[25.805545,45.147791],[25.805603,45.147798],[25.805624,45.147801],[25.805644,45.147804],[25.805702,45.147817],[25.80572,45.147822],[25.805737,45.147829],[25.80575,45.147837],[25.805762,45.147847],[25.805773,45.147857],[25.805783,45.147868],[25.805791,45.14788],[25.805796,45.147893],[25.8058,45.147907],[25.805801,45.147922],[25.8058,45.147937],[25.805798,45.147952],[25.805793,45.147966],[25.805776,45.148004],[25.805773,45.148018],[25.805772,45.148031],[25.805773,45.148045],[25.805783,45.148086],[25.805787,45.1481],[25.805792,45.148112],[25.805799,45.148124],[25.805808,45.148133],[25.805817,45.148141],[25.805827,45.148147],[25.805838,45.148152],[25.805848,45.148158],[25.805858,45.148166],[25.805877,45.148185],[25.805895,45.148206],[25.805915,45.148227],[25.805926,45.148238],[25.805938,45.148247],[25.80595,45.148257],[25.805963,45.148266],[25.805977,45.148274],[25.806006,45.14829],[25.806032,45.148306],[25.806056,45.148323],[25.806066,45.148332],[25.806075,45.14834],[25.806081,45.148349],[25.806086,45.148358],[25.806092,45.148366],[25.8061,45.148375],[25.806108,45.148383],[25.806117,45.148391],[25.806133,45.148405],[25.806137,45.148412],[25.806137,45.148419],[25.806131,45.148426],[25.806113,45.148441],[25.806079,45.148468],[25.806056,45.148487],[25.806033,45.148509],[25.806009,45.148529],[25.805973,45.148559],[25.805962,45.148569],[25.805951,45.148579],[25.805942,45.148589],[25.805928,45.148608],[25.805924,45.148617],[25.805924,45.148624],[25.805928,45.14863],[25.805938,45.148634],[25.805952,45.148636],[25.805969,45.148637],[25.805988,45.148637],[25.806007,45.148635],[25.806025,45.148634],[25.806045,45.148633],[25.806066,45.148633],[25.806087,45.148634],[25.806106,45.148636],[25.806144,45.148644],[25.806163,45.148649],[25.806181,45.148654],[25.8062,45.148659],[25.80624,45.148668],[25.806261,45.148671],[25.806283,45.148674],[25.806307,45.148675],[25.806331,45.148676],[25.806355,45.148676],[25.806379,45.148676],[25.806403,45.148675],[25.806426,45.148674],[25.806447,45.148672],[25.806466,45.148668],[25.806482,45.148663],[25.806494,45.148656],[25.806503,45.148648],[25.806508,45.148638],[25.806508,45.148628],[25.806506,45.148617],[25.806499,45.148595],[25.806497,45.148583],[25.806497,45.14857],[25.8065,45.148557],[25.806505,45.148545],[25.806511,45.148533],[25.806518,45.148521],[25.806543,45.148486],[25.806551,45.148474],[25.806557,45.148461],[25.806563,45.148448],[25.806567,45.148435],[25.806569,45.148421],[25.806569,45.148407],[25.806566,45.148393],[25.806562,45.148381],[25.806556,45.14837],[25.806549,45.14836],[25.806544,45.148349],[25.806536,45.148329],[25.806531,45.148319],[25.806523,45.14831],[25.806514,45.148301],[25.806502,45.148292],[25.80649,45.148284],[25.806477,45.148276],[25.806462,45.148269],[25.806447,45.148262],[25.806414,45.148249],[25.80638,45.148237],[25.806331,45.148218],[25.806301,45.148204],[25.806273,45.14819],[25.80626,45.148183],[25.806249,45.148174],[25.80624,45.148166],[25.806234,45.148157],[25.806225,45.148138],[25.806219,45.148128],[25.80621,45.148118],[25.806201,45.148109],[25.80619,45.148099],[25.80618,45.14809],[25.80617,45.148079],[25.806163,45.148067],[25.806155,45.148055],[25.80615,45.148041],[25.806147,45.148027],[25.806144,45.148012],[25.806143,45.147997],[25.806143,45.147982],[25.806145,45.147955],[25.806144,45.147943],[25.806141,45.14793],[25.806129,45.147907],[25.806124,45.147893],[25.80612,45.147879],[25.806117,45.147863],[25.80611,45.147814],[25.806107,45.147798],[25.806103,45.147783],[25.806097,45.147769],[25.80609,45.147756],[25.806082,45.147743],[25.806073,45.147732],[25.806062,45.147721],[25.806051,45.147711],[25.806038,45.147701],[25.806025,45.147692],[25.806012,45.147684],[25.805997,45.147676],[25.805951,45.147655],[25.805919,45.147642],[25.805902,45.147636],[25.805885,45.147631],[25.805869,45.147626],[25.805841,45.147614],[25.805828,45.147608],[25.805819,45.147602],[25.80581,45.147596],[25.8058,45.147591],[25.805787,45.147587],[25.805772,45.147584],[25.805756,45.147582],[25.80574,45.14758],[25.805724,45.147579],[25.805709,45.147579],[25.805694,45.147582],[25.805662,45.147588],[25.805644,45.14759],[25.805625,45.14759],[25.805606,45.14759],[25.805567,45.147586],[25.805503,45.147581],[25.805463,45.147577],[25.805443,45.147575],[25.805423,45.147575],[25.805403,45.147576],[25.805384,45.147577],[25.805365,45.147578],[25.805345,45.147577],[25.805325,45.147575],[25.805307,45.147572],[25.805269,45.147565],[25.805251,45.147561],[25.805218,45.147551],[25.805203,45.147545],[25.80519,45.147539],[25.805179,45.147533],[25.805171,45.147527],[25.805168,45.147519],[25.805169,45.147511],[25.805171,45.147502],[25.805172,45.147492],[25.805171,45.14748],[25.805169,45.147468],[25.805168,45.147455],[25.805168,45.14744],[25.805168,45.147424],[25.805169,45.147409],[25.805171,45.147393],[25.805174,45.147378],[25.805178,45.147363],[25.805181,45.147347],[25.805183,45.147331],[25.805184,45.147314],[25.805184,45.147298],[25.805183,45.147282],[25.805181,45.147266],[25.805177,45.147251],[25.805163,45.147209],[25.805158,45.147196],[25.805152,45.147185],[25.805145,45.147176],[25.805136,45.147169],[25.805126,45.147165],[25.805115,45.147161],[25.80508,45.147147],[25.805058,45.147139],[25.805048,45.147133],[25.805039,45.147126],[25.805013,45.147095],[25.804995,45.147073],[25.804965,45.147041],[25.804945,45.147019],[25.804916,45.146989],[25.804908,45.146979],[25.804901,45.14697],[25.804896,45.14696],[25.804893,45.14695],[25.804889,45.146939],[25.804883,45.146929],[25.804875,45.146919],[25.804865,45.14691],[25.804854,45.146901],[25.804842,45.146892],[25.804829,45.146884],[25.804815,45.146876],[25.80477,45.146854],[25.804739,45.14684],[25.804688,45.146821],[25.804654,45.146809],[25.804637,45.146803],[25.804603,45.146791],[25.804571,45.146779],[25.804555,45.146773],[25.804528,45.146759],[25.804506,45.146746],[25.804497,45.14674],[25.804493,45.146733],[25.80449,45.146721],[25.804487,45.146714],[25.80448,45.146708],[25.804473,45.146701],[25.804466,45.146693],[25.804459,45.146685],[25.804454,45.146677],[25.80445,45.146669],[25.804445,45.14666],[25.804423,45.146632],[25.804417,45.146622],[25.804411,45.146612],[25.804408,45.146602],[25.804408,45.146565],[25.804405,45.146528],[25.804407,45.146518],[25.804411,45.146508],[25.804417,45.1465],[25.804424,45.146493],[25.80443,45.146486],[25.804432,45.146478],[25.804432,45.14647],[25.80443,45.146462],[25.80443,45.146453],[25.804432,45.146443],[25.804437,45.146433],[25.804447,45.146411],[25.804451,45.1464],[25.804454,45.146388],[25.804458,45.146366],[25.804462,45.146356],[25.804469,45.146347],[25.80448,45.14634],[25.804493,45.146335],[25.804506,45.14633],[25.804517,45.146325],[25.804526,45.146319],[25.804529,45.146312],[25.804527,45.146305],[25.804522,45.146297],[25.804515,45.146288],[25.804497,45.146269],[25.804488,45.146258],[25.80448,45.146247],[25.804473,45.146234],[25.804467,45.14622],[25.804457,45.146191],[25.804451,45.146177],[25.804445,45.146165],[25.804431,45.146143],[25.804427,45.146132],[25.804424,45.146121],[25.804424,45.14611],[25.804422,45.1461],[25.804419,45.14609],[25.804414,45.146081],[25.804406,45.146074],[25.804389,45.146063],[25.80438,45.146055],[25.804372,45.146046],[25.804364,45.146035],[25.804351,45.14601],[25.804344,45.145998],[25.804321,45.145961],[25.804295,45.145924],[25.804267,45.14589],[25.804235,45.145857],[25.804215,45.145835],[25.804182,45.145803],[25.804161,45.145782],[25.804139,45.145762],[25.804128,45.145753],[25.804109,45.145735],[25.804102,45.145727],[25.804097,45.145719],[25.804096,45.145711],[25.804099,45.145703],[25.804103,45.145696],[25.804112,45.145681],[25.804118,45.145673],[25.804128,45.145666],[25.804151,45.14565],[25.804163,45.145642],[25.804178,45.145635],[25.804194,45.145629],[25.804209,45.145622],[25.804223,45.145614],[25.804234,45.145604],[25.804243,45.145593],[25.804251,45.145582],[25.804259,45.145572],[25.804268,45.145564],[25.804278,45.145559],[25.8043,45.145552],[25.804311,45.145547],[25.80432,45.145542],[25.804324,45.145534],[25.804324,45.145525],[25.804323,45.145514],[25.804321,45.145502],[25.804317,45.145489],[25.804311,45.145477],[25.804303,45.145465],[25.804295,45.145454],[25.804286,45.145443],[25.804276,45.145433],[25.804265,45.145425],[25.804254,45.145417],[25.804243,45.145411],[25.804224,45.145402],[25.804216,45.145396],[25.80421,45.145389],[25.804207,45.145381],[25.804205,45.145372],[25.804201,45.145363],[25.804188,45.145335],[25.804185,45.145325],[25.804183,45.145315],[25.804181,45.145305],[25.804176,45.145294],[25.80417,45.145284],[25.804163,45.145275],[25.804155,45.145267],[25.804145,45.145261],[25.804134,45.145258],[25.804123,45.145258],[25.804112,45.14526],[25.8041,45.145265],[25.804057,45.145278],[25.804045,45.145283],[25.804033,45.145286],[25.80402,45.145287],[25.804008,45.145285],[25.803996,45.145281],[25.803984,45.145276],[25.803973,45.145271],[25.803962,45.145265],[25.803955,45.145258],[25.803948,45.14525],[25.803941,45.145243],[25.80392,45.145227],[25.803898,45.14521],[25.803886,45.145203],[25.803861,45.145189],[25.803849,45.145183],[25.803836,45.14518],[25.803792,45.145174],[25.803778,45.145172],[25.803766,45.145168],[25.803754,45.145166],[25.803743,45.145165],[25.803732,45.145167],[25.803721,45.145169],[25.803708,45.14517],[25.803681,45.145171],[25.803666,45.145172],[25.803651,45.145173],[25.803636,45.145174],[25.803621,45.145175],[25.803605,45.145176],[25.803588,45.145178],[25.803554,45.145186],[25.803537,45.14519],[25.80352,45.145195],[25.803502,45.145199],[25.803466,45.145207],[25.803449,45.145211],[25.803432,45.145214],[25.803401,45.145218],[25.803387,45.145221],[25.803358,45.145231],[25.803342,45.145237],[25.803307,45.145246],[25.803289,45.145252],[25.803274,45.145258],[25.803258,45.145265],[25.803244,45.145273],[25.803232,45.145282],[25.80322,45.145291],[25.803197,45.145306],[25.803185,45.145312],[25.803172,45.145315],[25.803157,45.145315],[25.80314,45.145315],[25.803123,45.145313],[25.803104,45.14531],[25.803087,45.145306],[25.80307,45.145301],[25.803053,45.145295],[25.803038,45.145288],[25.803024,45.14528],[25.80301,45.145272],[25.802981,45.145256],[25.802954,45.145238],[25.802928,45.14522],[25.802916,45.145211],[25.802903,45.145201],[25.80289,45.145193],[25.802861,45.145178],[25.802833,45.145164],[25.802805,45.145152],[25.802793,45.145146],[25.802783,45.145139],[25.802776,45.145133],[25.802767,45.145126],[25.802756,45.145119],[25.802744,45.145112],[25.802719,45.145096],[25.802693,45.145079],[25.802681,45.14507],[25.802671,45.14506],[25.802652,45.145037],[25.802643,45.145025],[25.802624,45.145003],[25.802616,45.144992],[25.802609,45.14498],[25.802602,45.144969],[25.802593,45.144961],[25.802583,45.144954],[25.802573,45.14495],[25.802563,45.144947],[25.802555,45.144944],[25.802548,45.144939],[25.802542,45.144933],[25.802535,45.144928],[25.802525,45.144922],[25.802502,45.144911],[25.802479,45.1449],[25.802457,45.144891],[25.802447,45.144885],[25.802437,45.144877],[25.80242,45.144858],[25.802399,45.144838],[25.802377,45.144819],[25.802365,45.144809],[25.802352,45.1448],[25.802296,45.144767],[25.802267,45.144752],[25.802237,45.144738],[25.802191,45.144716],[25.80216,45.144702],[25.802114,45.14468],[25.802082,45.144667],[25.802037,45.144645],[25.802005,45.144631],[25.801959,45.14461],[25.801928,45.144596],[25.801855,45.14456],[25.801842,45.144552],[25.801831,45.144544],[25.801821,45.144535],[25.801812,45.144527],[25.801806,45.144518],[25.801801,45.144509],[25.801795,45.1445],[25.801787,45.144491],[25.801778,45.144482],[25.801756,45.144464],[25.801732,45.144446],[25.801708,45.144428],[25.801656,45.144393],[25.80163,45.144375],[25.801603,45.144358],[25.801589,45.14435],[25.801575,45.144342],[25.801545,45.144328],[25.801503,45.144308],[25.801489,45.144302],[25.801475,45.144298],[25.801461,45.144294],[25.801447,45.144292],[25.801432,45.14429],[25.801417,45.144286],[25.801402,45.144281],[25.801388,45.144274],[25.801361,45.14426],[25.801347,45.144252],[25.801318,45.144237],[25.801288,45.144222],[25.801216,45.144183],[25.801186,45.144169],[25.801158,45.144153],[25.801116,45.144128],[25.801088,45.144112],[25.801057,45.144098],[25.800985,45.144059],[25.800955,45.144044],[25.800927,45.144028],[25.800872,45.143995],[25.800859,45.143986],[25.800848,45.143976],[25.800837,45.143966],[25.800825,45.143956],[25.800812,45.143948],[25.800783,45.143932],[25.800754,45.143917],[25.800706,45.143896],[25.800674,45.143883],[25.800627,45.143863],[25.800578,45.143844],[25.800545,45.143832],[25.80053,45.143827],[25.800514,45.143821],[25.800499,45.143817],[25.800483,45.143813],[25.800467,45.143811],[25.800452,45.14381],[25.800437,45.143807],[25.800422,45.143804],[25.800406,45.143799],[25.800391,45.143794],[25.800361,45.143781],[25.800332,45.143768],[25.800318,45.143761],[25.800305,45.143753],[25.800293,45.143745],[25.800283,45.143737],[25.800274,45.143729],[25.800267,45.14372],[25.800261,45.143712],[25.800253,45.143704],[25.800242,45.143697],[25.800218,45.143682],[25.80019,45.143668],[25.800145,45.143648],[25.800114,45.143636],[25.800098,45.14363],[25.800067,45.143622],[25.800053,45.14362],[25.800038,45.143618],[25.800024,45.143616],[25.80001,45.143612],[25.799998,45.143606],[25.799988,45.1436],[25.79998,45.143592],[25.799974,45.143583],[25.799972,45.143574],[25.799973,45.143563],[25.799975,45.143552],[25.799981,45.143528],[25.799982,45.143516],[25.799981,45.143503],[25.799977,45.143491],[25.799971,45.143479],[25.799961,45.14347],[25.799948,45.143461],[25.799935,45.143453],[25.799906,45.143438],[25.799863,45.143416],[25.799848,45.143409],[25.799834,45.143402],[25.799818,45.143397],[25.799803,45.143393],[25.799788,45.143389],[25.799774,45.143387],[25.799745,45.143385],[25.79973,45.143383],[25.799715,45.143382],[25.799685,45.143381],[25.79967,45.143379],[25.799655,45.143376],[25.799623,45.143367],[25.799605,45.143363],[25.799568,45.143355],[25.79955,45.14335],[25.799534,45.143344],[25.799517,45.143337],[25.79947,45.143317],[25.79944,45.143302],[25.799426,45.143294],[25.799397,45.143278],[25.799366,45.143264],[25.79931,45.143235],[25.799297,45.143228],[25.799286,45.14322],[25.799276,45.143212],[25.799261,45.143198],[25.799252,45.143191],[25.799239,45.143185],[25.799194,45.143169],[25.799142,45.143153],[25.799123,45.143148],[25.799065,45.143136],[25.799045,45.143132],[25.799024,45.143129],[25.798963,45.143121],[25.798943,45.143119],[25.798922,45.143118],[25.798902,45.143119],[25.798882,45.14312],[25.798862,45.143122],[25.798843,45.143123],[25.798824,45.143123],[25.798805,45.143123],[25.798788,45.143121],[25.798773,45.143118],[25.798762,45.143114],[25.798752,45.14311],[25.79874,45.143106],[25.798725,45.143103],[25.798708,45.143101],[25.798688,45.143101],[25.798668,45.143101],[25.798648,45.143102],[25.798628,45.143105],[25.798547,45.143119],[25.798527,45.143123],[25.798507,45.143127],[25.798488,45.143131],[25.79843,45.143141],[25.79841,45.143143],[25.79839,45.143144],[25.798371,45.143143],[25.798312,45.143135],[25.798292,45.143132],[25.798272,45.143128],[25.798254,45.143123],[25.798236,45.143118],[25.798218,45.143112],[25.798167,45.143094],[25.798135,45.14308],[25.79812,45.143073],[25.798106,45.143065],[25.798093,45.143056],[25.798069,45.143037],[25.798056,45.143028],[25.798043,45.143019],[25.798015,45.143003],[25.798002,45.142994],[25.79799,45.142985],[25.797978,45.142975],[25.797967,45.142965],[25.797957,45.142954],[25.797947,45.142942],[25.797937,45.142931],[25.797926,45.142921],[25.797913,45.142912],[25.797899,45.142904],[25.797885,45.142896],[25.797869,45.142889],[25.797852,45.142883],[25.797836,45.142876],[25.797821,45.142869],[25.797807,45.142861],[25.797794,45.142853],[25.797782,45.142845],[25.797771,45.142836],[25.797762,45.142827],[25.797755,45.142819],[25.79775,45.14281],[25.79775,45.142801],[25.797754,45.142792],[25.79776,45.142782],[25.797786,45.142753],[25.797794,45.142743],[25.797801,45.142733],[25.797806,45.142722],[25.797807,45.142711],[25.797806,45.14267],[25.797803,45.142661],[25.797797,45.142655],[25.797788,45.14265],[25.797777,45.142648],[25.797764,45.142646],[25.797749,45.142643],[25.797736,45.142638],[25.797723,45.142633],[25.797712,45.142626],[25.797704,45.142619],[25.797698,45.142612],[25.797695,45.142604],[25.797696,45.142597],[25.797699,45.142588],[25.7977,45.142579],[25.7977,45.14257],[25.797698,45.142562],[25.797698,45.142553],[25.797699,45.142546],[25.797704,45.142539],[25.797714,45.142533],[25.797726,45.142528],[25.79774,45.142522],[25.797753,45.142517],[25.797764,45.142509],[25.797771,45.1425],[25.797775,45.14249],[25.797776,45.142479],[25.797776,45.142429],[25.797776,45.142418],[25.797773,45.142409],[25.797766,45.142401],[25.797756,45.142395],[25.797743,45.142391],[25.79773,45.142388],[25.797718,45.142386],[25.797706,45.142383],[25.797695,45.142378],[25.797687,45.14237],[25.797682,45.142361],[25.797674,45.142343],[25.797668,45.142334],[25.797659,45.142326],[25.797645,45.142321],[25.797628,45.142318],[25.797609,45.142316],[25.797589,45.142316],[25.797568,45.142316],[25.797548,45.142318],[25.797528,45.142322],[25.797491,45.142331],[25.797473,45.142335],[25.797456,45.14234],[25.797438,45.142345],[25.797422,45.142348],[25.797406,45.14235],[25.797389,45.142351],[25.797373,45.142349],[25.797356,45.142347],[25.797339,45.142343],[25.797285,45.14233],[25.797267,45.142325],[25.79725,45.142319],[25.797235,45.142312],[25.797194,45.142288],[25.797182,45.14228],[25.797171,45.142272],[25.797154,45.142257],[25.797146,45.142252],[25.797138,45.142251],[25.79713,45.142253],[25.797121,45.142257],[25.797112,45.14226],[25.7971,45.142261],[25.797086,45.14226],[25.79707,45.142259],[25.797053,45.142257],[25.797035,45.142254],[25.797017,45.14225],[25.797001,45.142245],[25.796984,45.142239],[25.796968,45.142233],[25.796935,45.142221],[25.796886,45.142201],[25.796839,45.14218],[25.796789,45.142161],[25.796739,45.142143],[25.796688,45.142127],[25.796671,45.142122],[25.796653,45.142118],[25.796636,45.142115],[25.796619,45.142113],[25.796601,45.142112],[25.796583,45.142113],[25.796565,45.142113],[25.796545,45.142112],[25.796526,45.14211],[25.796487,45.142105],[25.796446,45.1421],[25.796426,45.142096],[25.796406,45.142093],[25.796386,45.142089],[25.796344,45.142083],[25.796323,45.14208],[25.796304,45.142076],[25.796283,45.142072],[25.796241,45.142066],[25.79622,45.142063],[25.7962,45.142059],[25.796179,45.142056],[25.796115,45.142048],[25.796094,45.142044],[25.796035,45.142032],[25.796016,45.142028],[25.795998,45.142023],[25.795966,45.142009],[25.795949,45.142003],[25.795915,45.141992],[25.795896,45.141987],[25.795858,45.141978],[25.795841,45.141972],[25.795825,45.141966],[25.79581,45.141959],[25.795797,45.141951],[25.795787,45.141942],[25.795779,45.141932],[25.795773,45.141922],[25.79577,45.141911],[25.795769,45.141901],[25.795772,45.141881],[25.795772,45.141872],[25.795768,45.141863],[25.795761,45.141855],[25.795741,45.141839],[25.795718,45.141822],[25.795669,45.141787],[25.795647,45.141772],[25.795637,45.141766],[25.795628,45.141761],[25.795621,45.141758],[25.795614,45.14176],[25.795609,45.141766],[25.795606,45.141774],[25.795604,45.141784],[25.7956,45.141805],[25.795598,45.141813],[25.795592,45.141819],[25.795583,45.141824],[25.79557,45.141826],[25.795521,45.141828],[25.795502,45.141829],[25.795484,45.141831],[25.795466,45.141834],[25.795448,45.141836],[25.79543,45.141837],[25.795398,45.141837],[25.795384,45.141839],[25.795358,45.141843],[25.795344,45.141843],[25.795329,45.141842],[25.795313,45.141839],[25.795296,45.141836],[25.795279,45.141832],[25.795259,45.141829],[25.795219,45.141823],[25.795198,45.14182],[25.795179,45.141816],[25.795142,45.141806],[25.795124,45.1418],[25.795071,45.141784],[25.795055,45.141778],[25.795004,45.141762],[25.794987,45.141757],[25.794955,45.14175],[25.79494,45.141748],[25.794924,45.141747],[25.794908,45.141745],[25.794891,45.141742],[25.794858,45.141734],[25.794841,45.141729],[25.79479,45.141713],[25.794739,45.141695],[25.794693,45.141677],[25.794666,45.141664],[25.794655,45.141658],[25.794647,45.141651],[25.794641,45.141645],[25.794634,45.141638],[25.794625,45.141633],[25.794614,45.141629],[25.794602,45.141626],[25.794574,45.141625],[25.794559,45.141623],[25.794543,45.141622],[25.794527,45.141621],[25.794495,45.141621],[25.794478,45.14162],[25.794462,45.141617],[25.794446,45.141613],[25.79443,45.141608],[25.794382,45.141591],[25.794333,45.141572],[25.794287,45.14155],[25.794255,45.141536],[25.79421,45.141514],[25.794178,45.141501],[25.794133,45.141479],[25.794102,45.141465],[25.794056,45.141443],[25.794024,45.14143],[25.793979,45.141408],[25.793948,45.141394],[25.793919,45.141378],[25.793852,45.14134],[25.793841,45.141332],[25.793832,45.141325],[25.793825,45.141316],[25.793819,45.141308],[25.793812,45.1413],[25.793803,45.141292],[25.793792,45.141284],[25.793767,45.141269],[25.793741,45.141253],[25.793716,45.141235],[25.793692,45.141216],[25.79368,45.141206],[25.79367,45.141195],[25.79366,45.141184],[25.793651,45.141172],[25.793642,45.141161],[25.793631,45.14115],[25.79362,45.14114],[25.793609,45.14113],[25.793597,45.141121],[25.793572,45.141102],[25.793508,45.141057],[25.793483,45.141039],[25.79346,45.141019],[25.793449,45.141009],[25.793438,45.140999],[25.793429,45.140987],[25.793419,45.140976],[25.79341,45.140965],[25.793399,45.140954],[25.793387,45.140945],[25.793374,45.140936],[25.793361,45.140927],[25.793332,45.140912],[25.793318,45.140904],[25.793304,45.140895],[25.793277,45.140878],[25.793225,45.140843],[25.79311,45.140763],[25.793084,45.140745],[25.793057,45.140728],[25.793043,45.14072],[25.793029,45.140712],[25.793014,45.140705],[25.792998,45.140698],[25.792981,45.140693],[25.792944,45.140683],[25.792927,45.140677],[25.792911,45.14067],[25.792895,45.140663],[25.792866,45.140648],[25.792823,45.140624],[25.792793,45.14061],[25.792765,45.140594],[25.792738,45.140577],[25.792699,45.140551],[25.792672,45.140534],[25.792644,45.140518],[25.792614,45.140503],[25.792586,45.140487],[25.792559,45.14047],[25.79252,45.140444],[25.792493,45.140427],[25.792479,45.140419],[25.792464,45.140411],[25.792435,45.140396],[25.79242,45.140388],[25.792406,45.14038],[25.792365,45.140355],[25.792336,45.140339],[25.792306,45.140325],[25.792263,45.140302],[25.792249,45.140295],[25.792234,45.140289],[25.792219,45.140283],[25.792204,45.140278],[25.79219,45.140274],[25.792176,45.140271],[25.792162,45.140268],[25.792148,45.140265],[25.792135,45.14026],[25.792121,45.140255],[25.792076,45.140236],[25.792047,45.140221],[25.792033,45.140213],[25.792004,45.140198],[25.791973,45.140184],[25.791958,45.140177],[25.791927,45.140163],[25.791878,45.140143],[25.791861,45.140138],[25.791827,45.140126],[25.791774,45.140109],[25.791756,45.140104],[25.791718,45.140095],[25.7917,45.14009],[25.791646,45.140074],[25.791627,45.14007],[25.791589,45.140061],[25.79157,45.140056],[25.791532,45.140047],[25.791513,45.140043],[25.791458,45.140027],[25.791441,45.140022],[25.791424,45.140015],[25.791408,45.140009],[25.791393,45.140001],[25.791377,45.139995],[25.791361,45.139988],[25.791343,45.139983],[25.791288,45.13997],[25.791269,45.139966],[25.79125,45.139964],[25.791214,45.139961],[25.791198,45.13996],[25.791184,45.13996],[25.791157,45.139965],[25.791143,45.139966],[25.791128,45.139966],[25.791113,45.139963],[25.791099,45.139961],[25.791084,45.139957],[25.791071,45.139953],[25.791061,45.139948],[25.791052,45.139943],[25.79104,45.139938],[25.791025,45.139934],[25.791007,45.139932],[25.790986,45.13993],[25.790964,45.139929],[25.790941,45.139928],[25.790892,45.139928],[25.790842,45.139928],[25.790818,45.139929],[25.790793,45.139929],[25.790769,45.139931],[25.790746,45.139933],[25.790723,45.139935],[25.790702,45.139938],[25.790623,45.139956],[25.790603,45.139959],[25.79058,45.139962],[25.790558,45.139964],[25.790488,45.139969],[25.790465,45.139971],[25.790443,45.139974],[25.790422,45.139977],[25.790363,45.13999],[25.790345,45.139995],[25.79031,45.140006],[25.790292,45.140011],[25.790272,45.140015],[25.790252,45.140017],[25.790231,45.140018],[25.790209,45.140019],[25.790188,45.140019],[25.790168,45.140018],[25.790149,45.140017],[25.790129,45.140017],[25.79011,45.140018],[25.79007,45.140022],[25.790004,45.140028],[25.789982,45.14003],[25.78994,45.140036],[25.789919,45.140038],[25.789898,45.140039],[25.789877,45.140038],[25.789856,45.140036],[25.789837,45.140033],[25.78982,45.140028],[25.789804,45.140023],[25.789774,45.140011],[25.78976,45.140004],[25.789749,45.139997],[25.789742,45.139988],[25.789738,45.139978],[25.789734,45.139958],[25.789731,45.139947],[25.78973,45.139936],[25.78973,45.139913],[25.789728,45.139902],[25.789724,45.139891],[25.789718,45.139881],[25.78971,45.139871],[25.7897,45.139861],[25.789688,45.139854],[25.789662,45.139841],[25.789652,45.139834],[25.789645,45.139825],[25.789631,45.139794],[25.789624,45.139783],[25.789615,45.139774],[25.789603,45.139766],[25.789575,45.139752],[25.789562,45.139745],[25.789552,45.139737],[25.789544,45.139729],[25.789539,45.139719],[25.789538,45.13971],[25.789543,45.139684],[25.789541,45.139676],[25.789536,45.13967],[25.789528,45.139666],[25.789517,45.139665],[25.789487,45.139661],[25.789471,45.139658],[25.789456,45.139653],[25.789444,45.139647],[25.789435,45.139638],[25.789429,45.139628],[25.789425,45.139617],[25.789421,45.139598],[25.789419,45.13959],[25.789413,45.139584],[25.789405,45.139582],[25.789394,45.139583],[25.789382,45.139585],[25.789369,45.139589],[25.789327,45.139605],[25.789312,45.139609],[25.789297,45.139613],[25.789283,45.139615],[25.78927,45.139615],[25.789257,45.139612],[25.789244,45.139609],[25.78922,45.1396],[25.789206,45.139597],[25.789178,45.139592],[25.789162,45.139589],[25.789148,45.139583],[25.789136,45.139576],[25.789124,45.139567],[25.789113,45.139558],[25.789103,45.139549],[25.789093,45.139539],[25.789086,45.139528],[25.789079,45.139517],[25.789074,45.139506],[25.789071,45.139495],[25.789069,45.139473],[25.789068,45.139461],[25.789065,45.13945],[25.789063,45.139438],[25.789061,45.139416],[25.789058,45.139405],[25.789053,45.139395],[25.789047,45.139384],[25.789039,45.139373],[25.78903,45.139363],[25.789019,45.139353],[25.788962,45.139304],[25.788941,45.139283],[25.788917,45.139263],[25.788893,45.139244],[25.788867,45.139226],[25.78884,45.139209],[25.788812,45.139193],[25.788797,45.139186],[25.78878,45.13918],[25.788763,45.139174],[25.788725,45.139165],[25.788707,45.13916],[25.788672,45.139149],[25.788655,45.139142],[25.788625,45.139128],[25.78858,45.139105],[25.788549,45.139091],[25.788504,45.13907],[25.788458,45.139052],[25.788442,45.139046],[25.788427,45.139042],[25.788411,45.139039],[25.788394,45.139037],[25.788378,45.139037],[25.788361,45.139035],[25.788345,45.139033],[25.788328,45.139029],[25.788312,45.139024],[25.788295,45.139019],[25.788264,45.139007],[25.788248,45.139],[25.788199,45.138982],[25.788165,45.13897],[25.788148,45.138964],[25.788114,45.138952],[25.788097,45.138946],[25.788011,45.138917],[25.787994,45.13891],[25.787961,45.138899],[25.787929,45.138887],[25.787914,45.138881],[25.7879,45.138874],[25.787887,45.138868],[25.787876,45.138861],[25.787868,45.138854],[25.787861,45.138846],[25.787853,45.138838],[25.787843,45.138831],[25.787832,45.138823],[25.787818,45.138817],[25.787789,45.138803],[25.787758,45.13879],[25.787713,45.13877],[25.787667,45.138752],[25.787652,45.138747],[25.787638,45.138742],[25.787623,45.13874],[25.787608,45.138738],[25.787593,45.138735],[25.787578,45.138732],[25.787563,45.138726],[25.787549,45.13872],[25.78752,45.138707],[25.787476,45.138685],[25.787463,45.138677],[25.78745,45.138668],[25.787439,45.138659],[25.787428,45.138649],[25.78742,45.138639],[25.787405,45.138619],[25.7874,45.138609],[25.787397,45.138599],[25.787392,45.138589],[25.787385,45.138579],[25.787369,45.138558],[25.787362,45.138546],[25.787347,45.138522],[25.78734,45.138509],[25.787324,45.138468],[25.787318,45.138456],[25.787314,45.138444],[25.787311,45.138432],[25.787309,45.138421],[25.787311,45.138411],[25.787316,45.138401],[25.787324,45.138391],[25.787343,45.138372],[25.787353,45.138363],[25.787363,45.138354],[25.787372,45.138344],[25.787379,45.138335],[25.787384,45.138325],[25.787385,45.138315],[25.787382,45.138305],[25.787375,45.138296],[25.787366,45.138287],[25.787353,45.13828],[25.787288,45.138243],[25.787277,45.138236],[25.787269,45.138229],[25.787265,45.138222],[25.787266,45.138215],[25.787272,45.138209],[25.787282,45.138203],[25.787294,45.138196],[25.787322,45.138184],[25.787351,45.13817],[25.787365,45.138163],[25.787376,45.138154],[25.787384,45.138144],[25.787388,45.138132],[25.78739,45.13812],[25.787391,45.138095],[25.787392,45.138081],[25.787396,45.138068],[25.787402,45.138056],[25.787411,45.138045],[25.787423,45.138037],[25.787439,45.13803],[25.787471,45.138019],[25.7875,45.138007],[25.787512,45.138001],[25.787521,45.137994],[25.787526,45.137986],[25.787526,45.137978],[25.787525,45.137968],[25.787522,45.137958],[25.787518,45.137948],[25.787516,45.137938],[25.787514,45.137929],[25.787515,45.137922],[25.787521,45.137915],[25.787531,45.137911],[25.787546,45.137908],[25.787562,45.137906],[25.78758,45.137906],[25.787613,45.137906],[25.787628,45.137906],[25.787642,45.137903],[25.787652,45.137898],[25.787658,45.137891],[25.78766,45.137883],[25.787658,45.137873],[25.787654,45.137863],[25.787649,45.137852],[25.787636,45.13783],[25.787631,45.137819],[25.787627,45.137807],[25.787626,45.137795],[25.787627,45.137783],[25.787632,45.137761],[25.787633,45.137751],[25.787632,45.137741],[25.787627,45.137731],[25.787618,45.137723],[25.787607,45.137715],[25.787594,45.137708],[25.787568,45.137693],[25.787557,45.137684],[25.787549,45.137673],[25.787543,45.137661],[25.78754,45.137649],[25.787538,45.137636],[25.787537,45.137625],[25.787535,45.137613],[25.78753,45.137602],[25.787522,45.137592],[25.78751,45.137584],[25.787497,45.137577],[25.787448,45.137555],[25.787442,45.13755],[25.787441,45.137544],[25.787446,45.137539],[25.787454,45.137533],[25.787464,45.137528],[25.787487,45.137516],[25.787497,45.137511],[25.787505,45.137505],[25.78751,45.1375],[25.787509,45.137494],[25.787503,45.137489],[25.787492,45.137485],[25.78748,45.137479],[25.787467,45.137473],[25.787456,45.137465],[25.787445,45.137457],[25.787436,45.137447],[25.78742,45.137426],[25.787412,45.137417],[25.787403,45.13741],[25.787394,45.137403],[25.787386,45.137396],[25.787378,45.137387],[25.787339,45.13733],[25.78733,45.137319],[25.787319,45.137308],[25.787307,45.137299],[25.787281,45.137281],[25.787256,45.137263],[25.787234,45.137242],[25.787222,45.137233],[25.78721,45.137223],[25.787185,45.137204],[25.78716,45.137186],[25.787133,45.137169],[25.78712,45.137161],[25.787106,45.137153],[25.787091,45.137145],[25.787076,45.137138],[25.78706,45.137131],[25.787027,45.137119],[25.786992,45.137108],[25.786975,45.137102],[25.786959,45.137095],[25.786944,45.137088],[25.78693,45.13708],[25.786918,45.13707],[25.786897,45.137049],[25.786885,45.137039],[25.786873,45.13703],[25.78686,45.137021],[25.786846,45.137013],[25.786772,45.136976],[25.78674,45.136962],[25.786695,45.13694],[25.786664,45.136926],[25.786591,45.136887],[25.786561,45.136873],[25.786515,45.136851],[25.786484,45.136838],[25.786453,45.136824],[25.786438,45.136818],[25.786422,45.136813],[25.78639,45.136804],[25.786374,45.136801],[25.786343,45.136797],[25.786328,45.136795],[25.786313,45.13679],[25.786298,45.136785],[25.786283,45.13678],[25.786251,45.136769],[25.786202,45.13675],[25.786156,45.136729],[25.786124,45.136716],[25.786095,45.136703],[25.786082,45.136696],[25.786071,45.136688],[25.786062,45.136681],[25.786055,45.136673],[25.786051,45.136665],[25.786045,45.136657],[25.786031,45.136643],[25.786026,45.136635],[25.786021,45.136627],[25.786015,45.13662],[25.786006,45.136612],[25.785995,45.136604],[25.785983,45.136597],[25.78597,45.13659],[25.785944,45.136576],[25.785919,45.136561],[25.785908,45.136554],[25.7859,45.136547],[25.785893,45.136539],[25.785886,45.136531],[25.785866,45.136515],[25.785856,45.136506],[25.785848,45.136495],[25.785841,45.136484],[25.785836,45.136471],[25.785833,45.136459],[25.78583,45.136446],[25.785829,45.136435],[25.785831,45.136424],[25.785835,45.136414],[25.785842,45.136403],[25.785871,45.13636],[25.785877,45.136349],[25.785881,45.136339],[25.785883,45.136328],[25.785881,45.136318],[25.785875,45.136308],[25.785869,45.136298],[25.785861,45.136288],[25.785854,45.136278],[25.785849,45.136267],[25.785848,45.136255],[25.785849,45.136243],[25.785853,45.136231],[25.785858,45.136219],[25.785864,45.136206],[25.785885,45.136169],[25.785893,45.136157],[25.785903,45.136146],[25.785913,45.136135],[25.785923,45.136125],[25.785942,45.136105],[25.785949,45.136095],[25.785954,45.136085],[25.785957,45.136075],[25.785956,45.136065],[25.785949,45.136045],[25.785947,45.136034],[25.785947,45.136023],[25.78595,45.136012],[25.785956,45.136001],[25.785962,45.135991],[25.785977,45.135972],[25.785983,45.135962],[25.785987,45.135952],[25.785991,45.135943],[25.785995,45.135933],[25.786007,45.135911],[25.786014,45.1359],[25.786021,45.135888],[25.786037,45.135864],[25.786045,45.135852],[25.786052,45.13584],[25.786067,45.135814],[25.786074,45.135801],[25.786092,45.13576],[25.786097,45.135746],[25.786109,45.1357],[25.786114,45.135686],[25.78612,45.135672],[25.786136,45.13563],[25.786142,45.135616],[25.786148,45.135602],[25.786157,45.135573],[25.786163,45.135559],[25.786169,45.135545],[25.786174,45.135531],[25.786189,45.135488],[25.786193,45.135473],[25.786196,45.135457],[25.786198,45.135441],[25.786199,45.135423],[25.7862,45.135388],[25.786201,45.1353],[25.786203,45.135267],[25.786204,45.135251],[25.786207,45.135237],[25.78621,45.135224],[25.786212,45.135211],[25.786213,45.135198],[25.786213,45.135186],[25.786214,45.135173],[25.786219,45.135147],[25.786229,45.135087],[25.786235,45.135058],[25.786237,45.135043],[25.786238,45.135028],[25.786237,45.135013],[25.786234,45.134999],[25.786219,45.134957],[25.786214,45.134943],[25.786207,45.13493],[25.786198,45.134918],[25.786189,45.134907],[25.786178,45.134896],[25.786166,45.134886],[25.786154,45.134877],[25.786142,45.134867],[25.786131,45.134857],[25.78612,45.134847],[25.7861,45.134825],[25.78608,45.134803],[25.786049,45.134771],[25.786028,45.134749],[25.786006,45.134729],[25.785972,45.134699],[25.785951,45.134678],[25.785928,45.134658],[25.785903,45.13464],[25.785878,45.134621],[25.785826,45.134586],[25.78571,45.134506],[25.785659,45.13447],[25.785634,45.134451],[25.785611,45.134431],[25.78557,45.134389],[25.78556,45.134378],[25.785551,45.134367],[25.785534,45.134344],[25.785527,45.134333],[25.785515,45.134311],[25.785511,45.134301],[25.785508,45.134291],[25.785504,45.13428],[25.785498,45.134269],[25.785481,45.134249],[25.785474,45.134238],[25.785467,45.134226],[25.78546,45.134214],[25.785456,45.134201],[25.785453,45.134186],[25.785452,45.134171],[25.785453,45.134157],[25.785456,45.134142],[25.785469,45.134099],[25.785473,45.134084],[25.785478,45.13407],[25.785484,45.134056],[25.785501,45.134013],[25.785507,45.133999],[25.785512,45.133985],[25.785523,45.133939],[25.785528,45.133924],[25.785533,45.13391],[25.785537,45.133895],[25.785548,45.133849],[25.785553,45.133834],[25.785571,45.133793],[25.785577,45.133781],[25.785591,45.133757],[25.785598,45.133747],[25.785606,45.133738],[25.785615,45.133731],[25.785635,45.13372],[25.785645,45.133712],[25.785655,45.133704],[25.785666,45.133696],[25.785676,45.133688],[25.785684,45.133678],[25.78569,45.133668],[25.785695,45.133659],[25.785698,45.133649],[25.785697,45.13364],[25.785694,45.133625],[25.785695,45.133618],[25.785699,45.133612],[25.785706,45.133606],[25.785714,45.133603],[25.785723,45.1336],[25.785732,45.133596],[25.78575,45.133586],[25.78577,45.133578],[25.78578,45.133572],[25.785789,45.133565],[25.785806,45.133546],[25.785817,45.133537],[25.785829,45.133527],[25.785853,45.133509],[25.785897,45.133469],[25.785909,45.133459],[25.785922,45.13345],[25.785936,45.133441],[25.785963,45.133424],[25.785975,45.133415],[25.785986,45.133405],[25.786006,45.133383],[25.786018,45.133373],[25.786033,45.133366],[25.786049,45.133359],[25.786066,45.133353],[25.786082,45.133346],[25.786096,45.133338],[25.786107,45.133327],[25.786116,45.133316],[25.786134,45.133292],[25.786144,45.133282],[25.786157,45.133273],[25.786183,45.133256],[25.786195,45.133247],[25.786203,45.133235],[25.786209,45.133223],[25.786213,45.133209],[25.786221,45.133172],[25.786224,45.133162],[25.786231,45.133154],[25.786243,45.133148],[25.786258,45.133143],[25.786275,45.13314],[25.78631,45.133132],[25.786327,45.133128],[25.78634,45.133122],[25.78635,45.133115],[25.786357,45.133107],[25.786362,45.133098],[25.786369,45.13309],[25.786377,45.133081],[25.786387,45.133073],[25.786409,45.133055],[25.78642,45.133045],[25.786429,45.133035],[25.786437,45.133023],[25.786451,45.132997],[25.786458,45.132984],[25.786468,45.132972],[25.786479,45.132962],[25.786505,45.132944],[25.786531,45.132928],[25.786559,45.132913],[25.786571,45.132904],[25.786583,45.132896],[25.786593,45.132888],[25.786601,45.132879],[25.786607,45.13287],[25.786611,45.132861],[25.786617,45.132852],[25.786632,45.132833],[25.786659,45.132802],[25.786681,45.132782],[25.786715,45.132752],[25.786737,45.132732],[25.786788,45.132678],[25.786797,45.132666],[25.786815,45.132643],[25.786823,45.13263],[25.786838,45.132605],[25.786845,45.132592],[25.786863,45.132551],[25.786869,45.132537],[25.786882,45.132493],[25.786887,45.132478],[25.786891,45.132463],[25.786893,45.132447],[25.786895,45.13243],[25.786896,45.132413],[25.786896,45.132395],[25.786896,45.13236],[25.786895,45.132326],[25.786894,45.132309],[25.786893,45.132293],[25.786891,45.132278],[25.786888,45.132264],[25.786885,45.132252],[25.786882,45.13224],[25.786881,45.132228],[25.786878,45.132217],[25.786864,45.13218],[25.786859,45.132167],[25.786852,45.132154],[25.786847,45.13214],[25.786835,45.132112],[25.786829,45.132099],[25.786813,45.132074],[25.786805,45.132061],[25.786781,45.132027],[25.786773,45.132016],[25.786765,45.132006],[25.786759,45.131996],[25.786755,45.131985],[25.78675,45.131964],[25.786746,45.131952],[25.786737,45.13193],[25.786728,45.131908],[25.786725,45.131897],[25.786724,45.131886],[25.786722,45.131874],[25.786719,45.131862],[25.786715,45.13185],[25.786711,45.131837],[25.786705,45.131812],[25.786702,45.1318],[25.786702,45.131788],[25.786706,45.131762],[25.786709,45.131748],[25.786713,45.131734],[25.786718,45.13172],[25.786736,45.131679],[25.786742,45.131666],[25.786757,45.131641],[25.786765,45.131628],[25.786774,45.131617],[25.786785,45.131607],[25.786796,45.131598],[25.786821,45.131583],[25.786831,45.131576],[25.786838,45.131567],[25.786842,45.131558],[25.786852,45.131538],[25.786856,45.131526],[25.786859,45.131514],[25.786867,45.131478],[25.786868,45.131468],[25.786864,45.13144],[25.786861,45.131432],[25.786851,45.131416],[25.786847,45.131407],[25.786844,45.131387],[25.786841,45.131377],[25.78684,45.131364],[25.78684,45.131352],[25.786843,45.131339],[25.786847,45.131326],[25.786854,45.131314],[25.786862,45.131303],[25.786871,45.131292],[25.786882,45.131282],[25.786893,45.131273],[25.786903,45.131264],[25.786912,45.131254],[25.78692,45.131244],[25.786925,45.131234],[25.786929,45.131225],[25.78693,45.131216],[25.786928,45.131199],[25.786929,45.13119],[25.786932,45.131181],[25.786937,45.13117],[25.786943,45.13116],[25.786951,45.131149],[25.786962,45.13114],[25.786974,45.131132],[25.786986,45.131122],[25.786995,45.131111],[25.787003,45.131099],[25.787019,45.131074],[25.787026,45.131061],[25.787045,45.13102],[25.78705,45.131006],[25.787059,45.130977],[25.787069,45.130948],[25.787074,45.130933],[25.787077,45.130917],[25.787086,45.130869],[25.78709,45.130854],[25.787094,45.130839],[25.787097,45.130823],[25.7871,45.130807],[25.787101,45.13079],[25.787102,45.130773],[25.787102,45.130756],[25.787102,45.130738],[25.787101,45.130721],[25.7871,45.130704],[25.787098,45.130688],[25.787094,45.130672],[25.78709,45.130657],[25.787072,45.130614],[25.787066,45.130601],[25.787044,45.130562],[25.787036,45.13055],[25.787018,45.130528],[25.787009,45.130517],[25.787001,45.130507],[25.786994,45.130496],[25.786989,45.130485],[25.786986,45.130474],[25.786984,45.130463],[25.786981,45.130452],[25.786976,45.130441],[25.786968,45.130431],[25.786959,45.130421],[25.786949,45.130411],[25.786937,45.130402],[25.786925,45.130393],[25.786913,45.130384],[25.786887,45.130367],[25.78686,45.13035],[25.786832,45.130334],[25.786801,45.13032],[25.786756,45.130297],[25.786725,45.130283],[25.786711,45.130275],[25.786698,45.130266],[25.786685,45.130257],[25.786673,45.130248],[25.78665,45.130227],[25.786626,45.130208],[25.7866,45.13019],[25.786587,45.130181],[25.786574,45.130172],[25.786563,45.130161],[25.786543,45.13014],[25.78652,45.130122],[25.786509,45.130114],[25.7865,45.130106],[25.786493,45.130098],[25.786489,45.13009],[25.78649,45.130082],[25.786496,45.130075],[25.786505,45.130068],[25.786517,45.130062],[25.786544,45.13005],[25.786556,45.130043],[25.786566,45.130037],[25.786574,45.13003],[25.786576,45.130022],[25.786574,45.130014],[25.786567,45.130008],[25.786557,45.130001],[25.786545,45.129995],[25.786518,45.129983],[25.786505,45.129976],[25.786495,45.129969],[25.786488,45.129961],[25.786485,45.129952],[25.786486,45.129943],[25.786487,45.129933],[25.78649,45.129924],[25.786494,45.129915],[25.786496,45.129906],[25.786496,45.129898],[25.786492,45.129891],[25.786483,45.129885],[25.786471,45.12988],[25.786458,45.129875],[25.786445,45.129869],[25.786434,45.129862],[25.786427,45.129852],[25.786422,45.129841],[25.78642,45.12983],[25.786419,45.129818],[25.786417,45.129806],[25.786414,45.129793],[25.786409,45.129781],[25.786402,45.12977],[25.786391,45.12976],[25.786379,45.129752],[25.786366,45.129743],[25.786339,45.129727],[25.786326,45.129717],[25.786315,45.129707],[25.786305,45.129696],[25.786297,45.129684],[25.786289,45.129671],[25.786283,45.129657],[25.786279,45.129642],[25.786276,45.129626],[25.78627,45.129594],[25.786267,45.129578],[25.786262,45.129563],[25.786257,45.129549],[25.786249,45.129536],[25.786238,45.129525],[25.786226,45.129516],[25.786212,45.129508],[25.786197,45.129501],[25.786182,45.129493],[25.786169,45.129484],[25.786159,45.129473],[25.786152,45.12946],[25.786146,45.129446],[25.786128,45.129389],[25.786125,45.129374],[25.786123,45.12936],[25.786122,45.129345],[25.786123,45.129319],[25.786122,45.129306],[25.786119,45.129294],[25.786113,45.129283],[25.786105,45.129273],[25.786096,45.129265],[25.786088,45.129255],[25.786083,45.129245],[25.786081,45.129234],[25.786082,45.129224],[25.786086,45.129214],[25.786092,45.129204],[25.786098,45.129196],[25.786106,45.129189],[25.786115,45.129183],[25.786123,45.129176],[25.786131,45.129167],[25.786145,45.129145],[25.786153,45.129134],[25.786163,45.129124],[25.786174,45.129114],[25.786196,45.129095],[25.786206,45.129085],[25.786215,45.129074],[25.786223,45.129065],[25.786233,45.129057],[25.786245,45.129052],[25.786258,45.12905],[25.786281,45.129049],[25.786292,45.129048],[25.786301,45.129044],[25.786309,45.129037],[25.786315,45.129028],[25.786331,45.128997],[25.786335,45.128988],[25.786337,45.12898],[25.786335,45.128971],[25.786329,45.128964],[25.786307,45.128944],[25.786302,45.128938],[25.786301,45.128932],[25.786305,45.128926],[25.786323,45.128909],[25.786326,45.128904],[25.786325,45.128899],[25.786319,45.128894],[25.786302,45.128885],[25.786295,45.12888],[25.78629,45.128873],[25.786289,45.128866],[25.786289,45.12885],[25.786286,45.128841],[25.786275,45.128821],[25.786271,45.128809],[25.786269,45.128795],[25.786267,45.128781],[25.786268,45.128766],[25.786269,45.128752],[25.786273,45.128738],[25.786278,45.128726],[25.786285,45.128716],[25.786292,45.128707],[25.786298,45.128698],[25.786302,45.128691],[25.786308,45.128683],[25.786322,45.128671],[25.786327,45.128664],[25.786327,45.128657],[25.786323,45.12865],[25.786316,45.128643],[25.786297,45.128628],[25.786268,45.128602],[25.786259,45.128593],[25.786254,45.128583],[25.786251,45.128574],[25.786251,45.128546],[25.786252,45.128537],[25.786259,45.128521],[25.78626,45.128511],[25.786258,45.128502],[25.786255,45.128491],[25.786252,45.12848],[25.786247,45.12847],[25.786241,45.128462],[25.786233,45.128455],[25.786215,45.128444],[25.786187,45.128423],[25.786179,45.128415],[25.786173,45.128407],[25.786165,45.128387],[25.78616,45.128377],[25.786144,45.128339],[25.786138,45.128325],[25.786133,45.128311],[25.786119,45.128268],[25.786114,45.128254],[25.786101,45.12823],[25.786094,45.128219],[25.786087,45.128209],[25.78608,45.128202],[25.786072,45.128195],[25.786065,45.128187],[25.786059,45.128176],[25.786055,45.128163],[25.786052,45.128149],[25.78605,45.128133],[25.786049,45.128117],[25.786045,45.128066],[25.786042,45.128032],[25.786039,45.128015],[25.786035,45.128],[25.786031,45.127984],[25.786027,45.127969],[25.786024,45.127952],[25.786015,45.127886],[25.786012,45.12787],[25.786008,45.127855],[25.786003,45.127841],[25.785992,45.127816],[25.785987,45.127805],[25.785984,45.127793],[25.785984,45.127781],[25.785986,45.127769],[25.785996,45.127749],[25.786,45.127738],[25.786001,45.127726],[25.786002,45.127715],[25.786003,45.127703],[25.786006,45.12769],[25.78601,45.127678],[25.786024,45.127655],[25.786029,45.127641],[25.786033,45.127626],[25.786035,45.12761],[25.786037,45.127594],[25.786038,45.127577],[25.78604,45.127506],[25.78604,45.127489],[25.786042,45.127472],[25.786044,45.127455],[25.786047,45.12744],[25.786052,45.127425],[25.786059,45.127412],[25.786066,45.127399],[25.786075,45.127387],[25.786085,45.127377],[25.786099,45.127368],[25.786128,45.127352],[25.786141,45.127344],[25.786152,45.127333],[25.786161,45.127322],[25.78617,45.12731],[25.786179,45.127299],[25.786199,45.127278],[25.786207,45.127267],[25.78622,45.127245],[25.786226,45.127236],[25.78624,45.127222],[25.786246,45.127215],[25.786249,45.127206],[25.786251,45.127195],[25.78625,45.127183],[25.786249,45.127171],[25.786248,45.127158],[25.786249,45.127145],[25.786252,45.127132],[25.786257,45.12712],[25.786265,45.127108],[25.786274,45.127098],[25.786284,45.127087],[25.786296,45.127077],[25.78632,45.127059],[25.786345,45.12704],[25.786384,45.127013],[25.786409,45.126995],[25.786433,45.126976],[25.786443,45.126967],[25.786453,45.126957],[25.786461,45.126947],[25.786467,45.126937],[25.786469,45.126926],[25.786468,45.126914],[25.786465,45.126903],[25.78646,45.126891],[25.786454,45.126879],[25.786447,45.126867],[25.786441,45.126855],[25.786436,45.126843],[25.786431,45.126831],[25.78643,45.126819],[25.786431,45.126807],[25.786434,45.126795],[25.786439,45.126783],[25.786445,45.126771],[25.786461,45.126747],[25.786469,45.126736],[25.78648,45.126725],[25.786493,45.126716],[25.786507,45.126708],[25.786522,45.126701],[25.786554,45.126687],[25.786585,45.126672],[25.7866,45.126664],[25.786613,45.126655],[25.786623,45.126644],[25.78663,45.126631],[25.786636,45.126616],[25.786645,45.126587],[25.786651,45.126572],[25.786657,45.126558],[25.786666,45.126546],[25.786675,45.126534],[25.786702,45.1265],[25.786719,45.12648],[25.786725,45.126472],[25.78673,45.126464],[25.78673,45.126457],[25.786726,45.126451],[25.786716,45.126447],[25.786701,45.126445],[25.786684,45.126444],[25.786665,45.126444],[25.786645,45.126445],[25.786625,45.126446],[25.786605,45.126448],[25.786585,45.126449],[25.786565,45.126449],[25.786545,45.126448],[25.786506,45.126442],[25.786486,45.126438],[25.786468,45.126434],[25.78645,45.126429],[25.786433,45.126423],[25.786416,45.126417],[25.786401,45.126409],[25.786387,45.126401],[25.786374,45.126392],[25.786364,45.126381],[25.786356,45.126368],[25.786342,45.126341],[25.786334,45.126329],[25.786326,45.126317],[25.786318,45.126305],[25.786313,45.126291],[25.78631,45.126277],[25.786309,45.126262],[25.786309,45.126247],[25.786312,45.126232],[25.786325,45.126189],[25.786331,45.126175],[25.786337,45.126161],[25.786345,45.126148],[25.786356,45.126137],[25.786368,45.126128],[25.786381,45.126119],[25.78642,45.126098],[25.78643,45.126091],[25.786437,45.126085],[25.78644,45.126079],[25.786437,45.126073],[25.786429,45.126068],[25.786418,45.126064],[25.78639,45.126056],[25.786377,45.126051],[25.786367,45.126045],[25.78636,45.126038],[25.786357,45.12603],[25.786357,45.126023],[25.78636,45.126015],[25.786363,45.126007],[25.786365,45.125999],[25.786365,45.125992],[25.786361,45.125986],[25.786353,45.12598],[25.786342,45.125976],[25.78633,45.125972],[25.78632,45.125967],[25.786312,45.125962],[25.786309,45.125956],[25.786311,45.125949],[25.786315,45.125941],[25.786332,45.125917],[25.786335,45.12591],[25.786336,45.125903],[25.786332,45.125897],[25.786323,45.125892],[25.786311,45.125888],[25.786282,45.125881],[25.786269,45.125876],[25.78626,45.125871],[25.786255,45.125863],[25.786254,45.125855],[25.786255,45.125845],[25.786259,45.125834],[25.786263,45.125824],[25.786267,45.125812],[25.786271,45.125801],[25.786274,45.125789],[25.786274,45.125778],[25.786271,45.125767],[25.786265,45.125757],[25.786255,45.125748],[25.78623,45.125734],[25.786219,45.125726],[25.786208,45.125719],[25.7862,45.125711],[25.786195,45.125702],[25.786195,45.125692],[25.786198,45.125683],[25.786203,45.125673],[25.786209,45.125663],[25.786214,45.125653],[25.786218,45.125643],[25.786219,45.125633],[25.786216,45.125622],[25.78621,45.125612],[25.786203,45.125602],[25.786183,45.125583],[25.786173,45.125574],[25.786163,45.125564],[25.786154,45.125555],[25.786146,45.125545],[25.786141,45.125535],[25.786139,45.125524],[25.78614,45.125514],[25.786145,45.125504],[25.786152,45.125495],[25.786173,45.125469],[25.786178,45.125461],[25.786179,45.125454],[25.786176,45.125449],[25.786168,45.125444],[25.786157,45.125441],[25.78613,45.125437],[25.786118,45.125434],[25.786107,45.125429],[25.786098,45.125421],[25.78609,45.125411],[25.786075,45.125388],[25.786066,45.125377],[25.78605,45.125353],[25.786041,45.125341],[25.786024,45.125318],[25.786016,45.125307],[25.786009,45.125296],[25.786002,45.125286],[25.785999,45.125276],[25.785998,45.125266],[25.786,45.125257],[25.786004,45.12525],[25.786008,45.125245],[25.786013,45.125238],[25.786015,45.12523],[25.786016,45.125221],[25.786016,45.125212],[25.786017,45.125203],[25.786019,45.125193],[25.786022,45.125185],[25.786027,45.125178],[25.786033,45.125173],[25.786038,45.125167],[25.786041,45.125158],[25.786043,45.125149],[25.786044,45.12514],[25.786046,45.125129],[25.786051,45.125119],[25.786058,45.125109],[25.786069,45.1251],[25.786082,45.125093],[25.786096,45.125085],[25.786126,45.125071],[25.78614,45.125063],[25.786152,45.125054],[25.786162,45.125043],[25.78617,45.12503],[25.786175,45.125015],[25.786178,45.125],[25.786181,45.124984],[25.786186,45.124933],[25.786188,45.124916],[25.78619,45.1249],[25.786194,45.124885],[25.7862,45.124871],[25.786207,45.124858],[25.786215,45.124846],[25.786224,45.124834],[25.786248,45.124799],[25.786255,45.124788],[25.786261,45.124776],[25.786264,45.124764],[25.786265,45.124751],[25.786263,45.124738],[25.786258,45.124726],[25.786253,45.124714],[25.786247,45.124701],[25.786241,45.124689],[25.786236,45.124677],[25.786232,45.124664],[25.78623,45.124652],[25.786228,45.124642],[25.786231,45.124631],[25.786236,45.124622],[25.786245,45.124613],[25.786255,45.124604],[25.786267,45.124596],[25.786293,45.12458],[25.786306,45.124572],[25.786318,45.124564],[25.786329,45.124555],[25.786339,45.124546],[25.786346,45.124536],[25.786352,45.124527],[25.786353,45.124517],[25.786351,45.124507],[25.786348,45.124496],[25.786343,45.124484],[25.786338,45.124473],[25.786333,45.124462],[25.786329,45.12445],[25.786326,45.12444],[25.786327,45.124429],[25.786331,45.124419],[25.786339,45.12441],[25.786349,45.124403],[25.786363,45.124397],[25.786392,45.124386],[25.786405,45.124381],[25.786414,45.124375],[25.786419,45.124368],[25.78642,45.12436],[25.786418,45.124351],[25.786415,45.124341],[25.786411,45.124332],[25.786408,45.124323],[25.786406,45.124314],[25.786408,45.124305],[25.786414,45.124298],[25.786426,45.124292],[25.78644,45.124287],[25.78649,45.124277],[25.786505,45.124272],[25.786515,45.124267],[25.78652,45.124259],[25.786521,45.124251],[25.78652,45.124241],[25.786517,45.12423],[25.786512,45.124218],[25.786508,45.124206],[25.7865,45.124181],[25.786498,45.124169],[25.786498,45.124158],[25.786501,45.124146],[25.786507,45.124136],[25.786516,45.124126],[25.786526,45.124116],[25.786537,45.124107],[25.786549,45.124098],[25.786561,45.124089],[25.786573,45.124081],[25.786584,45.124073],[25.786593,45.124064],[25.7866,45.124055],[25.786603,45.124045],[25.786602,45.124034],[25.786599,45.124024],[25.786594,45.124014],[25.786588,45.124004],[25.786584,45.123994],[25.786581,45.123984],[25.78658,45.123974],[25.786582,45.123965],[25.786589,45.123957],[25.786617,45.12393],[25.786627,45.12392],[25.786637,45.12391],[25.786646,45.123899],[25.786663,45.123874],[25.78667,45.123862],[25.786683,45.123835],[25.786691,45.123822],[25.786699,45.123811],[25.786709,45.1238],[25.786718,45.123789],[25.786736,45.123769],[25.786743,45.123759],[25.786748,45.123749],[25.786751,45.123739],[25.786751,45.123707],[25.786752,45.123697],[25.786754,45.123688],[25.786761,45.123681],[25.786773,45.123676],[25.786788,45.123672],[25.786807,45.123668],[25.786868,45.12366],[25.786889,45.123657],[25.786927,45.123648],[25.786946,45.123643],[25.786964,45.123637],[25.786979,45.12363],[25.786994,45.123622],[25.787008,45.123614],[25.787018,45.123603],[25.787027,45.123591],[25.787043,45.123567],[25.78705,45.123554],[25.787056,45.123542],[25.787062,45.12353],[25.78707,45.12352],[25.787079,45.123513],[25.78709,45.123508],[25.787101,45.123506],[25.787113,45.123507],[25.787126,45.123509],[25.787139,45.123511],[25.787152,45.123513],[25.787165,45.123514],[25.787176,45.123514],[25.787186,45.12351],[25.787194,45.123503],[25.787201,45.123494],[25.787213,45.123472],[25.787219,45.123462],[25.787228,45.123454],[25.787239,45.123448],[25.787252,45.123444],[25.787276,45.123439],[25.787288,45.123436],[25.787297,45.123431],[25.787302,45.123424],[25.787303,45.123415],[25.787304,45.123405],[25.787304,45.123384],[25.787304,45.123374],[25.787308,45.123365],[25.787315,45.123357],[25.787327,45.12335],[25.787343,45.123345],[25.787393,45.123334],[25.787407,45.123329],[25.787417,45.123324],[25.787422,45.123316],[25.787423,45.123308],[25.78742,45.123298],[25.787416,45.123287],[25.787397,45.123255],[25.787391,45.123244],[25.787386,45.123234],[25.787383,45.123225],[25.787382,45.123218],[25.787386,45.123212],[25.787394,45.123208],[25.787406,45.123207],[25.787438,45.123207],[25.787457,45.123207],[25.787478,45.123206],[25.787498,45.123205],[25.787519,45.123203],[25.787538,45.1232],[25.78759,45.123189],[25.787607,45.123186],[25.787624,45.123185],[25.787641,45.123184],[25.787658,45.123182],[25.787674,45.123179],[25.787689,45.123174],[25.787703,45.123167],[25.787716,45.123159],[25.787729,45.123151],[25.787744,45.123144],[25.787795,45.123127],[25.787812,45.123122],[25.787845,45.123113],[25.78786,45.123109],[25.787873,45.123106],[25.787886,45.123104],[25.787898,45.123105],[25.787908,45.123109],[25.787918,45.123113],[25.787929,45.123117],[25.787942,45.123118],[25.787955,45.123117],[25.787969,45.123113],[25.787983,45.123109],[25.788027,45.123091],[25.788044,45.123085],[25.788098,45.123071],[25.788116,45.123067],[25.788135,45.123064],[25.788152,45.123061],[25.788169,45.12306],[25.788185,45.12306],[25.7882,45.123063],[25.788216,45.123067],[25.788231,45.123071],[25.788245,45.123078],[25.788256,45.123085],[25.788274,45.123102],[25.788283,45.123107],[25.788293,45.12311],[25.788303,45.12311],[25.788314,45.123108],[25.788325,45.123106],[25.788336,45.123104],[25.788347,45.123103],[25.788357,45.123104],[25.788367,45.123108],[25.788395,45.123124],[25.788405,45.123127],[25.788414,45.123127],[25.788424,45.123124],[25.788434,45.123119],[25.788452,45.123106],[25.788463,45.1231],[25.788475,45.123096],[25.788487,45.123095],[25.788525,45.123096],[25.788538,45.123094],[25.78855,45.123091],[25.788562,45.123087],[25.788573,45.123082],[25.788585,45.123079],[25.788598,45.123077],[25.788611,45.123079],[25.788624,45.123083],[25.788637,45.123089],[25.788663,45.123103],[25.788677,45.12311],[25.788694,45.123117],[25.788712,45.123121],[25.788732,45.123125],[25.788754,45.123128],[25.788798,45.123134],[25.788819,45.123137],[25.788838,45.123141],[25.788856,45.123147],[25.788871,45.123155],[25.788912,45.123178],[25.788925,45.123185],[25.788938,45.123192],[25.788951,45.123196],[25.788964,45.123199],[25.788977,45.123199],[25.788989,45.123196],[25.788999,45.12319],[25.789017,45.123174],[25.789026,45.123166],[25.789036,45.123159],[25.789046,45.123154],[25.789057,45.123152],[25.789069,45.123154],[25.78908,45.123158],[25.789101,45.123171],[25.789123,45.123185],[25.789133,45.123191],[25.789144,45.123195],[25.789155,45.123196],[25.789166,45.123194],[25.789178,45.123189],[25.78919,45.123183],[25.789203,45.123176],[25.789227,45.12316],[25.789252,45.123141],[25.789264,45.123131],[25.789276,45.123122],[25.78929,45.123113],[25.789319,45.123097],[25.789348,45.123081],[25.789378,45.123066],[25.789392,45.123058],[25.789405,45.123051],[25.789416,45.123043],[25.789426,45.123035],[25.789432,45.123028],[25.789435,45.123019],[25.789432,45.123011],[25.789425,45.123003],[25.789415,45.122996],[25.789404,45.122988],[25.789378,45.122971],[25.789364,45.122963],[25.789351,45.122955],[25.789339,45.122944],[25.789329,45.122933],[25.789321,45.12292],[25.789315,45.122906],[25.78931,45.122891],[25.789298,45.122843],[25.789293,45.122828],[25.789287,45.122815],[25.789279,45.122802],[25.789271,45.12279],[25.789262,45.122778],[25.789255,45.122766],[25.789241,45.122744],[25.789237,45.122734],[25.789234,45.122724],[25.789234,45.122715],[25.789238,45.122708],[25.789246,45.122702],[25.789257,45.122697],[25.789269,45.122692],[25.78928,45.122688],[25.789288,45.122682],[25.789291,45.122676],[25.78929,45.122669],[25.789286,45.122661],[25.789269,45.122638],[25.789265,45.122631],[25.789264,45.122624],[25.789269,45.122618],[25.789278,45.122613],[25.789292,45.12261],[25.789339,45.122601],[25.789352,45.122597],[25.789361,45.122592],[25.789365,45.122587],[25.789363,45.12258],[25.789358,45.122573],[25.78935,45.122566],[25.789341,45.122559],[25.789331,45.122552],[25.789322,45.122545],[25.789316,45.122538],[25.789313,45.122531],[25.789314,45.122524],[25.789321,45.122518],[25.789331,45.122512],[25.789343,45.122506],[25.789358,45.1225],[25.789373,45.122494],[25.789388,45.122488],[25.789402,45.12248],[25.789416,45.122472],[25.789427,45.122463],[25.789434,45.122452],[25.789439,45.122439],[25.789441,45.122426],[25.789441,45.122412],[25.78944,45.122399],[25.78944,45.122385],[25.789441,45.122371],[25.789443,45.122356],[25.789447,45.122343],[25.789454,45.12233],[25.78946,45.122318],[25.789467,45.122306],[25.789489,45.122277],[25.789493,45.122269],[25.789494,45.122262],[25.789489,45.122255],[25.789479,45.122251],[25.789464,45.122248],[25.789446,45.122245],[25.789382,45.12224],[25.789361,45.122238],[25.78934,45.122234],[25.789321,45.12223],[25.789302,45.122226],[25.789283,45.122221],[25.789209,45.1222],[25.789153,45.122186],[25.789136,45.122181],[25.789121,45.122174],[25.789107,45.122166],[25.789083,45.12215],[25.789071,45.122143],[25.78906,45.122137],[25.789048,45.122132],[25.789036,45.122128],[25.789025,45.122123],[25.789014,45.122116],[25.789003,45.122108],[25.788978,45.122093],[25.78895,45.122078],[25.788937,45.12207],[25.788924,45.122061],[25.788911,45.122052],[25.788899,45.122042],[25.788877,45.122022],[25.788854,45.122002],[25.78883,45.121983],[25.788767,45.121937],[25.788743,45.121918],[25.788731,45.121908],[25.788719,45.121899],[25.788705,45.12189],[25.788691,45.121882],[25.788675,45.121875],[25.788659,45.121869],[25.788643,45.121862],[25.788627,45.121855],[25.788613,45.121847],[25.788586,45.121831],[25.788574,45.121822],[25.788562,45.121814],[25.788552,45.121806],[25.788543,45.121797],[25.788537,45.121789],[25.788533,45.121782],[25.788533,45.121774],[25.788536,45.121768],[25.788542,45.121762],[25.788546,45.121755],[25.788548,45.121748],[25.788546,45.12174],[25.788543,45.121732],[25.78854,45.121723],[25.788537,45.121714],[25.788535,45.121705],[25.788532,45.121696],[25.788522,45.121676],[25.788518,45.121665],[25.788516,45.121654],[25.788517,45.121642],[25.788521,45.121631],[25.788527,45.12162],[25.788536,45.121609],[25.788546,45.121599],[25.788556,45.121589],[25.788591,45.12156],[25.788614,45.12154],[25.788635,45.121518],[25.788657,45.121498],[25.788692,45.121468],[25.788703,45.121457],[25.788714,45.121447],[25.788727,45.121438],[25.78874,45.12143],[25.788755,45.121422],[25.788771,45.121415],[25.788789,45.12141],[25.788809,45.121405],[25.788848,45.121398],[25.788865,45.121393],[25.788881,45.121388],[25.788893,45.121381],[25.788902,45.121373],[25.788907,45.121364],[25.788908,45.121354],[25.788905,45.121328],[25.788907,45.121321],[25.788912,45.121314],[25.788921,45.12131],[25.788933,45.121308],[25.78896,45.121306],[25.788974,45.121303],[25.788987,45.1213],[25.788998,45.121294],[25.789003,45.121287],[25.789005,45.121277],[25.789003,45.121267],[25.788999,45.121256],[25.788994,45.121244],[25.788988,45.121232],[25.788982,45.121219],[25.788966,45.121178],[25.788961,45.121163],[25.788959,45.121148],[25.788959,45.121133],[25.78896,45.121118],[25.788963,45.121103],[25.788968,45.12109],[25.788976,45.121078],[25.788985,45.121067],[25.788996,45.121056],[25.789007,45.121046],[25.789019,45.121037],[25.789031,45.121027],[25.789067,45.121],[25.789088,45.120982],[25.789098,45.120973],[25.789105,45.120964],[25.789111,45.120954],[25.789115,45.120945],[25.789121,45.120936],[25.789128,45.120927],[25.789136,45.120917],[25.789163,45.120886],[25.789174,45.120876],[25.789185,45.120866],[25.789219,45.120836],[25.789241,45.120816],[25.789261,45.120794],[25.789283,45.120773],[25.789294,45.120763],[25.789307,45.120754],[25.78932,45.120745],[25.789345,45.120727],[25.789356,45.120717],[25.789367,45.120706],[25.789376,45.120695],[25.789394,45.120672],[25.789401,45.12066],[25.789407,45.120648],[25.789413,45.120636],[25.789416,45.120623],[25.789418,45.120609],[25.789418,45.120596],[25.789417,45.120583],[25.789417,45.12057],[25.789419,45.120557],[25.789424,45.120529],[25.789431,45.120483],[25.789433,45.120467],[25.78944,45.120437],[25.789443,45.120423],[25.789443,45.120407],[25.789443,45.120392],[25.789441,45.120377],[25.789437,45.120363],[25.789431,45.120349],[25.789415,45.120325],[25.789407,45.120312],[25.789401,45.120298],[25.789384,45.120256],[25.789379,45.120241],[25.789376,45.120225],[25.789373,45.120208],[25.789371,45.120191],[25.789366,45.120122],[25.789363,45.120088],[25.789361,45.120072],[25.789355,45.120043],[25.789354,45.120029],[25.789355,45.120015],[25.789358,45.120002],[25.789364,45.119989],[25.78937,45.119977],[25.789377,45.119965],[25.789386,45.119954],[25.789397,45.119944],[25.78941,45.119935],[25.789421,45.119925],[25.789431,45.119914],[25.789447,45.11989],[25.789456,45.119878],[25.789475,45.119855],[25.789486,45.119845],[25.789505,45.119822],[25.789513,45.11981],[25.789528,45.119784],[25.789536,45.119772],[25.789558,45.119734],[25.789565,45.119721],[25.789577,45.119694],[25.789584,45.119681],[25.789602,45.119641],[25.789608,45.119628],[25.789614,45.119615],[25.789624,45.119591],[25.789627,45.119579],[25.789629,45.119567],[25.78963,45.119555],[25.789631,45.119543],[25.789636,45.119532],[25.789642,45.119521],[25.789649,45.11951],[25.789658,45.119499],[25.789669,45.119489],[25.78968,45.11948],[25.78969,45.11947],[25.7897,45.119459],[25.789709,45.119447],[25.789725,45.119422],[25.789733,45.11941],[25.789749,45.119385],[25.789758,45.119373],[25.789774,45.119349],[25.789799,45.119314],[25.789808,45.119304],[25.789819,45.119295],[25.78983,45.119288],[25.789843,45.119284],[25.789856,45.119281],[25.789867,45.119278],[25.789878,45.119276],[25.789886,45.119271],[25.78989,45.119265],[25.789892,45.119257],[25.789893,45.119228],[25.789895,45.119219],[25.7899,45.11921],[25.789908,45.119203],[25.78992,45.119196],[25.789932,45.11919],[25.789946,45.119184],[25.78996,45.119178],[25.789974,45.119172],[25.789984,45.119165],[25.78999,45.119156],[25.789992,45.119146],[25.789992,45.119136],[25.789986,45.119104],[25.789986,45.119093],[25.789988,45.119084],[25.789994,45.119076],[25.790003,45.11907],[25.790015,45.119067],[25.790038,45.119063],[25.79005,45.119059],[25.790059,45.119054],[25.790063,45.119047],[25.790064,45.119039],[25.790062,45.119032],[25.790058,45.119023],[25.790054,45.119015],[25.790051,45.119007],[25.79005,45.119],[25.790054,45.118993],[25.790062,45.118987],[25.790073,45.118981],[25.790113,45.118962],[25.790126,45.118955],[25.790136,45.118947],[25.790143,45.118938],[25.790147,45.118927],[25.790148,45.118916],[25.790146,45.118895],[25.790146,45.118885],[25.790147,45.118876],[25.790152,45.118869],[25.790161,45.118862],[25.790173,45.118857],[25.790186,45.118852],[25.790198,45.118846],[25.790208,45.11884],[25.790215,45.118832],[25.790217,45.118824],[25.790217,45.118806],[25.790218,45.118798],[25.790221,45.11879],[25.790228,45.118782],[25.790237,45.118774],[25.790249,45.118767],[25.790262,45.11876],[25.790274,45.118752],[25.790284,45.118743],[25.790293,45.118733],[25.790298,45.118722],[25.790302,45.118711],[25.790303,45.118699],[25.790303,45.118689],[25.790304,45.118678],[25.790307,45.118668],[25.790313,45.118661],[25.79032,45.118655],[25.790329,45.118652],[25.79034,45.118649],[25.79035,45.118645],[25.790358,45.118641],[25.790363,45.118634],[25.790365,45.118627],[25.790368,45.118611],[25.790371,45.118604],[25.790378,45.118598],[25.790389,45.118593],[25.790404,45.118589],[25.790438,45.118582],[25.790455,45.118579],[25.79047,45.118574],[25.790482,45.118568],[25.79049,45.118561],[25.790495,45.118552],[25.790504,45.11853],[25.790509,45.118518],[25.790517,45.118508],[25.790526,45.118498],[25.790537,45.118489],[25.790556,45.118472],[25.790564,45.118463],[25.790568,45.118453],[25.790568,45.118442],[25.790566,45.118432],[25.790562,45.118421],[25.790557,45.118411],[25.790552,45.118401],[25.790548,45.118391],[25.790546,45.118382],[25.790547,45.118374],[25.790553,45.118366],[25.790561,45.118358],[25.790572,45.118351],[25.790585,45.118344],[25.790597,45.118336],[25.790607,45.118328],[25.790615,45.118319],[25.790621,45.118309],[25.790624,45.118298],[25.790626,45.118287],[25.790629,45.118276],[25.790634,45.118265],[25.790641,45.118255],[25.790652,45.118247],[25.790676,45.118233],[25.790686,45.118225],[25.790693,45.118216],[25.790698,45.118206],[25.790702,45.118197],[25.790707,45.118187],[25.790714,45.118177],[25.790724,45.118169],[25.790737,45.118162],[25.790753,45.118156],[25.79077,45.118151],[25.790807,45.118141],[25.790825,45.118136],[25.790841,45.118129],[25.790856,45.118122],[25.790885,45.118106],[25.790899,45.118099],[25.790928,45.118085],[25.790942,45.118079],[25.790957,45.118075],[25.790973,45.118072],[25.790989,45.118072],[25.791005,45.118074],[25.791052,45.118079],[25.791067,45.118079],[25.79108,45.118077],[25.791089,45.118073],[25.791095,45.118066],[25.791096,45.118057],[25.791094,45.118048],[25.791091,45.118038],[25.791086,45.118027],[25.791082,45.118017],[25.791078,45.118007],[25.791076,45.117997],[25.791077,45.117989],[25.791083,45.117982],[25.791093,45.117978],[25.791108,45.117974],[25.791125,45.117972],[25.791144,45.117971],[25.791163,45.117971],[25.791199,45.117972],[25.791217,45.11797],[25.791233,45.117967],[25.791247,45.117961],[25.791257,45.117952],[25.791266,45.117941],[25.79128,45.117917],[25.791288,45.117905],[25.791297,45.117894],[25.791308,45.117885],[25.791332,45.117869],[25.79134,45.117861],[25.791344,45.117852],[25.791345,45.117842],[25.791341,45.117833],[25.791337,45.117823],[25.791331,45.117813],[25.791326,45.117803],[25.791322,45.117793],[25.791319,45.117784],[25.791319,45.117777],[25.791324,45.117771],[25.791332,45.117768],[25.791344,45.117767],[25.791376,45.117767],[25.791442,45.11777],[25.791454,45.117769],[25.791463,45.117765],[25.791468,45.117759],[25.791469,45.117751],[25.791469,45.117741],[25.791467,45.11773],[25.791464,45.117709],[25.791465,45.117698],[25.791469,45.117688],[25.791476,45.11768],[25.791487,45.117674],[25.791502,45.117671],[25.791517,45.117669],[25.791551,45.117668],[25.79157,45.117667],[25.791588,45.117664],[25.791605,45.117659],[25.79162,45.117653],[25.791634,45.117645],[25.791646,45.117636],[25.791693,45.117596],[25.791706,45.117587],[25.791719,45.117578],[25.791734,45.117571],[25.79175,45.117565],[25.791764,45.117559],[25.791776,45.117553],[25.791786,45.117546],[25.791793,45.11754],[25.791794,45.117533],[25.791789,45.117526],[25.791781,45.117519],[25.79177,45.117513],[25.791742,45.1175],[25.791709,45.117488],[25.791676,45.117475],[25.791659,45.117468],[25.791643,45.117461],[25.791628,45.117453],[25.791599,45.117437],[25.791545,45.117406],[25.791534,45.117398],[25.791526,45.11739],[25.791521,45.117382],[25.791521,45.117374],[25.791525,45.117366],[25.791533,45.117359],[25.791544,45.117351],[25.791557,45.117344],[25.791573,45.117339],[25.791609,45.117328],[25.791626,45.117322],[25.791642,45.117315],[25.791657,45.117308],[25.791686,45.117292],[25.791713,45.117275],[25.791761,45.117243],[25.791771,45.117235],[25.791778,45.117227],[25.79179,45.117209],[25.791806,45.117191],[25.791835,45.117161],[25.791854,45.117139],[25.791884,45.117107],[25.791902,45.117084],[25.791913,45.117074],[25.791925,45.117066],[25.791938,45.117058],[25.79195,45.11705],[25.791963,45.117044],[25.791976,45.117039],[25.791989,45.117035],[25.792002,45.117031],[25.792015,45.117027],[25.792028,45.117022],[25.792042,45.117016],[25.792083,45.116995],[25.792112,45.11698],[25.792126,45.116972],[25.792139,45.116963],[25.792164,45.116945],[25.792176,45.116936],[25.792187,45.116926],[25.792209,45.116905],[25.79222,45.116895],[25.792232,45.116885],[25.792256,45.116866],[25.792282,45.116849],[25.792296,45.11684],[25.79231,45.116832],[25.792339,45.116816],[25.792352,45.116808],[25.792366,45.1168],[25.792391,45.116781],[25.792415,45.116762],[25.792436,45.116741],[25.792447,45.116731],[25.792458,45.116721],[25.792493,45.116692],[25.792516,45.116672],[25.792537,45.11665],[25.792569,45.11662],[25.79259,45.116599],[25.792599,45.116587],[25.792614,45.116565],[25.792621,45.116553],[25.792626,45.116542],[25.792631,45.11653],[25.792633,45.116519],[25.792634,45.116495],[25.792636,45.116481],[25.79264,45.116468],[25.792654,45.116428],[25.792659,45.116415],[25.792665,45.116402],[25.792677,45.116374],[25.792683,45.116361],[25.792689,45.116347],[25.792695,45.116333],[25.792711,45.116291],[25.792716,45.116276],[25.792719,45.116261],[25.792728,45.116213],[25.792732,45.116198],[25.792736,45.116183],[25.792739,45.116167],[25.792741,45.116151],[25.792743,45.116134],[25.792747,45.116084],[25.792749,45.116067],[25.792752,45.116051],[25.792756,45.116036],[25.792762,45.116022],[25.79277,45.11601],[25.792778,45.115998],[25.792786,45.115985],[25.7928,45.115958],[25.792808,45.115946],[25.792818,45.115935],[25.792831,45.115926],[25.792846,45.115919],[25.792861,45.115912],[25.792875,45.115905],[25.792888,45.115897],[25.792899,45.115889],[25.79291,45.115883],[25.792919,45.115877],[25.792929,45.115874],[25.792939,45.115874],[25.792948,45.115877],[25.792967,45.115889],[25.792977,45.115896],[25.792995,45.115906],[25.793003,45.115909],[25.793011,45.115908],[25.793018,45.115903],[25.793024,45.115894],[25.793036,45.115873],[25.793041,45.11586],[25.793052,45.115833],[25.793058,45.115819],[25.793066,45.115807],[25.793077,45.115797],[25.793091,45.115789],[25.793109,45.115783],[25.793128,45.115779],[25.793166,45.115772],[25.793183,45.115768],[25.793198,45.115764],[25.793209,45.115759],[25.793214,45.115752],[25.793215,45.115744],[25.793213,45.115735],[25.79321,45.115725],[25.793206,45.115716],[25.793202,45.115707],[25.7932,45.115698],[25.793202,45.11569],[25.793208,45.115682],[25.79322,45.115676],[25.793236,45.115672],[25.793255,45.115669],[25.793275,45.115666],[25.793319,45.115662],[25.793341,45.11566],[25.793362,45.115656],[25.793422,45.115644],[25.793441,45.11564],[25.793478,45.115629],[25.793495,45.115623],[25.793511,45.115616],[25.793525,45.115608],[25.793538,45.115599],[25.793548,45.115588],[25.793557,45.115576],[25.793566,45.115564],[25.793573,45.115551],[25.793585,45.115523],[25.793592,45.11551],[25.7936,45.115498],[25.793611,45.115487],[25.793623,45.115478],[25.793637,45.11547],[25.793666,45.115457],[25.793678,45.11545],[25.793689,45.115443],[25.793696,45.115435],[25.793698,45.115427],[25.793696,45.115419],[25.793689,45.115411],[25.793668,45.115396],[25.793644,45.115382],[25.793632,45.115375],[25.793621,45.115368],[25.793613,45.11536],[25.793609,45.115353],[25.793609,45.115345],[25.793615,45.115338],[25.793623,45.115331],[25.793636,45.115325],[25.793666,45.115314],[25.79368,45.115307],[25.793695,45.115301],[25.793709,45.115294],[25.79372,45.115286],[25.793726,45.115276],[25.793729,45.115265],[25.793729,45.115253],[25.793726,45.115242],[25.793721,45.11523],[25.793716,45.115219],[25.793711,45.115209],[25.793707,45.115199],[25.793704,45.11519],[25.793704,45.115183],[25.793707,45.115178],[25.793715,45.115175],[25.793726,45.115174],[25.793776,45.115172],[25.793794,45.115171],[25.793811,45.115169],[25.793825,45.115166],[25.793835,45.115161],[25.79384,45.115155],[25.79384,45.115147],[25.793836,45.115139],[25.793819,45.115109],[25.793812,45.1151],[25.793808,45.11509],[25.793804,45.115082],[25.793803,45.115075],[25.793807,45.11507],[25.793814,45.115067],[25.793825,45.115067],[25.793857,45.115069],[25.793876,45.11507],[25.793895,45.115071],[25.79393,45.115074],[25.793946,45.115074],[25.793959,45.115072],[25.79397,45.115068],[25.793975,45.115062],[25.793977,45.115053],[25.793976,45.115043],[25.793974,45.115031],[25.79397,45.115018],[25.79396,45.114992],[25.79395,45.114962],[25.793944,45.114948],[25.793937,45.114934],[25.793924,45.114906],[25.793917,45.114892],[25.793909,45.11488],[25.793898,45.114869],[25.793885,45.11486],[25.793869,45.114853],[25.793838,45.114841],[25.793806,45.114832],[25.793794,45.114827],[25.793784,45.114822],[25.793781,45.114815],[25.793782,45.114808],[25.793785,45.1148],[25.793804,45.114775],[25.793809,45.114767],[25.793812,45.114759],[25.793811,45.114751],[25.793805,45.114744],[25.793797,45.114737],[25.793786,45.114731],[25.793774,45.114726],[25.793764,45.114721],[25.793756,45.114715],[25.793753,45.114708],[25.793754,45.1147],[25.793757,45.114691],[25.793774,45.114661],[25.79378,45.114651],[25.793785,45.114641],[25.793789,45.114632],[25.793788,45.114622],[25.793785,45.114612],[25.793779,45.114602],[25.793773,45.114592],[25.793756,45.114564],[25.793752,45.114555],[25.793752,45.114548],[25.793757,45.114541],[25.793767,45.114536],[25.79378,45.114532],[25.793814,45.114526],[25.793831,45.114522],[25.793845,45.114517],[25.793857,45.114511],[25.793864,45.114503],[25.793866,45.114494],[25.793865,45.114484],[25.793861,45.114473],[25.793857,45.114462],[25.793851,45.11445],[25.793846,45.114439],[25.793842,45.114427],[25.793839,45.114416],[25.793838,45.114404],[25.793841,45.114393],[25.793846,45.114382],[25.793854,45.114372],[25.793882,45.11434],[25.79389,45.114329],[25.793898,45.114316],[25.793904,45.114303],[25.793908,45.114288],[25.79391,45.114272],[25.793911,45.114256],[25.793911,45.114239],[25.79391,45.114223],[25.793908,45.114207],[25.793905,45.114191],[25.7939,45.114177],[25.793887,45.114152],[25.793881,45.11414],[25.793875,45.114129],[25.79387,45.11412],[25.793868,45.114111],[25.79387,45.114102],[25.793875,45.114094],[25.793884,45.114087],[25.793895,45.114081],[25.793907,45.114076],[25.793918,45.11407],[25.793926,45.114063],[25.79393,45.114056],[25.793929,45.114047],[25.793927,45.114037],[25.793922,45.114027],[25.793904,45.113995],[25.793898,45.113985],[25.793893,45.113976],[25.793891,45.113966],[25.793892,45.113957],[25.793897,45.113949],[25.793906,45.11394],[25.793917,45.113933],[25.793929,45.113925],[25.793954,45.113908],[25.793977,45.113891],[25.793987,45.113883],[25.793995,45.113874],[25.794001,45.113866],[25.794003,45.113858],[25.794001,45.113851],[25.793994,45.113844],[25.793984,45.113837],[25.793971,45.113831],[25.793915,45.113808],[25.793903,45.113802],[25.793895,45.113796],[25.793891,45.113788],[25.793893,45.113781],[25.7939,45.113774],[25.793909,45.113767],[25.793921,45.11376],[25.793946,45.113746],[25.793958,45.113739],[25.793969,45.113732],[25.793976,45.113724],[25.79398,45.113715],[25.793978,45.113706],[25.793973,45.113698],[25.793965,45.113689],[25.793954,45.113682],[25.793942,45.113674],[25.793931,45.113665],[25.793921,45.113656],[25.793912,45.113646],[25.793905,45.113636],[25.793901,45.113625],[25.7939,45.113613],[25.793903,45.113601],[25.793906,45.113589],[25.793911,45.113576],[25.793917,45.113563],[25.793924,45.113551],[25.793933,45.113539],[25.793942,45.113528],[25.793952,45.113517],[25.793963,45.113507],[25.793986,45.113488],[25.793997,45.113479],[25.794017,45.113462],[25.794025,45.113454],[25.794029,45.113444],[25.79403,45.113434],[25.794029,45.113401],[25.794029,45.113391],[25.794032,45.113381],[25.794038,45.113372],[25.794049,45.113365],[25.794062,45.113358],[25.794075,45.113352],[25.794089,45.113346],[25.794099,45.113338],[25.794106,45.113329],[25.79411,45.113318],[25.79411,45.113307],[25.794105,45.113274],[25.794104,45.113264],[25.794106,45.113254],[25.794111,45.113244],[25.794119,45.113235],[25.794128,45.113226],[25.794138,45.113216],[25.794161,45.113198],[25.794224,45.113152],[25.794237,45.113143],[25.794249,45.113133],[25.79426,45.113123],[25.794271,45.113113],[25.794281,45.113102],[25.7943,45.113079],[25.794308,45.113068],[25.794314,45.113056],[25.794319,45.113043],[25.79432,45.113029],[25.794319,45.113015],[25.794316,45.113001],[25.794311,45.112988],[25.794305,45.112975],[25.794298,45.112962],[25.79429,45.11295],[25.79428,45.112939],[25.79427,45.112928],[25.79426,45.112918],[25.794241,45.112899],[25.794234,45.112889],[25.794229,45.11288],[25.794227,45.11287],[25.79423,45.112861],[25.794236,45.112854],[25.794258,45.112833],[25.794263,45.112826],[25.794263,45.11282],[25.794259,45.112814],[25.794239,45.112795],[25.794234,45.112788],[25.794232,45.112781],[25.794235,45.112773],[25.79424,45.112765],[25.79426,45.112739],[25.794265,45.112731],[25.794268,45.112722],[25.794267,45.112714],[25.794263,45.112706],[25.794257,45.112698],[25.794251,45.112689],[25.794246,45.11268],[25.794244,45.11267],[25.794244,45.112659],[25.794247,45.112649],[25.794255,45.112627],[25.794257,45.112616],[25.794258,45.112604],[25.794259,45.112593],[25.79426,45.112581],[25.794264,45.112569],[25.794269,45.112557],[25.794275,45.112545],[25.794283,45.112533],[25.794299,45.11251],[25.794309,45.112499],[25.794319,45.112488],[25.79433,45.112478],[25.794341,45.112468],[25.794352,45.112457],[25.794361,45.112445],[25.794368,45.112432],[25.794382,45.112406],[25.79439,45.112393],[25.7944,45.112382],[25.794411,45.112372],[25.794423,45.112362],[25.794436,45.112353],[25.794462,45.112337],[25.794474,45.112328],[25.794484,45.112319],[25.794493,45.112309],[25.794499,45.112299],[25.794502,45.112289],[25.794502,45.112278],[25.794499,45.112267],[25.794495,45.112256],[25.79449,45.112246],[25.794485,45.112236],[25.794481,45.112227],[25.794478,45.112218],[25.79448,45.11221],[25.794485,45.112203],[25.794492,45.112196],[25.7945,45.112188],[25.794505,45.112179],[25.794508,45.11217],[25.79451,45.112161],[25.794513,45.112151],[25.794519,45.112143],[25.794526,45.112135],[25.794534,45.112128],[25.794539,45.11212],[25.794541,45.112111],[25.79454,45.112102],[25.794537,45.112092],[25.794533,45.112081],[25.79453,45.112068],[25.794528,45.112054],[25.794527,45.112039],[25.794527,45.112023],[25.794528,45.112008],[25.794531,45.111993],[25.794534,45.111978],[25.794538,45.111963],[25.794546,45.111915],[25.794549,45.111899],[25.794553,45.111884],[25.794557,45.111869],[25.794561,45.111854],[25.794573,45.11179],[25.794576,45.111775],[25.794581,45.11176],[25.794584,45.111745],[25.794587,45.111729],[25.794594,45.111679],[25.794596,45.111663],[25.7946,45.111648],[25.794604,45.111633],[25.794608,45.111618],[25.794614,45.111587],[25.794618,45.111572],[25.794622,45.111558],[25.794628,45.111546],[25.794636,45.111535],[25.794645,45.111526],[25.794655,45.111518],[25.794666,45.111514],[25.794679,45.111511],[25.794693,45.111509],[25.794708,45.111506],[25.794723,45.111502],[25.794735,45.111497],[25.794743,45.11149],[25.79475,45.111482],[25.794755,45.111474],[25.794761,45.111465],[25.794771,45.111458],[25.794784,45.111452],[25.794799,45.111446],[25.794835,45.111437],[25.794852,45.111432],[25.794868,45.111425],[25.794884,45.111419],[25.794931,45.111398],[25.794959,45.111382],[25.795026,45.111339],[25.795041,45.111331],[25.795055,45.111323],[25.795071,45.111316],[25.795087,45.11131],[25.795106,45.111305],[25.795125,45.111301],[25.795166,45.111293],[25.795185,45.111288],[25.795202,45.111283],[25.795217,45.111275],[25.795228,45.111264],[25.795235,45.111252],[25.795241,45.111238],[25.795252,45.11121],[25.795258,45.111196],[25.795265,45.111183],[25.795276,45.111173],[25.795291,45.111165],[25.795308,45.111159],[25.795327,45.111155],[25.795367,45.111147],[25.795385,45.111143],[25.795402,45.111138],[25.795416,45.11113],[25.795425,45.111121],[25.795431,45.111109],[25.795434,45.111097],[25.795435,45.111085],[25.795435,45.111073],[25.795436,45.11106],[25.795439,45.111048],[25.795445,45.111037],[25.795454,45.111027],[25.795464,45.111018],[25.795477,45.11101],[25.795492,45.111002],[25.795507,45.110995],[25.795539,45.110982],[25.79557,45.110968],[25.795586,45.110961],[25.7956,45.110953],[25.795611,45.110943],[25.79562,45.110931],[25.795629,45.110919],[25.795637,45.110907],[25.795659,45.110869],[25.795676,45.110845],[25.795685,45.110833],[25.795695,45.110823],[25.795706,45.110812],[25.79573,45.110793],[25.795755,45.110775],[25.795781,45.110757],[25.795809,45.110741],[25.795839,45.110726],[25.795866,45.110709],[25.795891,45.11069],[25.795903,45.11068],[25.795914,45.11067],[25.795923,45.110659],[25.795931,45.110648],[25.795936,45.110635],[25.79594,45.110621],[25.795942,45.110608],[25.795942,45.110595],[25.795942,45.110573],[25.795944,45.110564],[25.795949,45.110558],[25.795958,45.110554],[25.795968,45.110553],[25.795981,45.110553],[25.795995,45.110554],[25.796021,45.110555],[25.796032,45.110554],[25.79604,45.110551],[25.796045,45.110546],[25.796046,45.110539],[25.796046,45.110522],[25.796046,45.110513],[25.79605,45.110504],[25.796057,45.110497],[25.796069,45.11049],[25.796085,45.110485],[25.79614,45.110473],[25.796158,45.110467],[25.796175,45.110461],[25.79619,45.110454],[25.796221,45.110439],[25.796235,45.110431],[25.796266,45.110417],[25.796282,45.11041],[25.796298,45.110404],[25.796313,45.110398],[25.796325,45.110391],[25.796337,45.110384],[25.796345,45.110376],[25.79635,45.110367],[25.796351,45.110358],[25.796351,45.110347],[25.79635,45.110325],[25.79635,45.110315],[25.796353,45.110306],[25.79636,45.110298],[25.796371,45.110293],[25.796386,45.11029],[25.796402,45.110288],[25.796418,45.110288],[25.796435,45.110289],[25.796451,45.110289],[25.796467,45.110287],[25.796481,45.110285],[25.796491,45.11028],[25.796497,45.110273],[25.796499,45.110265],[25.7965,45.110255],[25.7965,45.110234],[25.796501,45.110224],[25.796504,45.110215],[25.796512,45.110206],[25.796524,45.1102],[25.796539,45.110195],[25.796557,45.11019],[25.796594,45.110182],[25.796612,45.110176],[25.796628,45.110169],[25.79664,45.110161],[25.796651,45.11015],[25.796661,45.11014],[25.796672,45.11013],[25.796684,45.110121],[25.79672,45.110098],[25.796731,45.110091],[25.796739,45.110083],[25.796745,45.110075],[25.796753,45.110068],[25.796774,45.110052],[25.796796,45.110035],[25.796817,45.110015],[25.79684,45.109996],[25.79685,45.109985],[25.79686,45.109974],[25.796869,45.109963],[25.796892,45.109942],[25.796903,45.109932],[25.796915,45.109922],[25.796924,45.109911],[25.796949,45.109874],[25.796956,45.109861],[25.79697,45.109835],[25.796975,45.109822],[25.79698,45.109808],[25.796986,45.10978],[25.796988,45.109768],[25.796988,45.109755],[25.796985,45.109743],[25.79698,45.109731],[25.796966,45.109707],[25.79696,45.109694],[25.796949,45.109666],[25.796943,45.109653],[25.796937,45.10964],[25.796932,45.109628],[25.796928,45.109615],[25.796925,45.109603],[25.796922,45.109593],[25.796923,45.109583],[25.796926,45.109574],[25.79693,45.109565],[25.796932,45.109555],[25.796933,45.109545],[25.796935,45.109534],[25.796939,45.109523],[25.796954,45.109486],[25.79696,45.109473],[25.796968,45.10946],[25.796981,45.109435],[25.796988,45.109423],[25.796996,45.109412],[25.797003,45.109401],[25.797008,45.109389],[25.797009,45.109376],[25.797009,45.109363],[25.797006,45.109352],[25.796996,45.10933],[25.796993,45.109318],[25.796992,45.109305],[25.796994,45.109278],[25.796995,45.109247],[25.796994,45.109213],[25.796993,45.109196],[25.79699,45.109163],[25.796988,45.109147],[25.796982,45.109117],[25.79698,45.109103],[25.79698,45.109088],[25.796982,45.109074],[25.796986,45.10906],[25.796992,45.109048],[25.796999,45.109035],[25.797006,45.109023],[25.797013,45.10901],[25.797026,45.108983],[25.797033,45.10897],[25.797046,45.108943],[25.797053,45.10893],[25.797061,45.108918],[25.797071,45.108908],[25.797101,45.10888],[25.797111,45.108873],[25.797123,45.108869],[25.797135,45.108867],[25.797156,45.108867],[25.797164,45.108867],[25.79717,45.108864],[25.797173,45.108858],[25.797172,45.108851],[25.797169,45.108842],[25.797164,45.108833],[25.797159,45.108823],[25.797154,45.108814],[25.797149,45.108804],[25.797146,45.108795],[25.797148,45.108786],[25.797153,45.108778],[25.797164,45.108771],[25.797177,45.108765],[25.797208,45.108754],[25.797239,45.108741],[25.797253,45.108735],[25.797264,45.108726],[25.797271,45.108716],[25.797275,45.108705],[25.797275,45.108693],[25.797267,45.108646],[25.797266,45.108636],[25.797268,45.108627],[25.797274,45.10862],[25.797283,45.108615],[25.797295,45.108612],[25.797322,45.108609],[25.797337,45.108606],[25.79735,45.108602],[25.797361,45.108597],[25.797368,45.108588],[25.79737,45.108579],[25.79737,45.108569],[25.797367,45.108525],[25.797368,45.108518],[25.797371,45.108513],[25.797379,45.108511],[25.797388,45.108512],[25.797401,45.108514],[25.797415,45.108517],[25.79743,45.108521],[25.797445,45.108524],[25.797461,45.108527],[25.797476,45.10853],[25.797491,45.10853],[25.797505,45.108528],[25.797516,45.108523],[25.797524,45.108515],[25.797528,45.108504],[25.797529,45.108493],[25.797529,45.108468],[25.79753,45.108454],[25.797532,45.10844],[25.797537,45.108427],[25.797544,45.108415],[25.797554,45.108404],[25.797566,45.108395],[25.79758,45.108387],[25.79761,45.108374],[25.797638,45.10836],[25.79765,45.108353],[25.797658,45.108345],[25.797664,45.108337],[25.797664,45.108329],[25.797661,45.10832],[25.797655,45.108312],[25.797646,45.108303],[25.797619,45.108278],[25.797612,45.10827],[25.797607,45.108262],[25.797606,45.108256],[25.79761,45.10825],[25.79762,45.108246],[25.797634,45.108243],[25.797651,45.108241],[25.797669,45.10824],[25.797721,45.108238],[25.797733,45.108236],[25.797742,45.108233],[25.797747,45.108226],[25.797749,45.108218],[25.797747,45.108209],[25.797745,45.108198],[25.797739,45.108176],[25.797737,45.108163],[25.797738,45.108151],[25.797741,45.108138],[25.797747,45.108126],[25.79776,45.108103],[25.797765,45.108091],[25.79777,45.108078],[25.797774,45.108066],[25.797776,45.108054],[25.797775,45.108041],[25.797771,45.108029],[25.797765,45.108018],[25.797757,45.108007],[25.79774,45.107987],[25.797733,45.107977],[25.797728,45.107967],[25.797725,45.107958],[25.797725,45.10795],[25.797729,45.107943],[25.797739,45.107937],[25.797753,45.107932],[25.797784,45.107924],[25.797799,45.10792],[25.797811,45.107914],[25.797822,45.107909],[25.797829,45.107903],[25.797831,45.107896],[25.797829,45.107889],[25.797823,45.107882],[25.797808,45.107868],[25.797801,45.10786],[25.797796,45.107853],[25.797796,45.107844],[25.797798,45.107836],[25.797803,45.107828],[25.797816,45.107812],[25.797821,45.107803],[25.797824,45.107794],[25.797828,45.107784],[25.797835,45.107775],[25.797843,45.107765],[25.797853,45.107756],[25.79787,45.107737],[25.79788,45.107729],[25.797892,45.107723],[25.797904,45.107719],[25.797915,45.107716],[25.797926,45.107712],[25.797944,45.107702],[25.797953,45.107698],[25.797964,45.107698],[25.797975,45.1077],[25.797987,45.107705],[25.797999,45.107711],[25.798011,45.107718],[25.798049,45.107742],[25.798063,45.107749],[25.798076,45.107756],[25.79809,45.107761],[25.798103,45.107765],[25.798118,45.107766],[25.798133,45.107765],[25.798149,45.107763],[25.798165,45.107759],[25.798215,45.107746],[25.79823,45.107741],[25.798244,45.107735],[25.798254,45.107728],[25.79827,45.107713],[25.798279,45.107707],[25.798293,45.107701],[25.798309,45.107697],[25.798345,45.107689],[25.798363,45.107684],[25.79838,45.107678],[25.798394,45.107671],[25.798407,45.107662],[25.798419,45.107652],[25.798439,45.107631],[25.798458,45.107608],[25.798479,45.107587],[25.79849,45.107577],[25.798503,45.107568],[25.798531,45.107552],[25.79856,45.107536],[25.798608,45.107516],[25.798641,45.107503],[25.798672,45.107488],[25.798687,45.107481],[25.7987,45.107472],[25.798713,45.107463],[25.798724,45.107453],[25.798735,45.107443],[25.798758,45.107423],[25.798781,45.107403],[25.798793,45.107393],[25.798808,45.107385],[25.798823,45.107378],[25.798841,45.107373],[25.798861,45.107369],[25.798881,45.107366],[25.798922,45.107361],[25.798939,45.107358],[25.798954,45.107354],[25.798965,45.107349],[25.79897,45.107342],[25.79897,45.107334],[25.798968,45.107325],[25.798963,45.107316],[25.798944,45.10729],[25.79894,45.107282],[25.798939,45.107275],[25.798943,45.107269],[25.798952,45.107264],[25.798966,45.10726],[25.79902,45.10725],[25.799038,45.107245],[25.799055,45.107239],[25.799069,45.107231],[25.799081,45.107221],[25.799091,45.10721],[25.799098,45.107198],[25.799113,45.107173],[25.79913,45.10715],[25.799139,45.10714],[25.79915,45.107132],[25.799163,45.107127],[25.799179,45.107125],[25.799195,45.107124],[25.799235,45.107124],[25.799256,45.107123],[25.799277,45.107122],[25.799298,45.10712],[25.799318,45.107117],[25.799336,45.107112],[25.799352,45.107105],[25.799366,45.107097],[25.799378,45.107088],[25.799436,45.107039],[25.799448,45.107029],[25.799461,45.107022],[25.799476,45.107016],[25.799493,45.107012],[25.799511,45.107009],[25.799531,45.107009],[25.799549,45.10701],[25.799586,45.107014],[25.799604,45.107016],[25.799621,45.107017],[25.799636,45.107017],[25.79965,45.107014],[25.799662,45.107009],[25.79967,45.107],[25.799677,45.106989],[25.799682,45.106976],[25.799691,45.106948],[25.799696,45.106935],[25.799704,45.106923],[25.799714,45.106913],[25.799727,45.106907],[25.799743,45.106903],[25.799761,45.106901],[25.799778,45.106902],[25.799831,45.106907],[25.799847,45.106909],[25.799862,45.106909],[25.799874,45.106908],[25.799884,45.106904],[25.799889,45.106897],[25.799891,45.106889],[25.79989,45.106879],[25.799887,45.106867],[25.799884,45.106855],[25.799877,45.106829],[25.799876,45.106816],[25.799876,45.106802],[25.799879,45.106789],[25.799885,45.106777],[25.799891,45.106765],[25.799899,45.106754],[25.799909,45.106743],[25.79992,45.106733],[25.799933,45.106724],[25.799948,45.106718],[25.799965,45.106712],[25.799999,45.106704],[25.800013,45.106699],[25.800023,45.106693],[25.800029,45.106686],[25.80003,45.106677],[25.800028,45.106668],[25.800025,45.106659],[25.800021,45.106649],[25.800018,45.10664],[25.800016,45.106632],[25.800016,45.106625],[25.800019,45.10662],[25.800027,45.106617],[25.800037,45.106616],[25.800068,45.106614],[25.800084,45.106612],[25.800101,45.10661],[25.800115,45.106606],[25.800126,45.106601],[25.800132,45.106593],[25.800133,45.106585],[25.80013,45.106576],[25.800124,45.106566],[25.800097,45.106526],[25.800092,45.106516],[25.800089,45.106507],[25.80009,45.106498],[25.800096,45.10649],[25.800107,45.106484],[25.800122,45.106479],[25.800158,45.106471],[25.800176,45.106466],[25.800193,45.106461],[25.800208,45.106453],[25.800219,45.106443],[25.800227,45.106431],[25.800235,45.106418],[25.800247,45.10639],[25.800254,45.106377],[25.800267,45.10635],[25.800274,45.106337],[25.800296,45.106299],[25.800303,45.106287],[25.80031,45.106276],[25.800316,45.106264],[25.800319,45.106252],[25.80032,45.106239],[25.800319,45.106227],[25.800315,45.106204],[25.800314,45.106194],[25.800314,45.106185],[25.800318,45.106176],[25.800325,45.106169],[25.800347,45.106157],[25.800356,45.10615],[25.800363,45.106143],[25.800368,45.106134],[25.800371,45.106127],[25.800376,45.10612],[25.800383,45.106114],[25.800393,45.106111],[25.800405,45.10611],[25.800452,45.106109],[25.800466,45.106108],[25.800479,45.106106],[25.80049,45.106101],[25.800498,45.106092],[25.800504,45.106082],[25.80051,45.106069],[25.800519,45.106044],[25.800525,45.106033],[25.800532,45.106023],[25.80054,45.106016],[25.800548,45.10601],[25.800557,45.106009],[25.800566,45.106012],[25.800576,45.106017],[25.800585,45.106024],[25.800614,45.106049],[25.800623,45.106057],[25.800634,45.106063],[25.800645,45.106066],[25.800656,45.106067],[25.800667,45.106064],[25.800677,45.10606],[25.800697,45.106047],[25.800707,45.106042],[25.80072,45.10604],[25.800733,45.106041],[25.800746,45.106044],[25.800759,45.106049],[25.800772,45.106055],[25.800785,45.106062],[25.800797,45.106068],[25.800821,45.10608],[25.800831,45.106083],[25.80084,45.106085],[25.800847,45.106082],[25.800851,45.106076],[25.800852,45.106067],[25.800851,45.106057],[25.800846,45.106032],[25.800841,45.106004],[25.800837,45.105977],[25.800836,45.105964],[25.800838,45.105953],[25.800843,45.105942],[25.800853,45.105934],[25.800865,45.105926],[25.800878,45.105918],[25.800893,45.105911],[25.800924,45.105898],[25.800955,45.105886],[25.800969,45.105879],[25.800979,45.105872],[25.800986,45.105863],[25.800989,45.105854],[25.800989,45.105843],[25.800987,45.105832],[25.800984,45.10582],[25.80098,45.105809],[25.800976,45.105798],[25.800973,45.105787],[25.800971,45.105778],[25.800972,45.10577],[25.800976,45.105763],[25.800986,45.105759],[25.800999,45.105756],[25.801014,45.105754],[25.80103,45.105754],[25.801045,45.105754],[25.801059,45.105753],[25.801073,45.10575],[25.801084,45.105745],[25.801092,45.105737],[25.801096,45.105728],[25.8011,45.105706],[25.801103,45.105694],[25.801108,45.105682],[25.801115,45.105671],[25.801125,45.105661],[25.801137,45.105653],[25.801151,45.105645],[25.801182,45.105633],[25.801195,45.105626],[25.801205,45.105618],[25.801213,45.105609],[25.801216,45.1056],[25.801215,45.10559],[25.801212,45.10558],[25.801206,45.10557],[25.801199,45.105561],[25.801193,45.105551],[25.801189,45.10554],[25.801187,45.10553],[25.801188,45.105519],[25.801193,45.105508],[25.801199,45.105497],[25.801215,45.105476],[25.801224,45.105465],[25.801245,45.105444],[25.801267,45.105424],[25.801279,45.105414],[25.801305,45.105397],[25.801331,45.105378],[25.801342,45.105368],[25.801354,45.105358],[25.801364,45.105347],[25.801373,45.105336],[25.801381,45.105323],[25.801387,45.105309],[25.801398,45.105281],[25.801404,45.105268],[25.801413,45.105256],[25.801424,45.105245],[25.801449,45.105227],[25.801474,45.10521],[25.801487,45.105202],[25.801498,45.105193],[25.801508,45.105184],[25.801514,45.105175],[25.801518,45.105164],[25.801518,45.105154],[25.801515,45.105143],[25.801511,45.105133],[25.801507,45.105122],[25.801502,45.105113],[25.801499,45.105104],[25.801498,45.105096],[25.801501,45.105088],[25.801509,45.105081],[25.801521,45.105076],[25.801561,45.105056],[25.801574,45.105049],[25.801585,45.10504],[25.801593,45.10503],[25.801598,45.105018],[25.801601,45.105006],[25.801602,45.104995],[25.801602,45.104984],[25.801603,45.104973],[25.801606,45.104964],[25.801612,45.104956],[25.801621,45.104952],[25.801632,45.10495],[25.801672,45.104948],[25.801684,45.104946],[25.801695,45.104942],[25.801704,45.104935],[25.801712,45.104927],[25.801719,45.104918],[25.801727,45.104909],[25.801736,45.104903],[25.801748,45.104899],[25.801761,45.104898],[25.801773,45.1049],[25.801787,45.104902],[25.8018,45.104905],[25.801813,45.104908],[25.801826,45.104909],[25.801838,45.104908],[25.801847,45.104904],[25.801855,45.104896],[25.80186,45.104886],[25.801865,45.104873],[25.801873,45.104846],[25.801878,45.104832],[25.801885,45.104819],[25.801894,45.104808],[25.801904,45.104797],[25.801916,45.104787],[25.801929,45.104778],[25.801956,45.104761],[25.801969,45.104752],[25.801981,45.104743],[25.801992,45.104733],[25.802003,45.104722],[25.802012,45.10471],[25.80202,45.104698],[25.802027,45.104685],[25.802033,45.104672],[25.802038,45.104657],[25.802047,45.104628],[25.802053,45.104614],[25.80206,45.104601],[25.802069,45.104589],[25.802079,45.104579],[25.802091,45.104569],[25.802103,45.10456],[25.80213,45.104543],[25.802143,45.104534],[25.802155,45.104524],[25.802166,45.104514],[25.802175,45.104503],[25.802183,45.10449],[25.802189,45.104477],[25.802201,45.104449],[25.802207,45.104436],[25.802224,45.104394],[25.80223,45.10438],[25.802245,45.104337],[25.802251,45.104324],[25.802259,45.104311],[25.802267,45.104299],[25.802276,45.104287],[25.802286,45.104277],[25.8023,45.104268],[25.802315,45.104261],[25.802332,45.104255],[25.802351,45.10425],[25.802371,45.104246],[25.802412,45.104239],[25.802431,45.104234],[25.802449,45.104229],[25.802464,45.104221],[25.802475,45.104211],[25.802483,45.104198],[25.802489,45.104185],[25.802499,45.104156],[25.802505,45.104143],[25.802512,45.104131],[25.802522,45.104121],[25.802535,45.104114],[25.80255,45.104109],[25.802565,45.104106],[25.802593,45.104103],[25.802605,45.104101],[25.802614,45.104096],[25.802619,45.104089],[25.802621,45.10408],[25.802619,45.10407],[25.802616,45.104059],[25.802607,45.104035],[25.802604,45.104021],[25.802602,45.104007],[25.802601,45.103992],[25.802602,45.103977],[25.802605,45.103963],[25.802619,45.103921],[25.802625,45.103907],[25.802651,45.103853],[25.802656,45.103839],[25.802666,45.10381],[25.802671,45.103796],[25.802678,45.103783],[25.802686,45.10377],[25.802695,45.103759],[25.802705,45.103748],[25.802718,45.103739],[25.802731,45.10373],[25.802747,45.103724],[25.802782,45.103712],[25.802832,45.103693],[25.802848,45.103686],[25.802861,45.103678],[25.802873,45.103668],[25.802882,45.103657],[25.80289,45.103645],[25.802906,45.10362],[25.802919,45.103593],[25.802926,45.10358],[25.802935,45.103569],[25.802946,45.103559],[25.802959,45.10355],[25.802974,45.103542],[25.803025,45.103524],[25.803077,45.103507],[25.803112,45.103496],[25.803129,45.10349],[25.803145,45.103482],[25.803159,45.103475],[25.803187,45.103458],[25.803213,45.103441],[25.803239,45.103423],[25.80334,45.103351],[25.803365,45.103332],[25.803389,45.103313],[25.803411,45.103293],[25.803421,45.103282],[25.803431,45.103271],[25.803439,45.103259],[25.803458,45.103219],[25.803464,45.103205],[25.803474,45.103175],[25.80348,45.103161],[25.803487,45.103149],[25.803496,45.103137],[25.803507,45.103126],[25.803519,45.103117],[25.803534,45.10311],[25.803552,45.103104],[25.803587,45.103095],[25.803603,45.10309],[25.803617,45.103083],[25.803629,45.103077],[25.803637,45.10307],[25.803641,45.103062],[25.80364,45.103052],[25.803638,45.103042],[25.803634,45.103032],[25.803629,45.103021],[25.803624,45.103011],[25.803621,45.103001],[25.803618,45.102991],[25.803619,45.102983],[25.803624,45.102976],[25.803633,45.102972],[25.803644,45.10297],[25.803687,45.102971],[25.803702,45.102971],[25.803715,45.10297],[25.803727,45.102967],[25.803737,45.10296],[25.803756,45.102945],[25.803766,45.102937],[25.803776,45.10293],[25.803786,45.102925],[25.803798,45.102923],[25.803811,45.102923],[25.803825,45.102925],[25.80384,45.102927],[25.803853,45.10293],[25.803867,45.102932],[25.80388,45.102933],[25.80389,45.102933],[25.803898,45.10293],[25.803903,45.102924],[25.803905,45.102915],[25.803906,45.102895],[25.803907,45.102883],[25.803911,45.102871],[25.803917,45.10286],[25.803926,45.102851],[25.803939,45.102844],[25.803955,45.10284],[25.803972,45.102838],[25.80399,45.102837],[25.804008,45.102837],[25.804027,45.102837],[25.804046,45.102836],[25.804064,45.102833],[25.804081,45.102828],[25.804096,45.102821],[25.804109,45.102813],[25.804121,45.102804],[25.804131,45.102794],[25.804141,45.102784],[25.804159,45.102765],[25.804168,45.102757],[25.804177,45.10275],[25.804185,45.102746],[25.804194,45.102745],[25.804204,45.102748],[25.804224,45.102759],[25.804234,45.102766],[25.804246,45.102772],[25.804257,45.102777],[25.804267,45.102781],[25.804278,45.102782],[25.804287,45.10278],[25.804295,45.102774],[25.804303,45.102766],[25.804318,45.102746],[25.804334,45.102724],[25.804343,45.102714],[25.804355,45.102706],[25.804368,45.1027],[25.804383,45.102696],[25.804399,45.102695],[25.804415,45.102695],[25.804507,45.1027],[25.804523,45.102699],[25.80454,45.102696],[25.804557,45.102693],[25.804574,45.102689],[25.80459,45.102685],[25.804607,45.102682],[25.804624,45.102679],[25.80464,45.102677],[25.804656,45.102676],[25.804672,45.102679],[25.804687,45.102683],[25.804701,45.102689],[25.804715,45.102695],[25.804728,45.102702],[25.804742,45.10271],[25.804755,45.102716],[25.804767,45.102722],[25.80478,45.102727],[25.804792,45.102729],[25.804804,45.102728],[25.804814,45.102724],[25.804823,45.102716],[25.804829,45.102705],[25.804834,45.102693],[25.804843,45.102667],[25.804849,45.102655],[25.804857,45.102645],[25.804865,45.102637],[25.804874,45.102631],[25.804884,45.102629],[25.804896,45.10263],[25.804908,45.102633],[25.804936,45.102643],[25.80495,45.102649],[25.804978,45.102664],[25.804992,45.102671],[25.805005,45.102678],[25.805018,45.102684],[25.805031,45.102689],[25.805044,45.102692],[25.805057,45.102692],[25.80507,45.102689],[25.805083,45.102684],[25.805095,45.102677],[25.805108,45.10267],[25.805171,45.102628],[25.805184,45.102621],[25.805197,45.102614],[25.805211,45.102609],[25.805224,45.102605],[25.805239,45.102604],[25.805253,45.102605],[25.805269,45.102607],[25.805285,45.102609],[25.8053,45.102613],[25.805315,45.102615],[25.80533,45.102617],[25.805344,45.102617],[25.805357,45.102615],[25.805368,45.102609],[25.805379,45.102602],[25.805387,45.102593],[25.805402,45.102572],[25.805416,45.102553],[25.805422,45.102546],[25.805429,45.102541],[25.805437,45.10254],[25.805445,45.102544],[25.805452,45.10255],[25.805461,45.102558],[25.805495,45.102599],[25.805503,45.102609],[25.805513,45.102617],[25.805521,45.102624],[25.805531,45.102629],[25.805541,45.10263],[25.805551,45.102627],[25.805561,45.102622],[25.805571,45.102615],[25.805603,45.102589],[25.805625,45.102572],[25.805648,45.102557],[25.805659,45.102551],[25.805672,45.102549],[25.805686,45.102549],[25.805701,45.102551],[25.805716,45.102553],[25.805732,45.102556],[25.805747,45.102559],[25.805763,45.102561],[25.805777,45.102562],[25.805791,45.102561],[25.805804,45.102557],[25.805814,45.10255],[25.805823,45.102541],[25.805831,45.102533],[25.80584,45.102525],[25.80585,45.102519],[25.80586,45.102515],[25.805872,45.102514],[25.805884,45.102516],[25.805896,45.10252],[25.805908,45.102526],[25.805944,45.102544],[25.805956,45.102549],[25.805966,45.102552],[25.805976,45.102553],[25.805985,45.10255],[25.805991,45.102543],[25.805996,45.102533],[25.806,45.102521],[25.806008,45.102496],[25.806013,45.102484],[25.80602,45.102473],[25.806029,45.102465],[25.806039,45.10246],[25.80605,45.102458],[25.806062,45.102459],[25.806075,45.102461],[25.806089,45.102464],[25.806103,45.102467],[25.806117,45.102469],[25.80613,45.10247],[25.806142,45.102469],[25.806153,45.102465],[25.80616,45.102458],[25.806164,45.102449],[25.806166,45.10244],[25.806168,45.10243],[25.80617,45.10242],[25.806174,45.102411],[25.806182,45.102403],[25.806192,45.102398],[25.806205,45.102395],[25.806233,45.102392],[25.806247,45.102389],[25.806261,45.102385],[25.806271,45.102379],[25.806277,45.102372],[25.806278,45.102362],[25.806277,45.102353],[25.806274,45.102342],[25.80627,45.102332],[25.806265,45.102321],[25.806262,45.102311],[25.806261,45.102302],[25.806262,45.102294],[25.806267,45.102287],[25.806278,45.102282],[25.806292,45.102279],[25.806309,45.102277],[25.806327,45.102276],[25.806376,45.102275],[25.806389,45.102273],[25.806399,45.102268],[25.806405,45.102261],[25.806407,45.102252],[25.806406,45.102242],[25.806403,45.102231],[25.806395,45.102193],[25.806394,45.102181],[25.806396,45.102168],[25.8064,45.102157],[25.806408,45.102146],[25.806418,45.102136],[25.80643,45.102127],[25.806457,45.102111],[25.806484,45.102094],[25.806514,45.102078],[25.806561,45.102057],[25.806594,45.102044],[25.806625,45.10203],[25.806641,45.102024],[25.806657,45.10202],[25.806673,45.102016],[25.806689,45.102013],[25.806705,45.102013],[25.806721,45.102015],[25.806736,45.102019],[25.80675,45.102025],[25.806778,45.102038],[25.806792,45.102045],[25.806806,45.102052],[25.806819,45.102057],[25.806833,45.102061],[25.806846,45.102063],[25.806858,45.102064],[25.806868,45.10206],[25.806876,45.102054],[25.806883,45.102045],[25.806895,45.102023],[25.80691,45.102003],[25.806917,45.101995],[25.806925,45.101989],[25.806934,45.101986],[25.806945,45.101987],[25.806956,45.10199],[25.806993,45.102004],[25.807006,45.102008],[25.807018,45.102011],[25.807031,45.102011],[25.807043,45.102008],[25.807053,45.102002],[25.807071,45.101986],[25.80708,45.101979],[25.807089,45.101972],[25.807099,45.101968],[25.807109,45.101966],[25.80712,45.101968],[25.807131,45.101971],[25.807162,45.101986],[25.807173,45.101989],[25.807184,45.101989],[25.807195,45.101986],[25.807206,45.101982],[25.807218,45.101975],[25.807229,45.101968],[25.807241,45.10196],[25.807253,45.101952],[25.807267,45.101945],[25.807282,45.101939],[25.807299,45.101935],[25.807317,45.101933],[25.807336,45.101932],[25.807355,45.101933],[25.807393,45.101938],[25.80743,45.101942],[25.807447,45.101943],[25.807464,45.101943],[25.80748,45.10194],[25.807495,45.101936],[25.80751,45.10193],[25.807537,45.101916],[25.807551,45.101908],[25.80758,45.101893],[25.807595,45.101886],[25.807611,45.10188],[25.807629,45.101876],[25.807649,45.101873],[25.807669,45.101872],[25.807689,45.101871],[25.807725,45.101871],[25.807742,45.10187],[25.807759,45.101867],[25.807774,45.101862],[25.807789,45.101856],[25.807803,45.101849],[25.807818,45.101842],[25.807832,45.101834],[25.807861,45.101819],[25.807877,45.101813],[25.80791,45.101799],[25.807963,45.101782],[25.807998,45.101772],[25.808015,45.101767],[25.808044,45.101756],[25.808056,45.10175],[25.808064,45.101744],[25.808067,45.101737],[25.808064,45.10173],[25.808059,45.101722],[25.808051,45.101714],[25.808042,45.101706],[25.808033,45.101697],[25.808024,45.101689],[25.808017,45.101681],[25.808012,45.101673],[25.80801,45.101666],[25.808013,45.10166],[25.808022,45.101655],[25.808034,45.10165],[25.808064,45.101641],[25.808078,45.101636],[25.80809,45.101628],[25.808099,45.101619],[25.808103,45.101608],[25.808106,45.101597],[25.808107,45.101585],[25.808108,45.101573],[25.808111,45.10156],[25.808116,45.101548],[25.808124,45.101537],[25.808135,45.101528],[25.808148,45.10152],[25.808162,45.101512],[25.808178,45.101506],[25.808194,45.101499],[25.80821,45.101492],[25.808224,45.101484],[25.808238,45.101476],[25.808249,45.101466],[25.808258,45.101455],[25.808265,45.101441],[25.80827,45.101427],[25.808279,45.101397],[25.808284,45.101383],[25.808291,45.10137],[25.808299,45.101358],[25.808309,45.101347],[25.80832,45.101337],[25.808331,45.101326],[25.808355,45.101308],[25.808381,45.101289],[25.808407,45.101272],[25.80842,45.101263],[25.808432,45.101254],[25.808443,45.101244],[25.808463,45.101222],[25.80849,45.101187],[25.808508,45.101164],[25.808528,45.101141],[25.808538,45.101131],[25.808551,45.101121],[25.808564,45.101113],[25.808579,45.101105],[25.808611,45.101091],[25.808644,45.101078],[25.80866,45.101072],[25.808675,45.101064],[25.808689,45.101056],[25.808701,45.101047],[25.808713,45.101038],[25.808733,45.10102],[25.808743,45.101012],[25.808752,45.101005],[25.808762,45.101001],[25.808772,45.101001],[25.808782,45.101003],[25.808792,45.101009],[25.808802,45.101016],[25.808811,45.101023],[25.808822,45.101031],[25.808832,45.101038],[25.808843,45.101043],[25.808855,45.101045],[25.808868,45.101044],[25.80888,45.101041],[25.808892,45.101035],[25.808903,45.101027],[25.808914,45.101018],[25.808938,45.101],[25.808963,45.100982],[25.808989,45.100964],[25.809017,45.100947],[25.809047,45.100933],[25.809074,45.100918],[25.809086,45.100911],[25.809095,45.100902],[25.809101,45.100894],[25.809104,45.100885],[25.809102,45.100875],[25.8091,45.100865],[25.809096,45.100856],[25.809092,45.100846],[25.809089,45.100838],[25.809089,45.10083],[25.809093,45.100823],[25.809102,45.100816],[25.809114,45.100811],[25.809141,45.1008],[25.809171,45.100791],[25.809183,45.100786],[25.809193,45.10078],[25.809197,45.100772],[25.809196,45.100764],[25.809193,45.100755],[25.809187,45.100745],[25.809179,45.100735],[25.809152,45.100706],[25.809144,45.100697],[25.809139,45.100687],[25.809136,45.100678],[25.809136,45.10067],[25.809142,45.100663],[25.809153,45.100658],[25.809168,45.100655],[25.809186,45.100652],[25.809247,45.100645],[25.809266,45.100642],[25.809282,45.100637],[25.809294,45.100631],[25.809301,45.100623],[25.809303,45.100614],[25.809302,45.100604],[25.809298,45.100593],[25.809293,45.100582],[25.809265,45.100535],[25.809259,45.100523],[25.809254,45.100512],[25.809251,45.100501],[25.809252,45.10049],[25.809255,45.10048],[25.809261,45.10047],[25.809277,45.10045],[25.809285,45.100441],[25.809295,45.100433],[25.809306,45.100426],[25.809317,45.100421],[25.809328,45.100418],[25.80934,45.100418],[25.809351,45.10042],[25.809362,45.100424],[25.809374,45.100427],[25.809386,45.10043],[25.8094,45.10043],[25.809414,45.100428],[25.809428,45.100425],[25.809444,45.100421],[25.809458,45.100415],[25.809473,45.100409],[25.809519,45.100388],[25.809564,45.100365],[25.809594,45.100351],[25.809637,45.100327],[25.809667,45.100311],[25.809683,45.100305],[25.809715,45.100291],[25.809732,45.100285],[25.809767,45.100274],[25.809785,45.100269],[25.809822,45.100259],[25.80984,45.100253],[25.809896,45.100238],[25.809915,45.100234],[25.809955,45.100226],[25.809975,45.100222],[25.809994,45.100218],[25.810054,45.100205],[25.810072,45.1002],[25.810089,45.100194],[25.810106,45.100188],[25.810122,45.100181],[25.810156,45.100169],[25.810172,45.100162],[25.810224,45.100144],[25.810258,45.100133],[25.810275,45.100127],[25.81029,45.10012],[25.810302,45.100111],[25.810324,45.100093],[25.810337,45.100085],[25.810351,45.10008],[25.810368,45.100077],[25.810386,45.100076],[25.810423,45.100077],[25.810443,45.100076],[25.810464,45.100075],[25.810485,45.100073],[25.810504,45.10007],[25.810522,45.100066],[25.81054,45.100061],[25.810558,45.100055],[25.810591,45.100042],[25.810606,45.100035],[25.81062,45.100027],[25.810633,45.100019],[25.810645,45.100011],[25.810656,45.100002],[25.810674,45.099986],[25.810683,45.09998],[25.810693,45.099977],[25.810703,45.099977],[25.810714,45.099979],[25.810724,45.099981],[25.810735,45.099982],[25.810744,45.099982],[25.810752,45.099979],[25.810759,45.099972],[25.810765,45.099963],[25.810774,45.099943],[25.81078,45.099934],[25.810788,45.099927],[25.810797,45.099923],[25.810808,45.099923],[25.810821,45.099923],[25.810834,45.099925],[25.810846,45.099927],[25.810858,45.099929],[25.810869,45.099929],[25.81088,45.099926],[25.81089,45.099921],[25.810909,45.099904],[25.81092,45.099896],[25.810935,45.099889],[25.810951,45.099883],[25.810985,45.099872],[25.811001,45.099865],[25.811014,45.099857],[25.811027,45.099849],[25.811051,45.099834],[25.811062,45.099829],[25.811076,45.099827],[25.811089,45.099827],[25.811102,45.09983],[25.811114,45.099835],[25.811146,45.09985],[25.811156,45.099853],[25.811165,45.099852],[25.811174,45.099848],[25.811182,45.099841],[25.811192,45.099833],[25.811209,45.099813],[25.811229,45.099793],[25.81124,45.099782],[25.811252,45.099773],[25.811266,45.099765],[25.811281,45.099757],[25.811296,45.09975],[25.811312,45.099742],[25.811326,45.099734],[25.811339,45.099725],[25.811351,45.099715],[25.81136,45.099704],[25.811366,45.099691],[25.811377,45.099664],[25.811382,45.099651],[25.811389,45.09964],[25.811398,45.099632],[25.811409,45.099627],[25.811423,45.099625],[25.811437,45.099625],[25.811454,45.099627],[25.811488,45.099631],[25.811506,45.099632],[25.811525,45.099632],[25.811544,45.099631],[25.811561,45.099627],[25.811577,45.099622],[25.811593,45.099616],[25.811607,45.099609],[25.811621,45.099601],[25.811634,45.099592],[25.811647,45.099584],[25.811673,45.099566],[25.811773,45.099492],[25.811823,45.099455],[25.811847,45.099436],[25.81187,45.099417],[25.811891,45.099395],[25.811914,45.099375],[25.811948,45.099346],[25.811959,45.099336],[25.81197,45.099325],[25.811979,45.099314],[25.811988,45.099302],[25.811994,45.099288],[25.811999,45.099274],[25.81201,45.099229],[25.812015,45.099215],[25.812021,45.099203],[25.81203,45.099193],[25.812042,45.099186],[25.812055,45.099181],[25.812082,45.099175],[25.812095,45.09917],[25.812106,45.099163],[25.812114,45.099154],[25.81212,45.099142],[25.812124,45.099128],[25.812127,45.099113],[25.812134,45.099082],[25.812138,45.099067],[25.812143,45.099053],[25.81215,45.09904],[25.81216,45.099029],[25.812172,45.099019],[25.812185,45.09901],[25.8122,45.099003],[25.812214,45.098995],[25.812243,45.098981],[25.812255,45.098973],[25.812266,45.098966],[25.812274,45.098958],[25.812278,45.098949],[25.812277,45.098939],[25.812273,45.09893],[25.812267,45.09892],[25.812244,45.098892],[25.812239,45.098883],[25.812236,45.098874],[25.812236,45.098867],[25.81224,45.09886],[25.81225,45.098856],[25.812263,45.098854],[25.812278,45.098853],[25.812295,45.098853],[25.812311,45.098854],[25.812328,45.098853],[25.812344,45.098852],[25.812359,45.098848],[25.812371,45.098843],[25.812379,45.098835],[25.812383,45.098825],[25.812386,45.098788],[25.812389,45.098774],[25.812393,45.098761],[25.8124,45.098748],[25.812409,45.098738],[25.812422,45.098729],[25.812437,45.098722],[25.812469,45.098711],[25.812497,45.098699],[25.812509,45.098694],[25.812517,45.098688],[25.81252,45.098681],[25.812518,45.098673],[25.812513,45.098665],[25.812505,45.098657],[25.812496,45.098649],[25.812487,45.098641],[25.812478,45.098632],[25.812471,45.098624],[25.812465,45.098616],[25.812463,45.098608],[25.812465,45.098601],[25.812472,45.098594],[25.812483,45.098588],[25.812496,45.098583],[25.812511,45.098578],[25.812542,45.098569],[25.812556,45.098564],[25.812566,45.098557],[25.812572,45.098549],[25.812572,45.098541],[25.812569,45.098532],[25.812563,45.098523],[25.81254,45.098496],[25.812534,45.098487],[25.812531,45.098478],[25.812532,45.09847],[25.812535,45.098466],[25.812447,45.098368],[25.812593,45.098306],[25.812794,45.098221],[25.812839,45.0982],[25.813049,45.0981],[25.813166,45.098032],[25.813268,45.097969],[25.813358,45.097898],[25.813433,45.09783],[25.813492,45.097768],[25.813541,45.09771],[25.813581,45.097654],[25.813611,45.097581],[25.813628,45.09752],[25.81364,45.097452],[25.813644,45.097412],[25.813668,45.097342],[25.813681,45.097296],[25.813704,45.097245],[25.813746,45.097174],[25.81382,45.097118],[25.813859,45.097094],[25.812927,45.096475],[25.812922,45.096479]],[[25.807624,45.101113],[25.807623,45.101117],[25.807621,45.101122],[25.807618,45.101126],[25.807609,45.101136],[25.807604,45.101141],[25.807579,45.10116],[25.807559,45.101174],[25.807552,45.101178],[25.80753,45.101191],[25.807523,45.101195],[25.807515,45.101198],[25.807506,45.101201],[25.807481,45.101208],[25.807474,45.10121],[25.807466,45.10121],[25.807459,45.10121],[25.807452,45.101208],[25.807446,45.101205],[25.807441,45.101201],[25.807438,45.101194],[25.807437,45.101188],[25.807437,45.10118],[25.807439,45.101173],[25.807442,45.101166],[25.807447,45.10116],[25.807455,45.101155],[25.807464,45.101151],[25.807474,45.101148],[25.80751,45.101138],[25.807517,45.101137],[25.807525,45.101136],[25.807539,45.101136],[25.807546,45.101135],[25.807553,45.101133],[25.807559,45.101131],[25.807572,45.101125],[25.807579,45.101121],[25.807591,45.101114],[25.807597,45.101111],[25.807609,45.101107],[25.807613,45.101105],[25.807618,45.101105],[25.807621,45.101107],[25.807623,45.101109],[25.807624,45.101113]],[[25.786284,45.130055],[25.786295,45.130061],[25.786299,45.130063],[25.786311,45.130074],[25.786321,45.130081],[25.786324,45.130083],[25.786326,45.130086],[25.786327,45.130089],[25.786328,45.130093],[25.786328,45.130096],[25.786328,45.1301],[25.786327,45.130103],[25.786325,45.130106],[25.786323,45.130109],[25.786319,45.130111],[25.786315,45.130112],[25.78631,45.130113],[25.786305,45.130113],[25.7863,45.130113],[25.786295,45.130113],[25.786291,45.130112],[25.786286,45.13011],[25.786283,45.130108],[25.786273,45.130101],[25.786263,45.130094],[25.78626,45.130092],[25.786257,45.130088],[25.786255,45.130084],[25.786253,45.130076],[25.786253,45.130071],[25.786253,45.130062],[25.786254,45.130058],[25.786255,45.130054],[25.786257,45.130051],[25.786259,45.130048],[25.786262,45.130047],[25.786265,45.130046],[25.786269,45.130046],[25.786272,45.130047],[25.786275,45.130049],[25.786284,45.130055]]]],"type":"MultiPolygon"},"properties":{"fid":46.0,"tt":1.0,"Id":811,"IFCID":811,"localId":"1.298.135789","namespace":"RO.Ancpi.AU","versionId":"20140402141640","country":"RO","natLevel":"3rdOrder","natLevName":"Comuna","natCode":"135789","name":"TELEGA","resOfAut":"TELEGA","beginVers":"2014-04-02","endVersion":null,"Shape_Leng":40124.2853886,"Shape_Area":40066388.3845,"Jud_ID":"1.298","Jud_name":"PRAHOVA","_s":{"f":"#4daf4a","fo":1.0,"s":"#3388ff","so":1.0,"w":1.0,"r":5.0}}}]}