{"type":"FeatureCollection","features":[{"type":"Feature","geometry":{"coordinates":[[[[25.708235,45.115147],[25.708279,45.11476],[25.708822,45.115075],[25.709174,45.115016],[25.709628,45.115484],[25.709572,45.114698],[25.709494,45.114698],[25.709448,45.114703],[25.709004,45.114748],[25.708952,45.114748],[25.708575,45.114703],[25.708327,45.114646],[25.708327,45.114646],[25.708224,45.114646],[25.708224,45.114622],[25.708079,45.114589],[25.707847,45.115015],[25.707847,45.115015],[25.707753,45.115189],[25.70771,45.115268],[25.707561,45.115543],[25.707424,45.115507],[25.707395,45.11554],[25.707395,45.11554],[25.707255,45.115701],[25.70718,45.115788],[25.707585,45.116042],[25.707628,45.116069],[25.707628,45.116069],[25.707728,45.115968],[25.708037,45.116199],[25.708193,45.116331],[25.708294,45.116406],[25.708344,45.116421],[25.708751,45.116526],[25.708812,45.11659],[25.708894,45.116661],[25.708944,45.116728],[25.708944,45.116728],[25.709297,45.117098],[25.709425,45.117205],[25.709487,45.117285],[25.709507,45.11731],[25.709509,45.117464],[25.70951,45.117553],[25.70951,45.117553],[25.709592,45.118201],[25.709749,45.118551],[25.709748,45.118556],[25.709793,45.118655],[25.710181,45.118684],[25.710178,45.118414],[25.710116,45.117914],[25.709823,45.117831],[25.709372,45.116031],[25.709003,45.115969],[25.708838,45.115833],[25.708618,45.115685],[25.708616,45.115454],[25.708234,45.115456],[25.708239,45.115238],[25.708235,45.115147]]]],"type":"MultiPolygon"},"properties":{"fid":1209.0,"UAT":"POIANA CÂMPINA","Zona":"Zona 9","R.A.P.M.":31546.0,"R.A.P.U.":0.0,"Suprafata":27531,"Perimetru":1493,"Suprafata_":2.7531,"Anul_intoc":null,"_s":{"f":"#ffab00","fo":0.6,"s":"#3388ff","so":0.6,"w":1.0,"r":5.0}}},{"type":"Feature","geometry":{"coordinates":[[[[25.715603,45.12513],[25.715601,45.12513],[25.71522,45.125133],[25.714926,45.125249],[25.714916,45.125358],[25.715227,45.125672],[25.71599,45.125668],[25.715984,45.12527],[25.71633,45.125146],[25.716337,45.125146],[25.716614,45.125275],[25.716715,45.125216],[25.716733,45.125114],[25.71678,45.125007],[25.716696,45.124944],[25.716541,45.124571],[25.716435,45.1245],[25.716158,45.124374],[25.715926,45.124237],[25.715788,45.12417],[25.715638,45.123923],[25.715584,45.12378],[25.715581,45.12351],[25.715578,45.123269],[25.715665,45.123235],[25.715668,45.123166],[25.715614,45.123049],[25.715556,45.122932],[25.71548,45.122874],[25.715358,45.122792],[25.715233,45.122699],[25.715195,45.122641],[25.715254,45.122582],[25.715187,45.122526],[25.715186,45.122433],[25.715063,45.122415],[25.714729,45.122399],[25.714303,45.121892],[25.714175,45.121795],[25.714009,45.121531],[25.71387,45.12158],[25.713761,45.121632],[25.71365,45.121632],[25.71366,45.121389],[25.713737,45.121324],[25.713643,45.121276],[25.713546,45.121314],[25.713478,45.121341],[25.713326,45.121358],[25.71327,45.121358],[25.713253,45.12132],[25.71325,45.121278],[25.713266,45.121233],[25.713417,45.121198],[25.713545,45.12115],[25.713606,45.121093],[25.713644,45.121092],[25.713906,45.121157],[25.714003,45.121318],[25.714039,45.121355],[25.714106,45.121361],[25.714221,45.121363],[25.71441,45.121358],[25.714738,45.121393],[25.714834,45.121665],[25.714893,45.12172],[25.714926,45.121778],[25.714953,45.121825],[25.714978,45.121869],[25.715084,45.121819],[25.715126,45.121786],[25.715371,45.121651],[25.715521,45.12184],[25.715587,45.121876],[25.715724,45.121889],[25.715865,45.121888],[25.715919,45.121901],[25.715942,45.121929],[25.715944,45.12209],[25.715994,45.122138],[25.716071,45.122157],[25.716327,45.122156],[25.716708,45.122153],[25.71679,45.122175],[25.716836,45.122194],[25.716873,45.122239],[25.716949,45.12225],[25.717475,45.122284],[25.717549,45.122313],[25.717584,45.12235],[25.717732,45.122687],[25.717861,45.122723],[25.71806,45.122761],[25.71821,45.122779],[25.718391,45.122805],[25.718487,45.122779],[25.718622,45.122681],[25.718619,45.12247],[25.718644,45.122428],[25.718755,45.12241],[25.718999,45.122409],[25.719762,45.122404],[25.720132,45.122391],[25.720243,45.122255],[25.72047,45.122153],[25.720633,45.122197],[25.720745,45.122216],[25.720903,45.122127],[25.721104,45.121993],[25.721194,45.121837],[25.721277,45.121584],[25.721299,45.12133],[25.721318,45.121118],[25.721534,45.121069],[25.721652,45.121042],[25.721741,45.120771],[25.721837,45.120744],[25.721932,45.120693],[25.721972,45.120566],[25.722026,45.120499],[25.722094,45.120318],[25.722073,45.120218],[25.721985,45.120117],[25.721971,45.119985],[25.721918,45.119937],[25.721525,45.11985],[25.7217,45.119781],[25.721843,45.11974],[25.722016,45.119689],[25.722182,45.119713],[25.722346,45.119725],[25.722397,45.119687],[25.722401,45.119606],[25.722405,45.119511],[25.722495,45.119407],[25.722616,45.119287],[25.722535,45.119226],[25.72239,45.11914],[25.722388,45.118967],[25.722387,45.118877],[25.722006,45.118879],[25.721624,45.118882],[25.721621,45.118612],[25.72124,45.118614],[25.721243,45.118884],[25.720862,45.118887],[25.72048,45.118889],[25.720484,45.119159],[25.720102,45.119162],[25.720099,45.118892],[25.719718,45.118894],[25.719714,45.118624],[25.719333,45.118626],[25.71933,45.118356],[25.719326,45.118087],[25.719101,45.118044],[25.718764,45.117475],[25.719714,45.117193],[25.719446,45.117688],[25.719707,45.118084],[25.720239,45.117932],[25.721169,45.118079],[25.721236,45.118344],[25.72238,45.118337],[25.722384,45.118607],[25.722769,45.11867],[25.723087,45.118696],[25.723289,45.118684],[25.723502,45.118672],[25.723509,45.118536],[25.723412,45.118461],[25.723344,45.118401],[25.723225,45.118169],[25.723397,45.118045],[25.72356,45.117945],[25.723144,45.117787],[25.72351,45.11725],[25.723507,45.11698],[25.723503,45.11671],[25.723885,45.116707],[25.723888,45.116977],[25.724269,45.116975],[25.724266,45.116705],[25.724647,45.116703],[25.725029,45.1167],[25.72541,45.116698],[25.725408,45.116534],[25.725357,45.116511],[25.725287,45.116482],[25.725099,45.116428],[25.724725,45.116182],[25.724712,45.116172],[25.724626,45.116112],[25.724621,45.116115],[25.724599,45.116129],[25.724273,45.115868],[25.724213,45.115805],[25.72414,45.115729],[25.724091,45.115689],[25.72394,45.115567],[25.723915,45.115548],[25.72387,45.115515],[25.723761,45.115434],[25.723748,45.115431],[25.723743,45.11543],[25.723607,45.115383],[25.723444,45.115326],[25.723292,45.115272],[25.723107,45.115205],[25.723084,45.115196],[25.723061,45.115181],[25.72265,45.115518],[25.722551,45.115599],[25.722533,45.115614],[25.722616,45.115681],[25.722643,45.115694],[25.72282,45.115783],[25.723066,45.115939],[25.723309,45.116201],[25.723376,45.116273],[25.723208,45.116264],[25.722716,45.11624],[25.722411,45.116325],[25.722361,45.116337],[25.72218,45.116359],[25.722137,45.116364],[25.721972,45.116254],[25.721972,45.116254],[25.721975,45.11645],[25.721593,45.116452],[25.721591,45.116287],[25.721334,45.116486],[25.721537,45.116632],[25.721715,45.11676],[25.721891,45.116887],[25.721891,45.116887],[25.72236,45.116717],[25.722356,45.116447],[25.722737,45.116445],[25.722741,45.116715],[25.723122,45.116712],[25.723129,45.117252],[25.722748,45.117255],[25.722751,45.117525],[25.72237,45.117527],[25.722366,45.117257],[25.721793,45.117237],[25.721831,45.117277],[25.721944,45.117401],[25.721987,45.117598],[25.721971,45.117617],[25.721916,45.117594],[25.721861,45.117572],[25.721689,45.117504],[25.721547,45.117455],[25.721451,45.117524],[25.721248,45.117672],[25.721199,45.117653],[25.721199,45.117653],[25.72104,45.117589],[25.720862,45.117517],[25.72042,45.117554],[25.720103,45.117272],[25.720103,45.117272],[25.720078,45.117272],[25.720078,45.11725],[25.719801,45.117003],[25.719312,45.117007],[25.71931,45.11678],[25.718835,45.117082],[25.718824,45.117084],[25.718814,45.117086],[25.718757,45.117095],[25.718826,45.11724],[25.718751,45.117278],[25.718594,45.117357],[25.718554,45.117376],[25.718554,45.117376],[25.718563,45.118091],[25.718567,45.118361],[25.718371,45.118492],[25.717948,45.118821],[25.717569,45.11815],[25.717084,45.118313],[25.717066,45.118327],[25.717066,45.118328],[25.716935,45.11831],[25.716887,45.118302],[25.716884,45.118338],[25.716883,45.118366],[25.71688,45.118557],[25.716861,45.118592],[25.716809,45.118747],[25.716785,45.11889],[25.716773,45.118955],[25.716757,45.119053],[25.716775,45.119167],[25.716793,45.119225],[25.716806,45.11927],[25.716879,45.119507],[25.716921,45.119588],[25.716955,45.119652],[25.716945,45.11969],[25.716898,45.119717],[25.716802,45.11976],[25.716648,45.119851],[25.716613,45.119883],[25.716603,45.119891],[25.716603,45.119898],[25.716599,45.119912],[25.716486,45.120021],[25.716355,45.120148],[25.71615,45.120347],[25.716106,45.120389],[25.71608,45.120429],[25.716008,45.120388],[25.715978,45.12037],[25.715904,45.120328],[25.715843,45.120293],[25.71573,45.1202],[25.71562,45.120124],[25.715556,45.120091],[25.715473,45.120061],[25.715405,45.120024],[25.715301,45.119938],[25.715301,45.119929],[25.7153,45.119931],[25.715285,45.119872],[25.715275,45.119823],[25.715254,45.119728],[25.715067,45.119406],[25.715054,45.119384],[25.715008,45.119333],[25.714899,45.119212],[25.714857,45.119168],[25.71462,45.118917],[25.714579,45.118943],[25.714392,45.119061],[25.714381,45.119068],[25.714381,45.119068],[25.714386,45.119468],[25.714767,45.119465],[25.714774,45.120005],[25.714777,45.120275],[25.71554,45.12027],[25.715544,45.12054],[25.715925,45.120538],[25.715928,45.120808],[25.715932,45.121078],[25.715169,45.121083],[25.714818,45.121043],[25.714466,45.12045],[25.714396,45.120278],[25.714393,45.120008],[25.713927,45.11998],[25.713669,45.119625],[25.713623,45.119473],[25.713242,45.119475],[25.713239,45.119205],[25.712962,45.119259],[25.713199,45.120064],[25.712998,45.120286],[25.713252,45.120285],[25.713256,45.120555],[25.713637,45.120552],[25.71364,45.120822],[25.713259,45.120825],[25.713193,45.120989],[25.713157,45.121082],[25.712881,45.121097],[25.712878,45.120827],[25.712553,45.120788],[25.712116,45.120091],[25.711421,45.119806],[25.711329,45.120133],[25.711549,45.11999],[25.711545,45.119987],[25.711492,45.119944],[25.71157,45.119893],[25.71162,45.119935],[25.711657,45.119966],[25.711764,45.120064],[25.711822,45.120122],[25.711838,45.120139],[25.711833,45.120144],[25.71186,45.120175],[25.711882,45.120204],[25.711972,45.120356],[25.711972,45.120356],[25.712426,45.120737],[25.71232,45.1208],[25.71233,45.120813],[25.712365,45.120857],[25.712477,45.120947],[25.712495,45.120964],[25.712563,45.121028],[25.71283,45.121368],[25.712885,45.121438],[25.712894,45.121449],[25.712923,45.121476],[25.712933,45.121486],[25.712942,45.121494],[25.713048,45.121589],[25.713169,45.121655],[25.713181,45.121653],[25.713319,45.121714],[25.713423,45.121759],[25.713442,45.121771],[25.713494,45.121803],[25.713442,45.121851],[25.713382,45.121904],[25.713382,45.121904],[25.713654,45.121902],[25.713657,45.122172],[25.714039,45.12217],[25.714042,45.12244],[25.714345,45.122521],[25.714427,45.122708],[25.71477,45.122771],[25.714771,45.122772],[25.714813,45.122891],[25.714992,45.123069],[25.715066,45.123234],[25.715188,45.123321],[25.715197,45.123321],[25.715206,45.124053],[25.71521,45.124323],[25.715461,45.124397],[25.715545,45.124458],[25.715508,45.124549],[25.715595,45.12459],[25.715595,45.124612],[25.715598,45.12486],[25.715603,45.12486],[25.715603,45.12513]]]],"type":"MultiPolygon"},"properties":{"fid":1210.0,"UAT":"POIANA CÂMPINA","Zona":"Zona 8","R.A.P.M.":1747771.0,"R.A.P.U.":1.95,"Suprafata":307957,"Perimetru":8204,"Suprafata_":30.7957,"Anul_intoc":null,"_s":{"f":"#ffab00","fo":0.6,"s":"#3388ff","so":0.6,"w":1.0,"r":5.0}}},{"type":"Feature","geometry":{"coordinates":[[[[25.706008,45.126496],[25.706024,45.126642],[25.706045,45.126839],[25.706071,45.126975],[25.706126,45.127048],[25.706302,45.127078],[25.706472,45.127077],[25.706701,45.127076],[25.706828,45.127057],[25.706852,45.126971],[25.70685,45.126808],[25.706848,45.126641],[25.706925,45.126567],[25.707015,45.126534],[25.707511,45.126525],[25.708099,45.126522],[25.708372,45.126505],[25.708607,45.126497],[25.70882,45.126418],[25.708969,45.126443],[25.709109,45.126532],[25.709135,45.126631],[25.709233,45.126707],[25.70936,45.126754],[25.70952,45.126788],[25.709736,45.126816],[25.709839,45.126806],[25.709901,45.126786],[25.709911,45.12672],[25.70994,45.126613],[25.710005,45.126531],[25.710114,45.126524],[25.710279,45.126514],[25.710489,45.126498],[25.710695,45.126501],[25.710876,45.126509],[25.71107,45.126507],[25.711319,45.126561],[25.711434,45.126565],[25.711531,45.126556],[25.711626,45.126474],[25.711698,45.126409],[25.711788,45.126357],[25.71183,45.126323],[25.711793,45.126237],[25.711689,45.126152],[25.711567,45.126054],[25.711494,45.126012],[25.711416,45.125966],[25.711413,45.125696],[25.711411,45.125554],[25.711384,45.12546],[25.711317,45.125427],[25.711214,45.125418],[25.71111,45.125367],[25.711026,45.125274],[25.710969,45.125167],[25.710859,45.125112],[25.710834,45.125061],[25.71093,45.124966],[25.711022,45.124889],[25.711068,45.124801],[25.711129,45.124685],[25.711209,45.124536],[25.711293,45.124496],[25.711488,45.124598],[25.711634,45.124666],[25.711755,45.124648],[25.711781,45.124614],[25.711779,45.124481],[25.711777,45.124313],[25.711775,45.124168],[25.711796,45.124086],[25.711869,45.124074],[25.711996,45.124073],[25.712111,45.124089],[25.712156,45.124148],[25.712159,45.124324],[25.712224,45.124431],[25.712363,45.124467],[25.712528,45.124524],[25.71259,45.124545],[25.712743,45.124578],[25.712807,45.124538],[25.712836,45.124495],[25.71285,45.124429],[25.712883,45.124354],[25.712927,45.124322],[25.713074,45.124339],[25.713222,45.124356],[25.713461,45.124343],[25.713684,45.124332],[25.713722,45.124298],[25.713732,45.124235],[25.713719,45.124105],[25.713756,45.123955],[25.713744,45.123861],[25.713678,45.123792],[25.713502,45.123793],[25.713333,45.123726],[25.713294,45.123629],[25.713293,45.123525],[25.713291,45.123365],[25.713266,45.123262],[25.71318,45.123237],[25.713045,45.123215],[25.712967,45.123124],[25.712965,45.122988],[25.712933,45.122859],[25.712909,45.12273],[25.712862,45.122649],[25.712762,45.122585],[25.712616,45.122499],[25.712517,45.12245],[25.712469,45.12245],[25.712457,45.122534],[25.712455,45.122538],[25.712362,45.122741],[25.712304,45.122867],[25.712268,45.122946],[25.712277,45.123011],[25.712141,45.122905],[25.712141,45.122905],[25.712142,45.122992],[25.712144,45.123172],[25.712106,45.123259],[25.712015,45.123263],[25.711916,45.123263],[25.711824,45.12325],[25.711785,45.123223],[25.711762,45.123093],[25.711761,45.122994],[25.711759,45.12285],[25.711749,45.122775],[25.71165,45.122725],[25.711436,45.122696],[25.711374,45.122582],[25.711373,45.122457],[25.711241,45.122389],[25.711081,45.122401],[25.710991,45.122459],[25.710983,45.122525],[25.710993,45.122628],[25.710963,45.122709],[25.710909,45.12273],[25.710803,45.12273],[25.710672,45.1227],[25.710611,45.122576],[25.710608,45.122333],[25.710607,45.12222],[25.710552,45.122193],[25.710445,45.122193],[25.710254,45.122211],[25.710227,45.122363],[25.71023,45.12259],[25.710192,45.122693],[25.710085,45.122735],[25.709986,45.122735],[25.709894,45.122721],[25.709849,45.122597],[25.709844,45.122257],[25.709843,45.122111],[25.709801,45.121976],[25.709663,45.121927],[25.709459,45.121929],[25.709078,45.121931],[25.708944,45.121932],[25.708808,45.121919],[25.708717,45.121886],[25.708546,45.121789],[25.708312,45.121666],[25.708136,45.121667],[25.707993,45.121644],[25.707929,45.121548],[25.707927,45.121398],[25.707735,45.121312],[25.707591,45.121194],[25.707542,45.121131],[25.707161,45.121133],[25.707158,45.120863],[25.706776,45.120865],[25.706773,45.120595],[25.706769,45.120326],[25.706446,45.120286],[25.706327,45.120137],[25.706707,45.120014],[25.706835,45.119807],[25.70698,45.119716],[25.706555,45.119401],[25.70649,45.119353],[25.706431,45.11931],[25.706431,45.11931],[25.706053,45.119499],[25.70594,45.119126],[25.706089,45.119098],[25.705947,45.119],[25.70568,45.118819],[25.705638,45.11879],[25.70562,45.11878],[25.705256,45.118564],[25.705255,45.118566],[25.704777,45.119106],[25.704759,45.119132],[25.704716,45.119198],[25.704609,45.119362],[25.704763,45.119501],[25.704793,45.119528],[25.704793,45.119528],[25.704853,45.119527],[25.704853,45.119582],[25.704917,45.11964],[25.704854,45.119643],[25.704854,45.119643],[25.704856,45.119797],[25.704901,45.11995],[25.705159,45.120305],[25.705244,45.120335],[25.705625,45.120333],[25.705622,45.120063],[25.706003,45.12006],[25.70601,45.1206],[25.706391,45.120598],[25.706395,45.120868],[25.706398,45.121138],[25.70678,45.121135],[25.706783,45.121405],[25.707164,45.121403],[25.707168,45.121673],[25.707405,45.121672],[25.707492,45.121717],[25.707551,45.1218],[25.707556,45.122211],[25.707559,45.122481],[25.707931,45.122335],[25.7083,45.122449],[25.708654,45.122477],[25.708703,45.122464],[25.708703,45.122473],[25.709084,45.122471],[25.709183,45.12247],[25.709237,45.122574],[25.709469,45.122736],[25.709469,45.122739],[25.709473,45.122739],[25.709475,45.12274],[25.709538,45.122888],[25.709558,45.122958],[25.709556,45.123107],[25.709508,45.123209],[25.709476,45.123279],[25.709345,45.123297],[25.709208,45.12325],[25.709133,45.123141],[25.709091,45.123011],[25.708978,45.122978],[25.708837,45.122982],[25.70871,45.123013],[25.708466,45.123001],[25.708259,45.122991],[25.708213,45.12308],[25.708226,45.123155],[25.708262,45.123232],[25.708259,45.12329],[25.708185,45.123296],[25.70795,45.123288],[25.707763,45.123289],[25.707657,45.123263],[25.707568,45.123197],[25.707567,45.123103],[25.707525,45.123057],[25.707427,45.123021],[25.707322,45.123022],[25.707224,45.123003],[25.707183,45.122937],[25.707182,45.12284],[25.707158,45.122766],[25.707052,45.122739],[25.706924,45.122742],[25.7068,45.122755],[25.706756,45.122801],[25.70675,45.122896],[25.706774,45.122967],[25.706803,45.123013],[25.706817,45.123001],[25.706913,45.122925],[25.706975,45.122918],[25.707018,45.122958],[25.707213,45.123138],[25.707421,45.123346],[25.707588,45.123513],[25.707675,45.123575],[25.707678,45.123577],[25.707635,45.123609],[25.7076,45.123633],[25.707566,45.123656],[25.707529,45.123681],[25.707529,45.123681],[25.707473,45.123718],[25.707449,45.123735],[25.707607,45.123829],[25.70761,45.12383],[25.707805,45.12396],[25.707918,45.124035],[25.707956,45.124058],[25.708114,45.124241],[25.708114,45.124242],[25.708264,45.124377],[25.708268,45.124381],[25.708341,45.124459],[25.708357,45.124476],[25.708366,45.124486],[25.708377,45.124501],[25.708383,45.124512],[25.708633,45.124906],[25.708636,45.124911],[25.708712,45.124897],[25.708721,45.124922],[25.708826,45.125587],[25.708905,45.125843],[25.708917,45.12588],[25.708908,45.125888],[25.708867,45.125912],[25.708655,45.126039],[25.708618,45.126056],[25.708551,45.126088],[25.708545,45.126091],[25.70852,45.126103],[25.708365,45.126178],[25.70834,45.126187],[25.708306,45.126199],[25.708288,45.126205],[25.70827,45.126211],[25.708266,45.126213],[25.708213,45.126231],[25.708157,45.126249],[25.707948,45.126316],[25.707882,45.126338],[25.707876,45.12634],[25.707795,45.126351],[25.707738,45.12636],[25.707587,45.126381],[25.707475,45.126379],[25.707459,45.126379],[25.707372,45.126377],[25.707365,45.126377],[25.707331,45.126376],[25.707315,45.126375],[25.707308,45.126375],[25.707304,45.126375],[25.707298,45.126375],[25.707274,45.126374],[25.707112,45.126346],[25.707077,45.126341],[25.70695,45.126319],[25.706864,45.126305],[25.706823,45.126298],[25.706771,45.126288],[25.706765,45.126287],[25.706612,45.126258],[25.706549,45.126236],[25.706508,45.126219],[25.706421,45.126181],[25.706395,45.126211],[25.70639,45.126214],[25.706263,45.126308],[25.706008,45.126496]]]],"type":"MultiPolygon"},"properties":{"fid":1211.0,"UAT":"POIANA CÂMPINA","Zona":"Zona 7","R.A.P.M.":990765.0,"R.A.P.U.":1.04,"Suprafata":180509,"Perimetru":4722,"Suprafata_":18.0509,"Anul_intoc":null,"_s":{"f":"#ffab00","fo":0.6,"s":"#3388ff","so":0.6,"w":1.0,"r":5.0}}},{"type":"Feature","geometry":{"coordinates":[[[[25.694347,45.131375],[25.69432,45.131382],[25.694321,45.131472],[25.694615,45.131545],[25.694705,45.13174],[25.694957,45.13184],[25.69509,45.132008],[25.695472,45.132005],[25.695733,45.132004],[25.695779,45.131931],[25.695882,45.131958],[25.695917,45.131968],[25.695927,45.131971],[25.696175,45.13204],[25.696157,45.132077],[25.696117,45.132155],[25.696391,45.132336],[25.696568,45.132472],[25.69706,45.132768],[25.697392,45.133074],[25.697654,45.13319],[25.697777,45.133341],[25.698074,45.133435],[25.698161,45.133609],[25.698543,45.133607],[25.698539,45.133337],[25.698921,45.133334],[25.698918,45.133064],[25.698914,45.132794],[25.698151,45.132799],[25.698148,45.132529],[25.699494,45.132521],[25.699644,45.13252],[25.699674,45.13252],[25.699697,45.132474],[25.699805,45.13226],[25.699858,45.132134],[25.699993,45.131983],[25.700163,45.131972],[25.700284,45.131803],[25.700427,45.131705],[25.700486,45.131087],[25.70053,45.130914],[25.700655,45.130902],[25.700798,45.130893],[25.701179,45.13089],[25.701561,45.130888],[25.701564,45.131158],[25.701735,45.131217],[25.702086,45.131265],[25.702163,45.131293],[25.702188,45.131353],[25.701952,45.131695],[25.702118,45.131724],[25.702257,45.131715],[25.702442,45.131726],[25.702556,45.131733],[25.702654,45.131743],[25.702644,45.131838],[25.70257,45.131913],[25.702637,45.13194],[25.702718,45.131961],[25.703187,45.132026],[25.703355,45.132039],[25.703433,45.132043],[25.703485,45.132047],[25.703489,45.132091],[25.7035,45.132139],[25.703519,45.132161],[25.703649,45.132128],[25.703725,45.132082],[25.703876,45.132046],[25.704048,45.132016],[25.704178,45.132038],[25.70425,45.13207],[25.704329,45.132156],[25.70442,45.132188],[25.704524,45.13222],[25.704629,45.132219],[25.704667,45.132306],[25.704744,45.132331],[25.70508,45.132395],[25.705155,45.132426],[25.705193,45.132485],[25.705239,45.132958],[25.70533,45.133141],[25.705405,45.133294],[25.705407,45.133438],[25.705408,45.133498],[25.705506,45.133557],[25.705694,45.133562],[25.70579,45.133562],[25.706372,45.133364],[25.70665,45.133334],[25.706931,45.133285],[25.706991,45.133163],[25.707048,45.132997],[25.707071,45.132777],[25.707088,45.13263],[25.70699,45.132539],[25.706915,45.132016],[25.706873,45.131952],[25.706795,45.131935],[25.706685,45.131936],[25.7066,45.131922],[25.706551,45.131825],[25.706578,45.13167],[25.706557,45.131583],[25.706601,45.131491],[25.706436,45.131267],[25.706214,45.131126],[25.705877,45.131064],[25.705757,45.130959],[25.70568,45.130887],[25.705576,45.130863],[25.705375,45.130864],[25.705239,45.130852],[25.705109,45.130826],[25.705036,45.130652],[25.704938,45.130625],[25.704833,45.130579],[25.704685,45.130563],[25.704662,45.130333],[25.70466,45.130154],[25.70453,45.130105],[25.704221,45.130061],[25.704117,45.129904],[25.703917,45.129599],[25.703829,45.129254],[25.704204,45.128712],[25.703822,45.128714],[25.703441,45.128716],[25.703438,45.128446],[25.703056,45.128449],[25.702675,45.128451],[25.702622,45.128408],[25.702552,45.128398],[25.702474,45.128386],[25.702389,45.128379],[25.702323,45.128369],[25.702256,45.12836],[25.702081,45.128346],[25.702054,45.128346],[25.701952,45.128348],[25.701911,45.128354],[25.701877,45.128359],[25.701675,45.12839],[25.701561,45.12842],[25.701449,45.128449],[25.701416,45.128458],[25.701312,45.128466],[25.701183,45.12847],[25.701125,45.128469],[25.701039,45.128466],[25.701022,45.128464],[25.700832,45.128432],[25.700787,45.128424],[25.700732,45.128415],[25.700728,45.128414],[25.70068,45.128406],[25.700632,45.128398],[25.700495,45.128373],[25.700317,45.12834],[25.69996,45.128244],[25.699703,45.128168],[25.699636,45.128148],[25.699583,45.128132],[25.699302,45.128119],[25.699219,45.12811],[25.699219,45.12811],[25.699217,45.128114],[25.699223,45.128125],[25.699221,45.128147],[25.699273,45.128472],[25.699273,45.128472],[25.69943,45.128557],[25.699589,45.128642],[25.699794,45.128713],[25.700009,45.128737],[25.700427,45.128853],[25.700579,45.128919],[25.700775,45.129003],[25.700818,45.129062],[25.701498,45.129299],[25.701544,45.129538],[25.701547,45.129808],[25.701787,45.129916],[25.701932,45.130076],[25.701934,45.13026],[25.70203,45.130308],[25.702162,45.130344],[25.702162,45.130344],[25.702317,45.130343],[25.702314,45.130073],[25.702695,45.130071],[25.702698,45.130341],[25.70308,45.130338],[25.703297,45.130466],[25.703464,45.130606],[25.703759,45.13066],[25.70376,45.130752],[25.703716,45.130839],[25.703468,45.130876],[25.702959,45.130879],[25.702324,45.130883],[25.70232,45.130613],[25.701998,45.130615],[25.70197,45.130639],[25.701948,45.130658],[25.701917,45.130684],[25.701824,45.130763],[25.701747,45.130829],[25.701731,45.130843],[25.701715,45.130856],[25.701666,45.130824],[25.701597,45.130801],[25.701473,45.130793],[25.701426,45.130792],[25.701379,45.130792],[25.701324,45.130778],[25.701316,45.130774],[25.701297,45.130763],[25.70122,45.13072],[25.701162,45.130687],[25.701151,45.130674],[25.701114,45.130631],[25.701059,45.130709],[25.701012,45.130698],[25.700329,45.130531],[25.700145,45.130718],[25.700136,45.130714],[25.700101,45.130698],[25.699898,45.130609],[25.699773,45.130554],[25.699724,45.130532],[25.699694,45.130555],[25.699686,45.130561],[25.699638,45.130598],[25.699621,45.130612],[25.69972,45.130652],[25.699769,45.130672],[25.699813,45.130688],[25.699816,45.13071],[25.699819,45.130728],[25.699819,45.130753],[25.699819,45.130762],[25.699819,45.130762],[25.699823,45.130774],[25.699832,45.130797],[25.69984,45.130818],[25.699841,45.130821],[25.699852,45.130835],[25.699882,45.130872],[25.699864,45.130915],[25.699808,45.130988],[25.699745,45.131029],[25.699738,45.13103],[25.699723,45.131029],[25.699697,45.131044],[25.699609,45.131132],[25.699593,45.131149],[25.699573,45.131169],[25.69945,45.131293],[25.699355,45.13139],[25.699303,45.131442],[25.699248,45.131498],[25.699218,45.131527],[25.699218,45.131537],[25.699216,45.131582],[25.699214,45.131628],[25.699212,45.131664],[25.699111,45.131681],[25.699067,45.131682],[25.698959,45.131683],[25.698891,45.13168],[25.698844,45.131678],[25.698823,45.131677],[25.698692,45.131651],[25.698603,45.131624],[25.698544,45.131605],[25.698372,45.131547],[25.698312,45.131526],[25.698201,45.131488],[25.69809,45.131449],[25.698033,45.13143],[25.69802,45.131425],[25.697986,45.131411],[25.697979,45.131419],[25.697955,45.131454],[25.697825,45.131718],[25.697786,45.131762],[25.697637,45.131933],[25.697635,45.131985],[25.697631,45.13205],[25.697649,45.132178],[25.697651,45.132192],[25.697674,45.132354],[25.697641,45.13238],[25.69755,45.132451],[25.69755,45.132451],[25.697447,45.132532],[25.697365,45.132597],[25.697336,45.132583],[25.697305,45.132568],[25.697151,45.132493],[25.697151,45.132493],[25.697057,45.13248],[25.696928,45.132355],[25.696932,45.132352],[25.696907,45.132331],[25.696845,45.132282],[25.696799,45.132245],[25.696753,45.132208],[25.696727,45.132178],[25.69651,45.131938],[25.696475,45.131902],[25.696426,45.13184],[25.696451,45.131829],[25.696477,45.131818],[25.69647,45.131745],[25.696486,45.131736],[25.696502,45.131728],[25.696526,45.131716],[25.696588,45.1317],[25.696635,45.131691],[25.696643,45.131687],[25.696407,45.131576],[25.696405,45.131583],[25.696391,45.131639],[25.696279,45.131662],[25.69624,45.131667],[25.696078,45.1317],[25.695888,45.131719],[25.695805,45.13169],[25.695747,45.131679],[25.695719,45.131674],[25.69562,45.131649],[25.695541,45.131633],[25.695432,45.131592],[25.695374,45.131592],[25.695325,45.131592],[25.695302,45.131588],[25.69524,45.13158],[25.695221,45.131578],[25.6952,45.131575],[25.695118,45.131564],[25.695013,45.131544],[25.694869,45.131505],[25.69471,45.131456],[25.694638,45.131434],[25.694508,45.131398],[25.694424,45.131377],[25.694347,45.131375]]]],"type":"MultiPolygon"},"properties":{"fid":1212.0,"UAT":"POIANA CÂMPINA","Zona":"Zona 4","R.A.P.M.":920250.0,"R.A.P.U.":0.8,"Suprafata":173540,"Perimetru":4626,"Suprafata_":17.354,"Anul_intoc":null,"_s":{"f":"#ffab00","fo":0.6,"s":"#3388ff","so":0.6,"w":1.0,"r":5.0}}},{"type":"Feature","geometry":{"coordinates":[[[[25.695372,45.129811],[25.695281,45.129777],[25.695208,45.129764],[25.695084,45.129784],[25.69483,45.129812],[25.694682,45.12985],[25.694646,45.129934],[25.694621,45.130106],[25.69459,45.130283],[25.694504,45.130377],[25.694379,45.130383],[25.69413,45.130394],[25.694053,45.130467],[25.694365,45.130684],[25.694442,45.130738],[25.694517,45.130688],[25.694622,45.130696],[25.694702,45.130819],[25.694718,45.130844],[25.694747,45.130888],[25.694747,45.130888],[25.694931,45.130939],[25.695316,45.131044],[25.695379,45.13088],[25.695216,45.130845],[25.695272,45.130756],[25.695309,45.130699],[25.695309,45.130698],[25.695318,45.130671],[25.69532,45.130664],[25.695429,45.130595],[25.695454,45.13058],[25.695463,45.130574],[25.695498,45.130552],[25.695512,45.130539],[25.695553,45.130497],[25.695555,45.130495],[25.695586,45.130464],[25.695594,45.130456],[25.69562,45.13043],[25.69564,45.130429],[25.695712,45.130433],[25.695792,45.130274],[25.695744,45.130264],[25.695671,45.130249],[25.69557,45.130208],[25.695469,45.130128],[25.69546,45.130109],[25.695397,45.129986],[25.695373,45.129939],[25.695345,45.129885],[25.695372,45.129811]]]],"type":"MultiPolygon"},"properties":{"fid":1207.0,"UAT":"POIANA CÂMPINA","Zona":"Zona 5","R.A.P.M.":78442.0,"R.A.P.U.":0.07,"Suprafata":9611,"Perimetru":472,"Suprafata_":0.9611,"Anul_intoc":null,"_s":{"f":"#ffab00","fo":0.6,"s":"#3388ff","so":0.6,"w":1.0,"r":5.0}}},{"type":"Feature","geometry":{"coordinates":[[[[25.693903,45.140994],[25.693931,45.141195],[25.693932,45.141285],[25.693805,45.141286],[25.693806,45.141376],[25.693807,45.141466],[25.693987,45.141555],[25.694022,45.141779],[25.694067,45.141914],[25.694321,45.141912],[25.694322,45.142002],[25.694754,45.141995],[25.69477,45.141937],[25.694829,45.141897],[25.694828,45.141729],[25.694903,45.141604],[25.694987,45.141529],[25.69509,45.141394],[25.694815,45.141361],[25.694604,45.141348],[25.694609,45.141061],[25.694596,45.140993],[25.6944,45.140874],[25.694365,45.140659],[25.694398,45.140573],[25.694376,45.140379],[25.694272,45.140324],[25.694166,45.140311],[25.694069,45.140351],[25.693745,45.140428],[25.693842,45.140602],[25.693803,45.140703],[25.693832,45.140783],[25.693903,45.140994]]]],"type":"MultiPolygon"},"properties":{"fid":1206.0,"UAT":"POIANA CÂMPINA","Zona":"Zona 1","R.A.P.M.":160424.0,"R.A.P.U.":0.18,"Suprafata":10436,"Perimetru":533,"Suprafata_":1.0436,"Anul_intoc":null,"_s":{"f":"#ffab00","fo":0.6,"s":"#3388ff","so":0.6,"w":1.0,"r":5.0}}},{"type":"Feature","geometry":{"coordinates":[[[[25.707269,45.142231],[25.70793,45.142413],[25.708878,45.141777],[25.708872,45.141311],[25.707269,45.142231]]]],"type":"MultiPolygon"},"properties":{"fid":405.0,"UAT":"CORNU","Zona":"zona_16","R.A.P.M.":null,"R.A.P.U.":null,"Suprafata":5886,"Perimetru":373,"Suprafata_":0.5886,"Anul_intoc":null,"_s":{"f":"#ffab00","fo":0.6,"s":"#3388ff","so":0.6,"w":1.0,"r":5.0}}},{"type":"Feature","geometry":{"coordinates":[[[[25.710444,45.143097],[25.711032,45.142674],[25.711127,45.142347],[25.710356,45.141325],[25.709895,45.141398],[25.710444,45.143097]]]],"type":"MultiPolygon"},"properties":{"fid":404.0,"UAT":"CORNU","Zona":"zona_15","R.A.P.M.":null,"R.A.P.U.":null,"Suprafata":9837,"Perimetru":463,"Suprafata_":0.9837,"Anul_intoc":null,"_s":{"f":"#ffab00","fo":0.6,"s":"#3388ff","so":0.6,"w":1.0,"r":5.0}}},{"type":"Feature","geometry":{"coordinates":[[[[25.704136,45.150135],[25.704499,45.15011],[25.704444,45.148361],[25.704634,45.147729],[25.704923,45.147121],[25.705311,45.146512],[25.705288,45.144693],[25.704635,45.145187],[25.704057,45.146403],[25.703902,45.147174],[25.703947,45.148177],[25.704136,45.150135]]]],"type":"MultiPolygon"},"properties":{"fid":401.0,"UAT":"CORNU","Zona":"zona_12","R.A.P.M.":null,"R.A.P.U.":null,"Suprafata":33246,"Perimetru":1276,"Suprafata_":3.3246,"Anul_intoc":null,"_s":{"f":"#ffab00","fo":0.6,"s":"#3388ff","so":0.6,"w":1.0,"r":5.0}}},{"type":"Feature","geometry":{"coordinates":[[[[25.700589,45.145865],[25.702265,45.145458],[25.703418,45.145427],[25.704036,45.144747],[25.700978,45.145349],[25.700589,45.145865]]]],"type":"MultiPolygon"},"properties":{"fid":400.0,"UAT":"CORNU","Zona":"zona_11","R.A.P.M.":null,"R.A.P.U.":null,"Suprafata":11268,"Perimetru":635,"Suprafata_":1.1268,"Anul_intoc":null,"_s":{"f":"#ffab00","fo":0.6,"s":"#3388ff","so":0.6,"w":1.0,"r":5.0}}},{"type":"Feature","geometry":{"coordinates":[[[[25.705255,45.147329],[25.705618,45.147303],[25.705908,45.146812],[25.70696,45.146525],[25.708031,45.145235],[25.707764,45.144934],[25.706715,45.145454],[25.705641,45.146533],[25.705255,45.147329]]]],"type":"MultiPolygon"},"properties":{"fid":402.0,"UAT":"CORNU","Zona":"zona_13","R.A.P.M.":null,"R.A.P.U.":null,"Suprafata":18320,"Perimetru":723,"Suprafata_":1.832,"Anul_intoc":null,"_s":{"f":"#ffab00","fo":0.6,"s":"#3388ff","so":0.6,"w":1.0,"r":5.0}}},{"type":"Feature","geometry":{"coordinates":[[[[25.711698,45.145819],[25.712926,45.146465],[25.71381,45.146039],[25.713337,45.145109],[25.711698,45.145819]]]],"type":"MultiPolygon"},"properties":{"fid":403.0,"UAT":"CORNU","Zona":"zona_14","R.A.P.M.":null,"R.A.P.U.":null,"Suprafata":12907,"Perimetru":465,"Suprafata_":1.2907,"Anul_intoc":null,"_s":{"f":"#ffab00","fo":0.6,"s":"#3388ff","so":0.6,"w":1.0,"r":5.0}}},{"type":"Feature","geometry":{"coordinates":[[[[25.697748,45.148099],[25.698343,45.148212],[25.699479,45.146782],[25.699244,45.146456],[25.69799,45.146324],[25.697765,45.146769],[25.697748,45.148099]]]],"type":"MultiPolygon"},"properties":{"fid":399.0,"UAT":"CORNU","Zona":"zona_10","R.A.P.M.":null,"R.A.P.U.":null,"Suprafata":19227,"Perimetru":571,"Suprafata_":1.9227,"Anul_intoc":null,"_s":{"f":"#ffab00","fo":0.6,"s":"#3388ff","so":0.6,"w":1.0,"r":5.0}}},{"type":"Feature","geometry":{"coordinates":[[[[25.71517,45.150964],[25.715588,45.150648],[25.716321,45.150195],[25.717045,45.149011],[25.718651,45.149225],[25.718805,45.149717],[25.719247,45.149594],[25.720105,45.149022],[25.719224,45.147773],[25.717382,45.147291],[25.717455,45.148112],[25.716747,45.148878],[25.716367,45.148806],[25.714841,45.150026],[25.71517,45.150964]]]],"type":"MultiPolygon"},"properties":{"fid":398.0,"UAT":"CORNU","Zona":"zona_9","R.A.P.M.":null,"R.A.P.U.":null,"Suprafata":56470,"Perimetru":1405,"Suprafata_":5.647,"Anul_intoc":null,"_s":{"f":"#ffab00","fo":0.6,"s":"#3388ff","so":0.6,"w":1.0,"r":5.0}}},{"type":"Feature","geometry":{"coordinates":[[[[25.700159,45.151117],[25.700413,45.150322],[25.699616,45.149814],[25.699673,45.14909],[25.699994,45.148458],[25.699758,45.147993],[25.6996,45.148577],[25.699413,45.149441],[25.699526,45.150584],[25.700159,45.151117]]]],"type":"MultiPolygon"},"properties":{"fid":406.0,"UAT":"CORNU","Zona":"zona_17","R.A.P.M.":null,"R.A.P.U.":null,"Suprafata":9766,"Perimetru":753,"Suprafata_":0.9766,"Anul_intoc":null,"_s":{"f":"#ffab00","fo":0.6,"s":"#3388ff","so":0.6,"w":1.0,"r":5.0}}},{"type":"Feature","geometry":{"coordinates":[[[[25.723994,45.154418],[25.725422,45.152228],[25.724761,45.151725],[25.723629,45.150642],[25.724861,45.149604],[25.722513,45.149185],[25.720657,45.149257],[25.720538,45.149915],[25.719681,45.150562],[25.719873,45.150681],[25.723082,45.15078],[25.724443,45.151607],[25.72437,45.152504],[25.722076,45.152967],[25.72242,45.153502],[25.722973,45.153812],[25.723566,45.153958],[25.723994,45.154418]]]],"type":"MultiPolygon"},"properties":{"fid":397.0,"UAT":"CORNU","Zona":"zona_8","R.A.P.M.":null,"R.A.P.U.":null,"Suprafata":86107,"Perimetru":2086,"Suprafata_":8.6107,"Anul_intoc":null,"_s":{"f":"#ffab00","fo":0.6,"s":"#3388ff","so":0.6,"w":1.0,"r":5.0}}},{"type":"Feature","geometry":{"coordinates":[[[[25.696227,45.163836],[25.695883,45.163361],[25.695371,45.162886],[25.694948,45.162829],[25.694254,45.163012],[25.694521,45.162428],[25.694872,45.161814],[25.695452,45.160869],[25.695733,45.159732],[25.695347,45.159212],[25.694982,45.158751],[25.695087,45.158631],[25.695401,45.158435],[25.695757,45.158209],[25.696071,45.157983],[25.696342,45.157742],[25.696361,45.157593],[25.696273,45.15725],[25.696186,45.157056],[25.695973,45.156863],[25.69607,45.156221],[25.696637,45.155963],[25.697028,45.153452],[25.697326,45.151942],[25.697444,45.151224],[25.697715,45.150939],[25.697733,45.150685],[25.697542,45.150581],[25.69712,45.150644],[25.69683,45.151079],[25.696669,45.151737],[25.696477,45.153246],[25.695983,45.154235],[25.695776,45.154595],[25.695567,45.154745],[25.695359,45.15506],[25.694865,45.156064],[25.69462,45.156722],[25.694273,45.15771],[25.694065,45.15798],[25.694013,45.158877],[25.694021,45.159504],[25.693988,45.160296],[25.693677,45.160731],[25.693368,45.161375],[25.69306,45.162049],[25.692874,45.162408],[25.693179,45.163183],[25.696227,45.163836]]]],"type":"MultiPolygon"},"properties":{"fid":393.0,"UAT":"CORNU","Zona":"zona_4","R.A.P.M.":null,"R.A.P.U.":null,"Suprafata":152956,"Perimetru":3469,"Suprafata_":15.2956,"Anul_intoc":null,"_s":{"f":"#ffab00","fo":0.6,"s":"#3388ff","so":0.6,"w":1.0,"r":5.0}}},{"type":"Feature","geometry":{"coordinates":[[[[25.711447,45.170492],[25.712739,45.16917],[25.713885,45.167983],[25.71401,45.167848],[25.714348,45.167846],[25.714961,45.167872],[25.715402,45.167734],[25.715925,45.167373],[25.716112,45.167088],[25.716463,45.166503],[25.716732,45.166038],[25.717021,45.165514],[25.717311,45.165079],[25.717705,45.164494],[25.718366,45.163414],[25.718612,45.162801],[25.718647,45.162263],[25.718872,45.161694],[25.719181,45.16102],[25.719449,45.160525],[25.719884,45.15988],[25.720359,45.159056],[25.72044,45.158787],[25.720624,45.158322],[25.720958,45.158022],[25.721376,45.157705],[25.721792,45.157195],[25.721864,45.156254],[25.721417,45.155913],[25.7212,45.155481],[25.720486,45.15574],[25.71926,45.155628],[25.718973,45.156272],[25.718684,45.156796],[25.716553,45.158572],[25.715647,45.16037],[25.71728,45.160987],[25.717613,45.160582],[25.717648,45.160029],[25.717682,45.159401],[25.717892,45.159266],[25.718588,45.159246],[25.718885,45.159364],[25.718869,45.159782],[25.718227,45.160697],[25.717624,45.161433],[25.716918,45.162363],[25.716702,45.163709],[25.716518,45.164143],[25.716248,45.164488],[25.716191,45.164966],[25.716138,45.165803],[25.715071,45.166572],[25.714212,45.16713],[25.713622,45.167223],[25.71298,45.168213],[25.712292,45.168874],[25.711457,45.169641],[25.711447,45.170492]]]],"type":"MultiPolygon"},"properties":{"fid":396.0,"UAT":"CORNU","Zona":"zona_7","R.A.P.M.":null,"R.A.P.U.":null,"Suprafata":250687,"Perimetru":4604,"Suprafata_":25.0687,"Anul_intoc":null,"_s":{"f":"#ffab00","fo":0.6,"s":"#3388ff","so":0.6,"w":1.0,"r":5.0}}},{"type":"Feature","geometry":{"coordinates":[[[[25.688369,45.160339],[25.689062,45.160458],[25.689088,45.160422],[25.689113,45.160327],[25.68915,45.160332],[25.68915,45.160331],[25.689363,45.16033],[25.689438,45.16014],[25.689536,45.159902],[25.689694,45.159557],[25.689814,45.159235],[25.690077,45.158444],[25.69032,45.157872],[25.690405,45.157641],[25.690594,45.157226],[25.690653,45.157089],[25.690216,45.156795],[25.689901,45.156605],[25.690008,45.156192],[25.690356,45.156177],[25.690356,45.156177],[25.690363,45.155943],[25.690364,45.155943],[25.690364,45.155943],[25.690402,45.155942],[25.690578,45.155938],[25.690619,45.155807],[25.690429,45.15585],[25.69037,45.155888],[25.689938,45.156164],[25.688594,45.157067],[25.689135,45.157499],[25.689071,45.157705],[25.688978,45.157918],[25.688729,45.158169],[25.688359,45.159514],[25.688369,45.160339]]]],"type":"MultiPolygon"},"properties":{"fid":932.0,"UAT":"BREAZA","Zona":"Zona 9","R.A.P.M.":null,"R.A.P.U.":null,"Suprafata":233699,"Perimetru":5377,"Suprafata_":23.3699,"Anul_intoc":null,"_s":{"f":"#ffab00","fo":0.6,"s":"#3388ff","so":0.6,"w":1.0,"r":5.0}}},{"type":"Feature","geometry":{"coordinates":[[[[25.71269,45.16693],[25.713591,45.166432],[25.714221,45.166159],[25.71447,45.165829],[25.714572,45.165499],[25.714801,45.165289],[25.715178,45.165033],[25.71545,45.164807],[25.715721,45.164536],[25.715972,45.164341],[25.716138,45.164116],[25.716157,45.163981],[25.716154,45.163712],[25.716336,45.163114],[25.714316,45.163619],[25.713551,45.163236],[25.713273,45.162969],[25.713162,45.162551],[25.713008,45.161985],[25.712771,45.161643],[25.711797,45.161425],[25.711364,45.160531],[25.712933,45.159446],[25.713729,45.158934],[25.714082,45.158438],[25.714891,45.157328],[25.71352,45.157382],[25.713029,45.158654],[25.712173,45.159436],[25.711563,45.159574],[25.711257,45.160428],[25.710224,45.160524],[25.710081,45.160898],[25.70962,45.161214],[25.709266,45.161575],[25.709144,45.161919],[25.710811,45.161909],[25.711097,45.162848],[25.710491,45.16333],[25.709879,45.165006],[25.708468,45.165284],[25.709889,45.165798],[25.70778,45.166005],[25.707762,45.166214],[25.709158,45.166429],[25.70981,45.166276],[25.710802,45.166225],[25.71269,45.16693]]]],"type":"MultiPolygon"},"properties":{"fid":395.0,"UAT":"CORNU","Zona":"zona_6","R.A.P.M.":null,"R.A.P.U.":null,"Suprafata":237938,"Perimetru":3735,"Suprafata_":23.7938,"Anul_intoc":null,"_s":{"f":"#ffab00","fo":0.6,"s":"#3388ff","so":0.6,"w":1.0,"r":5.0}}},{"type":"Feature","geometry":{"coordinates":[[[[25.688517,45.172507],[25.688964,45.172734],[25.689355,45.172876],[25.689948,45.172951],[25.690263,45.172936],[25.690673,45.173091],[25.691454,45.173414],[25.692198,45.173606],[25.692532,45.173669],[25.693314,45.174005],[25.693594,45.17416],[25.693965,45.17425],[25.694429,45.17426],[25.694965,45.174152],[25.695314,45.173914],[25.695479,45.173808],[25.695775,45.17382],[25.696314,45.173934],[25.696611,45.173959],[25.696851,45.173892],[25.697127,45.173785],[25.697273,45.173561],[25.697289,45.173352],[25.69738,45.17322],[25.697396,45.173076],[25.697821,45.172929],[25.69841,45.172677],[25.699183,45.172252],[25.699772,45.171948],[25.700052,45.17209],[25.700498,45.172218],[25.700776,45.172216],[25.701108,45.172123],[25.701234,45.171834],[25.70125,45.171637],[25.701415,45.171479],[25.701802,45.171372],[25.702042,45.171305],[25.702414,45.171394],[25.702843,45.171614],[25.703179,45.171848],[25.703163,45.172058],[25.703293,45.172083],[25.703589,45.172042],[25.703979,45.172092],[25.704201,45.172104],[25.704368,45.172102],[25.704627,45.172127],[25.704906,45.172204],[25.704831,45.172087],[25.704809,45.171864],[25.704864,45.171772],[25.705289,45.171704],[25.705492,45.171689],[25.705743,45.172487],[25.706368,45.172051],[25.706155,45.171345],[25.705408,45.170825],[25.704733,45.1702],[25.704067,45.170296],[25.703505,45.169763],[25.703573,45.16929],[25.703769,45.168608],[25.704131,45.167951],[25.704844,45.167226],[25.703101,45.16704],[25.702662,45.166021],[25.70172,45.16621],[25.701253,45.165859],[25.700414,45.165432],[25.700248,45.165498],[25.700688,45.166609],[25.701061,45.166869],[25.701363,45.167273],[25.701684,45.167795],[25.702121,45.168671],[25.700142,45.168906],[25.700034,45.169155],[25.700334,45.169481],[25.701079,45.169804],[25.700192,45.169953],[25.699102,45.170196],[25.698381,45.170318],[25.697645,45.170716],[25.696985,45.171244],[25.696773,45.17059],[25.696544,45.170002],[25.696095,45.169703],[25.695603,45.171803],[25.696014,45.172102],[25.697116,45.172829],[25.696915,45.173066],[25.695614,45.172759],[25.694469,45.171522],[25.693953,45.171761],[25.692527,45.171717],[25.692549,45.172018],[25.691139,45.171883],[25.690432,45.171625],[25.69067,45.171388],[25.690051,45.170684],[25.690959,45.167743],[25.691084,45.16735],[25.691398,45.167217],[25.691433,45.167072],[25.691561,45.166993],[25.691668,45.166599],[25.691963,45.166519],[25.692689,45.165256],[25.692366,45.164643],[25.692917,45.164233],[25.693641,45.164386],[25.692873,45.165164],[25.692824,45.16574],[25.694651,45.165218],[25.69719,45.16536],[25.697125,45.164561],[25.696069,45.164528],[25.695157,45.164154],[25.694581,45.164],[25.693633,45.163744],[25.692593,45.163462],[25.6923,45.163739],[25.69208,45.163963],[25.691697,45.164476],[25.691314,45.164898],[25.690838,45.165412],[25.690439,45.166069],[25.690222,45.166477],[25.68984,45.167082],[25.689423,45.167818],[25.689045,45.168725],[25.688762,45.169827],[25.688588,45.170758],[25.688501,45.171242],[25.688517,45.172507]]]],"type":"MultiPolygon"},"properties":{"fid":392.0,"UAT":"CORNU","Zona":"zona_3","R.A.P.M.":null,"R.A.P.U.":null,"Suprafata":532518,"Perimetru":8380,"Suprafata_":53.2518,"Anul_intoc":null,"_s":{"f":"#ffab00","fo":0.6,"s":"#3388ff","so":0.6,"w":1.0,"r":5.0}}},{"type":"Feature","geometry":{"coordinates":[[[[25.705558,45.167243],[25.707183,45.167174],[25.707087,45.166278],[25.70622,45.166134],[25.705965,45.166001],[25.705776,45.166077],[25.705558,45.167243]]]],"type":"MultiPolygon"},"properties":{"fid":394.0,"UAT":"CORNU","Zona":"zona_5","R.A.P.M.":null,"R.A.P.U.":null,"Suprafata":13510,"Perimetru":470,"Suprafata_":1.351,"Anul_intoc":null,"_s":{"f":"#ffab00","fo":0.6,"s":"#3388ff","so":0.6,"w":1.0,"r":5.0}}},{"type":"Feature","geometry":{"coordinates":[[[[25.68875,45.191747],[25.689304,45.191534],[25.689949,45.191294],[25.690205,45.191031],[25.690923,45.19062],[25.691385,45.190525],[25.691441,45.190551],[25.691453,45.189975],[25.691708,45.189633],[25.691186,45.189374],[25.691222,45.189282],[25.690307,45.188685],[25.690839,45.188262],[25.690668,45.187936],[25.688697,45.187378],[25.68875,45.191747]]]],"type":"MultiPolygon"},"properties":{"fid":390.0,"UAT":"CORNU","Zona":"zona_1","R.A.P.M.":null,"R.A.P.U.":null,"Suprafata":431128,"Perimetru":4498,"Suprafata_":43.1128,"Anul_intoc":null,"_s":{"f":"#ffab00","fo":0.6,"s":"#3388ff","so":0.6,"w":1.0,"r":5.0}}},{"type":"Feature","geometry":{"coordinates":[[[[25.697444,45.137326],[25.697422,45.135503],[25.697415,45.134963],[25.69727,45.134934],[25.697158,45.134885],[25.697148,45.13485],[25.697128,45.134783],[25.697147,45.134698],[25.69703,45.134597],[25.696877,45.134554],[25.69662,45.134439],[25.696642,45.134158],[25.696544,45.133972],[25.696389,45.13377],[25.696529,45.133437],[25.696549,45.133352],[25.696406,45.13316],[25.696188,45.132851],[25.695919,45.132773],[25.695916,45.13275],[25.695904,45.132762],[25.695771,45.132895],[25.695771,45.132895],[25.696107,45.133225],[25.695944,45.133461],[25.696052,45.133625],[25.696035,45.133656],[25.696028,45.133679],[25.695991,45.133807],[25.696003,45.133934],[25.696021,45.134012],[25.696038,45.134091],[25.696046,45.134107],[25.696097,45.134209],[25.696109,45.134233],[25.69614,45.134251],[25.696155,45.134316],[25.696167,45.134369],[25.696178,45.134414],[25.696182,45.134434],[25.696231,45.134478],[25.696237,45.134486],[25.696445,45.134772],[25.696529,45.134748],[25.696623,45.134764],[25.696628,45.134765],[25.696642,45.13479],[25.696933,45.135202],[25.696984,45.135286],[25.696989,45.135301],[25.697022,45.135389],[25.69706,45.135492],[25.697079,45.135626],[25.697079,45.135626],[25.697098,45.135696],[25.69709,45.135706],[25.697097,45.135759],[25.697106,45.13582],[25.697054,45.135849],[25.696898,45.135935],[25.696898,45.135935],[25.696856,45.135986],[25.696845,45.136028],[25.696807,45.136179],[25.69677,45.136224],[25.696764,45.136231],[25.696718,45.13624],[25.696646,45.136255],[25.696598,45.136259],[25.696456,45.136271],[25.696456,45.136271],[25.696287,45.13632],[25.696486,45.136939],[25.696558,45.137669],[25.696685,45.137668],[25.697153,45.137665],[25.697391,45.137962],[25.697458,45.138473],[25.697334,45.138474],[25.697224,45.138443],[25.697114,45.138305],[25.697073,45.138206],[25.697002,45.138119],[25.696782,45.137986],[25.696689,45.137938],[25.696307,45.13794],[25.696253,45.13796],[25.696257,45.137975],[25.696257,45.137976],[25.696278,45.138014],[25.696202,45.138054],[25.696094,45.138212],[25.696094,45.138212],[25.696132,45.138405],[25.696202,45.138453],[25.696314,45.13848],[25.696695,45.138478],[25.696699,45.138748],[25.697038,45.138776],[25.697296,45.139132],[25.697341,45.139284],[25.697683,45.139282],[25.697758,45.139302],[25.697817,45.139395],[25.697806,45.139472],[25.697751,45.139551],[25.697471,45.139553],[25.697475,45.139823],[25.697325,45.14004],[25.697308,45.140089],[25.697233,45.140086],[25.697158,45.140082],[25.697095,45.139989],[25.697093,45.139825],[25.69709,45.139556],[25.696708,45.139558],[25.696619,45.139707],[25.696598,45.139837],[25.696668,45.140146],[25.696754,45.140345],[25.69688,45.140368],[25.6971,45.140365],[25.697466,45.140363],[25.697478,45.140369],[25.697598,45.140348],[25.697842,45.140029],[25.698035,45.139841],[25.698265,45.139548],[25.698616,45.139546],[25.698997,45.139544],[25.698994,45.139274],[25.698984,45.138464],[25.698603,45.138466],[25.6986,45.138286],[25.698096,45.138348],[25.697936,45.138332],[25.697877,45.138253],[25.697779,45.137721],[25.697779,45.137719],[25.697778,45.137718],[25.697775,45.1377],[25.69772,45.137606],[25.69747,45.137359],[25.697444,45.137326]]]],"type":"MultiPolygon"},"properties":{"fid":1213.0,"UAT":"POIANA CÂMPINA","Zona":"Zona 2","R.A.P.M.":176808.0,"R.A.P.U.":0.17,"Suprafata":59655,"Perimetru":2609,"Suprafata_":5.9655,"Anul_intoc":null,"_s":{"f":"#ffab00","fo":0.6,"s":"#3388ff","so":0.6,"w":1.0,"r":5.0}}},{"type":"Feature","geometry":{"coordinates":[[[[25.702245,45.13477],[25.702374,45.134933],[25.702755,45.134931],[25.702762,45.13547],[25.702763,45.135596],[25.702715,45.135668],[25.702621,45.135716],[25.702296,45.135728],[25.702002,45.135745],[25.701795,45.135746],[25.701449,45.135749],[25.701333,45.135706],[25.701237,45.135582],[25.701236,45.13548],[25.700585,45.13548],[25.700517,45.135428],[25.700489,45.135376],[25.700514,45.135207],[25.700507,45.135135],[25.700424,45.135064],[25.700085,45.134947],[25.699139,45.134872],[25.69913,45.135005],[25.699179,45.135124],[25.699261,45.135234],[25.699327,45.135312],[25.69963,45.135476],[25.699868,45.135523],[25.700058,45.135579],[25.700307,45.135873],[25.700353,45.136025],[25.70037,45.136025],[25.70027,45.136283],[25.700178,45.136533],[25.699963,45.13655],[25.699724,45.136569],[25.699693,45.136694],[25.699762,45.136804],[25.699891,45.136838],[25.70002,45.136869],[25.70011,45.136965],[25.700124,45.137051],[25.700112,45.137107],[25.699857,45.137108],[25.699834,45.137192],[25.699829,45.137288],[25.699861,45.137378],[25.700115,45.137377],[25.700496,45.137374],[25.700495,45.137236],[25.700572,45.13712],[25.700727,45.137103],[25.700849,45.137061],[25.700873,45.13695],[25.700914,45.136873],[25.70111,45.136831],[25.701253,45.13683],[25.701507,45.136828],[25.701462,45.136679],[25.701392,45.13658],[25.701391,45.136492],[25.70143,45.13641],[25.701834,45.136177],[25.701871,45.136142],[25.702402,45.136107],[25.702769,45.136087],[25.702776,45.136176],[25.702804,45.136258],[25.702953,45.136279],[25.703102,45.136318],[25.703155,45.136399],[25.7032,45.136514],[25.70341,45.136546],[25.704128,45.136542],[25.704243,45.136479],[25.704288,45.136359],[25.704277,45.13621],[25.704264,45.136033],[25.704304,45.135937],[25.704592,45.135724],[25.704811,45.135353],[25.704801,45.135046],[25.704908,45.134955],[25.705044,45.134916],[25.705136,45.134752],[25.705189,45.134665],[25.705199,45.134382],[25.70511,45.134311],[25.704947,45.134249],[25.704736,45.134227],[25.704574,45.134271],[25.704373,45.134445],[25.704309,45.134527],[25.704179,45.134619],[25.704048,45.134635],[25.703935,45.134625],[25.703895,45.134563],[25.703893,45.134383],[25.703891,45.134251],[25.703848,45.134136],[25.703719,45.134115],[25.703576,45.134081],[25.703506,45.133932],[25.703505,45.133846],[25.703362,45.13378],[25.703213,45.133762],[25.70312,45.133578],[25.703013,45.133565],[25.702919,45.133552],[25.702738,45.133581],[25.702739,45.133669],[25.702726,45.133789],[25.702631,45.133842],[25.702503,45.133852],[25.701954,45.133836],[25.701717,45.133852],[25.701514,45.133911],[25.701353,45.133979],[25.701219,45.13413],[25.70118,45.134282],[25.701181,45.13433],[25.701223,45.1344],[25.701392,45.13442],[25.701604,45.134398],[25.701986,45.134395],[25.701987,45.134535],[25.701862,45.13463],[25.701607,45.134668],[25.701226,45.13467],[25.700845,45.134672],[25.700848,45.134942],[25.701992,45.134935],[25.702007,45.13483],[25.702147,45.13478],[25.702245,45.13477]]]],"type":"MultiPolygon"},"properties":{"fid":1214.0,"UAT":"POIANA CÂMPINA","Zona":"Zona 3","R.A.P.M.":210300.0,"R.A.P.U.":0.21,"Suprafata":83706,"Perimetru":2441,"Suprafata_":8.3706,"Anul_intoc":null,"_s":{"f":"#ffab00","fo":0.6,"s":"#3388ff","so":0.6,"w":1.0,"r":5.0}}},{"type":"Feature","geometry":{"coordinates":[[[[25.687826,45.115534],[25.6884,45.115567],[25.688743,45.115634],[25.688794,45.116116],[25.689069,45.116254],[25.689188,45.116353],[25.68939,45.116383],[25.689513,45.11644],[25.689562,45.116513],[25.689627,45.116606],[25.689797,45.11665],[25.689901,45.116694],[25.689946,45.116757],[25.689948,45.116919],[25.690319,45.116917],[25.690296,45.116718],[25.690253,45.116613],[25.690189,45.116545],[25.690225,45.116563],[25.690262,45.116581],[25.690284,45.116584],[25.690347,45.116572],[25.690406,45.116534],[25.690528,45.116415],[25.690573,45.116375],[25.690398,45.116325],[25.69032,45.116155],[25.690312,45.116141],[25.690293,45.116107],[25.6901,45.116108],[25.689991,45.116055],[25.689937,45.115973],[25.689935,45.115839],[25.689543,45.115758],[25.689314,45.115426],[25.689297,45.115335],[25.689697,45.115351],[25.689929,45.115362],[25.689932,45.115569],[25.690313,45.115567],[25.690694,45.115565],[25.690697,45.115811],[25.690838,45.115561],[25.691255,45.115632],[25.691318,45.115606],[25.691431,45.115498],[25.691447,45.115409],[25.69145,45.115389],[25.691471,45.115266],[25.691369,45.11526],[25.691115,45.114909],[25.691276,45.114804],[25.691448,45.114603],[25.691495,45.11448],[25.691825,45.114478],[25.691828,45.114748],[25.692591,45.114743],[25.692594,45.115013],[25.692689,45.115012],[25.692686,45.114941],[25.692694,45.114828],[25.692775,45.114763],[25.692813,45.114742],[25.692768,45.114699],[25.692883,45.114509],[25.692944,45.114409],[25.692999,45.114319],[25.693005,45.114312],[25.693012,45.114304],[25.693026,45.114288],[25.692924,45.114228],[25.692907,45.114218],[25.692866,45.114188],[25.692778,45.114122],[25.692732,45.114092],[25.692717,45.114069],[25.692582,45.114023],[25.692059,45.114304],[25.69189,45.113886],[25.691816,45.113758],[25.691815,45.113691],[25.69178,45.113668],[25.691434,45.11367],[25.691053,45.113672],[25.69105,45.113492],[25.690713,45.113615],[25.690671,45.113675],[25.690545,45.113765],[25.690255,45.113816],[25.690252,45.113819],[25.690627,45.113979],[25.690678,45.114215],[25.691044,45.114212],[25.690932,45.114352],[25.690695,45.114647],[25.690691,45.114755],[25.690684,45.114755],[25.690691,45.115295],[25.690175,45.115298],[25.690126,45.115174],[25.690033,45.11508],[25.689925,45.115029],[25.689544,45.115032],[25.689544,45.115032],[25.689504,45.115032],[25.689163,45.115059],[25.689046,45.115076],[25.688993,45.115095],[25.688782,45.115126],[25.688563,45.115128],[25.688401,45.115129],[25.68798,45.115092],[25.687972,45.115092],[25.687969,45.115091],[25.687821,45.115078],[25.687826,45.115534]]]],"type":"MultiPolygon"},"properties":{"fid":1215.0,"UAT":"POIANA CÂMPINA","Zona":"Zona 6","R.A.P.M.":192790.0,"R.A.P.U.":0.15,"Suprafata":55588,"Perimetru":2736,"Suprafata_":5.5588,"Anul_intoc":null,"_s":{"f":"#ffab00","fo":0.6,"s":"#3388ff","so":0.6,"w":1.0,"r":5.0}}},{"type":"Feature","geometry":{"coordinates":[[[[25.687779,45.111662],[25.687796,45.111662],[25.688868,45.111449],[25.689148,45.111121],[25.688012,45.111133],[25.687908,45.111362],[25.687776,45.111373],[25.687779,45.111662]]]],"type":"MultiPolygon"},"properties":{"fid":1628.0,"UAT":"PROVIŢA DE JOS","Zona":"Zona 11","R.A.P.M.":51219.0,"R.A.P.U.":0.02,"Suprafata":10607,"Perimetru":738,"Suprafata_":1.0607,"Anul_intoc":null,"_s":{"f":"#ffab00","fo":0.6,"s":"#3388ff","so":0.6,"w":1.0,"r":5.0}}},{"type":"Feature","geometry":{"coordinates":[[[[25.695895,45.102996],[25.695902,45.103536],[25.695833,45.103852],[25.695909,45.104076],[25.695975,45.104119],[25.696206,45.104292],[25.69622,45.104342],[25.696366,45.104852],[25.696745,45.105112],[25.696902,45.105168],[25.696926,45.105154],[25.696967,45.105129],[25.696908,45.105091],[25.696745,45.104987],[25.696648,45.104786],[25.696558,45.1046],[25.696516,45.104514],[25.696404,45.104282],[25.696334,45.104304],[25.696314,45.104266],[25.696247,45.104215],[25.696174,45.104162],[25.696155,45.10415],[25.696136,45.104138],[25.696135,45.104125],[25.696134,45.104113],[25.696139,45.104069],[25.69616,45.104026],[25.696166,45.104012],[25.696224,45.10393],[25.696235,45.103905],[25.696239,45.103896],[25.696248,45.103653],[25.69626,45.103334],[25.696253,45.103226],[25.696253,45.103226],[25.696251,45.103218],[25.696224,45.10314],[25.696166,45.10308],[25.696127,45.103041],[25.69608,45.102994],[25.696058,45.102971],[25.696046,45.102958],[25.696046,45.102958],[25.695946,45.102923],[25.695895,45.102996]]]],"type":"MultiPolygon"},"properties":{"fid":1629.0,"UAT":"PROVIŢA DE JOS","Zona":"Zona 18","R.A.P.M.":2466.0,"R.A.P.U.":0.0,"Suprafata":5413,"Perimetru":572,"Suprafata_":0.5413,"Anul_intoc":null,"_s":{"f":"#ffab00","fo":0.6,"s":"#3388ff","so":0.6,"w":1.0,"r":5.0}}},{"type":"Feature","geometry":{"coordinates":[[[[25.692014,45.09735],[25.691961,45.09735],[25.691961,45.09735],[25.691959,45.097355],[25.691954,45.097368],[25.691927,45.097454],[25.691922,45.097472],[25.691918,45.097487],[25.691913,45.097517],[25.691907,45.097551],[25.6919,45.09759],[25.6919,45.09759],[25.691874,45.097634],[25.691867,45.09764],[25.691854,45.09765],[25.691838,45.09766],[25.691834,45.097663],[25.691834,45.097663],[25.69179,45.097679],[25.691755,45.097687],[25.691702,45.097698],[25.691589,45.097716],[25.691589,45.097716],[25.69148,45.097718],[25.691389,45.097717],[25.691297,45.097715],[25.691241,45.097716],[25.691175,45.097718],[25.691055,45.097729],[25.691024,45.097732],[25.690946,45.097741],[25.690919,45.097747],[25.690907,45.09775],[25.690888,45.097754],[25.69082,45.097786],[25.690807,45.097791],[25.690807,45.097791],[25.690805,45.097793],[25.690736,45.09784],[25.690671,45.09787],[25.690605,45.097901],[25.690551,45.097919],[25.690494,45.097938],[25.690315,45.097989],[25.690232,45.098013],[25.690192,45.098029],[25.690161,45.098042],[25.689929,45.097999],[25.689857,45.097977],[25.689767,45.097968],[25.689767,45.097968],[25.689433,45.097938],[25.689377,45.097933],[25.689301,45.097926],[25.689187,45.097923],[25.689131,45.097921],[25.68888,45.097922],[25.688779,45.097906],[25.688688,45.097863],[25.688656,45.097847],[25.688639,45.097833],[25.6886,45.097801],[25.6886,45.097801],[25.688616,45.097849],[25.688642,45.097924],[25.688644,45.097945],[25.688645,45.097952],[25.688646,45.097969],[25.688646,45.097988],[25.688669,45.098066],[25.688683,45.098091],[25.688761,45.098233],[25.688899,45.09848],[25.688917,45.098506],[25.688919,45.098509],[25.688919,45.098509],[25.688919,45.098524],[25.688921,45.098562],[25.688938,45.098596],[25.68894,45.098599],[25.688999,45.098655],[25.68906,45.098746],[25.68907,45.098762],[25.689102,45.098812],[25.689177,45.098931],[25.689314,45.099098],[25.689333,45.099119],[25.68946,45.099257],[25.689556,45.099398],[25.689567,45.099416],[25.689632,45.099524],[25.689632,45.099524],[25.689638,45.099532],[25.689708,45.099622],[25.689714,45.099629],[25.689755,45.099688],[25.689782,45.099726],[25.689809,45.099776],[25.689819,45.099793],[25.689819,45.099793],[25.690138,45.099791],[25.690125,45.098711],[25.690506,45.098709],[25.690509,45.098979],[25.690512,45.099249],[25.690784,45.099643],[25.691288,45.0999],[25.691368,45.099914],[25.692044,45.099779],[25.692422,45.099507],[25.692803,45.099505],[25.692796,45.098965],[25.692705,45.09889],[25.69263,45.098831],[25.692408,45.098427],[25.692405,45.098157],[25.692786,45.098155],[25.693168,45.098153],[25.693164,45.097883],[25.693163,45.097883],[25.693167,45.09768],[25.69392,45.097338],[25.694682,45.097333],[25.694679,45.097063],[25.694007,45.097067],[25.693961,45.097085],[25.693889,45.097101],[25.693889,45.097101],[25.693788,45.097128],[25.693623,45.097194],[25.693623,45.097194],[25.693483,45.097226],[25.69347,45.097213],[25.693451,45.097193],[25.693354,45.097153],[25.693352,45.097153],[25.693273,45.097121],[25.693179,45.097072],[25.693179,45.097072],[25.693179,45.097072],[25.693154,45.097073],[25.692777,45.097345],[25.692658,45.097454],[25.692481,45.097477],[25.692331,45.097468],[25.692014,45.09735]]]],"type":"MultiPolygon"},"properties":{"fid":1630.0,"UAT":"PROVIŢA DE JOS","Zona":"Zona 16","R.A.P.M.":166838.0,"R.A.P.U.":0.07,"Suprafata":64499,"Perimetru":1695,"Suprafata_":6.4499,"Anul_intoc":null,"_s":{"f":"#ffab00","fo":0.6,"s":"#3388ff","so":0.6,"w":1.0,"r":5.0}}},{"type":"Feature","geometry":{"coordinates":[[[[25.687699,45.104991],[25.687749,45.105008],[25.687895,45.104414],[25.687691,45.104391],[25.687699,45.104991]]],[[[25.687723,45.106977],[25.688048,45.106971],[25.688098,45.106794],[25.688048,45.106736],[25.687994,45.106715],[25.687909,45.106683],[25.687745,45.10662],[25.687718,45.106601],[25.687723,45.106977]]]],"type":"MultiPolygon"},"properties":{"fid":1641.0,"UAT":"PROVIŢA DE JOS","Zona":"Zona 17","R.A.P.M.":48387.0,"R.A.P.U.":0.05,"Suprafata":40893,"Perimetru":1189,"Suprafata_":4.0893,"Anul_intoc":null,"_s":{"f":"#ffab00","fo":0.6,"s":"#3388ff","so":0.6,"w":1.0,"r":5.0}}},{"type":"Feature","geometry":{"coordinates":[[[[25.733925,45.191464],[25.733783,45.189785],[25.73339,45.189968],[25.732921,45.190688],[25.73231,45.190795],[25.73205,45.191334],[25.732133,45.191475],[25.733925,45.191464]]]],"type":"MultiPolygon"},"properties":{"fid":124.0,"UAT":"ŞOTRILE","Zona":"zona 7","R.A.P.M.":null,"R.A.P.U.":null,"Suprafata":60621,"Perimetru":1496,"Suprafata_":6.0621,"Anul_intoc":null,"_s":{"f":"#ffab00","fo":0.6,"s":"#3388ff","so":0.6,"w":1.0,"r":5.0}}},{"type":"Feature","geometry":{"coordinates":[[[[25.80424,45.082335],[25.804182,45.082323],[25.804127,45.082274],[25.804112,45.082246],[25.803858,45.082248],[25.803857,45.08218],[25.802793,45.082126],[25.802842,45.082255],[25.802946,45.082293],[25.80297,45.082344],[25.803011,45.082389],[25.803028,45.082503],[25.803099,45.082523],[25.803101,45.082613],[25.803214,45.082612],[25.803228,45.082612],[25.803229,45.082702],[25.803189,45.082783],[25.803323,45.082844],[25.803534,45.082551],[25.803394,45.082511],[25.80317,45.082185],[25.803581,45.082212],[25.803732,45.082339],[25.803859,45.082338],[25.804113,45.082336],[25.804114,45.082426],[25.804241,45.082425],[25.80424,45.082335]]]],"type":"MultiPolygon"},"properties":{"fid":49.0,"UAT":"BĂNEŞTI","Zona":"Zona 5","R.A.P.M.":26476.0,"R.A.P.U.":0.04,"Suprafata":2616,"Perimetru":433,"Suprafata_":0.2616,"Anul_intoc":null,"_s":{"f":"#ffab00","fo":0.6,"s":"#3388ff","so":0.6,"w":1.0,"r":5.0}}},{"type":"Feature","geometry":{"coordinates":[[[[25.825844,45.087792],[25.82559,45.087794],[25.825593,45.087974],[25.82572,45.087973],[25.825847,45.087972],[25.825975,45.088061],[25.826229,45.088059],[25.826358,45.088148],[25.826486,45.088237],[25.82674,45.088236],[25.826868,45.088325],[25.827122,45.088323],[25.827251,45.088412],[25.827378,45.088411],[25.827505,45.08841],[25.827506,45.0885],[25.827587,45.088499],[25.82759,45.088319],[25.827504,45.08832],[25.827502,45.08823],[25.827248,45.088232],[25.827247,45.088142],[25.826993,45.088144],[25.826864,45.088055],[25.825844,45.087792]]]],"type":"MultiPolygon"},"properties":{"fid":1379.0,"UAT":"SCORŢENI","Zona":"Zona 23","R.A.P.M.":13293.0,"R.A.P.U.":0.02,"Suprafata":3631,"Perimetru":413,"Suprafata_":0.3631,"Anul_intoc":null,"_s":{"f":"#ffab00","fo":0.6,"s":"#3388ff","so":0.6,"w":1.0,"r":5.0}}},{"type":"Feature","geometry":{"coordinates":[[[[25.783392,45.090515],[25.783393,45.090581],[25.78352,45.09058],[25.783518,45.09049],[25.783492,45.09049],[25.78349,45.090481],[25.78345,45.090444],[25.783344,45.090379],[25.783183,45.089993],[25.783511,45.08995],[25.783765,45.089949],[25.783766,45.090039],[25.783893,45.090038],[25.783895,45.090128],[25.784276,45.090125],[25.784274,45.090035],[25.784656,45.090032],[25.784654,45.089942],[25.784527,45.089943],[25.7844,45.089944],[25.784399,45.089854],[25.784228,45.089796],[25.784017,45.089767],[25.783963,45.089624],[25.783656,45.089545],[25.783301,45.089375],[25.783246,45.08898],[25.782727,45.089911],[25.782593,45.089914],[25.782545,45.090007],[25.782605,45.09013],[25.782459,45.090393],[25.782502,45.090407],[25.782754,45.090316],[25.782752,45.090226],[25.782879,45.090225],[25.782879,45.090224],[25.782953,45.090241],[25.783064,45.090227],[25.783063,45.090223],[25.783134,45.090223],[25.783135,45.090313],[25.783136,45.090403],[25.783263,45.090402],[25.783264,45.090492],[25.783336,45.090491],[25.783362,45.090506],[25.783392,45.090515]]]],"type":"MultiPolygon"},"properties":{"fid":48.0,"UAT":"BĂNEŞTI","Zona":"Zona 4","R.A.P.M.":19889.0,"R.A.P.U.":0.0,"Suprafata":9279,"Perimetru":726,"Suprafata_":0.9279,"Anul_intoc":null,"_s":{"f":"#ffab00","fo":0.6,"s":"#3388ff","so":0.6,"w":1.0,"r":5.0}}},{"type":"Feature","geometry":{"coordinates":[[[[25.732977,45.112039],[25.73297,45.111519],[25.733005,45.111465],[25.733091,45.111434],[25.733321,45.111165],[25.733692,45.110615],[25.733722,45.110534],[25.733785,45.110423],[25.733689,45.110362],[25.733601,45.110284],[25.733538,45.110211],[25.733267,45.109714],[25.733414,45.109662],[25.733503,45.109691],[25.733658,45.109588],[25.733664,45.109574],[25.733716,45.109556],[25.733697,45.109491],[25.733877,45.109256],[25.734248,45.109171],[25.734502,45.109003],[25.734595,45.108862],[25.734536,45.108784],[25.734531,45.108711],[25.734604,45.108622],[25.734643,45.108583],[25.734754,45.108557],[25.734972,45.108686],[25.735101,45.108586],[25.735173,45.108491],[25.735245,45.108399],[25.735231,45.108226],[25.735215,45.108204],[25.735212,45.107995],[25.73521,45.107833],[25.735243,45.107781],[25.735337,45.107764],[25.735635,45.107856],[25.73569,45.107804],[25.735701,45.107734],[25.735588,45.107584],[25.735586,45.107452],[25.735584,45.107294],[25.735627,45.107203],[25.73572,45.10719],[25.735792,45.107181],[25.735964,45.10718],[25.736017,45.107123],[25.735991,45.107023],[25.73594,45.106881],[25.73633,45.106753],[25.736372,45.106701],[25.736377,45.106623],[25.736335,45.106367],[25.736573,45.106215],[25.736713,45.106095],[25.736712,45.106013],[25.736831,45.105876],[25.736989,45.10581],[25.737117,45.105727],[25.73717,45.105627],[25.73726,45.105484],[25.73746,45.10537],[25.73806,45.105011],[25.738266,45.104974],[25.738584,45.104913],[25.738667,45.10474],[25.738747,45.104572],[25.738979,45.10446],[25.739162,45.104328],[25.739357,45.104188],[25.739411,45.104037],[25.739727,45.103657],[25.739734,45.103643],[25.740109,45.103373],[25.74049,45.10337],[25.740664,45.103224],[25.740818,45.103078],[25.740861,45.102558],[25.741042,45.102333],[25.741408,45.102254],[25.741619,45.102283],[25.742001,45.10228],[25.742364,45.102008],[25.742378,45.101995],[25.742375,45.101738],[25.742372,45.101555],[25.742393,45.101546],[25.74263,45.101196],[25.743009,45.101095],[25.743127,45.100923],[25.743413,45.10081],[25.743504,45.10065],[25.743501,45.10038],[25.743882,45.100378],[25.744168,45.100376],[25.744262,45.100292],[25.744471,45.100104],[25.744478,45.100098],[25.744639,45.09995],[25.744639,45.09995],[25.744766,45.099832],[25.745016,45.099602],[25.745001,45.098481],[25.745042,45.098347],[25.745079,45.098251],[25.745189,45.098247],[25.745371,45.098263],[25.745475,45.098137],[25.745439,45.097977],[25.745434,45.097903],[25.745405,45.097879],[25.745398,45.09774],[25.745371,45.097668],[25.74521,45.097669],[25.745047,45.097634],[25.744996,45.097576],[25.745017,45.097213],[25.745006,45.097124],[25.744981,45.096941],[25.744951,45.096887],[25.744864,45.096861],[25.744734,45.096862],[25.744639,45.096865],[25.744623,45.096824],[25.744689,45.096716],[25.744693,45.096604],[25.744594,45.096509],[25.744593,45.096411],[25.744591,45.096323],[25.744588,45.096053],[25.744589,45.095976],[25.744573,45.095898],[25.744448,45.095828],[25.744341,45.095744],[25.744226,45.095704],[25.743939,45.095756],[25.743822,45.095788],[25.743186,45.095792],[25.743095,45.095786],[25.743059,45.095725],[25.743057,45.095592],[25.743106,45.095538],[25.743183,45.095522],[25.743341,45.095521],[25.743432,45.095498],[25.743489,45.09543],[25.743584,45.095039],[25.74362,45.094835],[25.743573,45.094564],[25.743543,45.094462],[25.743513,45.094347],[25.743416,45.094296],[25.743192,45.094393],[25.743077,45.094407],[25.743041,45.094346],[25.743038,45.094173],[25.743007,45.094146],[25.742896,45.094106],[25.742656,45.094053],[25.742655,45.093969],[25.742635,45.093935],[25.742553,45.093907],[25.742273,45.093908],[25.741751,45.094007],[25.741673,45.094036],[25.741662,45.094101],[25.741767,45.094287],[25.741797,45.094368],[25.741715,45.094372],[25.741548,45.094393],[25.741352,45.094415],[25.740847,45.094286],[25.740872,45.094148],[25.740925,45.094041],[25.740929,45.093993],[25.7409,45.09395],[25.740725,45.093967],[25.740702,45.093886],[25.740693,45.093685],[25.740363,45.093651],[25.740119,45.093618],[25.739903,45.093613],[25.739836,45.093641],[25.739784,45.093692],[25.739769,45.093834],[25.739739,45.093876],[25.739605,45.093926],[25.739265,45.094043],[25.739085,45.094105],[25.739023,45.094121],[25.738884,45.094139],[25.738846,45.094126],[25.738911,45.09399],[25.738981,45.093833],[25.739003,45.093711],[25.738978,45.093653],[25.738853,45.0936],[25.738721,45.093558],[25.738718,45.093553],[25.738583,45.093496],[25.738472,45.093436],[25.738466,45.093344],[25.738504,45.09331],[25.738566,45.093272],[25.73881,45.093257],[25.738877,45.09324],[25.738876,45.093141],[25.738864,45.092965],[25.738878,45.092907],[25.73892,45.092859],[25.739045,45.092845],[25.73915,45.092834],[25.739212,45.092782],[25.739211,45.092711],[25.739207,45.092643],[25.739152,45.092603],[25.739017,45.092583],[25.738916,45.092567],[25.738901,45.092506],[25.738902,45.09245],[25.738952,45.092366],[25.739047,45.092309],[25.739464,45.092307],[25.73955,45.092267],[25.739582,45.092223],[25.739581,45.092126],[25.739581,45.092101],[25.739552,45.092043],[25.739466,45.092037],[25.739307,45.092038],[25.739221,45.092008],[25.739198,45.091947],[25.739188,45.091229],[25.739188,45.091229],[25.739203,45.090986],[25.739175,45.090703],[25.739181,45.090689],[25.739174,45.090149],[25.739172,45.089988],[25.739131,45.089904],[25.739054,45.089879],[25.738949,45.08988],[25.738838,45.089851],[25.738788,45.089767],[25.738784,45.089427],[25.738764,45.089359],[25.738673,45.089342],[25.738401,45.089344],[25.738136,45.089345],[25.738055,45.089378],[25.738021,45.089418],[25.738023,45.089551],[25.737991,45.089602],[25.737895,45.089617],[25.737729,45.089618],[25.737734,45.089738],[25.737735,45.089765],[25.737776,45.089851],[25.737794,45.0899],[25.737819,45.089929],[25.737875,45.089939],[25.737964,45.08994],[25.738031,45.089947],[25.73805,45.089948],[25.738133,45.089964],[25.738407,45.090069],[25.738461,45.090089],[25.738462,45.09009],[25.738462,45.090091],[25.738462,45.090097],[25.738467,45.090108],[25.738479,45.090122],[25.738532,45.090175],[25.738541,45.090184],[25.738565,45.090207],[25.738591,45.090225],[25.738614,45.090241],[25.738637,45.090257],[25.738664,45.090282],[25.738686,45.090304],[25.738709,45.090326],[25.738711,45.090329],[25.738712,45.090332],[25.738716,45.090367],[25.738709,45.090394],[25.738702,45.090407],[25.738686,45.090442],[25.738677,45.09046],[25.73867,45.090485],[25.738669,45.090494],[25.738668,45.090495],[25.738619,45.090511],[25.738551,45.090534],[25.738362,45.090665],[25.738232,45.090754],[25.738211,45.090769],[25.738081,45.090819],[25.737853,45.090854],[25.73786,45.091042],[25.737882,45.091086],[25.737894,45.091111],[25.737976,45.09115],[25.73807,45.09115],[25.738144,45.091119],[25.738164,45.09111],[25.738198,45.091096],[25.738371,45.091024],[25.738649,45.090908],[25.73866,45.090935],[25.738681,45.090964],[25.738666,45.090995],[25.738638,45.091068],[25.738626,45.091104],[25.738582,45.091145],[25.738524,45.09115],[25.738504,45.091172],[25.738483,45.091193],[25.738494,45.091265],[25.738524,45.091353],[25.73858,45.091525],[25.738602,45.09162],[25.738617,45.091686],[25.738617,45.091687],[25.738614,45.091705],[25.738579,45.091927],[25.738568,45.091993],[25.738553,45.09215],[25.738541,45.09228],[25.738536,45.092341],[25.738533,45.09238],[25.738685,45.092429],[25.738694,45.092432],[25.738743,45.09249],[25.738754,45.092507],[25.738699,45.092503],[25.738729,45.092525],[25.738726,45.092537],[25.738695,45.092651],[25.738688,45.092674],[25.738638,45.092743],[25.738673,45.092751],[25.738689,45.092754],[25.738689,45.092755],[25.73868,45.092769],[25.738663,45.092797],[25.738618,45.092841],[25.738502,45.092924],[25.738397,45.093019],[25.738362,45.093051],[25.738339,45.093161],[25.738323,45.093264],[25.738135,45.09325],[25.738078,45.093248],[25.737908,45.09324],[25.737738,45.093233],[25.737729,45.093288],[25.73772,45.093343],[25.737798,45.093348],[25.737912,45.093442],[25.738081,45.09358],[25.738216,45.09369],[25.738253,45.09372],[25.738422,45.093711],[25.738762,45.093693],[25.738804,45.093691],[25.738826,45.09369],[25.738886,45.093687],[25.738921,45.093685],[25.738956,45.093683],[25.738808,45.093999],[25.738796,45.093977],[25.73876,45.093923],[25.738577,45.093981],[25.738302,45.093917],[25.738285,45.093943],[25.738176,45.093905],[25.738153,45.093911],[25.738122,45.093919],[25.738109,45.093985],[25.7381,45.094045],[25.7381,45.094118],[25.738096,45.094159],[25.73807,45.094193],[25.738043,45.094226],[25.738036,45.09426],[25.738033,45.094287],[25.738143,45.094295],[25.738335,45.094356],[25.738456,45.094441],[25.738579,45.094625],[25.738701,45.094807],[25.738744,45.094868],[25.738844,45.094935],[25.738897,45.09497],[25.738923,45.094991],[25.738973,45.095021],[25.738946,45.095068],[25.738946,45.095068],[25.738903,45.095116],[25.738847,45.095182],[25.738841,45.095188],[25.738803,45.095219],[25.738765,45.095249],[25.73871,45.095295],[25.738671,45.09532],[25.73862,45.095353],[25.738612,45.095357],[25.738526,45.095393],[25.738517,45.095402],[25.738508,45.095412],[25.738489,45.095447],[25.738482,45.095464],[25.738475,45.095481],[25.738456,45.095517],[25.738449,45.095534],[25.738441,45.095551],[25.738406,45.095676],[25.738405,45.095678],[25.738398,45.095701],[25.738392,45.095725],[25.738388,45.095767],[25.738392,45.095773],[25.738418,45.095761],[25.738457,45.095752],[25.738512,45.095749],[25.738569,45.09575],[25.738623,45.095768],[25.738782,45.095821],[25.738782,45.095821],[25.738867,45.095821],[25.738867,45.095851],[25.739064,45.095925],[25.739146,45.095964],[25.739169,45.095975],[25.73918,45.095986],[25.739147,45.096035],[25.738873,45.096229],[25.738729,45.09634],[25.738687,45.096399],[25.738671,45.096438],[25.738673,45.096459],[25.73868,45.096508],[25.738694,45.096616],[25.738722,45.096729],[25.738791,45.096749],[25.738779,45.096753],[25.738757,45.096761],[25.738748,45.096764],[25.73871,45.096778],[25.738694,45.096784],[25.738675,45.096792],[25.738633,45.096807],[25.738628,45.096807],[25.738575,45.096809],[25.738549,45.09681],[25.738538,45.09681],[25.738527,45.096811],[25.738508,45.096811],[25.738499,45.096812],[25.73849,45.096811],[25.738448,45.096806],[25.738411,45.096808],[25.738393,45.096808],[25.738389,45.096809],[25.738354,45.096811],[25.738331,45.096818],[25.738458,45.096858],[25.738462,45.09686],[25.73847,45.096861],[25.738513,45.096869],[25.738565,45.096878],[25.738602,45.096885],[25.738655,45.096895],[25.738699,45.096902],[25.738708,45.096904],[25.738753,45.096912],[25.738752,45.096914],[25.738749,45.096921],[25.738624,45.09723],[25.73862,45.09724],[25.738334,45.097169],[25.738263,45.097328],[25.738222,45.097421],[25.73819,45.097494],[25.738087,45.097727],[25.738066,45.097746],[25.73799,45.097817],[25.737841,45.097955],[25.737758,45.098032],[25.73765,45.098133],[25.737646,45.098137],[25.737656,45.098143],[25.737616,45.098182],[25.737575,45.098221],[25.737535,45.098197],[25.737492,45.098301],[25.737461,45.098371],[25.737423,45.098401],[25.737327,45.09848],[25.737299,45.098462],[25.737104,45.09864],[25.736884,45.098844],[25.736844,45.098964],[25.736817,45.098963],[25.736744,45.09896],[25.736742,45.09896],[25.736669,45.099064],[25.736737,45.09907],[25.736808,45.099076],[25.736751,45.099248],[25.736496,45.099247],[25.736084,45.099247],[25.736081,45.099247],[25.73589,45.099298],[25.73563,45.099355],[25.735687,45.099621],[25.735687,45.099621],[25.735687,45.099621],[25.736629,45.099615],[25.736627,45.099473],[25.736703,45.099391],[25.736867,45.099344],[25.736971,45.099307],[25.737005,45.09921],[25.737066,45.099107],[25.737101,45.098951],[25.737149,45.098946],[25.737301,45.09888],[25.737375,45.0988],[25.737381,45.0988],[25.737381,45.098795],[25.737392,45.098782],[25.737489,45.098598],[25.73765,45.098529],[25.737757,45.0984],[25.737806,45.098315],[25.737987,45.098119],[25.738406,45.0981],[25.738507,45.098068],[25.738566,45.098028],[25.738533,45.097877],[25.73851,45.097684],[25.73853,45.09758],[25.738643,45.097514],[25.738846,45.097342],[25.738944,45.097189],[25.738999,45.097163],[25.739135,45.097166],[25.739266,45.097168],[25.739368,45.097073],[25.739413,45.096983],[25.739388,45.096924],[25.739344,45.096888],[25.739261,45.09679],[25.73926,45.096707],[25.739304,45.096669],[25.739396,45.096636],[25.739495,45.096642],[25.73964,45.096626],[25.739768,45.096504],[25.739863,45.096421],[25.739995,45.096396],[25.740078,45.096358],[25.740093,45.09629],[25.740058,45.096234],[25.740015,45.096173],[25.74001,45.095813],[25.739926,45.095784],[25.739668,45.095428],[25.739622,45.095276],[25.739241,45.095278],[25.739237,45.095008],[25.739619,45.095006],[25.739615,45.094736],[25.739996,45.094733],[25.74,45.095003],[25.740381,45.095001],[25.740384,45.095271],[25.741528,45.095263],[25.741909,45.095261],[25.741916,45.095801],[25.741535,45.095803],[25.741266,45.095809],[25.741198,45.095811],[25.741161,45.095846],[25.741152,45.09589],[25.741156,45.09603],[25.741127,45.096056],[25.741075,45.096076],[25.740824,45.09606],[25.740735,45.096039],[25.740695,45.096074],[25.740689,45.096113],[25.740724,45.096174],[25.740784,45.096248],[25.740782,45.096297],[25.740812,45.096336],[25.740887,45.096347],[25.741081,45.096346],[25.741143,45.096364],[25.741162,45.096412],[25.741168,45.096886],[25.741549,45.096883],[25.741553,45.097153],[25.742696,45.097146],[25.7427,45.097416],[25.74271,45.098226],[25.743091,45.098223],[25.743095,45.098493],[25.743106,45.099303],[25.743109,45.099573],[25.742347,45.099578],[25.74235,45.099848],[25.741969,45.09985],[25.741207,45.099855],[25.741251,45.100005],[25.741506,45.100359],[25.740832,45.100398],[25.740924,45.10075],[25.740843,45.101208],[25.74085,45.101748],[25.740854,45.102018],[25.740472,45.10202],[25.740469,45.10175],[25.740088,45.101753],[25.740091,45.102023],[25.73971,45.102025],[25.739717,45.102565],[25.739336,45.102568],[25.739339,45.102838],[25.739347,45.102864],[25.739212,45.103082],[25.739389,45.102981],[25.739402,45.102974],[25.7394,45.103061],[25.739399,45.103087],[25.739329,45.103197],[25.739274,45.103282],[25.739171,45.103468],[25.738988,45.103771],[25.738836,45.104001],[25.73882,45.104025],[25.738796,45.104061],[25.738706,45.104142],[25.738678,45.104168],[25.738605,45.104234],[25.738571,45.104265],[25.738446,45.10435],[25.738425,45.104365],[25.73825,45.104484],[25.738249,45.104485],[25.738002,45.104653],[25.737868,45.104745],[25.737866,45.104746],[25.737812,45.104782],[25.737732,45.104837],[25.737602,45.104928],[25.737476,45.105015],[25.737472,45.105018],[25.737441,45.105042],[25.737358,45.105106],[25.737301,45.105149],[25.73728,45.105166],[25.737277,45.105168],[25.737263,45.105177],[25.737239,45.105192],[25.737107,45.105276],[25.736861,45.105415],[25.736861,45.105415],[25.736861,45.105415],[25.736558,45.105575],[25.736463,45.105617],[25.736437,45.105629],[25.736389,45.10565],[25.736347,45.105664],[25.736329,45.105668],[25.736265,45.105691],[25.736191,45.105709],[25.736152,45.105718],[25.736093,45.105772],[25.736079,45.105807],[25.736026,45.105859],[25.736007,45.105875],[25.735977,45.105899],[25.735987,45.105937],[25.736005,45.105946],[25.736059,45.105972],[25.735789,45.106198],[25.735273,45.106629],[25.73544,45.106628],[25.735333,45.106698],[25.735455,45.106796],[25.735477,45.106813],[25.735534,45.106859],[25.735312,45.107047],[25.735386,45.107088],[25.735461,45.107129],[25.735334,45.107233],[25.73526,45.107181],[25.735197,45.107139],[25.735165,45.107117],[25.735043,45.10722],[25.734862,45.10712],[25.734801,45.107086],[25.734598,45.107283],[25.734589,45.107309],[25.734589,45.10733],[25.734622,45.107359],[25.734646,45.107379],[25.734721,45.107441],[25.73476,45.107461],[25.734843,45.107504],[25.734984,45.107578],[25.735026,45.1076],[25.735048,45.107611],[25.735058,45.107616],[25.735006,45.107659],[25.734988,45.107674],[25.735007,45.107685],[25.734892,45.107784],[25.734884,45.107791],[25.73483,45.107758],[25.734783,45.107794],[25.734757,45.107775],[25.734537,45.107974],[25.734546,45.10798],[25.734487,45.108026],[25.734399,45.108095],[25.734266,45.108198],[25.734265,45.108199],[25.734276,45.108207],[25.734256,45.108222],[25.734231,45.108241],[25.73419,45.108271],[25.734197,45.108277],[25.734123,45.10837],[25.734044,45.108472],[25.734029,45.10849],[25.733995,45.108533],[25.734053,45.108794],[25.734059,45.108826],[25.733984,45.108874],[25.733966,45.108899],[25.733912,45.108899],[25.733261,45.108901],[25.733207,45.108901],[25.73319,45.1089],[25.733125,45.108896],[25.732613,45.108862],[25.732579,45.108885],[25.732566,45.108919],[25.732555,45.108986],[25.732558,45.10908],[25.732561,45.109093],[25.732566,45.109123],[25.732539,45.109157],[25.732532,45.109188],[25.732513,45.109261],[25.732712,45.109355],[25.733,45.109489],[25.732984,45.109536],[25.732967,45.109583],[25.732901,45.109773],[25.733055,45.109836],[25.732862,45.109882],[25.732799,45.109902],[25.732785,45.109906],[25.732771,45.109911],[25.732748,45.10997],[25.732752,45.109997],[25.732778,45.110023],[25.732803,45.11005],[25.732842,45.110089],[25.732853,45.110099],[25.732806,45.110155],[25.732725,45.110254],[25.732686,45.110302],[25.732672,45.110319],[25.732668,45.110322],[25.732573,45.110288],[25.732573,45.110288],[25.732557,45.110332],[25.732554,45.110378],[25.732575,45.110442],[25.732589,45.110442],[25.732407,45.110967],[25.73225,45.110954],[25.732189,45.111071],[25.732147,45.111208],[25.732247,45.11122],[25.732234,45.111294],[25.732213,45.111425],[25.732208,45.11146],[25.732159,45.111614],[25.732091,45.11161],[25.73208,45.111633],[25.732055,45.111685],[25.73204,45.111714],[25.732019,45.111737],[25.731995,45.111761],[25.731957,45.1118],[25.731746,45.112015],[25.731668,45.112095],[25.731511,45.112011],[25.731372,45.111938],[25.73123,45.11207],[25.731452,45.112069],[25.731455,45.112339],[25.731074,45.112341],[25.731071,45.112071],[25.730689,45.112074],[25.730308,45.112076],[25.730305,45.111806],[25.729924,45.111809],[25.729919,45.111815],[25.729757,45.11205],[25.729735,45.112058],[25.729713,45.112087],[25.729725,45.112091],[25.730004,45.112189],[25.730036,45.112165],[25.730149,45.1122],[25.73032,45.112253],[25.730609,45.112341],[25.730748,45.112384],[25.730817,45.112414],[25.730917,45.112456],[25.731004,45.112508],[25.731143,45.11259],[25.731176,45.112608],[25.731242,45.112643],[25.731366,45.11271],[25.731367,45.112711],[25.731401,45.11275],[25.731472,45.112834],[25.731597,45.11293],[25.731746,45.112974],[25.732109,45.112916],[25.732144,45.112931],[25.732163,45.112912],[25.732297,45.112972],[25.732431,45.113044],[25.732553,45.112993],[25.732665,45.112934],[25.732623,45.112852],[25.732494,45.112778],[25.732367,45.112714],[25.732601,45.11249],[25.732767,45.11233],[25.732775,45.112323],[25.732977,45.112039]]]],"type":"MultiPolygon"},"properties":{"fid":1208.0,"UAT":"POIANA CÂMPINA","Zona":"Zona 10","R.A.P.M.":1811551.0,"R.A.P.U.":1.87,"Suprafata":349494,"Perimetru":10944,"Suprafata_":34.9494,"Anul_intoc":null,"_s":{"f":"#ffab00","fo":0.6,"s":"#3388ff","so":0.6,"w":1.0,"r":5.0}}},{"type":"Feature","geometry":{"coordinates":[[[[25.838793,45.091747],[25.838226,45.091751],[25.838225,45.091661],[25.838014,45.091693],[25.837845,45.091754],[25.837848,45.091934],[25.837961,45.091943],[25.8381,45.091946],[25.838391,45.091938],[25.838697,45.091929],[25.838795,45.091922],[25.838793,45.091747]]]],"type":"MultiPolygon"},"properties":{"fid":1378.0,"UAT":"SCORŢENI","Zona":"Zona 29","R.A.P.M.":201.0,"R.A.P.U.":0.0,"Suprafata":1924,"Perimetru":231,"Suprafata_":0.1924,"Anul_intoc":null,"_s":{"f":"#ffab00","fo":0.6,"s":"#3388ff","so":0.6,"w":1.0,"r":5.0}}},{"type":"Feature","geometry":{"coordinates":[[[[25.825184,45.094817],[25.824931,45.094909],[25.824935,45.095179],[25.824936,45.095269],[25.824939,45.095449],[25.825066,45.095448],[25.825063,45.095268],[25.825062,45.095178],[25.82519,45.095267],[25.825193,45.095447],[25.825574,45.095444],[25.825576,45.095534],[25.825578,45.095714],[25.825579,45.095804],[25.825626,45.096044],[25.825712,45.096163],[25.825769,45.096163],[25.825839,45.095997],[25.825936,45.096008],[25.825857,45.09559],[25.826019,45.095491],[25.826078,45.096024],[25.826181,45.096036],[25.826571,45.095363],[25.826121,45.09529],[25.825942,45.095253],[25.825876,45.095212],[25.825989,45.094891],[25.826141,45.094655],[25.826475,45.094602],[25.826541,45.094594],[25.826609,45.094571],[25.826641,45.094523],[25.826653,45.094495],[25.826666,45.094467],[25.826716,45.094355],[25.826717,45.094353],[25.826744,45.094266],[25.826574,45.094267],[25.826512,45.094304],[25.826447,45.094268],[25.826445,45.094178],[25.826443,45.093998],[25.82657,45.093997],[25.826567,45.093817],[25.826694,45.093816],[25.826688,45.093366],[25.826686,45.093276],[25.826601,45.093246],[25.826506,45.093116],[25.826202,45.093224],[25.826279,45.093333],[25.826103,45.093401],[25.826047,45.093011],[25.82592,45.093012],[25.825919,45.092922],[25.825792,45.092923],[25.825794,45.093103],[25.825726,45.093103],[25.82554,45.093066],[25.825412,45.093015],[25.82539,45.093016],[25.825162,45.092927],[25.825029,45.092883],[25.824774,45.09284],[25.824775,45.09293],[25.825031,45.093018],[25.825286,45.093106],[25.825542,45.093194],[25.825669,45.093193],[25.825797,45.093283],[25.825803,45.093733],[25.825805,45.093823],[25.825678,45.093823],[25.82568,45.094003],[25.825807,45.094002],[25.825934,45.094002],[25.826061,45.094001],[25.82606,45.093911],[25.826187,45.09391],[25.826189,45.094],[25.82619,45.09409],[25.826191,45.09418],[25.826194,45.09436],[25.826067,45.094361],[25.826068,45.094451],[25.826072,45.094721],[25.825818,45.094722],[25.825817,45.094668],[25.8259,45.094542],[25.825942,45.094542],[25.825941,45.094452],[25.825861,45.094452],[25.825796,45.094363],[25.825813,45.094362],[25.825811,45.094272],[25.825938,45.094272],[25.826065,45.094271],[25.826064,45.094181],[25.825937,45.094182],[25.82581,45.094182],[25.825556,45.094184],[25.825557,45.094274],[25.82543,45.094275],[25.825431,45.094365],[25.825433,45.094455],[25.825306,45.094456],[25.825308,45.094636],[25.82531,45.094726],[25.825183,45.094727],[25.825184,45.094817]]]],"type":"MultiPolygon"},"properties":{"fid":1397.0,"UAT":"SCORŢENI","Zona":"Zona 19","R.A.P.M.":82055.0,"R.A.P.U.":0.07,"Suprafata":22362,"Perimetru":1720,"Suprafata_":2.2362,"Anul_intoc":null,"_s":{"f":"#ffab00","fo":0.6,"s":"#3388ff","so":0.6,"w":1.0,"r":5.0}}},{"type":"Feature","geometry":{"coordinates":[[[[25.814887,45.094995],[25.814767,45.094982],[25.814513,45.094984],[25.814387,45.095075],[25.814388,45.095135],[25.814476,45.095165],[25.814643,45.095219],[25.814671,45.095228],[25.814754,45.095258],[25.814724,45.095269],[25.814644,45.095306],[25.814645,45.095343],[25.814772,45.095342],[25.81477,45.095162],[25.815024,45.095161],[25.815022,45.095071],[25.815038,45.09507],[25.815024,45.095061],[25.814996,45.095046],[25.814919,45.095018],[25.814887,45.094995]]]],"type":"MultiPolygon"},"properties":{"fid":1377.0,"UAT":"SCORŢENI","Zona":"Zona 21","R.A.P.M.":149.0,"R.A.P.U.":0.0,"Suprafata":1075,"Perimetru":173,"Suprafata_":0.1075,"Anul_intoc":null,"_s":{"f":"#ffab00","fo":0.6,"s":"#3388ff","so":0.6,"w":1.0,"r":5.0}}},{"type":"Feature","geometry":{"coordinates":[[[[25.812901,45.096346],[25.813007,45.096345],[25.813262,45.096343],[25.813387,45.096252],[25.813513,45.096161],[25.813767,45.09616],[25.813894,45.096159],[25.81402,45.096068],[25.814146,45.095977],[25.814505,45.095942],[25.814354,45.095736],[25.814269,45.095706],[25.814141,45.095617],[25.814013,45.095556],[25.813929,45.09559],[25.813897,45.095604],[25.813849,45.095626],[25.813771,45.095657],[25.81371,45.095699],[25.813665,45.095731],[25.813566,45.095764],[25.813569,45.095777],[25.813577,45.095804],[25.813524,45.095829],[25.812901,45.096346]]]],"type":"MultiPolygon"},"properties":{"fid":1398.0,"UAT":"SCORŢENI","Zona":"Zona 20","R.A.P.M.":457.0,"R.A.P.U.":0.0,"Suprafata":4382,"Perimetru":330,"Suprafata_":0.4382,"Anul_intoc":null,"_s":{"f":"#ffab00","fo":0.6,"s":"#3388ff","so":0.6,"w":1.0,"r":5.0}}},{"type":"Feature","geometry":{"coordinates":[[[[25.779795,45.096906],[25.779796,45.096996],[25.779923,45.096995],[25.779922,45.096905],[25.780175,45.096813],[25.780173,45.096723],[25.780172,45.096633],[25.780299,45.096632],[25.780426,45.096632],[25.780423,45.096362],[25.780245,45.096357],[25.780222,45.096323],[25.780094,45.096233],[25.780022,45.096285],[25.779993,45.096333],[25.779941,45.096381],[25.779914,45.096365],[25.779919,45.096725],[25.779538,45.096728],[25.779537,45.096638],[25.779293,45.096648],[25.779141,45.096596],[25.779277,45.09619],[25.779147,45.09601],[25.779137,45.09601],[25.778933,45.096199],[25.778908,45.096222],[25.778568,45.096536],[25.778938,45.096768],[25.779042,45.096874],[25.77915,45.09694],[25.779317,45.096962],[25.779431,45.097059],[25.779386,45.097088],[25.779359,45.097168],[25.779358,45.097181],[25.779007,45.097348],[25.778994,45.097541],[25.779041,45.097541],[25.779168,45.09754],[25.779166,45.09736],[25.77942,45.097359],[25.779418,45.097269],[25.779546,45.097268],[25.779544,45.09719],[25.779565,45.097183],[25.779569,45.097178],[25.779671,45.097177],[25.77967,45.097087],[25.779668,45.096907],[25.779795,45.096906]]]],"type":"MultiPolygon"},"properties":{"fid":47.0,"UAT":"BĂNEŞTI","Zona":"Zona 3","R.A.P.M.":94205.0,"R.A.P.U.":0.04,"Suprafata":7707,"Perimetru":729,"Suprafata_":0.7707,"Anul_intoc":null,"_s":{"f":"#ffab00","fo":0.6,"s":"#3388ff","so":0.6,"w":1.0,"r":5.0}}},{"type":"Feature","geometry":{"coordinates":[[[[25.762502,45.105394],[25.7625,45.105394],[25.762499,45.105304],[25.762372,45.105305],[25.762371,45.105215],[25.762369,45.105125],[25.762624,45.105123],[25.762579,45.104973],[25.762504,45.104933],[25.762461,45.104865],[25.762366,45.104855],[25.762353,45.104751],[25.762236,45.104675],[25.761875,45.104643],[25.761403,45.10458],[25.76093,45.104437],[25.760641,45.104332],[25.760546,45.10426],[25.760505,45.104205],[25.760451,45.104159],[25.760323,45.104148],[25.760069,45.104059],[25.759938,45.103881],[25.759811,45.103882],[25.759786,45.103882],[25.75974,45.103809],[25.759646,45.103765],[25.759573,45.103711],[25.759501,45.103667],[25.759345,45.103626],[25.759189,45.103588],[25.759187,45.103587],[25.759043,45.103437],[25.758915,45.103438],[25.758917,45.103528],[25.758982,45.103617],[25.758988,45.103691],[25.759029,45.103732],[25.759138,45.10376],[25.759282,45.103786],[25.759301,45.103795],[25.759366,45.103827],[25.759389,45.103915],[25.759372,45.10395],[25.759359,45.103951],[25.75924,45.1039],[25.759102,45.103875],[25.758112,45.103563],[25.7579,45.103535],[25.757773,45.103535],[25.757772,45.103445],[25.757486,45.10339],[25.757404,45.103355],[25.757262,45.103359],[25.756627,45.103363],[25.7565,45.103364],[25.756499,45.103274],[25.756372,45.103275],[25.756368,45.103005],[25.756369,45.103005],[25.756413,45.103063],[25.756488,45.103097],[25.756539,45.103102],[25.756592,45.103089],[25.75665,45.103047],[25.756724,45.102953],[25.756818,45.102828],[25.756841,45.102748],[25.756873,45.102731],[25.756872,45.102641],[25.756999,45.102641],[25.757253,45.102639],[25.757252,45.102549],[25.757379,45.102548],[25.757506,45.102547],[25.757504,45.102457],[25.757632,45.102456],[25.757759,45.102455],[25.757793,45.102379],[25.757925,45.102215],[25.757996,45.102179],[25.758136,45.102183],[25.758096,45.101912],[25.758228,45.101803],[25.758078,45.101712],[25.758106,45.101626],[25.758081,45.101567],[25.758127,45.101463],[25.758125,45.101373],[25.758124,45.101283],[25.758251,45.101282],[25.75825,45.101192],[25.759012,45.101187],[25.75914,45.101186],[25.759138,45.101096],[25.759265,45.101095],[25.759264,45.101005],[25.759326,45.10089],[25.759391,45.101005],[25.759518,45.101004],[25.759436,45.100775],[25.759518,45.100697],[25.759643,45.100823],[25.759897,45.100821],[25.759896,45.100731],[25.759733,45.100687],[25.759895,45.100641],[25.760022,45.10064],[25.760021,45.10055],[25.759894,45.100551],[25.759892,45.100461],[25.759997,45.10027],[25.759888,45.100101],[25.759724,45.100057],[25.759886,45.100011],[25.759885,45.099921],[25.759883,45.099741],[25.759629,45.099743],[25.759625,45.099582],[25.759734,45.09958],[25.759793,45.099553],[25.760006,45.09947],[25.760007,45.09956],[25.760454,45.099715],[25.760644,45.099646],[25.760643,45.099556],[25.76077,45.099555],[25.760769,45.099465],[25.760641,45.099466],[25.760682,45.099358],[25.760692,45.099286],[25.760598,45.099237],[25.760511,45.099197],[25.760384,45.099198],[25.760383,45.099108],[25.760255,45.099109],[25.760254,45.099019],[25.759988,45.098751],[25.759487,45.098664],[25.759468,45.098592],[25.759441,45.098526],[25.759366,45.098497],[25.759248,45.098402],[25.759243,45.098368],[25.759172,45.098338],[25.759101,45.098306],[25.758974,45.098307],[25.758973,45.098217],[25.758972,45.098127],[25.758845,45.098128],[25.758908,45.097994],[25.758804,45.097931],[25.758715,45.097949],[25.758588,45.09795],[25.758587,45.09786],[25.75846,45.097861],[25.758459,45.097771],[25.758332,45.097772],[25.75833,45.097682],[25.758203,45.097682],[25.758202,45.097592],[25.758075,45.097593],[25.758074,45.097543],[25.758041,45.097529],[25.757778,45.097823],[25.757765,45.097873],[25.757629,45.098143],[25.757599,45.098167],[25.757547,45.098211],[25.757495,45.098255],[25.757476,45.098278],[25.757564,45.098294],[25.757708,45.098676],[25.758114,45.098709],[25.758219,45.098852],[25.758305,45.098972],[25.75835,45.099122],[25.758351,45.099212],[25.758352,45.099302],[25.758225,45.099302],[25.758204,45.099389],[25.758203,45.099484],[25.758354,45.099481],[25.758356,45.099571],[25.758404,45.099717],[25.758503,45.099741],[25.758708,45.099732],[25.758739,45.099749],[25.758811,45.099788],[25.758813,45.099956],[25.75885,45.099962],[25.758979,45.099988],[25.758998,45.100107],[25.758999,45.100197],[25.758852,45.10027],[25.758728,45.100207],[25.758618,45.1002],[25.758543,45.100415],[25.75824,45.100472],[25.758113,45.100473],[25.758115,45.100563],[25.758116,45.100653],[25.757989,45.100654],[25.758118,45.100833],[25.758119,45.100923],[25.757992,45.100924],[25.757991,45.100834],[25.757898,45.100846],[25.757765,45.10089],[25.757724,45.100997],[25.757409,45.101071],[25.757327,45.101139],[25.757201,45.101248],[25.757073,45.101266],[25.756919,45.101354],[25.756725,45.101455],[25.756603,45.101563],[25.756548,45.101602],[25.756477,45.101654],[25.756478,45.101744],[25.75648,45.101834],[25.756734,45.101832],[25.756861,45.101831],[25.756988,45.101831],[25.756989,45.101921],[25.756862,45.101921],[25.756735,45.101922],[25.756651,45.102042],[25.756483,45.102104],[25.756484,45.102194],[25.756357,45.102195],[25.756358,45.102285],[25.75636,45.102375],[25.756614,45.102373],[25.756489,45.102554],[25.75649,45.102621],[25.756465,45.102644],[25.756363,45.102645],[25.756364,45.102735],[25.756361,45.102746],[25.756378,45.10288],[25.756374,45.102915],[25.75624,45.102916],[25.756239,45.102826],[25.756111,45.102827],[25.756113,45.102916],[25.755986,45.102917],[25.755984,45.102827],[25.755857,45.102828],[25.755856,45.102738],[25.75611,45.102737],[25.756109,45.102647],[25.756236,45.102646],[25.756235,45.102556],[25.756233,45.102376],[25.756231,45.102286],[25.75623,45.102196],[25.756227,45.101926],[25.7561,45.101927],[25.755989,45.101898],[25.75586,45.101864],[25.755766,45.102041],[25.755795,45.102166],[25.755467,45.102111],[25.755212,45.102112],[25.755085,45.102113],[25.754958,45.102114],[25.754957,45.102024],[25.754955,45.101844],[25.754953,45.101844],[25.754802,45.102278],[25.754685,45.102476],[25.754963,45.102474],[25.754964,45.102564],[25.755091,45.102563],[25.755095,45.102833],[25.755066,45.102923],[25.755055,45.103073],[25.754741,45.103136],[25.754588,45.102927],[25.754461,45.102928],[25.75446,45.102838],[25.754453,45.102838],[25.754444,45.102851],[25.754324,45.102966],[25.75432,45.103003],[25.754333,45.103047],[25.75442,45.103108],[25.754515,45.103163],[25.754536,45.103171],[25.754633,45.103212],[25.754697,45.103242],[25.754736,45.103253],[25.754776,45.103264],[25.75484,45.103324],[25.754692,45.103404],[25.754502,45.103501],[25.754465,45.10352],[25.754438,45.103534],[25.754342,45.10357],[25.754344,45.103738],[25.754342,45.103794],[25.75432,45.103859],[25.754309,45.103913],[25.75433,45.103955],[25.754348,45.104008],[25.754349,45.104098],[25.754476,45.104097],[25.754475,45.103969],[25.754547,45.103955],[25.754674,45.103918],[25.754681,45.103916],[25.754728,45.103916],[25.754729,45.104006],[25.754778,45.104005],[25.754798,45.104025],[25.754867,45.104063],[25.755069,45.104107],[25.755193,45.104103],[25.755222,45.104092],[25.755239,45.104092],[25.755366,45.104091],[25.755365,45.104001],[25.755492,45.104001],[25.755554,45.103885],[25.755619,45.104],[25.755746,45.103999],[25.755747,45.104089],[25.755874,45.104088],[25.755875,45.104178],[25.756129,45.104176],[25.756384,45.104175],[25.756387,45.104445],[25.756705,45.104498],[25.756841,45.104475],[25.756897,45.104531],[25.757024,45.10453],[25.757124,45.104494],[25.757131,45.104369],[25.757208,45.104168],[25.757274,45.104259],[25.757401,45.104258],[25.757628,45.10429],[25.757583,45.104359],[25.757531,45.104435],[25.75749,45.104479],[25.757462,45.10452],[25.757427,45.104589],[25.757438,45.104609],[25.757439,45.104626],[25.757415,45.104684],[25.757399,45.104791],[25.757409,45.104798],[25.75741,45.104888],[25.757361,45.104949],[25.757412,45.105068],[25.757158,45.10507],[25.75712,45.10507],[25.757091,45.105018],[25.757035,45.10498],[25.757157,45.10498],[25.757156,45.10489],[25.757113,45.10489],[25.757105,45.10483],[25.757083,45.104807],[25.757051,45.104801],[25.757009,45.104814],[25.756977,45.104846],[25.756951,45.104864],[25.75689,45.104887],[25.756882,45.104891],[25.75688,45.104891],[25.75686,45.104861],[25.756798,45.104836],[25.756745,45.104838],[25.756666,45.104844],[25.756415,45.104861],[25.756271,45.104869],[25.756214,45.104952],[25.756151,45.105],[25.756107,45.105034],[25.756024,45.10505],[25.755984,45.10506],[25.756,45.105126],[25.756009,45.105174],[25.756017,45.105254],[25.75602,45.105294],[25.755995,45.105342],[25.756007,45.105391],[25.756035,45.105415],[25.756108,45.105407],[25.756199,45.105374],[25.756209,45.105346],[25.756399,45.105345],[25.7564,45.105435],[25.756655,45.105433],[25.756653,45.105343],[25.756907,45.105341],[25.756905,45.105161],[25.756778,45.105162],[25.756777,45.105072],[25.757031,45.10507],[25.757032,45.10516],[25.757033,45.10525],[25.757127,45.105251],[25.757137,45.10531],[25.757154,45.105351],[25.757163,45.10543],[25.75729,45.105429],[25.757292,45.105609],[25.757419,45.105608],[25.757291,45.1057],[25.757337,45.105796],[25.757364,45.105783],[25.757445,45.105832],[25.757543,45.105877],[25.757423,45.105878],[25.757296,45.105879],[25.757169,45.105879],[25.757042,45.10588],[25.757041,45.10579],[25.756786,45.105792],[25.756744,45.105852],[25.756408,45.105975],[25.756451,45.106034],[25.756791,45.106152],[25.756998,45.106078],[25.757047,45.10624],[25.757174,45.106239],[25.757175,45.106329],[25.757396,45.106367],[25.757684,45.106416],[25.757783,45.106502],[25.757813,45.106505],[25.75794,45.106504],[25.757941,45.106594],[25.757942,45.106684],[25.757973,45.106689],[25.757981,45.106801],[25.758199,45.106863],[25.758453,45.106861],[25.75858,45.10686],[25.758707,45.106859],[25.758702,45.106499],[25.758575,45.1065],[25.758573,45.10632],[25.758446,45.106321],[25.758444,45.106231],[25.757936,45.106234],[25.758063,45.106027],[25.758141,45.106013],[25.758334,45.106038],[25.758566,45.106053],[25.758642,45.106064],[25.758685,45.106073],[25.758696,45.106075],[25.758697,45.106139],[25.758699,45.106229],[25.758889,45.106228],[25.758894,45.106236],[25.758925,45.106271],[25.758924,45.106312],[25.758857,45.106393],[25.758815,45.106469],[25.758827,45.106493],[25.758915,45.106511],[25.758998,45.106509],[25.759045,45.106485],[25.759083,45.106461],[25.759083,45.106497],[25.75921,45.106496],[25.759209,45.106406],[25.759099,45.106407],[25.759097,45.106365],[25.759098,45.10634],[25.75911,45.10631],[25.759151,45.106275],[25.759172,45.106225],[25.759136,45.106204],[25.759062,45.106183],[25.75897,45.106167],[25.758982,45.106124],[25.758897,45.106108],[25.758888,45.106088],[25.758901,45.10605],[25.758823,45.106048],[25.758823,45.106038],[25.75884,45.106023],[25.758876,45.105963],[25.758875,45.105921],[25.758899,45.105885],[25.758888,45.105863],[25.758848,45.105787],[25.758841,45.10574],[25.758856,45.105728],[25.758966,45.105721],[25.758976,45.105633],[25.758969,45.105611],[25.758939,45.105604],[25.758812,45.105603],[25.758785,45.105624],[25.758744,45.10568],[25.758721,45.105689],[25.758564,45.10569],[25.758437,45.105691],[25.758436,45.105601],[25.758309,45.105602],[25.757928,45.105604],[25.757801,45.105605],[25.757802,45.105695],[25.757803,45.105785],[25.757797,45.105785],[25.757666,45.105699],[25.757661,45.105696],[25.757675,45.105696],[25.757545,45.105517],[25.757672,45.105516],[25.757799,45.105515],[25.757763,45.105368],[25.757797,45.10531],[25.757795,45.105155],[25.758064,45.105153],[25.758118,45.105164],[25.758227,45.105177],[25.758267,45.105172],[25.758284,45.10513],[25.758263,45.105062],[25.758302,45.105062],[25.758301,45.105024],[25.758371,45.105005],[25.758448,45.105008],[25.758541,45.105029],[25.758608,45.105032],[25.758656,45.105016],[25.758695,45.104952],[25.7587,45.104847],[25.758695,45.104764],[25.758663,45.104707],[25.758551,45.104687],[25.75855,45.10461],[25.758423,45.104611],[25.758423,45.104629],[25.758319,45.104641],[25.758203,45.104793],[25.757929,45.104794],[25.757942,45.104726],[25.757986,45.104671],[25.758092,45.104652],[25.758126,45.104609],[25.758132,45.104526],[25.7581,45.104462],[25.758069,45.104433],[25.758166,45.104433],[25.758167,45.104523],[25.758295,45.104522],[25.758549,45.10452],[25.758676,45.104519],[25.758984,45.104661],[25.759389,45.104731],[25.759442,45.104784],[25.759569,45.104783],[25.75957,45.104873],[25.759824,45.104872],[25.759951,45.104871],[25.760078,45.10487],[25.76008,45.10496],[25.760207,45.104959],[25.760334,45.104958],[25.760335,45.105048],[25.760208,45.105049],[25.760081,45.10505],[25.760082,45.10514],[25.760006,45.10514],[25.759958,45.105165],[25.759958,45.105175],[25.759956,45.105231],[25.760148,45.10523],[25.760181,45.105266],[25.760236,45.10528],[25.76042,45.105388],[25.760338,45.105447],[25.760341,45.105498],[25.760468,45.105497],[25.76047,45.105611],[25.760406,45.105633],[25.760419,45.105693],[25.760479,45.105687],[25.760582,45.105737],[25.760478,45.106217],[25.760605,45.106216],[25.760688,45.106138],[25.760734,45.106095],[25.760789,45.10603],[25.760855,45.105945],[25.760726,45.105766],[25.760853,45.105765],[25.761107,45.105763],[25.761108,45.105853],[25.761235,45.105852],[25.761237,45.105942],[25.761364,45.105941],[25.761365,45.106031],[25.761367,45.106211],[25.761113,45.106213],[25.760859,45.106215],[25.76086,45.106305],[25.760861,45.106395],[25.760734,45.106396],[25.76049,45.106373],[25.760435,45.106263],[25.760461,45.106086],[25.760372,45.106002],[25.760135,45.105919],[25.760129,45.105911],[25.760139,45.105835],[25.760164,45.105773],[25.760169,45.105769],[25.760217,45.105769],[25.760215,45.105589],[25.760062,45.10538],[25.759858,45.105447],[25.759802,45.105489],[25.75983,45.105532],[25.759908,45.105597],[25.759962,45.105681],[25.760053,45.10568],[25.76006,45.105698],[25.760061,45.105748],[25.760046,45.10581],[25.760047,45.105834],[25.760004,45.105851],[25.759933,45.105849],[25.759756,45.105845],[25.759714,45.105862],[25.759713,45.105923],[25.759736,45.105934],[25.75979,45.105935],[25.759815,45.10594],[25.759817,45.105962],[25.759814,45.106035],[25.759825,45.106064],[25.75984,45.106066],[25.759841,45.106132],[25.759968,45.106131],[25.759969,45.106221],[25.759962,45.106315],[25.759899,45.106355],[25.759973,45.106491],[25.760269,45.106534],[25.759974,45.106581],[25.759847,45.106582],[25.759801,45.106747],[25.759755,45.1068],[25.759597,45.106853],[25.759535,45.107029],[25.759478,45.107142],[25.759601,45.107213],[25.759642,45.107268],[25.759604,45.107393],[25.759477,45.107394],[25.759442,45.107397],[25.759398,45.107358],[25.75918,45.107336],[25.759093,45.107217],[25.758839,45.107218],[25.758842,45.107488],[25.759108,45.107938],[25.758977,45.108027],[25.759017,45.108089],[25.759071,45.108228],[25.758853,45.108298],[25.758854,45.108388],[25.758857,45.108568],[25.75886,45.108838],[25.758882,45.10887],[25.758881,45.108945],[25.758903,45.109035],[25.75894,45.109128],[25.758992,45.109183],[25.759001,45.109827],[25.759001,45.109865],[25.759026,45.109901],[25.759254,45.110362],[25.759296,45.110467],[25.759348,45.110485],[25.759521,45.110724],[25.759522,45.110814],[25.759524,45.110904],[25.759525,45.110994],[25.759652,45.110993],[25.759779,45.110992],[25.75978,45.111082],[25.759781,45.111172],[25.759783,45.111262],[25.75991,45.111261],[25.759912,45.111441],[25.760039,45.11144],[25.76004,45.11153],[25.760049,45.112164],[25.760303,45.112163],[25.760303,45.112159],[25.760302,45.112069],[25.760301,45.111979],[25.760428,45.111978],[25.76051,45.111857],[25.76055,45.111617],[25.760549,45.111527],[25.760673,45.111346],[25.7608,45.111345],[25.760803,45.111525],[25.760804,45.111615],[25.760934,45.111794],[25.761061,45.111793],[25.761059,45.111703],[25.761058,45.111613],[25.760931,45.111614],[25.76093,45.111524],[25.760929,45.111434],[25.760925,45.111164],[25.761343,45.111199],[25.761183,45.111433],[25.761185,45.111613],[25.761312,45.111612],[25.76144,45.111611],[25.761441,45.111701],[25.761623,45.111799],[25.761077,45.112013],[25.760935,45.111884],[25.760681,45.111886],[25.76081,45.112065],[25.761469,45.112094],[25.761514,45.112157],[25.761808,45.112156],[25.761828,45.112148],[25.761955,45.112147],[25.762022,45.112155],[25.762326,45.112153],[25.762646,45.112145],[25.762789,45.112103],[25.762841,45.111871],[25.76335,45.111868],[25.763348,45.111778],[25.763221,45.111779],[25.763094,45.11178],[25.763093,45.11169],[25.763092,45.1116],[25.762965,45.111601],[25.762963,45.111511],[25.762757,45.111478],[25.762588,45.111287],[25.763035,45.111176],[25.763088,45.11133],[25.76341,45.111271],[25.763655,45.111382],[25.764016,45.111322],[25.764106,45.111413],[25.764176,45.111412],[25.764233,45.111373],[25.764232,45.111322],[25.764231,45.111232],[25.764229,45.111142],[25.764357,45.111141],[25.764358,45.111231],[25.764427,45.111231],[25.764489,45.111174],[25.764989,45.110864],[25.764733,45.110509],[25.764602,45.11051],[25.764601,45.11042],[25.7646,45.11033],[25.764567,45.110278],[25.763975,45.109458],[25.763998,45.109049],[25.763949,45.108908],[25.763935,45.108714],[25.763816,45.108715],[25.763817,45.108805],[25.763971,45.10902],[25.76382,45.109075],[25.763439,45.109077],[25.763442,45.109257],[25.763526,45.109287],[25.763677,45.109493],[25.763445,45.109527],[25.763448,45.109707],[25.763575,45.109707],[25.763576,45.109797],[25.763514,45.109912],[25.763449,45.109797],[25.763426,45.109761],[25.763321,45.109708],[25.763199,45.109694],[25.763137,45.109709],[25.763066,45.10971],[25.763065,45.10962],[25.762684,45.109623],[25.762683,45.109533],[25.762387,45.10949],[25.762681,45.109443],[25.762678,45.109173],[25.762819,45.109159],[25.762932,45.109171],[25.762931,45.109081],[25.76293,45.108991],[25.762803,45.108992],[25.762848,45.108833],[25.76319,45.10893],[25.763062,45.108716],[25.763127,45.108616],[25.763111,45.108615],[25.762836,45.108563],[25.762505,45.108442],[25.762495,45.108354],[25.762485,45.108266],[25.762498,45.108213],[25.762495,45.107996],[25.762475,45.107954],[25.76242,45.107871],[25.762384,45.107847],[25.762348,45.107824],[25.762247,45.107786],[25.762173,45.107775],[25.761609,45.10723],[25.761225,45.106858],[25.761483,45.106719],[25.761494,45.106706],[25.761511,45.106684],[25.761919,45.106378],[25.761968,45.106392],[25.762348,45.106502],[25.762626,45.106573],[25.762974,45.106648],[25.763083,45.106743],[25.763574,45.1069],[25.764398,45.106894],[25.764851,45.106718],[25.764962,45.106573],[25.764961,45.10657],[25.765251,45.106612],[25.765488,45.106525],[25.765567,45.106633],[25.765694,45.106632],[25.765744,45.106646],[25.76627,45.10658],[25.7663,45.106574],[25.766375,45.10659],[25.766484,45.106581],[25.766615,45.106509],[25.766769,45.106477],[25.766781,45.106504],[25.766942,45.106525],[25.767142,45.106501],[25.767373,45.106413],[25.767501,45.10633],[25.767524,45.106301],[25.767679,45.106303],[25.767836,45.106355],[25.76823,45.106398],[25.768426,45.106363],[25.768427,45.106363],[25.769011,45.106341],[25.769588,45.106303],[25.770126,45.106367],[25.770867,45.106284],[25.771205,45.106021],[25.771337,45.105781],[25.771342,45.105778],[25.771454,45.105592],[25.771628,45.105364],[25.771656,45.105334],[25.771565,45.105302],[25.771521,45.105243],[25.771394,45.105244],[25.771267,45.105244],[25.77114,45.105245],[25.771141,45.105335],[25.771147,45.105784],[25.770785,45.105969],[25.770437,45.106022],[25.770069,45.106002],[25.769773,45.105985],[25.769633,45.106119],[25.769603,45.10616],[25.769322,45.106211],[25.768993,45.10625],[25.768557,45.106253],[25.768555,45.106108],[25.768522,45.106031],[25.768432,45.106031],[25.768456,45.105935],[25.76794,45.105893],[25.76791,45.106039],[25.767892,45.106149],[25.767802,45.106186],[25.767628,45.106227],[25.767594,45.106169],[25.767467,45.10617],[25.767468,45.106246],[25.767338,45.106258],[25.76703,45.106315],[25.766987,45.106329],[25.766551,45.106223],[25.766454,45.106447],[25.766454,45.10645],[25.766408,45.106466],[25.766298,45.106538],[25.766074,45.10654],[25.76582,45.106541],[25.765819,45.106451],[25.765648,45.106393],[25.765182,45.106366],[25.765183,45.106456],[25.765056,45.106457],[25.764675,45.106459],[25.764039,45.106463],[25.763752,45.106465],[25.763718,45.106462],[25.763519,45.10645],[25.763278,45.106465],[25.763277,45.106465],[25.763276,45.106379],[25.763272,45.106109],[25.763399,45.106108],[25.763526,45.106107],[25.763525,45.106017],[25.763652,45.106016],[25.763649,45.105746],[25.763521,45.105747],[25.76352,45.105657],[25.763393,45.105658],[25.763392,45.105568],[25.763265,45.105569],[25.763263,45.105389],[25.763261,45.105299],[25.763248,45.105299],[25.763249,45.105253],[25.76325,45.105207],[25.76326,45.105209],[25.763259,45.105119],[25.763386,45.105118],[25.763385,45.105028],[25.763639,45.105026],[25.763634,45.104666],[25.76338,45.104668],[25.76338,45.10471],[25.76331,45.104737],[25.763234,45.10487],[25.763202,45.104911],[25.762899,45.104975],[25.763048,45.10518],[25.763064,45.105182],[25.763051,45.105224],[25.763066,45.1053],[25.763069,45.105401],[25.763003,45.105508],[25.763012,45.10566],[25.763266,45.105659],[25.763267,45.105749],[25.763269,45.105839],[25.763141,45.105839],[25.763014,45.10584],[25.762845,45.105901],[25.76238,45.105935],[25.762243,45.106096],[25.761744,45.105849],[25.761998,45.105847],[25.761995,45.105667],[25.761812,45.105569],[25.761954,45.105451],[25.762374,45.105485],[25.762579,45.105483],[25.762707,45.105524],[25.762768,45.105524],[25.762818,45.105509],[25.762825,45.105404],[25.762832,45.105288],[25.76275,45.105258],[25.762622,45.105287],[25.762502,45.105394]]]],"type":"MultiPolygon"},"properties":{"fid":50.0,"UAT":"BĂNEŞTI","Zona":"Zona 2","R.A.P.M.":3939047.0,"R.A.P.U.":4.14,"Suprafata":400441,"Perimetru":12895,"Suprafata_":40.0441,"Anul_intoc":null,"_s":{"f":"#ffab00","fo":0.6,"s":"#3388ff","so":0.6,"w":1.0,"r":5.0}}},{"type":"Feature","geometry":{"coordinates":[[[[25.827522,45.099522],[25.827248,45.099444],[25.827016,45.099375],[25.826975,45.099363],[25.826905,45.099575],[25.826975,45.099592],[25.827033,45.099664],[25.827287,45.099662],[25.827289,45.099752],[25.82729,45.099841],[25.827433,45.099828],[25.827466,45.099825],[25.827506,45.099639],[25.827508,45.099629],[25.827522,45.099522]]]],"type":"MultiPolygon"},"properties":{"fid":1381.0,"UAT":"SCORŢENI","Zona":"Zona 17","R.A.P.M.":149.0,"R.A.P.U.":0.0,"Suprafata":1379,"Perimetru":174,"Suprafata_":0.1379,"Anul_intoc":null,"_s":{"f":"#ffab00","fo":0.6,"s":"#3388ff","so":0.6,"w":1.0,"r":5.0}}},{"type":"Feature","geometry":{"coordinates":[[[[25.82386,45.099885],[25.823859,45.099867],[25.823855,45.099597],[25.823481,45.099656],[25.823068,45.099569],[25.823029,45.099573],[25.82297,45.099586],[25.82292,45.099639],[25.822916,45.099665],[25.822938,45.099715],[25.822958,45.09973],[25.823165,45.099751],[25.823367,45.099762],[25.823516,45.09982],[25.823661,45.099859],[25.823815,45.099873],[25.82386,45.099885]]]],"type":"MultiPolygon"},"properties":{"fid":1390.0,"UAT":"SCORŢENI","Zona":"Zona 15","R.A.P.M.":163.0,"R.A.P.U.":0.0,"Suprafata":1464,"Perimetru":196,"Suprafata_":0.1464,"Anul_intoc":null,"_s":{"f":"#ffab00","fo":0.6,"s":"#3388ff","so":0.6,"w":1.0,"r":5.0}}},{"type":"Feature","geometry":{"coordinates":[[[[25.827295,45.101398],[25.827187,45.101463],[25.827188,45.101553],[25.827341,45.101565],[25.827369,45.101561],[25.827438,45.101557],[25.827492,45.101577],[25.827579,45.101585],[25.827708,45.101541],[25.82761,45.101325],[25.827601,45.101329],[25.827414,45.10138],[25.827343,45.101391],[25.827295,45.101398]]]],"type":"MultiPolygon"},"properties":{"fid":1382.0,"UAT":"SCORŢENI","Zona":"Zona 16","R.A.P.M.":85.0,"R.A.P.U.":0.0,"Suprafata":785,"Perimetru":115,"Suprafata_":0.0785,"Anul_intoc":null,"_s":{"f":"#ffab00","fo":0.6,"s":"#3388ff","so":0.6,"w":1.0,"r":5.0}}},{"type":"Feature","geometry":{"coordinates":[[[[25.753978,45.104821],[25.75385,45.104822],[25.753851,45.104864],[25.75392,45.10493],[25.753978,45.105001],[25.75398,45.105001],[25.75398,45.105003],[25.754013,45.105042],[25.7541,45.105169],[25.754169,45.10532],[25.754193,45.105367],[25.754218,45.105414],[25.754324,45.105497],[25.754421,45.105579],[25.754457,45.105609],[25.754525,45.105778],[25.754878,45.106067],[25.755172,45.106237],[25.75518,45.106237],[25.755321,45.106412],[25.755479,45.106545],[25.755616,45.10659],[25.75582,45.10678],[25.755904,45.106864],[25.755901,45.107004],[25.756883,45.107737],[25.757033,45.108254],[25.757053,45.108268],[25.757154,45.108336],[25.757369,45.108429],[25.757387,45.10847],[25.757477,45.108678],[25.757519,45.108757],[25.757522,45.108812],[25.757589,45.108822],[25.757647,45.108835],[25.757738,45.108904],[25.75788,45.108996],[25.757974,45.109047],[25.757973,45.109024],[25.7581,45.109023],[25.758099,45.108933],[25.757845,45.108935],[25.757844,45.108845],[25.757843,45.108755],[25.757761,45.108705],[25.757673,45.108696],[25.757586,45.108577],[25.757459,45.108578],[25.757458,45.108488],[25.757457,45.108398],[25.757358,45.108366],[25.757403,45.108302],[25.757323,45.107948],[25.757145,45.10786],[25.757321,45.107768],[25.75732,45.107678],[25.757319,45.107588],[25.757317,45.107498],[25.757208,45.107393],[25.757187,45.107229],[25.757223,45.107106],[25.75723,45.107066],[25.757019,45.107004],[25.75693,45.107051],[25.756803,45.107052],[25.756787,45.106996],[25.756777,45.106962],[25.756792,45.106852],[25.756676,45.106847],[25.756661,45.106715],[25.756556,45.106599],[25.756442,45.106569],[25.756253,45.106553],[25.756159,45.106598],[25.756035,45.106607],[25.756032,45.106427],[25.755905,45.106428],[25.755904,45.106338],[25.75565,45.10634],[25.755649,45.10625],[25.755522,45.10625],[25.755454,45.106251],[25.755394,45.106216],[25.755393,45.106161],[25.75538,45.106115],[25.755405,45.106059],[25.755426,45.10596],[25.755387,45.105895],[25.755273,45.105849],[25.755167,45.1058],[25.755015,45.105782],[25.754885,45.10576],[25.754806,45.105736],[25.754716,45.10566],[25.75462,45.105617],[25.754492,45.105267],[25.754491,45.105177],[25.754364,45.105178],[25.75436,45.104908],[25.753979,45.104911],[25.753978,45.104821]]]],"type":"MultiPolygon"},"properties":{"fid":51.0,"UAT":"BĂNEŞTI","Zona":"Zona 1","R.A.P.M.":143763.0,"R.A.P.U.":0.19,"Suprafata":17754,"Perimetru":1369,"Suprafata_":1.7754,"Anul_intoc":null,"_s":{"f":"#ffab00","fo":0.6,"s":"#3388ff","so":0.6,"w":1.0,"r":5.0}}},{"type":"Feature","geometry":{"coordinates":[[[[25.819945,45.107224],[25.819956,45.107152],[25.819968,45.107154],[25.820066,45.106881],[25.819961,45.106827],[25.819478,45.106592],[25.81935,45.10653],[25.81887,45.106296],[25.8186,45.106206],[25.818568,45.106251],[25.818522,45.106292],[25.81852,45.106301],[25.8185,45.106319],[25.818477,45.106338],[25.818426,45.106383],[25.818418,45.10639],[25.81837,45.10642],[25.818334,45.106468],[25.818292,45.106534],[25.818276,45.106574],[25.818293,45.106581],[25.818364,45.106567],[25.818349,45.106606],[25.819106,45.106941],[25.819211,45.106877],[25.819388,45.107009],[25.819388,45.107068],[25.819439,45.107091],[25.819341,45.107243],[25.819352,45.107457],[25.81932,45.107455],[25.819234,45.107725],[25.819767,45.107784],[25.819945,45.107224]]]],"type":"MultiPolygon"},"properties":{"fid":1396.0,"UAT":"SCORŢENI","Zona":"Zona 13","R.A.P.M.":101873.0,"R.A.P.U.":0.1,"Suprafata":9625,"Perimetru":534,"Suprafata_":0.9625,"Anul_intoc":null,"_s":{"f":"#ffab00","fo":0.6,"s":"#3388ff","so":0.6,"w":1.0,"r":5.0}}},{"type":"Feature","geometry":{"coordinates":[[[[25.830922,45.111829],[25.830932,45.111811],[25.831114,45.111759],[25.83121,45.111578],[25.831276,45.111693],[25.831403,45.111692],[25.831403,45.1117],[25.831413,45.111697],[25.831429,45.111679],[25.831435,45.111673],[25.831452,45.111652],[25.831439,45.11163],[25.831331,45.111439],[25.831217,45.111266],[25.831124,45.111165],[25.831103,45.111082],[25.83092,45.11077],[25.830733,45.110799],[25.830686,45.110807],[25.83063,45.110977],[25.830545,45.110948],[25.830469,45.110843],[25.830465,45.110844],[25.830463,45.110835],[25.830372,45.110709],[25.83037,45.110619],[25.830285,45.11059],[25.830112,45.110351],[25.829985,45.110352],[25.829984,45.110262],[25.82982,45.110218],[25.829982,45.110172],[25.830237,45.11017],[25.830238,45.11026],[25.830295,45.110239],[25.830245,45.110039],[25.830057,45.110008],[25.829877,45.110035],[25.829624,45.110113],[25.829703,45.110887],[25.829784,45.111053],[25.830045,45.111322],[25.830062,45.111316],[25.830096,45.111376],[25.83015,45.111431],[25.830255,45.11143],[25.830256,45.11152],[25.830257,45.111542],[25.830588,45.111885],[25.830922,45.111829]]]],"type":"MultiPolygon"},"properties":{"fid":1395.0,"UAT":"SCORŢENI","Zona":"Zona 12","R.A.P.M.":51476.0,"R.A.P.U.":0.03,"Suprafata":13567,"Perimetru":709,"Suprafata_":1.3567,"Anul_intoc":null,"_s":{"f":"#ffab00","fo":0.6,"s":"#3388ff","so":0.6,"w":1.0,"r":5.0}}},{"type":"Feature","geometry":{"coordinates":[[[[25.817812,45.08587],[25.81794,45.085869],[25.817938,45.085779],[25.81781,45.08569],[25.817555,45.085602],[25.8173,45.085604],[25.817299,45.085514],[25.817297,45.085334],[25.817295,45.085244],[25.817422,45.085243],[25.817418,45.084973],[25.817164,45.084975],[25.817168,45.085245],[25.817041,45.085246],[25.817044,45.085411],[25.816929,45.085375],[25.816887,45.085337],[25.816788,45.08527],[25.816787,45.085248],[25.816785,45.085068],[25.816656,45.084979],[25.816527,45.0848],[25.816398,45.084711],[25.816252,45.084668],[25.816143,45.084622],[25.816015,45.084533],[25.815888,45.084534],[25.815759,45.084445],[25.815631,45.084356],[25.815503,45.084267],[25.815374,45.084178],[25.81512,45.08418],[25.815119,45.08409],[25.814991,45.084001],[25.814864,45.084002],[25.814844,45.084002],[25.814831,45.084092],[25.814865,45.084092],[25.81494,45.084091],[25.814993,45.084181],[25.814995,45.084271],[25.815249,45.084269],[25.81525,45.084359],[25.815378,45.084448],[25.815507,45.084537],[25.815636,45.08469],[25.816144,45.084699],[25.816229,45.084705],[25.816233,45.084721],[25.816312,45.08495],[25.816363,45.085074],[25.816522,45.085179],[25.817016,45.085477],[25.817099,45.085527],[25.817375,45.085694],[25.817557,45.085782],[25.817812,45.08587]]]],"type":"MultiPolygon"},"properties":{"fid":1407.0,"UAT":"SCORŢENI","Zona":"Zona 25","R.A.P.M.":578.0,"R.A.P.U.":0.0,"Suprafata":6061,"Perimetru":845,"Suprafata_":0.6061,"Anul_intoc":null,"_s":{"f":"#ffab00","fo":0.6,"s":"#3388ff","so":0.6,"w":1.0,"r":5.0}}},{"type":"Feature","geometry":{"coordinates":[[[[25.831802,45.086849],[25.8309,45.086935],[25.830788,45.087036],[25.830666,45.087397],[25.830795,45.087486],[25.830922,45.087485],[25.83105,45.087574],[25.831498,45.087607],[25.832279,45.087608],[25.832317,45.087318],[25.832316,45.087295],[25.832189,45.087296],[25.832187,45.087116],[25.832186,45.087026],[25.832313,45.087025],[25.832355,45.087024],[25.832367,45.086934],[25.832184,45.086936],[25.832057,45.086937],[25.83193,45.086938],[25.831802,45.086849]]]],"type":"MultiPolygon"},"properties":{"fid":1408.0,"UAT":"SCORŢENI","Zona":"Zona 24","R.A.P.M.":15623.0,"R.A.P.U.":0.02,"Suprafata":8948,"Perimetru":409,"Suprafata_":0.8948,"Anul_intoc":null,"_s":{"f":"#ffab00","fo":0.6,"s":"#3388ff","so":0.6,"w":1.0,"r":5.0}}},{"type":"Feature","geometry":{"coordinates":[[[[25.826511,45.098672],[25.826511,45.098677],[25.826407,45.098438],[25.826233,45.098479],[25.826125,45.098305],[25.826122,45.09826],[25.826121,45.098257],[25.826122,45.098235],[25.826113,45.09822],[25.826112,45.098218],[25.826086,45.098177],[25.826079,45.098166],[25.826079,45.098167],[25.826045,45.098115],[25.826047,45.098115],[25.826036,45.098096],[25.826034,45.098089],[25.826363,45.09801],[25.826402,45.098],[25.826412,45.097983],[25.826392,45.097841],[25.826354,45.097842],[25.82627,45.097844],[25.826205,45.097846],[25.826146,45.09778],[25.826035,45.097662],[25.826195,45.097617],[25.826172,45.097523],[25.826129,45.097378],[25.825981,45.097372],[25.825881,45.097152],[25.825853,45.097152],[25.825599,45.097154],[25.825602,45.097334],[25.825603,45.097424],[25.825606,45.097604],[25.825609,45.097874],[25.825864,45.097872],[25.825866,45.098052],[25.825935,45.098076],[25.826089,45.098322],[25.826106,45.098575],[25.826129,45.09868],[25.826259,45.098859],[25.826513,45.098857],[25.826516,45.099037],[25.826608,45.099037],[25.826608,45.098996],[25.82677,45.099013],[25.826769,45.098946],[25.826767,45.098809],[25.826681,45.098739],[25.826593,45.098757],[25.826555,45.098766],[25.826511,45.098672]]]],"type":"MultiPolygon"},"properties":{"fid":1409.0,"UAT":"SCORŢENI","Zona":"Zona 18","R.A.P.M.":26459.0,"R.A.P.U.":0.03,"Suprafata":5925,"Perimetru":615,"Suprafata_":0.5925,"Anul_intoc":null,"_s":{"f":"#ffab00","fo":0.6,"s":"#3388ff","so":0.6,"w":1.0,"r":5.0}}},{"type":"Feature","geometry":{"coordinates":[[[[25.830245,45.093342],[25.830246,45.09343],[25.829992,45.093432],[25.829991,45.093342],[25.830118,45.093341],[25.830115,45.093161],[25.829964,45.093089],[25.829856,45.092803],[25.829654,45.092877],[25.829607,45.093165],[25.829608,45.093255],[25.829481,45.093256],[25.829388,45.093256],[25.829522,45.093609],[25.829877,45.093544],[25.830284,45.09347],[25.83028,45.093346],[25.830284,45.093299],[25.830483,45.093253],[25.830541,45.093253],[25.830542,45.093251],[25.830708,45.093242],[25.830769,45.093287],[25.83087,45.093363],[25.830888,45.093391],[25.830921,45.093463],[25.831066,45.093462],[25.831097,45.093461],[25.831191,45.093461],[25.831263,45.09346],[25.831263,45.093455],[25.831189,45.093311],[25.831477,45.093234],[25.831508,45.093226],[25.831592,45.093212],[25.831686,45.093189],[25.831827,45.093155],[25.832001,45.093112],[25.831978,45.093057],[25.831766,45.093059],[25.831764,45.092969],[25.831767,45.092907],[25.831763,45.092879],[25.831763,45.092879],[25.831762,45.092789],[25.831253,45.092793],[25.831251,45.092613],[25.83126,45.092524],[25.831588,45.09255],[25.831885,45.092518],[25.832012,45.092517],[25.832013,45.092607],[25.832578,45.092659],[25.832397,45.092784],[25.832399,45.092901],[25.832418,45.09294],[25.833102,45.092892],[25.833096,45.092876],[25.833044,45.092724],[25.83293,45.092394],[25.832909,45.092363],[25.832765,45.092181],[25.832738,45.092062],[25.832386,45.092064],[25.832261,45.092155],[25.832134,45.092156],[25.832008,45.092247],[25.831754,45.092249],[25.831628,45.09234],[25.830918,45.092382],[25.830308,45.092493],[25.829598,45.092535],[25.829472,45.092626],[25.829218,45.092628],[25.829092,45.092718],[25.829094,45.092808],[25.829348,45.092807],[25.829349,45.092897],[25.829476,45.092896],[25.829473,45.092716],[25.829855,45.092713],[25.830109,45.092711],[25.830236,45.09271],[25.830237,45.0928],[25.830364,45.092799],[25.830491,45.092798],[25.830492,45.092888],[25.831128,45.092884],[25.831636,45.09288],[25.831646,45.09288],[25.831641,45.092932],[25.831637,45.09297],[25.831639,45.09306],[25.830368,45.093069],[25.830369,45.093159],[25.830496,45.093158],[25.830497,45.093216],[25.830366,45.093254],[25.830262,45.093291],[25.830243,45.093322],[25.830245,45.093342]]]],"type":"MultiPolygon"},"properties":{"fid":1420.0,"UAT":"SCORŢENI","Zona":"Zona 27","R.A.P.M.":108268.0,"R.A.P.U.":0.12,"Suprafata":19559,"Perimetru":1663,"Suprafata_":1.9559,"Anul_intoc":null,"_s":{"f":"#ffab00","fo":0.6,"s":"#3388ff","so":0.6,"w":1.0,"r":5.0}}},{"type":"Feature","geometry":{"coordinates":[[[[25.838753,45.089047],[25.838695,45.089048],[25.838693,45.088958],[25.838566,45.088959],[25.838565,45.088869],[25.838438,45.08887],[25.838437,45.08878],[25.83831,45.088781],[25.838308,45.088691],[25.838181,45.088692],[25.838054,45.088693],[25.838053,45.088603],[25.837926,45.088603],[25.837799,45.088604],[25.837798,45.088514],[25.837671,45.088515],[25.837572,45.08866],[25.837758,45.088725],[25.837848,45.089024],[25.837933,45.089053],[25.83806,45.089052],[25.838223,45.089096],[25.838061,45.089142],[25.837934,45.089143],[25.837722,45.089115],[25.837505,45.088817],[25.83742,45.088787],[25.837422,45.088877],[25.837295,45.088878],[25.83735,45.089111],[25.837428,45.089327],[25.83743,45.089417],[25.837939,45.089503],[25.837938,45.089413],[25.838573,45.089409],[25.838574,45.089499],[25.838701,45.089498],[25.838703,45.089588],[25.838705,45.089768],[25.838578,45.089769],[25.83841,45.08983],[25.838072,45.089862],[25.838073,45.089952],[25.837946,45.089953],[25.837947,45.090043],[25.837693,45.089955],[25.837518,45.089717],[25.837222,45.089658],[25.837177,45.089509],[25.83705,45.08951],[25.837053,45.08969],[25.836926,45.089691],[25.836544,45.089694],[25.836546,45.089784],[25.8368,45.089782],[25.836801,45.089872],[25.836901,45.089922],[25.836759,45.090464],[25.836683,45.090503],[25.836686,45.090683],[25.836687,45.090773],[25.836647,45.090923],[25.836564,45.091044],[25.836691,45.091043],[25.836693,45.091133],[25.836827,45.091132],[25.836811,45.091217],[25.836809,45.091222],[25.836694,45.091223],[25.836695,45.091309],[25.836568,45.091301],[25.836566,45.091134],[25.836311,45.091135],[25.836313,45.091225],[25.836314,45.091315],[25.836187,45.091316],[25.836188,45.091406],[25.836569,45.091404],[25.836697,45.091436],[25.836698,45.091493],[25.836571,45.091494],[25.83647,45.091638],[25.836065,45.091677],[25.835938,45.091678],[25.835736,45.091643],[25.835427,45.091502],[25.835089,45.091474],[25.834918,45.091416],[25.83441,45.091419],[25.834407,45.091239],[25.833645,45.091245],[25.833644,45.091155],[25.833517,45.091156],[25.833519,45.091336],[25.83352,45.091426],[25.833523,45.091606],[25.833524,45.091696],[25.833526,45.091786],[25.833653,45.091785],[25.833745,45.091815],[25.833574,45.091917],[25.833657,45.092055],[25.833658,45.092145],[25.833531,45.092146],[25.833277,45.092148],[25.833276,45.092058],[25.832987,45.09206],[25.833118,45.092306],[25.83313,45.092329],[25.833153,45.092329],[25.833153,45.092372],[25.833155,45.092374],[25.833281,45.092341],[25.833389,45.092315],[25.833854,45.092188],[25.833952,45.092289],[25.834016,45.092283],[25.834177,45.092234],[25.83435,45.092183],[25.834589,45.092157],[25.834588,45.092152],[25.834588,45.092147],[25.834572,45.092069],[25.834561,45.092053],[25.835048,45.091804],[25.835146,45.091839],[25.835243,45.091877],[25.835362,45.091937],[25.835665,45.091967],[25.835835,45.091976],[25.835917,45.091818],[25.836064,45.091862],[25.836173,45.091889],[25.836186,45.091892],[25.836262,45.091886],[25.836322,45.091855],[25.836321,45.091765],[25.836448,45.091764],[25.836575,45.091763],[25.836574,45.091673],[25.836701,45.091673],[25.836951,45.091671],[25.836955,45.091664],[25.836953,45.091581],[25.837004,45.09158],[25.837018,45.091555],[25.837026,45.091432],[25.837151,45.091387],[25.837161,45.091379],[25.837162,45.091383],[25.837181,45.091376],[25.837217,45.091376],[25.837249,45.091391],[25.837293,45.091449],[25.837322,45.091467],[25.837331,45.091488],[25.837333,45.091488],[25.837333,45.091492],[25.837368,45.091566],[25.837538,45.09166],[25.837758,45.091294],[25.837583,45.091216],[25.837581,45.091036],[25.837708,45.091035],[25.837912,45.091105],[25.837962,45.091033],[25.837958,45.090763],[25.837877,45.090725],[25.837917,45.090603],[25.837915,45.090599],[25.837919,45.090598],[25.837954,45.090493],[25.837952,45.090403],[25.837825,45.090404],[25.837824,45.090314],[25.837697,45.090315],[25.837696,45.090225],[25.837694,45.090135],[25.837948,45.090133],[25.837948,45.090113],[25.838095,45.090101],[25.838171,45.090042],[25.838301,45.090041],[25.838294,45.089988],[25.838535,45.08997],[25.838756,45.089995],[25.838767,45.089996],[25.838753,45.089047]]]],"type":"MultiPolygon"},"properties":{"fid":1423.0,"UAT":"SCORŢENI","Zona":"Zona 28","R.A.P.M.":744530.0,"R.A.P.U.":0.71,"Suprafata":112207,"Perimetru":6095,"Suprafata_":11.2207,"Anul_intoc":null,"_s":{"f":"#ffab00","fo":0.6,"s":"#3388ff","so":0.6,"w":1.0,"r":5.0}}},{"type":"Feature","geometry":{"coordinates":[[[[25.828613,45.093462],[25.82852,45.093479],[25.828472,45.093503],[25.828433,45.093405],[25.828404,45.09333],[25.828589,45.093082],[25.828208,45.093085],[25.828204,45.092815],[25.827922,45.092817],[25.827821,45.092638],[25.827819,45.092548],[25.827311,45.092552],[25.827312,45.092641],[25.827185,45.092642],[25.827058,45.092643],[25.82706,45.092733],[25.827067,45.092796],[25.827308,45.09279],[25.827314,45.092731],[25.827442,45.092821],[25.827443,45.092911],[25.827316,45.092911],[25.827319,45.093091],[25.827192,45.093092],[25.827193,45.093182],[25.827447,45.093181],[25.827446,45.093091],[25.827445,45.093001],[25.827572,45.093],[25.827699,45.092999],[25.827702,45.093257],[25.827703,45.093257],[25.82781,45.093298],[25.827896,45.0933],[25.828114,45.093216],[25.828204,45.093181],[25.828222,45.093174],[25.828224,45.093177],[25.828223,45.093178],[25.828289,45.093248],[25.828395,45.093442],[25.828434,45.093511],[25.82844,45.093518],[25.828436,45.09352],[25.828457,45.093555],[25.828514,45.093649],[25.828675,45.093726],[25.828803,45.093744],[25.828827,45.093747],[25.828862,45.093739],[25.829113,45.093684],[25.829095,45.093618],[25.828851,45.09362],[25.828724,45.093621],[25.828723,45.093531],[25.828722,45.093441],[25.828976,45.093439],[25.828847,45.093315],[25.828754,45.093409],[25.828613,45.093462]]]],"type":"MultiPolygon"},"properties":{"fid":1424.0,"UAT":"SCORŢENI","Zona":"Zona 26","R.A.P.M.":70570.0,"R.A.P.U.":0.08,"Suprafata":5905,"Perimetru":726,"Suprafata_":0.5905,"Anul_intoc":null,"_s":{"f":"#ffab00","fo":0.6,"s":"#3388ff","so":0.6,"w":1.0,"r":5.0}}},{"type":"Feature","geometry":{"coordinates":[[[[25.83033,45.090459],[25.829949,45.090462],[25.829947,45.090372],[25.829819,45.090283],[25.829692,45.090284],[25.829564,45.090195],[25.829436,45.090126],[25.829435,45.090126],[25.829088,45.090203],[25.828839,45.090132],[25.828356,45.090002],[25.828202,45.089961],[25.82821,45.089976],[25.82806,45.090002],[25.827909,45.089981],[25.827907,45.089882],[25.82778,45.089848],[25.82778,45.089848],[25.827781,45.089938],[25.827654,45.089939],[25.827527,45.08994],[25.827528,45.09003],[25.827656,45.090029],[25.827783,45.090028],[25.827853,45.090028],[25.827867,45.090075],[25.827911,45.090113],[25.827911,45.090117],[25.827784,45.090118],[25.827657,45.090119],[25.82753,45.09012],[25.827531,45.09021],[25.82715,45.090213],[25.827151,45.090303],[25.827405,45.090301],[25.827407,45.090391],[25.827534,45.09039],[25.827532,45.0903],[25.827659,45.090299],[25.827701,45.090239],[25.82827,45.090174],[25.828423,45.090383],[25.828502,45.090407],[25.828551,45.090472],[25.828553,45.090562],[25.828628,45.09061],[25.828681,45.090651],[25.828808,45.090651],[25.828805,45.090471],[25.828709,45.090336],[25.828853,45.090251],[25.829184,45.090288],[25.829311,45.090287],[25.829439,45.090376],[25.829568,45.090465],[25.829695,45.090464],[25.829823,45.090553],[25.830077,45.090551],[25.830078,45.090641],[25.830206,45.09064],[25.830204,45.09055],[25.830236,45.09055],[25.830332,45.090579],[25.830333,45.090639],[25.83046,45.090638],[25.830573,45.090638],[25.830841,45.090668],[25.830842,45.090726],[25.830969,45.090725],[25.83097,45.090815],[25.831226,45.090903],[25.831353,45.090902],[25.831354,45.090992],[25.831227,45.090993],[25.830592,45.090997],[25.830593,45.091087],[25.83072,45.091087],[25.831228,45.091083],[25.831483,45.091081],[25.83161,45.09108],[25.831611,45.09117],[25.832119,45.091166],[25.832118,45.091076],[25.831991,45.091077],[25.831989,45.090987],[25.831988,45.090897],[25.832115,45.090896],[25.833004,45.09089],[25.833006,45.09098],[25.832625,45.090983],[25.832626,45.091073],[25.832627,45.091163],[25.832754,45.091162],[25.833262,45.091158],[25.833383,45.091091],[25.833363,45.091002],[25.833377,45.090972],[25.833642,45.091065],[25.833902,45.091056],[25.834023,45.091052],[25.834022,45.090972],[25.834479,45.091006],[25.834849,45.091031],[25.834914,45.091146],[25.835041,45.091145],[25.835042,45.091235],[25.835056,45.0913],[25.835171,45.091324],[25.835679,45.09132],[25.835678,45.09123],[25.835549,45.091141],[25.835422,45.091142],[25.835253,45.091083],[25.835165,45.090964],[25.835079,45.090844],[25.835033,45.090605],[25.834906,45.090606],[25.834905,45.090516],[25.834778,45.090517],[25.834776,45.090427],[25.834649,45.090428],[25.834651,45.090518],[25.834524,45.090519],[25.834143,45.090521],[25.834144,45.090611],[25.834017,45.090612],[25.833763,45.090614],[25.833764,45.090704],[25.833383,45.090707],[25.83307,45.090709],[25.832825,45.09077],[25.832794,45.090778],[25.832779,45.090779],[25.832692,45.090803],[25.832486,45.090765],[25.832363,45.090743],[25.832245,45.090722],[25.832207,45.090716],[25.831985,45.090666],[25.831886,45.090628],[25.831602,45.09054],[25.830839,45.090546],[25.83084,45.090553],[25.830729,45.090537],[25.83033,45.090459]]],[[[25.822799,45.088084],[25.822545,45.088086],[25.822544,45.087996],[25.822541,45.087816],[25.822539,45.087636],[25.822412,45.087637],[25.822414,45.087817],[25.822287,45.087818],[25.82229,45.087998],[25.822292,45.088178],[25.822038,45.08818],[25.822036,45.088],[25.821909,45.088001],[25.82191,45.088091],[25.821783,45.088092],[25.821656,45.088093],[25.821655,45.088003],[25.821528,45.088004],[25.821526,45.087914],[25.82152,45.087464],[25.821393,45.087464],[25.821395,45.087644],[25.821268,45.087645],[25.821271,45.087825],[25.821144,45.087826],[25.82091,45.087828],[25.820938,45.087855],[25.820973,45.087931],[25.820956,45.087954],[25.820908,45.088011],[25.820897,45.088024],[25.821013,45.088012],[25.821023,45.088011],[25.821212,45.08805],[25.821373,45.088114],[25.821478,45.088196],[25.821678,45.088372],[25.821785,45.088473],[25.82191,45.088601],[25.822024,45.088687],[25.822203,45.088822],[25.822269,45.088864],[25.822333,45.088904],[25.822392,45.08895],[25.822445,45.088971],[25.822483,45.08898],[25.822473,45.089075],[25.822475,45.089218],[25.822477,45.089298],[25.822499,45.089435],[25.822516,45.089573],[25.82252,45.089603],[25.822502,45.089802],[25.822488,45.08987],[25.822485,45.089885],[25.822478,45.089916],[25.822476,45.089929],[25.822457,45.090039],[25.822419,45.090224],[25.822328,45.090506],[25.822231,45.090495],[25.821879,45.090436],[25.821819,45.090611],[25.821837,45.090697],[25.82186,45.090751],[25.821793,45.090753],[25.821723,45.090754],[25.821623,45.090757],[25.82149,45.090821],[25.821378,45.0909],[25.821343,45.090938],[25.821326,45.091001],[25.821354,45.091085],[25.821439,45.09119],[25.821557,45.091286],[25.821503,45.091334],[25.821486,45.091465],[25.821512,45.091561],[25.821544,45.091629],[25.821484,45.091658],[25.821449,45.09168],[25.821391,45.091731],[25.821349,45.091793],[25.821326,45.091837],[25.821315,45.091905],[25.821314,45.091952],[25.821152,45.091949],[25.82088,45.091938],[25.820841,45.091989],[25.820839,45.091992],[25.820816,45.092132],[25.820805,45.092171],[25.820797,45.092169],[25.820712,45.092146],[25.820677,45.092147],[25.820656,45.092166],[25.820638,45.092192],[25.820636,45.092222],[25.820629,45.09224],[25.820624,45.09225],[25.820584,45.092251],[25.820563,45.09224],[25.82054,45.092202],[25.820511,45.092189],[25.820475,45.092174],[25.820424,45.092169],[25.820384,45.092174],[25.820348,45.092212],[25.820344,45.092236],[25.820339,45.092268],[25.820352,45.092341],[25.82037,45.092404],[25.820414,45.092421],[25.820495,45.092419],[25.820685,45.092425],[25.820738,45.092427],[25.820747,45.092429],[25.820789,45.092435],[25.820902,45.092453],[25.821103,45.092518],[25.821147,45.092537],[25.821031,45.092762],[25.820891,45.09302],[25.820851,45.093084],[25.820823,45.09309],[25.82076,45.093103],[25.820719,45.093117],[25.820661,45.093146],[25.820602,45.093187],[25.820572,45.093203],[25.820416,45.093293],[25.820205,45.093317],[25.820144,45.093359],[25.820067,45.093371],[25.820051,45.093388],[25.819964,45.093426],[25.819947,45.093434],[25.819841,45.093447],[25.819782,45.093467],[25.819742,45.093491],[25.819719,45.09352],[25.819709,45.093527],[25.819699,45.093533],[25.81968,45.093542],[25.819674,45.093546],[25.819658,45.093547],[25.819563,45.093555],[25.819471,45.093557],[25.819393,45.093574],[25.81938,45.093576],[25.819367,45.093586],[25.819238,45.093643],[25.819019,45.093691],[25.818887,45.093726],[25.818853,45.093731],[25.818783,45.093738],[25.818773,45.093738],[25.818588,45.093731],[25.818544,45.093738],[25.81854,45.093739],[25.818476,45.093771],[25.818409,45.093799],[25.818264,45.093737],[25.81779,45.093535],[25.817768,45.093526],[25.817578,45.093445],[25.817167,45.093605],[25.816827,45.093782],[25.816658,45.093644],[25.816598,45.093605],[25.816305,45.093758],[25.816269,45.093732],[25.816233,45.093706],[25.816256,45.093748],[25.816263,45.093779],[25.815753,45.094045],[25.81577,45.094075],[25.816279,45.094072],[25.816277,45.093982],[25.816276,45.093892],[25.816403,45.093891],[25.816732,45.093852],[25.817037,45.093796],[25.817164,45.093795],[25.817165,45.093885],[25.817038,45.093886],[25.816911,45.093887],[25.816914,45.094067],[25.817726,45.094004],[25.818026,45.094019],[25.818155,45.094123],[25.818126,45.094148],[25.818059,45.094149],[25.81806,45.094239],[25.818068,45.094239],[25.818067,45.094329],[25.818061,45.094329],[25.817934,45.09433],[25.81768,45.094331],[25.817681,45.094421],[25.817683,45.094511],[25.817556,45.094512],[25.817766,45.094724],[25.818069,45.094869],[25.818196,45.094868],[25.818323,45.094867],[25.818319,45.094597],[25.818065,45.094599],[25.817982,45.094597],[25.817937,45.09451],[25.817935,45.09442],[25.818444,45.094416],[25.818442,45.094326],[25.818189,45.094328],[25.818187,45.094238],[25.818186,45.094148],[25.818313,45.094147],[25.818309,45.093877],[25.818436,45.093876],[25.818435,45.093821],[25.818519,45.093785],[25.818562,45.093785],[25.819663,45.093807],[25.819833,45.093866],[25.820088,45.093864],[25.820215,45.093863],[25.820342,45.093862],[25.820343,45.093952],[25.820597,45.09395],[25.820767,45.09401],[25.820854,45.094128],[25.821235,45.094126],[25.821489,45.094124],[25.821771,45.094407],[25.821873,45.094301],[25.821871,45.094211],[25.821744,45.094212],[25.821743,45.094122],[25.821627,45.094123],[25.821488,45.094071],[25.821486,45.093944],[25.820978,45.093948],[25.820977,45.093858],[25.820976,45.093768],[25.820974,45.093678],[25.821101,45.093677],[25.821228,45.093676],[25.821355,45.093675],[25.821482,45.093674],[25.82161,45.093673],[25.821611,45.093763],[25.821738,45.093762],[25.821737,45.093672],[25.821864,45.093671],[25.82186,45.093401],[25.821856,45.093131],[25.821602,45.093133],[25.821475,45.093134],[25.821473,45.093044],[25.821404,45.093002],[25.821573,45.091355],[25.821826,45.091061],[25.821825,45.090971],[25.821952,45.09097],[25.822035,45.09085],[25.822203,45.090789],[25.822201,45.090609],[25.822328,45.090608],[25.822564,45.090293],[25.822597,45.090066],[25.822701,45.090065],[25.822704,45.090245],[25.823085,45.090242],[25.823339,45.09024],[25.823335,45.08997],[25.823333,45.08988],[25.823332,45.08979],[25.823459,45.08979],[25.823586,45.089789],[25.823965,45.089606],[25.823961,45.089336],[25.824301,45.089454],[25.824345,45.089513],[25.824599,45.089511],[25.824597,45.089421],[25.824724,45.08942],[25.825906,45.089307],[25.827082,45.089443],[25.827324,45.089541],[25.827381,45.089546],[25.827517,45.089262],[25.827577,45.089137],[25.827584,45.088679],[25.827255,45.088682],[25.827126,45.088593],[25.825602,45.088604],[25.825348,45.088606],[25.825221,45.088607],[25.825094,45.088608],[25.825095,45.088698],[25.824714,45.0887],[25.824619,45.088822],[25.824258,45.088729],[25.824162,45.088852],[25.82362,45.088921],[25.823448,45.08898],[25.823125,45.08894],[25.82293,45.088353],[25.822803,45.088354],[25.8228,45.08814],[25.822928,45.088173],[25.823056,45.088262],[25.8231,45.088322],[25.82344,45.08844],[25.823437,45.08826],[25.823182,45.088172],[25.823053,45.088082],[25.822926,45.088037],[25.822925,45.087993],[25.823052,45.087992],[25.823049,45.087812],[25.822795,45.087814],[25.822799,45.088084]]]],"type":"MultiPolygon"},"properties":{"fid":1429.0,"UAT":"SCORŢENI","Zona":"Zona 22","R.A.P.M.":575443.0,"R.A.P.U.":0.49,"Suprafata":106926,"Perimetru":6871,"Suprafata_":10.6926,"Anul_intoc":null,"_s":{"f":"#ffab00","fo":0.6,"s":"#3388ff","so":0.6,"w":1.0,"r":5.0}}},{"type":"Feature","geometry":{"coordinates":[[[[25.816459,45.097587],[25.816457,45.09767],[25.816459,45.09776],[25.816332,45.097761],[25.816288,45.097849],[25.816186,45.097828],[25.816205,45.097762],[25.815823,45.097765],[25.815826,45.097945],[25.815064,45.09795],[25.814937,45.097951],[25.814938,45.098041],[25.814811,45.098042],[25.814812,45.098132],[25.814431,45.098135],[25.814432,45.098225],[25.814051,45.098228],[25.814052,45.098318],[25.814054,45.098408],[25.814138,45.098437],[25.814312,45.098676],[25.814478,45.098644],[25.814591,45.098586],[25.814697,45.098467],[25.814822,45.098492],[25.814922,45.098445],[25.814862,45.098262],[25.815069,45.098094],[25.815195,45.098219],[25.815196,45.098309],[25.815069,45.09831],[25.815126,45.098535],[25.815332,45.098606],[25.815517,45.098584],[25.815654,45.098645],[25.815752,45.0987],[25.81583,45.098685],[25.815828,45.098554],[25.815827,45.098471],[25.815865,45.098423],[25.815933,45.098367],[25.816,45.098297],[25.816077,45.098249],[25.816155,45.098227],[25.816271,45.098151],[25.816449,45.098124],[25.816546,45.098128],[25.816726,45.098064],[25.816771,45.098051],[25.816777,45.098049],[25.816858,45.098025],[25.816962,45.098014],[25.816979,45.097979],[25.816865,45.09793],[25.81669,45.097885],[25.816689,45.097836],[25.816738,45.097817],[25.816823,45.097831],[25.816952,45.097855],[25.816956,45.097847],[25.81696,45.09784],[25.816951,45.097824],[25.816899,45.097801],[25.816825,45.097771],[25.816716,45.097727],[25.816695,45.097718],[25.81668,45.097712],[25.816616,45.09767],[25.816529,45.097601],[25.816461,45.097568],[25.816428,45.097552],[25.816398,45.09751],[25.816395,45.097399],[25.816437,45.097354],[25.816517,45.097328],[25.816586,45.097339],[25.816704,45.097381],[25.816729,45.097394],[25.81698,45.097527],[25.81699,45.097566],[25.816999,45.097609],[25.816999,45.097682],[25.817004,45.097699],[25.817013,45.097711],[25.817042,45.097731],[25.817192,45.097868],[25.817369,45.097977],[25.817487,45.098038],[25.817546,45.098045],[25.817643,45.098037],[25.817748,45.097971],[25.817778,45.097912],[25.817656,45.097777],[25.817553,45.097712],[25.81753,45.097598],[25.817475,45.097533],[25.817357,45.097488],[25.81723,45.097445],[25.817005,45.097331],[25.816851,45.097204],[25.816822,45.097134],[25.816794,45.097065],[25.816849,45.096997],[25.816848,45.096996],[25.816946,45.09697],[25.816988,45.096933],[25.816998,45.096923],[25.81703,45.096895],[25.817123,45.096826],[25.817128,45.096822],[25.81731,45.096764],[25.817313,45.096763],[25.817315,45.096762],[25.817316,45.096762],[25.817323,45.09676],[25.817328,45.096761],[25.817564,45.096814],[25.817608,45.096817],[25.818369,45.097031],[25.818682,45.097098],[25.818818,45.097055],[25.818919,45.096944],[25.818935,45.096942],[25.818943,45.096921],[25.818978,45.096831],[25.818985,45.096814],[25.818995,45.096789],[25.819011,45.096747],[25.818962,45.096719],[25.818896,45.09668],[25.818879,45.096671],[25.818582,45.096609],[25.818489,45.09659],[25.818321,45.096555],[25.818108,45.096482],[25.818111,45.096478],[25.818246,45.096279],[25.818214,45.096243],[25.818192,45.096233],[25.8181,45.096192],[25.81793,45.096071],[25.817896,45.096047],[25.817817,45.09599],[25.818226,45.095776],[25.818282,45.095771],[25.818362,45.095807],[25.818441,45.095844],[25.818648,45.095915],[25.818739,45.095971],[25.818904,45.096073],[25.818971,45.09625],[25.819003,45.096515],[25.81909,45.096703],[25.819169,45.096706],[25.819287,45.096653],[25.819428,45.096568],[25.819517,45.096547],[25.819635,45.096542],[25.819925,45.096428],[25.820057,45.096379],[25.820215,45.096384],[25.820388,45.096425],[25.820626,45.096493],[25.820823,45.096478],[25.820905,45.096442],[25.820982,45.096397],[25.821068,45.096291],[25.821121,45.096236],[25.821183,45.096171],[25.821203,45.096149],[25.821224,45.096114],[25.821296,45.096101],[25.821494,45.096122],[25.82153,45.096137],[25.821566,45.096151],[25.821683,45.096177],[25.821821,45.096215],[25.821997,45.096279],[25.822046,45.096293],[25.822124,45.096315],[25.822196,45.096315],[25.822191,45.096458],[25.822197,45.09648],[25.822202,45.096487],[25.822208,45.096494],[25.822415,45.096498],[25.822502,45.0965],[25.822542,45.096513],[25.822551,45.09652],[25.822561,45.096527],[25.822596,45.09656],[25.822772,45.096811],[25.822793,45.096827],[25.822803,45.096835],[25.822814,45.096843],[25.82289,45.096854],[25.822891,45.096854],[25.822889,45.096906],[25.82284,45.096957],[25.82282,45.096997],[25.822797,45.097041],[25.822779,45.097076],[25.822688,45.097162],[25.822648,45.097227],[25.822543,45.097243],[25.822489,45.097245],[25.822298,45.097258],[25.822199,45.097267],[25.822256,45.097385],[25.822364,45.097556],[25.82259,45.097584],[25.822754,45.097607],[25.822821,45.097616],[25.822871,45.097623],[25.82292,45.09763],[25.823007,45.097661],[25.82305,45.097695],[25.823128,45.097756],[25.823219,45.097866],[25.823307,45.098],[25.823323,45.098107],[25.823368,45.098103],[25.823387,45.098133],[25.823464,45.098324],[25.823482,45.098593],[25.823453,45.098688],[25.823449,45.0987],[25.823416,45.098806],[25.823338,45.098992],[25.82331,45.099061],[25.823302,45.09908],[25.823421,45.099129],[25.823519,45.099141],[25.823587,45.099138],[25.823602,45.099149],[25.823723,45.099237],[25.823903,45.099336],[25.823918,45.099354],[25.824006,45.099366],[25.824108,45.099505],[25.824116,45.100031],[25.824144,45.100055],[25.824144,45.100087],[25.824135,45.100113],[25.824126,45.100139],[25.824086,45.100204],[25.824076,45.100218],[25.823904,45.10048],[25.823583,45.100772],[25.823448,45.100887],[25.823494,45.100949],[25.823621,45.100948],[25.82362,45.100858],[25.823618,45.100769],[25.823745,45.100768],[25.823747,45.100858],[25.823748,45.100948],[25.823751,45.101128],[25.823496,45.101129],[25.823498,45.101219],[25.823244,45.101221],[25.822989,45.101223],[25.823098,45.101065],[25.822831,45.100945],[25.822606,45.101084],[25.822607,45.101136],[25.822734,45.101135],[25.822735,45.101225],[25.822608,45.101226],[25.82261,45.101316],[25.822565,45.101316],[25.822482,45.101265],[25.822481,45.101227],[25.82248,45.101162],[25.822354,45.10124],[25.822355,45.101318],[25.822444,45.101317],[25.822483,45.101352],[25.822484,45.101407],[25.822422,45.101522],[25.822357,45.101408],[25.82217,45.101354],[25.821968,45.101478],[25.822,45.101484],[25.822105,45.10159],[25.822232,45.101589],[25.822234,45.101679],[25.822236,45.101859],[25.821982,45.10186],[25.821983,45.10195],[25.821856,45.101951],[25.821855,45.101861],[25.821728,45.101862],[25.821729,45.101952],[25.821691,45.101953],[25.821577,45.101889],[25.821529,45.101765],[25.821491,45.1018],[25.821481,45.101813],[25.821417,45.101896],[25.821534,45.101974],[25.821602,45.101953],[25.821603,45.102019],[25.821639,45.102043],[25.821731,45.102042],[25.821729,45.101968],[25.821857,45.102008],[25.821858,45.102041],[25.821859,45.102131],[25.821832,45.102171],[25.821988,45.102274],[25.821987,45.10222],[25.821986,45.10213],[25.822113,45.102129],[25.822112,45.102039],[25.822239,45.102039],[25.822366,45.102038],[25.822367,45.102128],[25.822677,45.101979],[25.823001,45.102033],[25.823,45.101943],[25.823127,45.101942],[25.823126,45.101852],[25.823253,45.101851],[25.823634,45.101848],[25.823637,45.102028],[25.823891,45.102027],[25.823892,45.102111],[25.823922,45.102116],[25.82396,45.102116],[25.82398,45.102115],[25.824022,45.102092],[25.824074,45.102059],[25.824124,45.102033],[25.824187,45.102005],[25.824228,45.101997],[25.824269,45.101998],[25.824291,45.102005],[25.824328,45.102006],[25.824357,45.102006],[25.824391,45.102004],[25.824441,45.102003],[25.824489,45.102013],[25.82456,45.102019],[25.824612,45.102005],[25.824623,45.101972],[25.824579,45.101935],[25.824515,45.101914],[25.82446,45.101902],[25.824435,45.101881],[25.824442,45.101865],[25.824475,45.101846],[25.824518,45.101834],[25.824577,45.101827],[25.82467,45.101825],[25.824743,45.101837],[25.824751,45.10184],[25.824778,45.10184],[25.824941,45.101884],[25.82489,45.101898],[25.82493,45.101895],[25.824964,45.101884],[25.824989,45.101863],[25.824993,45.10184],[25.824995,45.101824],[25.825015,45.101801],[25.825045,45.101783],[25.825103,45.101762],[25.825162,45.101752],[25.825231,45.101763],[25.825266,45.101811],[25.825613,45.102263],[25.825615,45.102285],[25.825658,45.102365],[25.825662,45.102374],[25.825681,45.102409],[25.825699,45.102443],[25.82571,45.102465],[25.825716,45.102479],[25.825724,45.102499],[25.825758,45.102585],[25.825773,45.102624],[25.825823,45.102727],[25.825903,45.102892],[25.82591,45.102917],[25.825829,45.102936],[25.825872,45.103025],[25.825922,45.103126],[25.825915,45.103131],[25.825917,45.103155],[25.82593,45.103218],[25.825942,45.103251],[25.825937,45.103255],[25.825932,45.10326],[25.825922,45.103269],[25.825937,45.103299],[25.825946,45.10332],[25.825954,45.10332],[25.826056,45.103497],[25.826122,45.103611],[25.826144,45.103646],[25.826209,45.103805],[25.826216,45.103864],[25.826217,45.103929],[25.826218,45.103933],[25.826219,45.103937],[25.826222,45.103944],[25.826237,45.103959],[25.826241,45.103983],[25.826243,45.103993],[25.826259,45.104045],[25.826261,45.104051],[25.826277,45.104096],[25.826285,45.104118],[25.826294,45.104143],[25.826418,45.10474],[25.826405,45.104784],[25.826382,45.104937],[25.826363,45.105116],[25.826361,45.105138],[25.826348,45.105264],[25.826348,45.105267],[25.826765,45.10532],[25.827223,45.105384],[25.827458,45.105435],[25.827657,45.105202],[25.827673,45.105184],[25.827932,45.104883],[25.828009,45.10484],[25.828137,45.104765],[25.828235,45.104691],[25.828307,45.104623],[25.828376,45.104592],[25.828462,45.104568],[25.828493,45.104534],[25.828501,45.104501],[25.828511,45.104461],[25.828546,45.104312],[25.828555,45.104224],[25.828555,45.104124],[25.828554,45.104091],[25.828555,45.104013],[25.828532,45.103639],[25.828489,45.103614],[25.828353,45.103541],[25.828294,45.103412],[25.828212,45.103235],[25.828141,45.103052],[25.827797,45.102739],[25.827793,45.102737],[25.827701,45.102752],[25.827529,45.10278],[25.827475,45.102634],[25.827458,45.102631],[25.827331,45.102631],[25.827329,45.102541],[25.827155,45.102273],[25.827303,45.102031],[25.82729,45.102032],[25.827244,45.101912],[25.827193,45.101912],[25.827191,45.101784],[25.827151,45.101733],[25.827063,45.101733],[25.827003,45.101943],[25.826936,45.101734],[25.82685,45.101615],[25.826805,45.101465],[25.826804,45.101375],[25.826677,45.101376],[25.826676,45.101286],[25.826675,45.101232],[25.826609,45.101213],[25.826607,45.101119],[25.826607,45.101098],[25.826608,45.101098],[25.826632,45.101092],[25.82663,45.101091],[25.82666,45.101083],[25.826763,45.101054],[25.826767,45.101059],[25.826805,45.101049],[25.826886,45.101031],[25.826847,45.100972],[25.826715,45.100772],[25.826677,45.10049],[25.826666,45.100406],[25.826691,45.100343],[25.826691,45.100342],[25.826599,45.100068],[25.826436,45.099986],[25.826277,45.100119],[25.826405,45.100118],[25.82641,45.100478],[25.826537,45.100477],[25.826539,45.100657],[25.826667,45.100656],[25.826668,45.100746],[25.826714,45.100986],[25.826742,45.101025],[25.826578,45.101062],[25.826415,45.100838],[25.826288,45.100839],[25.826287,45.100749],[25.826285,45.100659],[25.826158,45.10066],[25.826156,45.10048],[25.826029,45.100481],[25.826027,45.100391],[25.826023,45.100121],[25.825896,45.100122],[25.825895,45.100022],[25.826074,45.099973],[25.8261,45.09994],[25.826275,45.099939],[25.826272,45.099759],[25.826271,45.099669],[25.826215,45.099463],[25.826104,45.099643],[25.826017,45.099671],[25.825892,45.099852],[25.825765,45.099853],[25.825764,45.099763],[25.825634,45.099584],[25.825633,45.099494],[25.82576,45.099493],[25.825757,45.099313],[25.825885,45.099312],[25.825883,45.099222],[25.825756,45.099223],[25.825755,45.099133],[25.825647,45.098847],[25.825493,45.098595],[25.825492,45.098505],[25.825362,45.098326],[25.825234,45.098237],[25.825231,45.098057],[25.825358,45.098056],[25.825441,45.097935],[25.825479,45.097605],[25.825483,45.097518],[25.82535,45.097516],[25.825349,45.097426],[25.825348,45.097336],[25.825344,45.097066],[25.825215,45.096977],[25.825211,45.096707],[25.825041,45.096648],[25.824829,45.09662],[25.82483,45.09671],[25.824957,45.096709],[25.824959,45.096799],[25.824962,45.097069],[25.825091,45.097158],[25.825099,45.097698],[25.8251,45.097788],[25.825104,45.098058],[25.824977,45.098059],[25.824981,45.098329],[25.825109,45.098418],[25.825112,45.098598],[25.82524,45.098687],[25.825445,45.099175],[25.825506,45.099495],[25.825509,45.099675],[25.825382,45.099676],[25.825252,45.099497],[25.825185,45.099216],[25.82484,45.09854],[25.82447,45.098152],[25.8243,45.098093],[25.824213,45.097974],[25.824086,45.097975],[25.824085,45.097885],[25.824212,45.097884],[25.824442,45.09785],[25.824336,45.097703],[25.824209,45.097704],[25.824082,45.097705],[25.824081,45.097615],[25.82408,45.097525],[25.823953,45.097526],[25.823951,45.097436],[25.82395,45.097346],[25.82382,45.097167],[25.823693,45.097168],[25.823691,45.096988],[25.823723,45.096934],[25.823792,45.09692],[25.823882,45.096897],[25.82407,45.096895],[25.824072,45.096985],[25.824199,45.096984],[25.824197,45.096894],[25.824196,45.096826],[25.824323,45.096803],[25.824325,45.096893],[25.824585,45.097341],[25.824586,45.097431],[25.824714,45.097431],[25.824708,45.097071],[25.824581,45.097071],[25.82458,45.096981],[25.824579,45.096891],[25.824452,45.096892],[25.82445,45.096802],[25.824445,45.096442],[25.824572,45.096442],[25.82457,45.096262],[25.824697,45.096261],[25.824694,45.096081],[25.82469,45.095811],[25.824689,45.095721],[25.824562,45.095722],[25.824563,45.095812],[25.824564,45.095902],[25.824437,45.095902],[25.82444,45.096082],[25.824441,45.096172],[25.824314,45.096173],[25.824317,45.096353],[25.824318,45.096443],[25.824191,45.096444],[25.824195,45.096692],[25.824167,45.09672],[25.824069,45.096805],[25.824055,45.095815],[25.823801,45.095817],[25.823815,45.096807],[25.823815,45.096819],[25.823737,45.096825],[25.823687,45.096718],[25.823681,45.096358],[25.823553,45.096269],[25.823298,45.096181],[25.823047,45.095807],[25.822848,45.095142],[25.822699,45.095068],[25.822435,45.094812],[25.822059,45.094712],[25.822005,45.09466],[25.821624,45.094663],[25.821623,45.094573],[25.821495,45.094574],[25.821294,45.094612],[25.82099,45.094758],[25.820991,45.094847],[25.820864,45.094848],[25.820737,45.094849],[25.820738,45.094939],[25.820611,45.09494],[25.820357,45.094942],[25.820359,45.095032],[25.820231,45.095033],[25.820233,45.095123],[25.820106,45.095124],[25.819979,45.095125],[25.81998,45.095215],[25.820107,45.095214],[25.820234,45.095213],[25.820361,45.095212],[25.820615,45.09521],[25.820617,45.0953],[25.820491,45.095391],[25.820492,45.095481],[25.820551,45.095481],[25.82062,45.09554],[25.820622,45.09566],[25.820368,45.095662],[25.820114,45.095664],[25.819859,45.095666],[25.819861,45.095756],[25.81948,45.095758],[25.819098,45.095761],[25.819097,45.095671],[25.819096,45.095581],[25.819477,45.095578],[25.819474,45.095398],[25.818966,45.095402],[25.818967,45.095492],[25.81884,45.095493],[25.818713,45.095494],[25.818586,45.095495],[25.818588,45.095585],[25.818333,45.095587],[25.818079,45.095589],[25.817952,45.095589],[25.817444,45.095593],[25.817445,45.095683],[25.817318,45.095684],[25.817107,45.095716],[25.81677,45.095838],[25.816432,45.09587],[25.816306,45.095961],[25.816179,45.095962],[25.816053,45.096053],[25.815926,45.096054],[25.8158,45.096145],[25.815676,45.096326],[25.815803,45.096325],[25.81593,45.096324],[25.816056,45.096233],[25.816183,45.096232],[25.816506,45.096077],[25.816564,45.09623],[25.816691,45.096229],[25.81669,45.096139],[25.816944,45.096137],[25.817071,45.096136],[25.817069,45.096046],[25.817451,45.096043],[25.817449,45.095953],[25.817703,45.095951],[25.817566,45.096348],[25.817456,45.096403],[25.817329,45.096404],[25.81716,45.096465],[25.816568,45.096499],[25.816441,45.0965],[25.816527,45.09662],[25.816573,45.096859],[25.8167,45.096859],[25.816827,45.096858],[25.816828,45.096948],[25.816701,45.096949],[25.816574,45.096949],[25.816578,45.097219],[25.816579,45.097322],[25.816503,45.097314],[25.81641,45.097347],[25.816373,45.097384],[25.816349,45.097442],[25.816355,45.0975],[25.816397,45.097553],[25.816459,45.097587]],[[25.825652,45.100818],[25.825653,45.100844],[25.825654,45.100934],[25.825781,45.100933],[25.825781,45.100904],[25.825908,45.100945],[25.825909,45.101022],[25.826036,45.101021],[25.826036,45.100959],[25.826163,45.100959],[25.826165,45.10111],[25.826292,45.101109],[25.826293,45.101199],[25.8265,45.101504],[25.826634,45.101859],[25.82689,45.102131],[25.826997,45.102366],[25.82682,45.102455],[25.826566,45.102457],[25.826563,45.102277],[25.826309,45.102279],[25.826308,45.102189],[25.82618,45.10219],[25.826179,45.1021],[25.826052,45.102101],[25.826051,45.102011],[25.82605,45.101921],[25.825922,45.101922],[25.825921,45.101832],[25.82592,45.101742],[25.825793,45.101743],[25.825791,45.101653],[25.825664,45.101654],[25.825663,45.101564],[25.825662,45.101474],[25.825535,45.101475],[25.825533,45.101385],[25.825532,45.101295],[25.825278,45.101296],[25.825279,45.101386],[25.825177,45.101494],[25.824774,45.10157],[25.823757,45.101578],[25.82363,45.101578],[25.823631,45.101668],[25.823504,45.101669],[25.82325,45.101671],[25.823246,45.101401],[25.823119,45.101402],[25.822992,45.101403],[25.822813,45.101314],[25.822851,45.101295],[25.822876,45.101282],[25.82299,45.101278],[25.82299,45.101293],[25.822991,45.101313],[25.823118,45.101312],[25.823245,45.101311],[25.823372,45.10131],[25.823626,45.101308],[25.823753,45.101308],[25.82388,45.101307],[25.823882,45.101397],[25.824009,45.101396],[25.824007,45.101306],[25.824134,45.101305],[25.824207,45.100905],[25.824385,45.101033],[25.824513,45.101122],[25.824894,45.101119],[25.824893,45.101029],[25.824766,45.10103],[25.824639,45.101031],[25.824637,45.100941],[25.824764,45.10094],[25.824763,45.10085],[25.824636,45.100851],[25.824635,45.100761],[25.824633,45.100671],[25.824379,45.100673],[25.824252,45.100674],[25.824125,45.100675],[25.824123,45.100495],[25.824121,45.100405],[25.824248,45.100404],[25.824303,45.1002],[25.824628,45.100311],[25.824627,45.100221],[25.824623,45.099951],[25.824622,45.099861],[25.824492,45.099682],[25.824491,45.099592],[25.824406,45.099563],[25.824233,45.099324],[25.824226,45.098874],[25.824154,45.098774],[25.824097,45.098695],[25.824037,45.098647],[25.824051,45.098526],[25.824476,45.098602],[25.824603,45.098601],[25.824605,45.098691],[25.824606,45.098781],[25.824596,45.098814],[25.824607,45.098871],[25.82461,45.099051],[25.824737,45.09905],[25.824744,45.099073],[25.82473,45.099105],[25.824738,45.09914],[25.824741,45.09932],[25.824868,45.099319],[25.824877,45.099371],[25.824869,45.099409],[25.824871,45.099499],[25.824998,45.099498],[25.824999,45.099588],[25.825,45.099678],[25.824873,45.099662],[25.824875,45.099769],[25.824876,45.099859],[25.824877,45.099949],[25.82475,45.09995],[25.824754,45.10022],[25.824755,45.10031],[25.824882,45.100309],[25.824885,45.100489],[25.825012,45.100488],[25.825006,45.100038],[25.825004,45.099948],[25.825131,45.099947],[25.82513,45.099857],[25.825384,45.099856],[25.825638,45.099854],[25.82564,45.099944],[25.825643,45.100214],[25.825695,45.100262],[25.825772,45.100303],[25.825907,45.100842],[25.826034,45.100841],[25.826034,45.10088],[25.82599,45.100931],[25.825956,45.100931],[25.825898,45.100894],[25.825779,45.10083],[25.825778,45.100753],[25.825707,45.100753],[25.825682,45.100723],[25.825651,45.100719],[25.82565,45.100664],[25.825649,45.100574],[25.825522,45.100575],[25.825395,45.100576],[25.825524,45.100755],[25.825611,45.100754],[25.825652,45.100818]],[[25.826697,45.102726],[25.826824,45.102725],[25.826829,45.103085],[25.826702,45.103086],[25.826711,45.103716],[25.826649,45.103832],[25.826584,45.103717],[25.826457,45.103718],[25.826454,45.103538],[25.826189,45.103488],[25.826065,45.103001],[25.825913,45.102948],[25.826061,45.102731],[25.825934,45.102732],[25.825933,45.102642],[25.825806,45.102643],[25.825803,45.102463],[25.82593,45.102462],[25.825932,45.102552],[25.826059,45.102551],[25.826057,45.102461],[25.826056,45.102371],[25.826118,45.102255],[25.826183,45.10237],[25.82631,45.102369],[25.826311,45.102459],[25.826313,45.102549],[25.82644,45.102548],[25.826441,45.102638],[25.826568,45.102637],[25.826695,45.102636],[25.826697,45.102726]],[[25.826968,45.103894],[25.826956,45.103084],[25.827022,45.102776],[25.827337,45.103081],[25.827346,45.103711],[25.827473,45.10371],[25.827471,45.10353],[25.827598,45.10353],[25.827595,45.10335],[25.827593,45.10317],[25.827626,45.102883],[25.827811,45.103007],[25.827847,45.103168],[25.827849,45.103348],[25.827852,45.103528],[25.827853,45.103618],[25.82798,45.103617],[25.827984,45.103887],[25.827986,45.103977],[25.827859,45.103978],[25.827863,45.104248],[25.82799,45.104247],[25.827988,45.104157],[25.828115,45.104156],[25.828242,45.104155],[25.828244,45.104245],[25.828371,45.104244],[25.828373,45.104424],[25.828246,45.104425],[25.828121,45.104516],[25.828122,45.104606],[25.827995,45.104607],[25.827868,45.104608],[25.82787,45.104788],[25.827616,45.104789],[25.827108,45.104793],[25.827109,45.104883],[25.827069,45.105033],[25.826986,45.105154],[25.826859,45.105155],[25.826732,45.105156],[25.826605,45.105157],[25.826426,45.105068],[25.826602,45.104977],[25.826983,45.104974],[25.826982,45.104884],[25.82698,45.104704],[25.826852,45.104705],[25.82685,45.104525],[25.826763,45.104477],[25.826842,45.103985],[25.826841,45.103895],[25.826968,45.103894]]]],"type":"MultiPolygon"},"properties":{"fid":1430.0,"UAT":"SCORŢENI","Zona":"Zona 14","R.A.P.M.":1445216.0,"R.A.P.U.":1.45,"Suprafata":196772,"Perimetru":12925,"Suprafata_":19.6772,"Anul_intoc":null,"_s":{"f":"#ffab00","fo":0.6,"s":"#3388ff","so":0.6,"w":1.0,"r":5.0}}},{"type":"Feature","geometry":{"coordinates":[[[[25.76387,45.07017],[25.76387,45.070122],[25.763997,45.070121],[25.764378,45.070119],[25.764377,45.070029],[25.764504,45.070028],[25.764629,45.070027],[25.764573,45.069987],[25.764541,45.069967],[25.764512,45.069925],[25.764475,45.069812],[25.764468,45.069758],[25.764468,45.069758],[25.764373,45.069759],[25.764119,45.069761],[25.763866,45.069852],[25.764004,45.070056],[25.763672,45.06997],[25.76367,45.069971],[25.76366,45.070064],[25.76387,45.07017]]]],"type":"MultiPolygon"},"properties":{"fid":1843.0,"UAT":"MĂGURENI","Zona":"Zona 22","R.A.P.M.":12422.0,"R.A.P.U.":0.0,"Suprafata":1951,"Perimetru":243,"Suprafata_":0.1951,"Anul_intoc":null,"_s":{"f":"#ffab00","fo":0.6,"s":"#3388ff","so":0.6,"w":1.0,"r":5.0}}},{"type":"Feature","geometry":{"coordinates":[[[[25.713609,45.06888],[25.713558,45.06883],[25.713317,45.06882],[25.713303,45.068742],[25.713245,45.06872],[25.713139,45.068591],[25.713125,45.068582],[25.713174,45.068563],[25.713172,45.068473],[25.713171,45.068381],[25.713113,45.068293],[25.713043,45.068294],[25.712789,45.068295],[25.712704,45.068265],[25.712671,45.06822],[25.712656,45.068478],[25.712655,45.068502],[25.712651,45.068568],[25.712854,45.068587],[25.71306,45.068605],[25.7132,45.068737],[25.713362,45.06889],[25.713608,45.068881],[25.713609,45.06888]]]],"type":"MultiPolygon"},"properties":{"fid":1845.0,"UAT":"MĂGURENI","Zona":"Zona 5","R.A.P.M.":4875.0,"R.A.P.U.":0.0,"Suprafata":1602,"Perimetru":262,"Suprafata_":0.1602,"Anul_intoc":null,"_s":{"f":"#ffab00","fo":0.6,"s":"#3388ff","so":0.6,"w":1.0,"r":5.0}}},{"type":"Feature","geometry":{"coordinates":[[[[25.751692,45.079161],[25.751664,45.079175],[25.751648,45.079184],[25.75179,45.079314],[25.752021,45.079205],[25.751989,45.07917],[25.751899,45.079071],[25.751889,45.079061],[25.751692,45.079161]]]],"type":"MultiPolygon"},"properties":{"fid":1847.0,"UAT":"MĂGURENI","Zona":"Zona 9","R.A.P.M.":11800.0,"R.A.P.U.":0.0,"Suprafata":422,"Perimetru":83,"Suprafata_":0.0422,"Anul_intoc":null,"_s":{"f":"#ffab00","fo":0.6,"s":"#3388ff","so":0.6,"w":1.0,"r":5.0}}},{"type":"Feature","geometry":{"coordinates":[[[[25.754475,45.078015],[25.754449,45.078015],[25.754195,45.078017],[25.754196,45.078107],[25.754069,45.078108],[25.753882,45.078161],[25.753441,45.078113],[25.753437,45.078108],[25.75333,45.078069],[25.753216,45.078108],[25.753083,45.078239],[25.753012,45.078265],[25.752801,45.078296],[25.752739,45.078412],[25.752674,45.078297],[25.752547,45.078298],[25.752497,45.078505],[25.752421,45.078389],[25.752294,45.07839],[25.752293,45.0783],[25.752166,45.078301],[25.752104,45.078416],[25.752039,45.078302],[25.751876,45.078258],[25.752038,45.078212],[25.752035,45.078032],[25.751867,45.078092],[25.751656,45.078124],[25.751529,45.078125],[25.751452,45.078099],[25.751437,45.078112],[25.751332,45.078207],[25.751772,45.078514],[25.752061,45.078711],[25.752228,45.078689],[25.752334,45.078657],[25.752378,45.078644],[25.752546,45.078561],[25.752562,45.078554],[25.752806,45.078455],[25.75307,45.078295],[25.753334,45.078135],[25.753377,45.078124],[25.75342,45.078139],[25.753454,45.078151],[25.753463,45.078154],[25.753636,45.078236],[25.753812,45.078282],[25.753922,45.07826],[25.753937,45.078254],[25.754288,45.078098],[25.754475,45.078015]]]],"type":"MultiPolygon"},"properties":{"fid":1848.0,"UAT":"MĂGURENI","Zona":"Zona 10","R.A.P.M.":15860.0,"R.A.P.U.":0.02,"Suprafata":4955,"Perimetru":702,"Suprafata_":0.4955,"Anul_intoc":null,"_s":{"f":"#ffab00","fo":0.6,"s":"#3388ff","so":0.6,"w":1.0,"r":5.0}}},{"type":"Feature","geometry":{"coordinates":[[[[25.734022,45.06735],[25.733987,45.067385],[25.733952,45.067351],[25.73278,45.067358],[25.73268,45.067507],[25.732592,45.067539],[25.732338,45.06754],[25.73183,45.067544],[25.731619,45.067575],[25.731282,45.067697],[25.731071,45.067729],[25.731072,45.067819],[25.730945,45.067819],[25.730776,45.06788],[25.730311,45.067914],[25.730186,45.06804],[25.730057,45.067915],[25.72993,45.067916],[25.729929,45.067826],[25.729421,45.067829],[25.729598,45.068109],[25.729425,45.068189],[25.729427,45.068279],[25.729365,45.068395],[25.7293,45.06828],[25.729173,45.068281],[25.729171,45.068191],[25.729044,45.068192],[25.729043,45.068102],[25.72879,45.068193],[25.728792,45.068283],[25.728538,45.068285],[25.728539,45.068375],[25.72854,45.068465],[25.728286,45.068467],[25.728287,45.068557],[25.728414,45.068556],[25.728415,45.068646],[25.728418,45.068826],[25.728291,45.068827],[25.728164,45.068827],[25.728169,45.069236],[25.72813,45.069277],[25.728104,45.069458],[25.728045,45.069458],[25.728046,45.069548],[25.727919,45.069549],[25.727923,45.069907],[25.727917,45.069926],[25.72788,45.069999],[25.727798,45.07],[25.727801,45.070243],[25.727885,45.070082],[25.72793,45.069997],[25.728022,45.069783],[25.728109,45.069584],[25.72815,45.069489],[25.728188,45.0694],[25.728223,45.06932],[25.728252,45.069251],[25.728287,45.069195],[25.72829,45.06919],[25.728328,45.069129],[25.728403,45.069007],[25.728462,45.068911],[25.728965,45.069241],[25.729075,45.069155],[25.729147,45.069098],[25.729282,45.068991],[25.729308,45.068971],[25.729367,45.068925],[25.72941,45.068892],[25.729441,45.068941],[25.729477,45.069007],[25.729518,45.069082],[25.729538,45.069119],[25.730045,45.0689],[25.729806,45.068588],[25.729936,45.06852],[25.729749,45.068304],[25.729971,45.06826],[25.730105,45.068424],[25.730253,45.068357],[25.73054,45.068249],[25.730437,45.068122],[25.73201,45.067702],[25.732139,45.067667],[25.732305,45.067849],[25.732734,45.067661],[25.732888,45.068073],[25.733253,45.067989],[25.733755,45.067853],[25.733812,45.067886],[25.734054,45.068025],[25.734076,45.068038],[25.734558,45.067717],[25.734603,45.067686],[25.734337,45.06736],[25.734327,45.067348],[25.734022,45.06735]]]],"type":"MultiPolygon"},"properties":{"fid":1860.0,"UAT":"MĂGURENI","Zona":"Zona 1","R.A.P.M.":136287.0,"R.A.P.U.":0.16,"Suprafata":33118,"Perimetru":2190,"Suprafata_":3.3118,"Anul_intoc":null,"_s":{"f":"#ffab00","fo":0.6,"s":"#3388ff","so":0.6,"w":1.0,"r":5.0}}},{"type":"Feature","geometry":{"coordinates":[[[[25.755563,45.075848],[25.755401,45.075894],[25.755564,45.075938],[25.755624,45.076137],[25.755822,45.076206],[25.755867,45.076356],[25.755953,45.076475],[25.75608,45.076475],[25.756081,45.076548],[25.756054,45.076552],[25.755945,45.076559],[25.755952,45.076641],[25.755946,45.076655],[25.755701,45.076657],[25.755702,45.076747],[25.755705,45.076927],[25.755832,45.076926],[25.755833,45.077016],[25.755834,45.077106],[25.755961,45.077105],[25.755962,45.077195],[25.755963,45.077285],[25.75609,45.077285],[25.756092,45.077375],[25.756017,45.07759],[25.755512,45.077685],[25.755156,45.077794],[25.754954,45.077832],[25.754955,45.077872],[25.754961,45.07787],[25.75507,45.077839],[25.755421,45.07778],[25.755474,45.077771],[25.755768,45.077735],[25.755787,45.077728],[25.756014,45.077643],[25.756155,45.07759],[25.756261,45.077549],[25.756446,45.077477],[25.756465,45.07747],[25.756454,45.077461],[25.756432,45.077446],[25.756424,45.077441],[25.756424,45.077441],[25.756384,45.077415],[25.756276,45.077347],[25.756176,45.077284],[25.756046,45.077202],[25.756113,45.077159],[25.756636,45.076821],[25.756684,45.07679],[25.756728,45.076761],[25.757076,45.076538],[25.757125,45.076506],[25.757176,45.076467],[25.757176,45.076467],[25.756842,45.07647],[25.756843,45.076589],[25.756788,45.076627],[25.756596,45.076741],[25.756591,45.076741],[25.75659,45.076651],[25.756463,45.076652],[25.756462,45.076562],[25.756335,45.076563],[25.756334,45.076473],[25.756207,45.076474],[25.756205,45.076384],[25.756078,45.076385],[25.756077,45.076295],[25.75595,45.076295],[25.755949,45.076205],[25.755861,45.076206],[25.75585,45.07618],[25.755821,45.076154],[25.75582,45.076026],[25.755694,45.076027],[25.755693,45.076026],[25.755691,45.075937],[25.755613,45.075938],[25.755564,45.075899],[25.755563,45.075848]]]],"type":"MultiPolygon"},"properties":{"fid":1861.0,"UAT":"MĂGURENI","Zona":"Zona 11","R.A.P.M.":1967.0,"R.A.P.U.":0.0,"Suprafata":6490,"Perimetru":920,"Suprafata_":0.649,"Anul_intoc":null,"_s":{"f":"#ffab00","fo":0.6,"s":"#3388ff","so":0.6,"w":1.0,"r":5.0}}},{"type":"Feature","geometry":{"coordinates":[[[[25.788286,45.126028],[25.788751,45.125972],[25.789019,45.125976],[25.7894,45.125974],[25.789781,45.126035],[25.790513,45.126276],[25.790875,45.126287],[25.792166,45.126573],[25.792588,45.126252],[25.792582,45.126248],[25.792562,45.126192],[25.792578,45.126074],[25.792563,45.12608],[25.792356,45.125993],[25.792325,45.126018],[25.792293,45.12603],[25.792018,45.125978],[25.791893,45.125955],[25.791429,45.125867],[25.791455,45.125823],[25.791405,45.125815],[25.791084,45.125767],[25.791108,45.125357],[25.791268,45.125408],[25.791265,45.124936],[25.791248,45.12441],[25.791346,45.123817],[25.791347,45.123799],[25.79116,45.123764],[25.790911,45.123694],[25.790886,45.123687],[25.790977,45.12354],[25.791001,45.123513],[25.790757,45.123403],[25.790567,45.123341],[25.790519,45.123322],[25.790505,45.123324],[25.790524,45.123307],[25.790543,45.123289],[25.790602,45.123233],[25.790358,45.123149],[25.790155,45.123082],[25.790101,45.123006],[25.790057,45.122944],[25.790018,45.122888],[25.789992,45.122817],[25.789965,45.122745],[25.789976,45.122666],[25.789979,45.122642],[25.790028,45.122597],[25.7901,45.12255],[25.790305,45.122524],[25.790394,45.122525],[25.790501,45.122525],[25.790617,45.122535],[25.790683,45.122541],[25.790824,45.122564],[25.791097,45.122686],[25.791245,45.122753],[25.791267,45.122753],[25.79129,45.122753],[25.791316,45.122741],[25.79104,45.121501],[25.791101,45.120881],[25.792251,45.120734],[25.792738,45.12116],[25.792993,45.121553],[25.794126,45.121481],[25.794224,45.121637],[25.794408,45.121417],[25.794517,45.121286],[25.793443,45.120906],[25.793567,45.120265],[25.792549,45.119882],[25.792042,45.119621],[25.791796,45.119337],[25.791781,45.119342],[25.791629,45.11942],[25.791268,45.119109],[25.791211,45.11906],[25.791216,45.119391],[25.790834,45.119394],[25.790841,45.119843],[25.790587,45.119845],[25.790429,45.120492],[25.790106,45.121051],[25.789852,45.123002],[25.790205,45.12403],[25.790268,45.124348],[25.790219,45.12493],[25.789922,45.125476],[25.78884,45.125226],[25.787525,45.124507],[25.786658,45.124791],[25.786539,45.125413],[25.786469,45.125454],[25.78647,45.125544],[25.786752,45.1259],[25.78686,45.126171],[25.787115,45.126169],[25.787198,45.12627],[25.787696,45.126295],[25.788286,45.126028]]]],"type":"MultiPolygon"},"properties":{"fid":72.0,"UAT":"TELEGA","Zona":"Zona 10","R.A.P.M.":866260.0,"R.A.P.U.":0.95,"Suprafata":123392,"Perimetru":3420,"Suprafata_":12.3392,"Anul_intoc":null,"_s":{"f":"#ffab00","fo":0.6,"s":"#3388ff","so":0.6,"w":1.0,"r":5.0}}},{"type":"Feature","geometry":{"coordinates":[[[[25.830025,45.119307],[25.829943,45.119113],[25.829858,45.119083],[25.829796,45.119199],[25.829731,45.119084],[25.829634,45.119085],[25.829633,45.119086],[25.829633,45.119087],[25.829632,45.119088],[25.829631,45.119089],[25.82963,45.11909],[25.82963,45.119091],[25.829629,45.119092],[25.829628,45.119093],[25.829628,45.119094],[25.829627,45.119095],[25.829626,45.119096],[25.829626,45.119097],[25.829625,45.119098],[25.829624,45.119099],[25.829624,45.1191],[25.829623,45.119101],[25.829623,45.119102],[25.829622,45.119103],[25.829621,45.119104],[25.829621,45.119105],[25.82962,45.119106],[25.82962,45.119107],[25.829619,45.119108],[25.829619,45.119109],[25.829618,45.11911],[25.829618,45.119111],[25.829617,45.119112],[25.829616,45.119113],[25.829616,45.119114],[25.829615,45.119115],[25.829615,45.119116],[25.829615,45.119117],[25.829614,45.119118],[25.829614,45.11912],[25.829613,45.119121],[25.829613,45.119122],[25.829612,45.119123],[25.829612,45.119124],[25.829611,45.119125],[25.829611,45.119126],[25.829611,45.119127],[25.82961,45.119128],[25.82961,45.119129],[25.82961,45.11913],[25.829609,45.119131],[25.829609,45.119132],[25.829609,45.119133],[25.829608,45.119135],[25.829608,45.119136],[25.829608,45.119137],[25.829607,45.119138],[25.829607,45.119139],[25.829607,45.11914],[25.829606,45.119141],[25.829606,45.119142],[25.829606,45.119143],[25.829606,45.119144],[25.829606,45.119146],[25.829605,45.119147],[25.829605,45.119148],[25.829605,45.119149],[25.829605,45.11915],[25.829605,45.119151],[25.829604,45.119152],[25.829604,45.119153],[25.829604,45.119154],[25.829604,45.119155],[25.829604,45.119157],[25.829604,45.119158],[25.829604,45.119159],[25.829603,45.11916],[25.829603,45.119161],[25.829603,45.119162],[25.829603,45.119163],[25.829603,45.119164],[25.829603,45.119165],[25.829603,45.119166],[25.829603,45.119168],[25.829603,45.119169],[25.829603,45.11917],[25.829603,45.119171],[25.829603,45.119172],[25.829603,45.119173],[25.829603,45.119174],[25.829603,45.119175],[25.829603,45.119176],[25.829603,45.119178],[25.829603,45.119179],[25.829603,45.11918],[25.829603,45.119181],[25.829603,45.119182],[25.829603,45.119183],[25.829604,45.119184],[25.829604,45.119185],[25.829604,45.119186],[25.829604,45.119188],[25.829604,45.119189],[25.829604,45.11919],[25.829604,45.119191],[25.829605,45.119192],[25.829605,45.119193],[25.829605,45.119194],[25.829605,45.119195],[25.829605,45.119196],[25.829606,45.119197],[25.829606,45.119199],[25.829606,45.1192],[25.829606,45.119201],[25.829607,45.119202],[25.829607,45.119203],[25.829607,45.119204],[25.829607,45.119205],[25.829608,45.119206],[25.829608,45.119207],[25.829608,45.119208],[25.829609,45.119209],[25.829609,45.119211],[25.829609,45.119212],[25.82961,45.119213],[25.82961,45.119214],[25.82961,45.119215],[25.829611,45.119216],[25.829611,45.119217],[25.829612,45.119218],[25.829612,45.119219],[25.829612,45.11922],[25.829613,45.119221],[25.829613,45.119222],[25.829614,45.119223],[25.829614,45.119224],[25.829615,45.119226],[25.829615,45.119227],[25.829616,45.119228],[25.829616,45.119229],[25.829617,45.11923],[25.829617,45.119231],[25.829618,45.119232],[25.829618,45.119233],[25.829619,45.119234],[25.829619,45.119235],[25.82962,45.119236],[25.82962,45.119237],[25.829621,45.119238],[25.829622,45.119239],[25.829622,45.11924],[25.829623,45.119241],[25.829623,45.119242],[25.829624,45.119243],[25.829625,45.119244],[25.829625,45.119245],[25.829626,45.119246],[25.829627,45.119247],[25.829627,45.119248],[25.829628,45.119249],[25.829629,45.11925],[25.829629,45.119251],[25.82963,45.119252],[25.829631,45.119253],[25.829631,45.119254],[25.829632,45.119255],[25.829633,45.119256],[25.829634,45.119257],[25.829634,45.119258],[25.829635,45.119259],[25.829636,45.11926],[25.829637,45.119261],[25.829637,45.119262],[25.829638,45.119263],[25.829639,45.119264],[25.82964,45.119265],[25.829641,45.119266],[25.829642,45.119267],[25.829642,45.119268],[25.829643,45.119269],[25.829644,45.11927],[25.829645,45.11927],[25.829646,45.119271],[25.829647,45.119272],[25.829648,45.119273],[25.829648,45.119274],[25.829649,45.119275],[25.82965,45.119276],[25.829651,45.119277],[25.829652,45.119278],[25.829653,45.119279],[25.829654,45.11928],[25.829655,45.11928],[25.829656,45.119281],[25.829657,45.119282],[25.829658,45.119283],[25.829659,45.119284],[25.82966,45.119285],[25.829661,45.119286],[25.829662,45.119287],[25.829663,45.119287],[25.829664,45.119288],[25.829665,45.119289],[25.829666,45.11929],[25.829667,45.119291],[25.829668,45.119292],[25.829669,45.119292],[25.82967,45.119293],[25.829671,45.119294],[25.829672,45.119295],[25.829673,45.119296],[25.829674,45.119296],[25.829675,45.119297],[25.829676,45.119298],[25.829678,45.119299],[25.829679,45.1193],[25.82968,45.1193],[25.829681,45.119301],[25.829682,45.119302],[25.829683,45.119303],[25.829684,45.119303],[25.829686,45.119304],[25.829687,45.119305],[25.829688,45.119306],[25.829689,45.119306],[25.82969,45.119307],[25.829691,45.119308],[25.829693,45.119309],[25.829694,45.119309],[25.829695,45.11931],[25.829696,45.119311],[25.829697,45.119311],[25.829699,45.119312],[25.8297,45.119313],[25.829701,45.119313],[25.829702,45.119314],[25.829704,45.119315],[25.829705,45.119315],[25.829706,45.119316],[25.829707,45.119317],[25.829709,45.119317],[25.82971,45.119318],[25.829711,45.119319],[25.829712,45.119319],[25.829714,45.11932],[25.829715,45.119321],[25.829716,45.119321],[25.829718,45.119322],[25.829719,45.119322],[25.82972,45.119323],[25.829722,45.119324],[25.829723,45.119324],[25.829724,45.119325],[25.829726,45.119325],[25.829727,45.119326],[25.829728,45.119327],[25.82973,45.119327],[25.829731,45.119328],[25.829732,45.119328],[25.829734,45.119329],[25.829735,45.119329],[25.829736,45.11933],[25.829738,45.11933],[25.829739,45.119331],[25.829741,45.119331],[25.829742,45.119332],[25.829743,45.119332],[25.829745,45.119333],[25.829746,45.119333],[25.829748,45.119334],[25.829749,45.119334],[25.82975,45.119335],[25.829752,45.119335],[25.829753,45.119336],[25.829755,45.119336],[25.829756,45.119337],[25.829758,45.119337],[25.829759,45.119337],[25.829761,45.119338],[25.829762,45.119338],[25.829763,45.119339],[25.829765,45.119339],[25.829766,45.11934],[25.829768,45.11934],[25.829769,45.11934],[25.829771,45.119341],[25.829772,45.119341],[25.829774,45.119341],[25.829775,45.119342],[25.829777,45.119342],[25.829778,45.119342],[25.82978,45.119343],[25.829781,45.119343],[25.829783,45.119343],[25.829784,45.119344],[25.829786,45.119344],[25.829787,45.119344],[25.829789,45.119345],[25.82979,45.119345],[25.829792,45.119345],[25.829793,45.119346],[25.829795,45.119346],[25.829796,45.119346],[25.829798,45.119346],[25.829799,45.119347],[25.829801,45.119347],[25.829802,45.119347],[25.829804,45.119347],[25.829805,45.119348],[25.829807,45.119348],[25.829808,45.119348],[25.82981,45.119348],[25.829812,45.119348],[25.829813,45.119349],[25.829815,45.119349],[25.829816,45.119349],[25.829818,45.119349],[25.829819,45.119349],[25.829821,45.11935],[25.829822,45.11935],[25.829824,45.11935],[25.829826,45.11935],[25.829827,45.11935],[25.829829,45.11935],[25.82983,45.11935],[25.829832,45.11935],[25.829833,45.119351],[25.829835,45.119351],[25.829836,45.119351],[25.829838,45.119351],[25.82984,45.119351],[25.829841,45.119351],[25.829843,45.119351],[25.829844,45.119351],[25.829846,45.119351],[25.829847,45.119351],[25.829849,45.119351],[25.829851,45.119351],[25.829852,45.119351],[25.829854,45.119351],[25.829855,45.119351],[25.829857,45.119351],[25.829858,45.119351],[25.82986,45.119351],[25.829861,45.119351],[25.829863,45.119351],[25.829865,45.119351],[25.829866,45.119351],[25.829868,45.119351],[25.829869,45.119351],[25.829871,45.119351],[25.829872,45.119351],[25.829874,45.119351],[25.829876,45.119351],[25.829877,45.119351],[25.829879,45.119351],[25.82988,45.119351],[25.829882,45.119351],[25.829883,45.11935],[25.829885,45.11935],[25.829886,45.11935],[25.829888,45.11935],[25.82989,45.11935],[25.829891,45.11935],[25.829893,45.11935],[25.829894,45.119349],[25.829896,45.119349],[25.829897,45.119349],[25.829899,45.119349],[25.8299,45.119349],[25.829902,45.119349],[25.829904,45.119348],[25.829905,45.119348],[25.829907,45.119348],[25.829908,45.119348],[25.82991,45.119348],[25.829911,45.119347],[25.829913,45.119347],[25.829914,45.119347],[25.829916,45.119347],[25.829917,45.119346],[25.829919,45.119346],[25.82992,45.119346],[25.829922,45.119345],[25.829923,45.119345],[25.829925,45.119345],[25.829926,45.119345],[25.829928,45.119344],[25.829929,45.119344],[25.829931,45.119344],[25.829932,45.119343],[25.829934,45.119343],[25.829935,45.119343],[25.829937,45.119342],[25.829938,45.119342],[25.82994,45.119342],[25.829941,45.119341],[25.829943,45.119341],[25.829944,45.119341],[25.829946,45.11934],[25.829947,45.11934],[25.829949,45.119339],[25.82995,45.119339],[25.829952,45.119339],[25.829953,45.119338],[25.829955,45.119338],[25.829956,45.119337],[25.829957,45.119337],[25.829959,45.119336],[25.82996,45.119336],[25.829962,45.119336],[25.829963,45.119335],[25.829965,45.119335],[25.829966,45.119334],[25.829967,45.119334],[25.829969,45.119333],[25.82997,45.119333],[25.829972,45.119332],[25.829973,45.119332],[25.829974,45.119331],[25.829976,45.119331],[25.829977,45.11933],[25.829979,45.11933],[25.82998,45.119329],[25.829981,45.119329],[25.829983,45.119328],[25.829984,45.119327],[25.829985,45.119327],[25.829987,45.119326],[25.829988,45.119326],[25.829989,45.119325],[25.829991,45.119325],[25.829992,45.119324],[25.829993,45.119323],[25.829995,45.119323],[25.829996,45.119322],[25.829997,45.119322],[25.829999,45.119321],[25.83,45.11932],[25.830001,45.11932],[25.830003,45.119319],[25.830004,45.119319],[25.830005,45.119318],[25.830006,45.119317],[25.830008,45.119317],[25.830009,45.119316],[25.83001,45.119315],[25.830011,45.119315],[25.830013,45.119314],[25.830014,45.119313],[25.830015,45.119313],[25.830016,45.119312],[25.830018,45.119311],[25.830019,45.11931],[25.83002,45.11931],[25.830021,45.119309],[25.830022,45.119308],[25.830024,45.119308],[25.830025,45.119307],[25.830025,45.119307]]]],"type":"MultiPolygon"},"properties":{"fid":1384.0,"UAT":"SCORŢENI","Zona":"Zona 11","R.A.P.M.":74.0,"R.A.P.U.":0.0,"Suprafata":708,"Perimetru":121,"Suprafata_":0.0708,"Anul_intoc":null,"_s":{"f":"#ffab00","fo":0.6,"s":"#3388ff","so":0.6,"w":1.0,"r":5.0}}},{"type":"Feature","geometry":{"coordinates":[[[[25.775889,45.141997],[25.775508,45.142305],[25.774971,45.142426],[25.77272,45.143562],[25.772074,45.144584],[25.771856,45.144725],[25.771863,45.145174],[25.77199,45.146139],[25.772331,45.146563],[25.772392,45.146701],[25.772519,45.1467],[25.77252,45.14679],[25.773156,45.146786],[25.773159,45.146966],[25.773654,45.146962],[25.773677,45.146897],[25.773462,45.146668],[25.773456,45.146534],[25.773387,45.146295],[25.773424,45.145999],[25.773833,45.14572],[25.774028,45.145679],[25.774265,45.145711],[25.774558,45.145809],[25.774788,45.145914],[25.774877,45.145835],[25.774988,45.14575],[25.775205,45.145582],[25.7758,45.145568],[25.775773,45.145403],[25.775723,45.145402],[25.775705,45.145091],[25.775694,45.145006],[25.775668,45.144796],[25.775671,45.144725],[25.775714,45.144614],[25.775762,45.144486],[25.775773,45.144444],[25.775803,45.144319],[25.775797,45.144192],[25.775785,45.144184],[25.775846,45.144003],[25.776085,45.143713],[25.776255,45.143624],[25.776536,45.143511],[25.776821,45.143373],[25.777175,45.143273],[25.777537,45.143189],[25.777806,45.143135],[25.778065,45.143166],[25.778216,45.14325],[25.778328,45.143431],[25.778417,45.143461],[25.778481,45.143473],[25.778537,45.143495],[25.778573,45.143513],[25.778622,45.14352],[25.778655,45.143521],[25.778831,45.143481],[25.778919,45.143467],[25.77894,45.143498],[25.778963,45.143571],[25.778986,45.143652],[25.778994,45.143699],[25.77898,45.143746],[25.77886,45.143903],[25.778735,45.144167],[25.77874,45.144263],[25.778782,45.144342],[25.778886,45.144419],[25.778961,45.144502],[25.77901,45.144585],[25.779118,45.144686],[25.779278,45.14481],[25.779393,45.144906],[25.779627,45.145021],[25.779694,45.145031],[25.779729,45.14498],[25.780207,45.144564],[25.780393,45.144437],[25.780651,45.144349],[25.780964,45.144248],[25.78101,45.144232],[25.781057,45.144229],[25.78096,45.144054],[25.781059,45.143953],[25.781134,45.143986],[25.781264,45.144042],[25.781353,45.144077],[25.781492,45.144131],[25.781577,45.144165],[25.781609,45.144177],[25.781666,45.144215],[25.781763,45.14428],[25.781823,45.144327],[25.781889,45.144361],[25.781955,45.144382],[25.782032,45.144398],[25.782082,45.144411],[25.782036,45.144546],[25.782385,45.144663],[25.783268,45.144965],[25.783409,45.145003],[25.783166,45.144547],[25.782135,45.143624],[25.781333,45.142116],[25.782052,45.14157],[25.783063,45.141343],[25.784777,45.141036],[25.785409,45.140761],[25.78578,45.139949],[25.785772,45.139409],[25.785767,45.139049],[25.785375,45.138242],[25.784923,45.138022],[25.783711,45.137064],[25.780698,45.137212],[25.780082,45.136881],[25.778589,45.136565],[25.779603,45.135998],[25.780821,45.136468],[25.781359,45.136887],[25.781844,45.135735],[25.784221,45.135819],[25.784605,45.135306],[25.785047,45.132934],[25.785295,45.132482],[25.78567,45.13203],[25.785661,45.1314],[25.785688,45.131094],[25.785277,45.131182],[25.785206,45.131326],[25.785205,45.131343],[25.785204,45.131373],[25.785243,45.131469],[25.785235,45.131505],[25.785114,45.131499],[25.785064,45.1315],[25.785024,45.1315],[25.784861,45.131541],[25.784742,45.131558],[25.784607,45.131578],[25.783992,45.131518],[25.78395,45.131723],[25.783976,45.132193],[25.783504,45.132262],[25.78298,45.132412],[25.782938,45.132438],[25.782878,45.132632],[25.78281,45.132853],[25.782786,45.132864],[25.782761,45.132875],[25.78265,45.132899],[25.782435,45.132961],[25.782388,45.13297],[25.782277,45.132959],[25.782211,45.133023],[25.781873,45.133349],[25.782282,45.133652],[25.78262,45.134083],[25.782621,45.134084],[25.782819,45.134111],[25.782854,45.134241],[25.782769,45.134563],[25.782897,45.134644],[25.782692,45.134851],[25.782499,45.13487],[25.782057,45.134933],[25.781798,45.135094],[25.781248,45.135498],[25.781213,45.135531],[25.780811,45.135808],[25.780666,45.13587],[25.780525,45.135908],[25.780376,45.135882],[25.780117,45.13574],[25.779984,45.135861],[25.779113,45.13529],[25.777917,45.134423],[25.777733,45.13431],[25.778193,45.133924],[25.778364,45.133684],[25.778354,45.133566],[25.778105,45.133375],[25.778188,45.133214],[25.778455,45.133051],[25.778283,45.132932],[25.778434,45.13255],[25.778585,45.132187],[25.778568,45.131956],[25.778413,45.131873],[25.77841,45.131869],[25.778372,45.131748],[25.778363,45.131712],[25.778341,45.131594],[25.778347,45.131592],[25.778327,45.131472],[25.778105,45.131445],[25.778022,45.131458],[25.777893,45.131359],[25.777735,45.131285],[25.777662,45.131273],[25.777625,45.131235],[25.777576,45.131182],[25.777578,45.131167],[25.777563,45.131162],[25.777521,45.131144],[25.777468,45.131123],[25.777342,45.131072],[25.777333,45.131007],[25.777221,45.130999],[25.777204,45.130997],[25.777187,45.130995],[25.777166,45.130975],[25.777137,45.130947],[25.777103,45.130924],[25.777099,45.130908],[25.777094,45.130891],[25.777104,45.130855],[25.777107,45.130843],[25.777151,45.130635],[25.777161,45.130566],[25.777167,45.13055],[25.777176,45.130545],[25.777185,45.130541],[25.777216,45.130539],[25.777239,45.130526],[25.777245,45.130504],[25.777311,45.130328],[25.777382,45.130212],[25.777378,45.130199],[25.777373,45.130185],[25.777363,45.130177],[25.777325,45.13017],[25.777286,45.130158],[25.777283,45.130148],[25.77728,45.130137],[25.777279,45.130131],[25.777277,45.130126],[25.777274,45.130076],[25.777197,45.129872],[25.777176,45.129741],[25.777176,45.129734],[25.77718,45.129716],[25.777184,45.129697],[25.77734,45.129295],[25.776404,45.128802],[25.776193,45.1287],[25.776001,45.128607],[25.775972,45.128596],[25.77592,45.128597],[25.775866,45.128597],[25.775851,45.128597],[25.775631,45.128571],[25.775621,45.128546],[25.775641,45.128387],[25.775809,45.128195],[25.775773,45.128167],[25.775712,45.12811],[25.775492,45.127882],[25.775205,45.127663],[25.775009,45.127856],[25.774724,45.127756],[25.774526,45.127692],[25.774522,45.127621],[25.774426,45.12754],[25.774116,45.127246],[25.773877,45.127045],[25.773915,45.127055],[25.773327,45.126496],[25.772682,45.126679],[25.772357,45.12676],[25.77269,45.127299],[25.772893,45.127437],[25.772992,45.127598],[25.773212,45.12793],[25.773214,45.127931],[25.773565,45.128074],[25.773678,45.128115],[25.773743,45.128139],[25.773811,45.128172],[25.773677,45.128266],[25.773649,45.128285],[25.773649,45.128306],[25.773721,45.128363],[25.773793,45.128419],[25.773878,45.128452],[25.774186,45.128779],[25.774689,45.129303],[25.774926,45.129564],[25.775171,45.129824],[25.776362,45.130114],[25.776746,45.130291],[25.776752,45.130741],[25.776762,45.131461],[25.777019,45.131639],[25.777404,45.131907],[25.777638,45.133737],[25.777431,45.133886],[25.776416,45.134016],[25.776375,45.134019],[25.776292,45.134023],[25.776209,45.134028],[25.776012,45.134039],[25.775926,45.134061],[25.775778,45.134123],[25.775757,45.134138],[25.775669,45.134153],[25.775643,45.134154],[25.775919,45.134575],[25.775919,45.134605],[25.77592,45.134676],[25.775896,45.134693],[25.775872,45.13471],[25.775525,45.134877],[25.775285,45.135035],[25.775241,45.135104],[25.775228,45.135141],[25.775197,45.13534],[25.775163,45.13535],[25.775116,45.135372],[25.775014,45.135406],[25.774878,45.135406],[25.774826,45.135409],[25.77478,45.135389],[25.774735,45.13537],[25.774634,45.135374],[25.77422,45.135402],[25.77407,45.135431],[25.773897,45.135465],[25.774375,45.135739],[25.775144,45.136552],[25.776445,45.136143],[25.777021,45.135937],[25.777179,45.136157],[25.777509,45.136466],[25.777731,45.137214],[25.777732,45.137304],[25.778116,45.137482],[25.778758,45.137927],[25.7794,45.138373],[25.779658,45.138641],[25.779981,45.138681],[25.784526,45.139358],[25.783975,45.140073],[25.78373,45.140275],[25.78062,45.139403],[25.77999,45.13931],[25.77967,45.139541],[25.779422,45.139993],[25.778789,45.140177],[25.778407,45.14018],[25.778153,45.140181],[25.77777,45.140094],[25.777327,45.139819],[25.777039,45.138782],[25.776577,45.13808],[25.775782,45.139609],[25.774394,45.13989],[25.773895,45.140052],[25.774628,45.140881],[25.775302,45.141686],[25.775889,45.141997]]]],"type":"MultiPolygon"},"properties":{"fid":71.0,"UAT":"TELEGA","Zona":"Zona 6","R.A.P.M.":5624873.0,"R.A.P.U.":4.45,"Suprafata":785984,"Perimetru":11512,"Suprafata_":78.5984,"Anul_intoc":null,"_s":{"f":"#ffab00","fo":0.6,"s":"#3388ff","so":0.6,"w":1.0,"r":5.0}}},{"type":"Feature","geometry":{"coordinates":[[[[25.78905,45.128226],[25.788932,45.1285],[25.788685,45.129015],[25.79024,45.12896],[25.791989,45.129646],[25.792252,45.129107],[25.792263,45.129084],[25.792346,45.128725],[25.792355,45.128657],[25.792365,45.128515],[25.792204,45.128412],[25.792202,45.128274],[25.792102,45.128083],[25.792103,45.127935],[25.792107,45.127897],[25.792163,45.12783],[25.792149,45.127765],[25.792141,45.127729],[25.792185,45.12772],[25.792159,45.12758],[25.790793,45.127386],[25.789798,45.126943],[25.789565,45.127223],[25.789678,45.127682],[25.78905,45.128226]]]],"type":"MultiPolygon"},"properties":{"fid":73.0,"UAT":"TELEGA","Zona":"Zona 9","R.A.P.M.":385446.0,"R.A.P.U.":0.36,"Suprafata":49514,"Perimetru":985,"Suprafata_":4.9514,"Anul_intoc":null,"_s":{"f":"#ffab00","fo":0.6,"s":"#3388ff","so":0.6,"w":1.0,"r":5.0}}},{"type":"Feature","geometry":{"coordinates":[[[[25.800335,45.135077],[25.794038,45.135501],[25.793076,45.13569],[25.79291,45.135763],[25.791591,45.135447],[25.790289,45.134145],[25.789606,45.133707],[25.789552,45.132925],[25.790162,45.132088],[25.789825,45.132244],[25.789395,45.132443],[25.789266,45.132507],[25.788629,45.132824],[25.78839,45.132644],[25.788065,45.132624],[25.788022,45.132606],[25.788006,45.132599],[25.78789,45.132445],[25.787644,45.132291],[25.787634,45.132289],[25.78764,45.132172],[25.787653,45.131928],[25.787695,45.131591],[25.787691,45.131463],[25.787447,45.130997],[25.787402,45.131249],[25.787186,45.131299],[25.787193,45.131839],[25.786954,45.132921],[25.786579,45.133373],[25.786331,45.133825],[25.785953,45.134098],[25.785972,45.135447],[25.786225,45.135878],[25.788365,45.137085],[25.788802,45.1381],[25.789425,45.13859],[25.790042,45.139236],[25.790095,45.139379],[25.790351,45.139467],[25.791627,45.13952],[25.793083,45.140051],[25.793424,45.141149],[25.794395,45.141597],[25.79559,45.14082],[25.795622,45.140765],[25.795757,45.140552],[25.795753,45.140486],[25.795717,45.140441],[25.795606,45.14036],[25.795533,45.140328],[25.795447,45.140313],[25.795371,45.140329],[25.795248,45.140376],[25.795143,45.140444],[25.795105,45.140468],[25.794705,45.140151],[25.794317,45.139842],[25.794348,45.139786],[25.794461,45.139701],[25.79452,45.139667],[25.794614,45.139639],[25.79486,45.139612],[25.794926,45.139602],[25.795034,45.139587],[25.795415,45.139463],[25.795521,45.139428],[25.795814,45.139279],[25.796725,45.138679],[25.796743,45.138667],[25.797038,45.138471],[25.797085,45.138427],[25.797095,45.138418],[25.797212,45.138307],[25.797215,45.1383],[25.797307,45.138072],[25.79733,45.13802],[25.797401,45.137971],[25.79758,45.137853],[25.797636,45.137815],[25.797707,45.13775],[25.797727,45.137732],[25.797729,45.13773],[25.797735,45.137725],[25.797892,45.137501],[25.797991,45.137313],[25.798013,45.137252],[25.798041,45.137172],[25.798044,45.137163],[25.798189,45.136654],[25.798947,45.136821],[25.79987,45.137272],[25.801718,45.137361],[25.801699,45.137145],[25.80112,45.136489],[25.800904,45.135876],[25.800846,45.135884],[25.800819,45.13577],[25.800767,45.135609],[25.800335,45.135077]]]],"type":"MultiPolygon"},"properties":{"fid":67.0,"UAT":"TELEGA","Zona":"Zona 8","R.A.P.M.":3135188.0,"R.A.P.U.":2.91,"Suprafata":514461,"Perimetru":4503,"Suprafata_":51.4461,"Anul_intoc":null,"_s":{"f":"#ffab00","fo":0.6,"s":"#3388ff","so":0.6,"w":1.0,"r":5.0}}},{"type":"Feature","geometry":{"coordinates":[[[[25.812527,45.136191],[25.81253,45.136174],[25.812595,45.136093],[25.812721,45.13603],[25.812785,45.136002],[25.812936,45.135938],[25.81305,45.13581],[25.813023,45.135739],[25.812979,45.135652],[25.812931,45.135558],[25.81286,45.135565],[25.812796,45.13558],[25.812685,45.135578],[25.812494,45.135566],[25.812393,45.135578],[25.812308,45.135612],[25.812246,45.135666],[25.812187,45.135736],[25.81191,45.135812],[25.81166,45.136029],[25.811583,45.136061],[25.811454,45.136093],[25.81134,45.136118],[25.811249,45.13613],[25.811156,45.136121],[25.810995,45.136106],[25.810897,45.136096],[25.810295,45.136072],[25.810477,45.135536],[25.81074,45.135198],[25.810935,45.135169],[25.811194,45.135131],[25.811281,45.135111],[25.811406,45.135082],[25.811441,45.135074],[25.811577,45.13505],[25.811898,45.134993],[25.812111,45.134459],[25.81215,45.134449],[25.812189,45.134438],[25.81229,45.13439],[25.812422,45.134333],[25.812601,45.134256],[25.812658,45.134223],[25.81278,45.134151],[25.813,45.13399],[25.813033,45.133932],[25.813575,45.13357],[25.812482,45.133519],[25.812187,45.133491],[25.812136,45.133291],[25.812051,45.133314],[25.811566,45.133444],[25.811623,45.133341],[25.811645,45.133221],[25.811658,45.133111],[25.811573,45.133127],[25.811008,45.133245],[25.80988,45.133439],[25.810101,45.133781],[25.810053,45.134183],[25.809446,45.134357],[25.809223,45.134397],[25.809255,45.13443],[25.809318,45.134497],[25.809204,45.134607],[25.809254,45.134676],[25.809323,45.134854],[25.809338,45.134901],[25.809345,45.134925],[25.809352,45.134949],[25.809342,45.13497],[25.809496,45.135471],[25.809075,45.135554],[25.808789,45.1356],[25.808741,45.135815],[25.808189,45.135989],[25.808165,45.136021],[25.808201,45.136549],[25.807938,45.136541],[25.808139,45.136963],[25.806645,45.136876],[25.806279,45.137151],[25.805263,45.137426],[25.805013,45.137585],[25.806742,45.137743],[25.806761,45.137731],[25.806874,45.13762],[25.807012,45.137629],[25.807209,45.137622],[25.807916,45.137594],[25.808087,45.137586],[25.808058,45.137739],[25.808783,45.137558],[25.808949,45.13731],[25.809267,45.137264],[25.809258,45.136634],[25.809512,45.136632],[25.810359,45.136721],[25.810604,45.136872],[25.810792,45.137163],[25.810793,45.137253],[25.811174,45.13725],[25.811178,45.13752],[25.811305,45.137519],[25.811307,45.137609],[25.811506,45.137647],[25.812272,45.138043],[25.812318,45.138022],[25.812291,45.138021],[25.812262,45.137989],[25.812181,45.137882],[25.812157,45.137846],[25.812105,45.13775],[25.812088,45.137744],[25.812074,45.137727],[25.812051,45.137695],[25.81202,45.137652],[25.811882,45.137527],[25.811755,45.137447],[25.811749,45.137393],[25.811789,45.13734],[25.811875,45.137245],[25.811959,45.137167],[25.811988,45.137138],[25.81202,45.137102],[25.81216,45.137027],[25.812196,45.136993],[25.812174,45.136887],[25.812169,45.136877],[25.81238,45.136591],[25.812527,45.136191]]]],"type":"MultiPolygon"},"properties":{"fid":68.0,"UAT":"TELEGA","Zona":"Zona 11","R.A.P.M.":429881.0,"R.A.P.U.":0.35,"Suprafata":117816,"Perimetru":2941,"Suprafata_":11.7816,"Anul_intoc":null,"_s":{"f":"#ffab00","fo":0.6,"s":"#3388ff","so":0.6,"w":1.0,"r":5.0}}},{"type":"Feature","geometry":{"coordinates":[[[[25.76937,45.13651],[25.769464,45.137091],[25.769627,45.137539],[25.769861,45.138258],[25.770118,45.138436],[25.770505,45.138884],[25.771147,45.139329],[25.771405,45.139598],[25.772047,45.140043],[25.77205,45.140223],[25.772053,45.140493],[25.772437,45.140671],[25.773506,45.140522],[25.772862,45.139455],[25.772552,45.138133],[25.771576,45.138098],[25.770707,45.138141],[25.770654,45.137598],[25.770953,45.136989],[25.771246,45.13606],[25.771741,45.13574],[25.770031,45.135537],[25.769592,45.136231],[25.76937,45.13651]]]],"type":"MultiPolygon"},"properties":{"fid":64.0,"UAT":"TELEGA","Zona":"Zona 7","R.A.P.M.":219212.0,"R.A.P.U.":0.23,"Suprafata":70282,"Perimetru":1604,"Suprafata_":7.0282,"Anul_intoc":null,"_s":{"f":"#ffab00","fo":0.6,"s":"#3388ff","so":0.6,"w":1.0,"r":5.0}}},{"type":"Feature","geometry":{"coordinates":[[[[25.786061,45.141479],[25.78573,45.141462],[25.785245,45.14243],[25.784688,45.143405],[25.784815,45.144692],[25.784144,45.145124],[25.784187,45.145122],[25.784222,45.145214],[25.784273,45.145346],[25.784353,45.145454],[25.784427,45.145639],[25.784554,45.145889],[25.784568,45.145989],[25.784577,45.146055],[25.784706,45.146362],[25.78491,45.146322],[25.785166,45.146247],[25.785215,45.146237],[25.785508,45.146177],[25.785552,45.145994],[25.78554,45.145861],[25.785527,45.145727],[25.785452,45.145609],[25.785446,45.145466],[25.785456,45.145393],[25.78547,45.14529],[25.785631,45.144888],[25.785777,45.144876],[25.785885,45.144862],[25.785993,45.144861],[25.786151,45.144836],[25.786367,45.144895],[25.786653,45.145007],[25.78676,45.145024],[25.787009,45.145098],[25.787222,45.145133],[25.787304,45.145167],[25.787417,45.145182],[25.78751,45.145181],[25.787793,45.145106],[25.788063,45.145011],[25.78833,45.144932],[25.788327,45.144871],[25.788219,45.14468],[25.788125,45.144579],[25.788005,45.14444],[25.787931,45.144344],[25.787908,45.144213],[25.7877,45.144122],[25.787458,45.144034],[25.787365,45.144007],[25.787022,45.143972],[25.786734,45.143982],[25.786616,45.143968],[25.786552,45.14395],[25.786507,45.143907],[25.786486,45.143851],[25.786457,45.143774],[25.786384,45.143694],[25.786303,45.143653],[25.786255,45.143619],[25.786287,45.143322],[25.786342,45.142821],[25.786413,45.142719],[25.786405,45.142593],[25.786217,45.142246],[25.786053,45.141979],[25.786043,45.141673],[25.786061,45.141479]]]],"type":"MultiPolygon"},"properties":{"fid":66.0,"UAT":"TELEGA","Zona":"Zona 5","R.A.P.M.":468356.0,"R.A.P.U.":0.36,"Suprafata":66965,"Perimetru":1550,"Suprafata_":6.6965,"Anul_intoc":null,"_s":{"f":"#ffab00","fo":0.6,"s":"#3388ff","so":0.6,"w":1.0,"r":5.0}}},{"type":"Feature","geometry":{"coordinates":[[[[25.792347,45.141988],[25.791678,45.141875],[25.790637,45.141715],[25.790118,45.141648],[25.789872,45.14163],[25.788807,45.141607],[25.788849,45.14204],[25.788849,45.142049],[25.788906,45.142058],[25.789026,45.142053],[25.789037,45.142054],[25.789093,45.142064],[25.789251,45.142115],[25.789266,45.142127],[25.789369,45.142211],[25.789396,45.142234],[25.789461,45.142343],[25.789508,45.142412],[25.789586,45.142465],[25.789673,45.142499],[25.789752,45.142522],[25.789831,45.14253],[25.789903,45.142526],[25.789923,45.142613],[25.790015,45.142699],[25.790079,45.142737],[25.790172,45.142751],[25.790283,45.142734],[25.79033,45.142668],[25.790716,45.142632],[25.790734,45.142656],[25.790743,45.142666],[25.790879,45.142842],[25.79105,45.14278],[25.791117,45.142824],[25.79129,45.142886],[25.791384,45.142957],[25.791508,45.143043],[25.791663,45.142934],[25.791813,45.142788],[25.791941,45.142639],[25.79215,45.142377],[25.792293,45.142223],[25.792302,45.142233],[25.792347,45.141988]]]],"type":"MultiPolygon"},"properties":{"fid":78.0,"UAT":"TELEGA","Zona":"Zona 4","R.A.P.M.":294617.0,"R.A.P.U.":0.31,"Suprafata":25790,"Perimetru":750,"Suprafata_":2.579,"Anul_intoc":null,"_s":{"f":"#ffab00","fo":0.6,"s":"#3388ff","so":0.6,"w":1.0,"r":5.0}}},{"type":"Feature","geometry":{"coordinates":[[[[25.802403,45.145114],[25.802517,45.145322],[25.802751,45.145426],[25.802931,45.145462],[25.803139,45.145528],[25.803282,45.145676],[25.803547,45.145985],[25.803853,45.146279],[25.804043,45.146296],[25.804318,45.146279],[25.804305,45.146114],[25.804282,45.145969],[25.804143,45.145865],[25.804026,45.145828],[25.804196,45.145471],[25.80421,45.145378],[25.80414,45.145303],[25.803913,45.145274],[25.803674,45.145292],[25.803445,45.145305],[25.803299,45.145302],[25.802952,45.145027],[25.802644,45.144846],[25.802655,45.144815],[25.802998,45.144675],[25.803217,45.144575],[25.803446,45.144444],[25.802947,45.144242],[25.802406,45.144032],[25.802339,45.143923],[25.802327,45.143871],[25.802268,45.143786],[25.802157,45.143802],[25.801953,45.143968],[25.801388,45.144406],[25.802235,45.144864],[25.802403,45.145114]]]],"type":"MultiPolygon"},"properties":{"fid":63.0,"UAT":"TELEGA","Zona":"Zona 3","R.A.P.M.":126433.0,"R.A.P.U.":0.1,"Suprafata":19755,"Perimetru":894,"Suprafata_":1.9755,"Anul_intoc":null,"_s":{"f":"#ffab00","fo":0.6,"s":"#3388ff","so":0.6,"w":1.0,"r":5.0}}},{"type":"Feature","geometry":{"coordinates":[[[[25.804111,45.148945],[25.804418,45.149041],[25.805154,45.148725],[25.805231,45.148542],[25.804595,45.148547],[25.804592,45.148367],[25.804591,45.148277],[25.804388,45.147381],[25.803302,45.147026],[25.801133,45.146591],[25.800075,45.146632],[25.800457,45.147212],[25.802344,45.147902],[25.80248,45.147953],[25.802841,45.148099],[25.802861,45.148303],[25.803087,45.148312],[25.803393,45.147923],[25.803675,45.147706],[25.803747,45.147656],[25.804012,45.147469],[25.804132,45.147433],[25.804137,45.147765],[25.804355,45.148332],[25.804332,45.148464],[25.80436,45.14856],[25.804364,45.148574],[25.804397,45.148667],[25.804424,45.148811],[25.804309,45.148862],[25.804151,45.148927],[25.804111,45.148945]]]],"type":"MultiPolygon"},"properties":{"fid":70.0,"UAT":"TELEGA","Zona":"Zona 2","R.A.P.M.":94776.0,"R.A.P.U.":0.07,"Suprafata":34892,"Perimetru":1289,"Suprafata_":3.4892,"Anul_intoc":null,"_s":{"f":"#ffab00","fo":0.6,"s":"#3388ff","so":0.6,"w":1.0,"r":5.0}}},{"type":"Feature","geometry":{"coordinates":[[[[25.771441,45.148533],[25.77058,45.148539],[25.77053,45.148683],[25.770131,45.149119],[25.769928,45.149513],[25.769704,45.149625],[25.769718,45.150615],[25.769732,45.151695],[25.769351,45.151698],[25.769354,45.151968],[25.76936,45.152418],[25.769106,45.152419],[25.76911,45.152689],[25.769209,45.154483],[25.769599,45.153431],[25.769599,45.152794],[25.769734,45.152219],[25.770187,45.150216],[25.77048,45.149511],[25.771217,45.14895],[25.771373,45.14869],[25.771441,45.148533]]]],"type":"MultiPolygon"},"properties":{"fid":826.0,"UAT":"BREBU","Zona":"Zona 16","R.A.P.M.":null,"R.A.P.U.":null,"Suprafata":23530,"Perimetru":1498,"Suprafata_":2.353,"Anul_intoc":null,"_s":{"f":"#ffab00","fo":0.6,"s":"#3388ff","so":0.6,"w":1.0,"r":5.0}}},{"type":"Feature","geometry":{"coordinates":[[[[25.772252,45.150128],[25.772575,45.150286],[25.773325,45.149939],[25.773161,45.149758],[25.773017,45.149729],[25.772811,45.149727],[25.772696,45.149733],[25.772545,45.149757],[25.772403,45.149818],[25.772312,45.149914],[25.772245,45.150044],[25.772252,45.150128]]]],"type":"MultiPolygon"},"properties":{"fid":824.0,"UAT":"BREBU","Zona":"Zona 15","R.A.P.M.":null,"R.A.P.U.":null,"Suprafata":3346,"Perimetru":225,"Suprafata_":0.3346,"Anul_intoc":null,"_s":{"f":"#ffab00","fo":0.6,"s":"#3388ff","so":0.6,"w":1.0,"r":5.0}}},{"type":"Feature","geometry":{"coordinates":[[[[25.773554,45.150192],[25.773445,45.15035],[25.773381,45.152045],[25.773172,45.152122],[25.773173,45.152212],[25.773175,45.152302],[25.773176,45.152392],[25.773378,45.152428],[25.773682,45.152722],[25.774148,45.152654],[25.774939,45.153468],[25.775001,45.153224],[25.773895,45.152402],[25.773826,45.151895],[25.773709,45.150805],[25.773592,45.150234],[25.773554,45.150192]]]],"type":"MultiPolygon"},"properties":{"fid":825.0,"UAT":"BREBU","Zona":"Zona 14","R.A.P.M.":null,"R.A.P.U.":null,"Suprafata":9887,"Perimetru":862,"Suprafata_":0.9887,"Anul_intoc":null,"_s":{"f":"#ffab00","fo":0.6,"s":"#3388ff","so":0.6,"w":1.0,"r":5.0}}},{"type":"Feature","geometry":{"coordinates":[[[[25.774588,45.15477],[25.774481,45.154813],[25.774482,45.154903],[25.774453,45.155863],[25.774245,45.156164],[25.774499,45.156163],[25.774505,45.156613],[25.774887,45.15661],[25.774893,45.15706],[25.775148,45.157058],[25.775194,45.160478],[25.775477,45.160516],[25.775793,45.160951],[25.775839,45.161104],[25.77622,45.161101],[25.776224,45.161371],[25.77686,45.161367],[25.776863,45.161547],[25.776864,45.161637],[25.777435,45.161952],[25.778576,45.162274],[25.778238,45.163888],[25.778753,45.164454],[25.779007,45.165273],[25.779083,45.165761],[25.779084,45.165851],[25.779212,45.16585],[25.779213,45.16594],[25.77931,45.166001],[25.779309,45.165975],[25.779366,45.165861],[25.779472,45.165744],[25.779566,45.165508],[25.779651,45.164954],[25.779666,45.164873],[25.779693,45.164529],[25.779556,45.164291],[25.779527,45.16424],[25.779407,45.163576],[25.779384,45.163231],[25.779128,45.16323],[25.779126,45.163093],[25.778743,45.163098],[25.778648,45.163099],[25.77863,45.16297],[25.778614,45.162856],[25.778618,45.162574],[25.778618,45.162547],[25.778618,45.162543],[25.77874,45.162517],[25.778756,45.162375],[25.778782,45.162177],[25.778806,45.162001],[25.778825,45.161863],[25.778813,45.161768],[25.778435,45.161648],[25.778428,45.161167],[25.778437,45.161131],[25.778444,45.161072],[25.777502,45.161021],[25.777173,45.161039],[25.777094,45.161043],[25.777016,45.161058],[25.777017,45.160843],[25.776968,45.16064],[25.776745,45.160402],[25.776692,45.160427],[25.77665,45.160447],[25.776456,45.16024],[25.776364,45.160135],[25.776205,45.159954],[25.776014,45.159736],[25.775855,45.159519],[25.775736,45.159357],[25.775723,45.159321],[25.775632,45.15907],[25.775574,45.15891],[25.775549,45.158777],[25.775521,45.158623],[25.775496,45.158492],[25.775486,45.158436],[25.775459,45.158289],[25.775506,45.158061],[25.775539,45.157903],[25.775541,45.157894],[25.775804,45.157571],[25.775837,45.157531],[25.776075,45.157212],[25.776558,45.157344],[25.776795,45.157411],[25.776814,45.157362],[25.776814,45.157353],[25.776785,45.15701],[25.776719,45.156862],[25.776684,45.156785],[25.77662,45.156688],[25.776637,45.156678],[25.776808,45.156598],[25.776854,45.156654],[25.777151,45.156582],[25.777008,45.156383],[25.776937,45.156291],[25.776414,45.156193],[25.776254,45.156236],[25.776172,45.156305],[25.776131,45.156368],[25.775873,45.156208],[25.775866,45.155974],[25.775856,45.155656],[25.775848,45.15542],[25.775177,45.15545],[25.774953,45.155461],[25.774729,45.155471],[25.774727,45.15546],[25.774694,45.155325],[25.774671,45.155228],[25.774642,45.155107],[25.774628,45.15502],[25.774627,45.155016],[25.774612,45.154919],[25.774588,45.15477]]]],"type":"MultiPolygon"},"properties":{"fid":820.0,"UAT":"BREBU","Zona":"Zona 11","R.A.P.M.":null,"R.A.P.U.":null,"Suprafata":92756,"Perimetru":3364,"Suprafata_":9.2756,"Anul_intoc":null,"_s":{"f":"#ffab00","fo":0.6,"s":"#3388ff","so":0.6,"w":1.0,"r":5.0}}},{"type":"Feature","geometry":{"coordinates":[[[[25.773219,45.158537],[25.773243,45.157341],[25.773242,45.157251],[25.773104,45.157169],[25.772664,45.15617],[25.77189,45.155707],[25.771948,45.155825],[25.771958,45.156063],[25.771958,45.156066],[25.771958,45.156067],[25.771961,45.15613],[25.771974,45.156527],[25.77204,45.156819],[25.772188,45.156966],[25.772275,45.157092],[25.772399,45.157271],[25.772428,45.157314],[25.772523,45.157451],[25.772562,45.157507],[25.772584,45.157633],[25.772626,45.157869],[25.772655,45.158038],[25.772675,45.158294],[25.773005,45.158286],[25.773138,45.158466],[25.773131,45.158536],[25.773219,45.158537]]]],"type":"MultiPolygon"},"properties":{"fid":823.0,"UAT":"BREBU","Zona":"Zona 13","R.A.P.M.":null,"R.A.P.U.":null,"Suprafata":15267,"Perimetru":716,"Suprafata_":1.5267,"Anul_intoc":null,"_s":{"f":"#ffab00","fo":0.6,"s":"#3388ff","so":0.6,"w":1.0,"r":5.0}}},{"type":"Feature","geometry":{"coordinates":[[[[25.771796,45.161105],[25.772285,45.161229],[25.772219,45.161896],[25.772349,45.162069],[25.772461,45.160988],[25.772656,45.160945],[25.77265,45.160495],[25.772647,45.160225],[25.773028,45.160223],[25.773025,45.159953],[25.773204,45.159301],[25.77321,45.159019],[25.772771,45.159009],[25.772655,45.159248],[25.772562,45.159436],[25.772504,45.159556],[25.772428,45.159711],[25.772376,45.159817],[25.772306,45.160124],[25.772283,45.160197],[25.772252,45.160298],[25.7722,45.160467],[25.772155,45.160643],[25.772064,45.160849],[25.772032,45.160847],[25.77191,45.160839],[25.771825,45.161038],[25.771796,45.161105]]]],"type":"MultiPolygon"},"properties":{"fid":822.0,"UAT":"BREBU","Zona":"Zona 12","R.A.P.M.":null,"R.A.P.U.":null,"Suprafata":12178,"Perimetru":808,"Suprafata_":1.2178,"Anul_intoc":null,"_s":{"f":"#ffab00","fo":0.6,"s":"#3388ff","so":0.6,"w":1.0,"r":5.0}}},{"type":"Feature","geometry":{"coordinates":[[[[25.808947,45.168726],[25.809827,45.168742],[25.80987,45.16859],[25.809912,45.168294],[25.80996,45.168242],[25.810082,45.168188],[25.810224,45.168143],[25.81028,45.168169],[25.810798,45.168412],[25.811158,45.168471],[25.812387,45.168695],[25.812788,45.168151],[25.813104,45.168246],[25.813561,45.168237],[25.81397,45.168191],[25.814242,45.168314],[25.814287,45.168334],[25.814714,45.16852],[25.814957,45.168187],[25.81525,45.168436],[25.815684,45.168805],[25.815666,45.16882],[25.814706,45.170138],[25.816216,45.17034],[25.816712,45.169915],[25.818094,45.169899],[25.818651,45.169893],[25.819012,45.169888],[25.819328,45.169884],[25.820012,45.169841],[25.820695,45.169673],[25.821018,45.169593],[25.821579,45.169555],[25.822329,45.169337],[25.823594,45.169967],[25.824495,45.169712],[25.825353,45.170025],[25.826059,45.170233],[25.826913,45.170192],[25.82766,45.169795],[25.826747,45.169162],[25.825774,45.16789],[25.825061,45.16722],[25.824797,45.166334],[25.819363,45.16631],[25.816258,45.166235],[25.81547,45.166336],[25.815203,45.166241],[25.807575,45.165132],[25.807073,45.165128],[25.80509,45.165019],[25.803876,45.164806],[25.803835,45.164823],[25.803773,45.164836],[25.803739,45.16483],[25.803731,45.16483],[25.803706,45.164839],[25.803752,45.164976],[25.80381,45.165119],[25.803891,45.165237],[25.803797,45.16568],[25.803742,45.165761],[25.803395,45.165785],[25.803327,45.165942],[25.803321,45.165941],[25.803259,45.165912],[25.80318,45.16591],[25.80249,45.16589],[25.80168,45.165398],[25.800573,45.165229],[25.799925,45.165589],[25.804979,45.167827],[25.805787,45.168141],[25.806589,45.167993],[25.807508,45.168536],[25.807678,45.168595],[25.807805,45.168594],[25.807807,45.168684],[25.807903,45.168762],[25.807931,45.168741],[25.808409,45.168713],[25.808947,45.168726]]]],"type":"MultiPolygon"},"properties":{"fid":65.0,"UAT":"TELEGA","Zona":"Zona 1","R.A.P.M.":1888367.0,"R.A.P.U.":1.28,"Suprafata":647740,"Perimetru":5392,"Suprafata_":64.774,"Anul_intoc":null,"_s":{"f":"#ffab00","fo":0.6,"s":"#3388ff","so":0.6,"w":1.0,"r":5.0}}},{"type":"Feature","geometry":{"coordinates":[[[[25.779836,45.167164],[25.779983,45.167407],[25.779859,45.169174],[25.779769,45.169357],[25.779776,45.169897],[25.780158,45.169894],[25.78016,45.170065],[25.780205,45.169897],[25.78021,45.169572],[25.780214,45.169332],[25.78022,45.169256],[25.779911,45.169256],[25.780071,45.168366],[25.780084,45.168293],[25.780147,45.167947],[25.780164,45.16786],[25.780178,45.167781],[25.780183,45.167759],[25.780241,45.167516],[25.780299,45.167274],[25.779948,45.167191],[25.779836,45.167164]]]],"type":"MultiPolygon"},"properties":{"fid":821.0,"UAT":"BREBU","Zona":"Zona 10","R.A.P.M.":null,"R.A.P.U.":null,"Suprafata":5675,"Perimetru":732,"Suprafata_":0.5675,"Anul_intoc":null,"_s":{"f":"#ffab00","fo":0.6,"s":"#3388ff","so":0.6,"w":1.0,"r":5.0}}},{"type":"Feature","geometry":{"coordinates":[[[[25.761153,45.175873],[25.760817,45.175925],[25.760567,45.17592],[25.760438,45.17615],[25.7603,45.176503],[25.76024,45.17666],[25.760193,45.176783],[25.760119,45.176974],[25.760062,45.177122],[25.760021,45.177246],[25.759965,45.177411],[25.760537,45.177407],[25.760529,45.176777],[25.760705,45.176543],[25.761155,45.176053],[25.761153,45.175873]]]],"type":"MultiPolygon"},"properties":{"fid":819.0,"UAT":"BREBU","Zona":"Zona 9","R.A.P.M.":null,"R.A.P.U.":null,"Suprafata":6418,"Perimetru":449,"Suprafata_":0.6418,"Anul_intoc":null,"_s":{"f":"#ffab00","fo":0.6,"s":"#3388ff","so":0.6,"w":1.0,"r":5.0}}},{"type":"Feature","geometry":{"coordinates":[[[[25.747451,45.179119],[25.748163,45.179151],[25.748523,45.179234],[25.747974,45.179833],[25.747847,45.180196],[25.746838,45.180016],[25.746175,45.179462],[25.74484,45.179365],[25.7444,45.179319],[25.744393,45.179328],[25.744425,45.17945],[25.744282,45.180039],[25.744664,45.180037],[25.7453,45.180033],[25.745302,45.180213],[25.745557,45.180211],[25.745566,45.180931],[25.745312,45.180933],[25.745314,45.181113],[25.744932,45.181115],[25.744678,45.181117],[25.744681,45.181387],[25.744299,45.181389],[25.744045,45.181391],[25.743994,45.181445],[25.743397,45.18321],[25.745208,45.18352],[25.745599,45.183456],[25.7453,45.18263],[25.746132,45.182226],[25.747808,45.181916],[25.748077,45.182639],[25.748137,45.182894],[25.749215,45.182808],[25.751388,45.182056],[25.752934,45.179982],[25.752933,45.179892],[25.753081,45.179072],[25.753572,45.178589],[25.754358,45.178064],[25.754375,45.177674],[25.753889,45.177798],[25.751756,45.178208],[25.74878,45.178452],[25.747511,45.178886],[25.747451,45.179119]]]],"type":"MultiPolygon"},"properties":{"fid":132.0,"UAT":"ŞOTRILE","Zona":"zona 10","R.A.P.M.":null,"R.A.P.U.":null,"Suprafata":263253,"Perimetru":3189,"Suprafata_":26.3253,"Anul_intoc":null,"_s":{"f":"#ffab00","fo":0.6,"s":"#3388ff","so":0.6,"w":1.0,"r":5.0}}},{"type":"Feature","geometry":{"coordinates":[[[[25.743638,45.179504],[25.743511,45.179505],[25.743329,45.179646],[25.743047,45.179834],[25.742508,45.179823],[25.741401,45.179625],[25.740255,45.178936],[25.739562,45.17896],[25.739813,45.179287],[25.739498,45.179394],[25.739502,45.179441],[25.739565,45.179517],[25.739628,45.179593],[25.740034,45.179829],[25.741036,45.179717],[25.742133,45.180538],[25.742456,45.181545],[25.743115,45.181523],[25.743575,45.179727],[25.743638,45.179504]]]],"type":"MultiPolygon"},"properties":{"fid":126.0,"UAT":"ŞOTRILE","Zona":"zona 9","R.A.P.M.":null,"R.A.P.U.":null,"Suprafata":30523,"Perimetru":1101,"Suprafata_":3.0523,"Anul_intoc":null,"_s":{"f":"#ffab00","fo":0.6,"s":"#3388ff","so":0.6,"w":1.0,"r":5.0}}},{"type":"Feature","geometry":{"coordinates":[[[[25.778422,45.179361],[25.778424,45.179536],[25.778043,45.179539],[25.778049,45.179989],[25.778055,45.180439],[25.777801,45.18044],[25.777804,45.18071],[25.777423,45.180713],[25.777362,45.180849],[25.777135,45.18087],[25.777379,45.180872],[25.777531,45.180835],[25.777665,45.180802],[25.777825,45.180735],[25.777973,45.180672],[25.778103,45.180543],[25.778255,45.180393],[25.778362,45.180157],[25.778454,45.179952],[25.77857,45.179808],[25.778736,45.17964],[25.778673,45.179423],[25.778511,45.179383],[25.778422,45.179361]]]],"type":"MultiPolygon"},"properties":{"fid":827.0,"UAT":"BREBU","Zona":"Zona 8","R.A.P.M.":null,"R.A.P.U.":null,"Suprafata":4695,"Perimetru":511,"Suprafata_":0.4695,"Anul_intoc":null,"_s":{"f":"#ffab00","fo":0.6,"s":"#3388ff","so":0.6,"w":1.0,"r":5.0}}},{"type":"Feature","geometry":{"coordinates":[[[[25.736763,45.191445],[25.736613,45.190919],[25.73765,45.190388],[25.738428,45.190648],[25.738696,45.190536],[25.738693,45.190357],[25.738845,45.190356],[25.739343,45.189865],[25.739901,45.190016],[25.740247,45.189678],[25.740564,45.189711],[25.74133,45.189852],[25.741345,45.189837],[25.741738,45.189466],[25.742339,45.189774],[25.742422,45.189666],[25.743454,45.190017],[25.744103,45.190195],[25.743656,45.188859],[25.744189,45.188131],[25.744316,45.1877],[25.742659,45.188019],[25.741973,45.187505],[25.742553,45.185879],[25.741996,45.18552],[25.742025,45.184843],[25.743045,45.184865],[25.74423,45.185753],[25.744915,45.184831],[25.744208,45.184127],[25.74264,45.183118],[25.742536,45.182751],[25.742408,45.182752],[25.742407,45.182662],[25.741805,45.182575],[25.741153,45.183222],[25.740455,45.183934],[25.740064,45.184451],[25.739201,45.18534],[25.737693,45.186366],[25.737368,45.186565],[25.737119,45.187016],[25.736743,45.187469],[25.736746,45.187739],[25.736869,45.188679],[25.736721,45.188922],[25.736629,45.189191],[25.736142,45.190173],[25.736153,45.191073],[25.736318,45.191448],[25.736763,45.191445]]]],"type":"MultiPolygon"},"properties":{"fid":131.0,"UAT":"ŞOTRILE","Zona":"zona 8","R.A.P.M.":null,"R.A.P.U.":null,"Suprafata":325927,"Perimetru":3723,"Suprafata_":32.5927,"Anul_intoc":null,"_s":{"f":"#ffab00","fo":0.6,"s":"#3388ff","so":0.6,"w":1.0,"r":5.0}}},{"type":"Feature","geometry":{"coordinates":[[[[25.74734,45.189996],[25.747339,45.189919],[25.747593,45.189918],[25.747592,45.189828],[25.747719,45.189827],[25.747787,45.189186],[25.748596,45.188741],[25.748594,45.188561],[25.749215,45.187387],[25.749463,45.186935],[25.749833,45.186033],[25.750451,45.184679],[25.751076,45.183775],[25.751324,45.183323],[25.751704,45.183141],[25.7517,45.182871],[25.751558,45.182676],[25.749621,45.183259],[25.748999,45.183743],[25.748728,45.184066],[25.749805,45.184417],[25.74895,45.185585],[25.747311,45.188151],[25.746235,45.18844],[25.745259,45.189567],[25.744385,45.190246],[25.744774,45.190235],[25.745629,45.190105],[25.746634,45.189958],[25.74734,45.189996]]]],"type":"MultiPolygon"},"properties":{"fid":125.0,"UAT":"ŞOTRILE","Zona":"zona 11","R.A.P.M.":null,"R.A.P.U.":null,"Suprafata":103820,"Perimetru":2339,"Suprafata_":10.382,"Anul_intoc":null,"_s":{"f":"#ffab00","fo":0.6,"s":"#3388ff","so":0.6,"w":1.0,"r":5.0}}},{"type":"Feature","geometry":{"coordinates":[[[[25.771541,45.191214],[25.771536,45.190833],[25.771524,45.189933],[25.771778,45.189931],[25.771776,45.189751],[25.771772,45.189481],[25.772154,45.189479],[25.772148,45.189029],[25.772146,45.188849],[25.7724,45.188847],[25.772396,45.188577],[25.772394,45.188397],[25.772776,45.188395],[25.772772,45.188125],[25.773027,45.188123],[25.773408,45.18812],[25.773663,45.188119],[25.773669,45.188569],[25.773415,45.18857],[25.773418,45.18884],[25.773421,45.18902],[25.773039,45.189023],[25.773043,45.189293],[25.773045,45.189473],[25.77279,45.189475],[25.772794,45.189745],[25.772795,45.189842],[25.772808,45.189826],[25.77294,45.18965],[25.773002,45.189565],[25.773698,45.189888],[25.773919,45.189664],[25.774064,45.189508],[25.774063,45.189466],[25.774103,45.189466],[25.774315,45.189238],[25.774312,45.189014],[25.774428,45.189013],[25.774455,45.188955],[25.774537,45.188777],[25.774668,45.188491],[25.774689,45.188382],[25.774685,45.188382],[25.774669,45.187212],[25.774666,45.187032],[25.77403,45.187036],[25.774026,45.186766],[25.773644,45.186769],[25.773648,45.187039],[25.772757,45.187045],[25.77276,45.187225],[25.772378,45.187227],[25.772376,45.187047],[25.772757,45.187045],[25.772751,45.186595],[25.772748,45.186325],[25.772366,45.186327],[25.772363,45.186147],[25.772109,45.186149],[25.772105,45.185879],[25.774014,45.185866],[25.774012,45.185686],[25.774266,45.185684],[25.774262,45.185414],[25.774644,45.185412],[25.774653,45.185344],[25.774584,45.185257],[25.77451,45.185131],[25.774499,45.184953],[25.774552,45.184825],[25.774615,45.184674],[25.774689,45.18429],[25.774714,45.184232],[25.774788,45.184061],[25.774626,45.184062],[25.774632,45.184512],[25.77425,45.184515],[25.774254,45.184785],[25.773999,45.184786],[25.774002,45.184966],[25.77362,45.184969],[25.773624,45.185239],[25.772351,45.185248],[25.772275,45.185211],[25.771589,45.185097],[25.771331,45.18514],[25.770725,45.185048],[25.77039,45.185265],[25.771054,45.185574],[25.770284,45.185771],[25.770045,45.185735],[25.769936,45.185444],[25.769554,45.185447],[25.769407,45.1856],[25.768536,45.185453],[25.7679,45.185458],[25.767903,45.185728],[25.767267,45.185732],[25.767012,45.185734],[25.767015,45.185914],[25.768924,45.185901],[25.768927,45.186171],[25.769182,45.186169],[25.769818,45.186165],[25.769821,45.186345],[25.770202,45.186342],[25.770206,45.186612],[25.771408,45.186659],[25.770924,45.186995],[25.770524,45.187482],[25.770221,45.187692],[25.770224,45.187962],[25.769843,45.187965],[25.769855,45.188865],[25.769857,45.189044],[25.769603,45.189046],[25.769554,45.18928],[25.769301,45.189406],[25.769543,45.189462],[25.770168,45.189349],[25.770497,45.18931],[25.770491,45.18886],[25.770873,45.188858],[25.770869,45.188588],[25.770867,45.188408],[25.771121,45.188406],[25.771118,45.188136],[25.771115,45.187956],[25.771497,45.187953],[25.771493,45.187683],[25.771748,45.187682],[25.771875,45.187681],[25.771941,45.187476],[25.772306,45.187284],[25.772432,45.187626],[25.77213,45.187679],[25.772133,45.187949],[25.771752,45.187952],[25.771754,45.188132],[25.771758,45.188402],[25.771503,45.188403],[25.771506,45.188583],[25.771512,45.189033],[25.77113,45.189036],[25.77114,45.189756],[25.770885,45.189758],[25.770891,45.190207],[25.770905,45.191218],[25.771541,45.191214]],[[25.771723,45.185882],[25.771721,45.185702],[25.772103,45.185699],[25.772105,45.185879],[25.771723,45.185882]]]],"type":"MultiPolygon"},"properties":{"fid":828.0,"UAT":"BREBU","Zona":"Zona 6","R.A.P.M.":null,"R.A.P.U.":null,"Suprafata":146349,"Perimetru":5149,"Suprafata_":14.6349,"Anul_intoc":null,"_s":{"f":"#ffab00","fo":0.6,"s":"#3388ff","so":0.6,"w":1.0,"r":5.0}}},{"type":"Feature","geometry":{"coordinates":[[[[25.773064,45.191204],[25.773035,45.191168],[25.772599,45.191057],[25.77253,45.190739],[25.772472,45.190516],[25.772523,45.190245],[25.77253,45.190182],[25.772731,45.189925],[25.772415,45.189927],[25.772418,45.190197],[25.772421,45.190377],[25.772166,45.190379],[25.772176,45.191099],[25.772431,45.191097],[25.772432,45.191208],[25.773064,45.191204]]]],"type":"MultiPolygon"},"properties":{"fid":829.0,"UAT":"BREBU","Zona":"Zona 7","R.A.P.M.":null,"R.A.P.U.":null,"Suprafata":5910,"Perimetru":534,"Suprafata_":0.591,"Anul_intoc":null,"_s":{"f":"#ffab00","fo":0.6,"s":"#3388ff","so":0.6,"w":1.0,"r":5.0}}},{"type":"Feature","geometry":{"coordinates":[[[[25.828113,45.149359],[25.827992,45.149834],[25.828525,45.149842],[25.828648,45.149846],[25.828762,45.149856],[25.828752,45.150017],[25.828739,45.15004],[25.828729,45.150057],[25.828644,45.15014],[25.82861,45.151008],[25.829885,45.151061],[25.83012,45.151083],[25.830231,45.151092],[25.830414,45.150566],[25.830445,45.150564],[25.830525,45.150583],[25.83074,45.150662],[25.830995,45.150762],[25.831181,45.15085],[25.831266,45.150877],[25.831452,45.150913],[25.831718,45.150895],[25.831664,45.151325],[25.831651,45.151475],[25.831649,45.151493],[25.831796,45.151911],[25.831818,45.151951],[25.832027,45.152258],[25.83233,45.152453],[25.83327,45.1525],[25.833958,45.152522],[25.836621,45.152139],[25.836762,45.15205],[25.836885,45.151957],[25.837005,45.1516],[25.836633,45.151332],[25.834248,45.150178],[25.83378,45.150191],[25.833389,45.150113],[25.833239,45.149979],[25.833157,45.149907],[25.833019,45.149849],[25.83263,45.149864],[25.831958,45.149581],[25.831192,45.149383],[25.830625,45.149166],[25.830275,45.149094],[25.829834,45.149003],[25.829577,45.149012],[25.829428,45.149049],[25.829391,45.149058],[25.829391,45.149066],[25.829352,45.149138],[25.829347,45.149145],[25.829308,45.149185],[25.829267,45.149228],[25.82924,45.149224],[25.82842,45.149111],[25.828186,45.149086],[25.82818,45.149132],[25.828113,45.149359]]]],"type":"MultiPolygon"},"properties":{"fid":69.0,"UAT":"TELEGA","Zona":"Zona 12","R.A.P.M.":339975.0,"R.A.P.U.":0.25,"Suprafata":139258,"Perimetru":1972,"Suprafata_":13.9258,"Anul_intoc":null,"_s":{"f":"#ffab00","fo":0.6,"s":"#3388ff","so":0.6,"w":1.0,"r":5.0}}},{"type":"Feature","geometry":{"coordinates":[[[[25.829705,45.138442],[25.829723,45.138483],[25.829677,45.138848],[25.829697,45.138885],[25.829716,45.139031],[25.829745,45.139181],[25.82966,45.139248],[25.82973,45.139328],[25.829825,45.139436],[25.829902,45.139524],[25.830034,45.139673],[25.83013,45.139783],[25.8293,45.140121],[25.828893,45.140271],[25.829215,45.140676],[25.830203,45.141757],[25.830081,45.141814],[25.831507,45.141738],[25.831467,45.141729],[25.830515,45.14049],[25.831377,45.13949],[25.831337,45.13904],[25.831476,45.138499],[25.831532,45.138457],[25.831533,45.138452],[25.829705,45.138442]]]],"type":"MultiPolygon"},"properties":{"fid":76.0,"UAT":"TELEGA","Zona":"Zona 13","R.A.P.M.":256942.0,"R.A.P.U.":0.25,"Suprafata":42896,"Perimetru":1145,"Suprafata_":4.2896,"Anul_intoc":null,"_s":{"f":"#ffab00","fo":0.6,"s":"#3388ff","so":0.6,"w":1.0,"r":5.0}}},{"type":"Feature","geometry":{"coordinates":[[[[25.837989,45.138788],[25.836858,45.140501],[25.83806,45.140598],[25.838459,45.139925],[25.838619,45.139374],[25.837989,45.138788]]]],"type":"MultiPolygon"},"properties":{"fid":74.0,"UAT":"TELEGA","Zona":"Zona 14","R.A.P.M.":86652.0,"R.A.P.U.":0.07,"Suprafata":14766,"Perimetru":531,"Suprafata_":1.4766,"Anul_intoc":null,"_s":{"f":"#ffab00","fo":0.6,"s":"#3388ff","so":0.6,"w":1.0,"r":5.0}}}]}