{"type":"FeatureCollection","features":[{"type":"Feature","geometry":{"coordinates":[[[[25.870305,44.832244,0.0],[25.869726,44.832132,0.0],[25.869608,44.83209,0.0],[25.869485,44.832013,0.0],[25.869094,44.831695,0.0],[25.868901,44.831573,0.0],[25.868606,44.831412,0.0],[25.86822,44.831235,0.0],[25.867861,44.8311,0.0],[25.86726,44.830912,0.0],[25.867046,44.830866,0.0],[25.866853,44.830861,0.0],[25.866724,44.830884,0.0],[25.866509,44.830963,0.0],[25.866359,44.831081,0.0],[25.866262,44.831219,0.0],[25.866257,44.831257,0.0],[25.866198,44.83131,0.0],[25.866144,44.831405,0.0],[25.866047,44.83147,0.0],[25.865833,44.831408,0.0],[25.865254,44.831277,0.0],[25.864422,44.831119,0.0],[25.864369,44.831084,0.0],[25.864267,44.830931,0.0],[25.864256,44.830889,0.0],[25.864224,44.830862,0.0],[25.864192,44.830786,0.0],[25.863914,44.830357,0.0],[25.863566,44.829776,0.0],[25.862994,44.828887,0.0],[25.862501,44.828093,0.0],[25.862448,44.827979,0.0],[25.86184,44.826916,0.0],[25.861565,44.826423,0.0],[25.860975,44.827217,0.0],[25.859762,44.826465,0.0],[25.858549,44.825713,0.0],[25.858181,44.825441,0.0],[25.857616,44.825089,0.0],[25.856933,44.824632,0.0],[25.855829,44.823918,0.0],[25.855033,44.823427,0.0],[25.852282,44.821559,0.0],[25.849531,44.819692,0.0],[25.849584,44.819691,0.0],[25.84456,44.816301,0.0],[25.84465,44.815902,0.0],[25.844857,44.815389,0.0],[25.844899,44.815348,0.0],[25.845048,44.815188,0.0],[25.84507,44.815142,0.0],[25.84519,44.814996,0.0],[25.845309,44.814844,0.0],[25.845591,44.814498,0.0],[25.845768,44.814312,0.0],[25.845774,44.814281,0.0],[25.845699,44.814143,0.0],[25.84571,44.814128,0.0],[25.845619,44.814021,0.0],[25.845394,44.813654,0.0],[25.844801,44.812644,0.0],[25.843924,44.811206,0.0],[25.8434,44.810346,0.0],[25.843343,44.810262,0.0],[25.842762,44.810405,0.0],[25.841517,44.810745,0.0],[25.841404,44.810764,0.0],[25.841195,44.810832,0.0],[25.840852,44.810911,0.0],[25.838813,44.811459,0.0],[25.83804,44.811683,0.0],[25.83789,44.811713,0.0],[25.837611,44.811796,0.0],[25.836474,44.81209,0.0],[25.836345,44.81214,0.0],[25.833941,44.812774,0.0],[25.831945,44.813303,0.0],[25.831065,44.813549,0.0],[25.830658,44.813647,0.0],[25.830572,44.813681,0.0],[25.829885,44.813863,0.0],[25.829842,44.813889,0.0],[25.829735,44.813919,0.0],[25.827868,44.81441,0.0],[25.82776,44.814448,0.0],[25.823253,44.815669,0.0],[25.822072,44.815986,0.0],[25.821965,44.816024,0.0],[25.821879,44.816046,0.0],[25.821847,44.816042,0.0],[25.8216,44.816126,0.0],[25.821257,44.816205,0.0],[25.82072,44.81636,0.0],[25.820162,44.816496,0.0],[25.817028,44.817338,0.0],[25.816599,44.817436,0.0],[25.815204,44.81781,0.0],[25.815096,44.817817,0.0],[25.815011,44.817859,0.0],[25.814731,44.817946,0.0],[25.814667,44.817953,0.0],[25.814367,44.81804,0.0],[25.814216,44.81807,0.0],[25.814152,44.818097,0.0],[25.813787,44.81818,0.0],[25.813551,44.818255,0.0],[25.813444,44.818274,0.0],[25.812509,44.818438,0.0],[25.80985,44.819105,0.0],[25.808602,44.819471,0.0],[25.807353,44.819837,0.0],[25.806831,44.819989,0.0],[25.806536,44.82006,0.0],[25.805218,44.820424,0.0],[25.802761,44.821079,0.0],[25.802503,44.821148,0.0],[25.802336,44.821193,0.0],[25.801965,44.821297,0.0],[25.801869,44.82125,0.0],[25.801421,44.820673,0.0],[25.799878,44.821064,0.0],[25.794697,44.822378,0.0],[25.784892,44.824863,0.0],[25.783552,44.822336,0.0],[25.782369,44.822615,0.0],[25.780385,44.824047,0.0],[25.779152,44.824936,0.0],[25.778971,44.825675,0.0],[25.777128,44.833177,0.0],[25.776388,44.836244,0.0],[25.776016,44.836795,0.0],[25.775788,44.837246,0.0],[25.775899,44.837533,0.0],[25.776033,44.83781,0.0],[25.776085,44.837915,0.0],[25.777376,44.84079,0.0],[25.777742,44.8416,0.0],[25.777757,44.84173,0.0],[25.777928,44.842476,0.0],[25.778155,44.842453,0.0],[25.77895,44.842226,0.0],[25.77985,44.842413,0.0],[25.782977,44.843302,0.0],[25.783191,44.843353,0.0],[25.785568,44.844025,0.0],[25.785697,44.844049,0.0],[25.785799,44.844087,0.0],[25.785836,44.844122,0.0],[25.785894,44.844324,0.0],[25.786039,44.844522,0.0],[25.786165,44.844691,0.0],[25.786352,44.844852,0.0],[25.786699,44.845083,0.0],[25.786946,44.845194,0.0],[25.787353,44.845306,0.0],[25.787803,44.845369,0.0],[25.788017,44.845415,0.0],[25.788467,44.845547,0.0],[25.788681,44.845597,0.0],[25.789045,44.845702,0.0],[25.78943,44.845833,0.0],[25.789794,44.84601,0.0],[25.789944,44.846098,0.0],[25.79012,44.846228,0.0],[25.790339,44.846462,0.0],[25.79045,44.846615,0.0],[25.7906,44.846768,0.0],[25.791027,44.847121,0.0],[25.791487,44.847405,0.0],[25.79177,44.847547,0.0],[25.792171,44.847773,0.0],[25.792348,44.847854,0.0],[25.792535,44.847908,0.0],[25.792798,44.847932,0.0],[25.792926,44.847955,0.0],[25.793098,44.848013,0.0],[25.794446,44.848591,0.0],[25.796275,44.849396,0.0],[25.80076,44.851326,0.0],[25.803326,44.85245,0.0],[25.803634,44.852579,0.0],[25.802565,44.852809,0.0],[25.8022,44.852877,0.0],[25.802071,44.852914,0.0],[25.801405,44.853057,0.0],[25.801287,44.853102,0.0],[25.80119,44.853175,0.0],[25.799278,44.854339,0.0],[25.798525,44.854856,0.0],[25.800277,44.858442,0.0],[25.800419,44.858734,0.0],[25.800647,44.859035,0.0],[25.801597,44.860291,0.0],[25.801719,44.860452,0.0],[25.802063,44.860467,0.0],[25.802603,44.860498,0.0],[25.803092,44.860373,0.0],[25.803481,44.860126,0.0],[25.803475,44.860184,0.0],[25.804077,44.860801,0.0],[25.804203,44.861048,0.0],[25.804258,44.861247,0.0],[25.804242,44.861346,0.0],[25.804384,44.861519,0.0],[25.80515,44.862545,0.0],[25.805786,44.863112,0.0],[25.805875,44.863223,0.0],[25.80595,44.86357,0.0],[25.80601,44.864091,0.0],[25.805981,44.864551,0.0],[25.805899,44.864937,0.0],[25.805625,44.865274,0.0],[25.805225,44.865401,0.0],[25.80472,44.865492,0.0],[25.804283,44.865495,0.0],[25.803935,44.865503,0.0],[25.805108,44.867329,0.0],[25.804303,44.86774,0.0],[25.805459,44.868381,0.0],[25.805441,44.868369,0.0],[25.806199,44.868835,0.0],[25.808262,44.870174,0.0],[25.809085,44.870684,0.0],[25.811416,44.872127,0.0],[25.812227,44.872643,0.0],[25.812192,44.872643,0.0],[25.81332,44.873355,0.0],[25.815734,44.874754,0.0],[25.815563,44.875054,0.0],[25.814771,44.877109,0.0],[25.814301,44.878454,0.0],[25.813997,44.879139,0.0],[25.813843,44.879659,0.0],[25.81359,44.880351,0.0],[25.81287,44.882215,0.0],[25.811255,44.886649,0.0],[25.811256,44.886662,0.0],[25.811189,44.886923,0.0],[25.810418,44.889189,0.0],[25.812652,44.890254,0.0],[25.814764,44.89132,0.0],[25.816718,44.892324,0.0],[25.816747,44.892335,0.0],[25.817151,44.892536,0.0],[25.817144,44.892536,0.0],[25.818345,44.893171,0.0],[25.819848,44.893915,0.0],[25.820983,44.894488,0.0],[25.82099,44.894493,0.0],[25.8218,44.894906,0.0],[25.823716,44.895881,0.0],[25.824815,44.896439,0.0],[25.824808,44.896445,0.0],[25.825776,44.896922,0.0],[25.826846,44.89743,0.0],[25.825399,44.899088,0.0],[25.824778,44.899817,0.0],[25.824128,44.900561,0.0],[25.824114,44.900572,0.0],[25.823824,44.900921,0.0],[25.82218,44.902851,0.0],[25.82165,44.903451,0.0],[25.821653,44.903666,0.0],[25.82164,44.904265,0.0],[25.821627,44.904865,0.0],[25.821635,44.90487,0.0],[25.821634,44.905298,0.0],[25.821635,44.906475,0.0],[25.821635,44.90692,0.0],[25.821628,44.90892,0.0],[25.821634,44.908949,0.0],[25.821629,44.909069,0.0],[25.821635,44.909994,0.0],[25.821632,44.91028,0.0],[25.821619,44.911445,0.0],[25.821627,44.911471,0.0],[25.821629,44.911642,0.0],[25.821629,44.911652,0.0],[25.821613,44.911971,0.0],[25.821616,44.912219,0.0],[25.821647,44.912393,0.0],[25.821676,44.912467,0.0],[25.821705,44.912541,0.0],[25.821833,44.912714,0.0],[25.821947,44.912828,0.0],[25.822095,44.912911,0.0],[25.822172,44.912943,0.0],[25.822249,44.912975,0.0],[25.822495,44.913042,0.0],[25.822739,44.913108,0.0],[25.822651,44.913312,0.0],[25.822588,44.913406,0.0],[25.822442,44.913625,0.0],[25.822322,44.913801,0.0],[25.822304,44.913797,0.0],[25.822255,44.913855,0.0],[25.821739,44.913922,0.0],[25.821079,44.914007,0.0],[25.82,44.914147,0.0],[25.819079,44.914266,0.0],[25.81604,44.91466,0.0],[25.815182,44.914771,0.0],[25.815013,44.914867,0.0],[25.814893,44.91497,0.0],[25.814865,44.915068,0.0],[25.814552,44.916168,0.0],[25.814371,44.916667,0.0],[25.814337,44.916749,0.0],[25.814342,44.916753,0.0],[25.814285,44.916977,0.0],[25.814254,44.917087,0.0],[25.814231,44.91714,0.0],[25.814104,44.917619,0.0],[25.814065,44.917731,0.0],[25.814012,44.917915,0.0],[25.814014,44.917931,0.0],[25.813997,44.917972,0.0],[25.813986,44.918033,0.0],[25.813966,44.918079,0.0],[25.813962,44.918117,0.0],[25.813851,44.918483,0.0],[25.813851,44.918499,0.0],[25.813728,44.918911,0.0],[25.813422,44.919974,0.0],[25.813249,44.920628,0.0],[25.813041,44.921367,0.0],[25.813021,44.921437,0.0],[25.81287,44.922011,0.0],[25.812776,44.922471,0.0],[25.812692,44.9229,0.0],[25.812621,44.922892,0.0],[25.812536,44.922877,0.0],[25.812507,44.922868,0.0],[25.812304,44.922839,0.0],[25.811813,44.92275,0.0],[25.811791,44.922755,0.0],[25.811765,44.92274,0.0],[25.811754,44.922743,0.0],[25.811722,44.922739,0.0],[25.811107,44.922629,0.0],[25.810797,44.922582,0.0],[25.81079,44.922576,0.0],[25.810707,44.922561,0.0],[25.810578,44.922543,0.0],[25.810408,44.92251,0.0],[25.809553,44.922367,0.0],[25.808714,44.922219,0.0],[25.807875,44.922072,0.0],[25.807554,44.922018,0.0],[25.807443,44.922002,0.0],[25.807403,44.92199,0.0],[25.807394,44.921994,0.0],[25.807314,44.921979,0.0],[25.807306,44.921973,0.0],[25.807213,44.921957,0.0],[25.807063,44.921933,0.0],[25.806876,44.921904,0.0],[25.806812,44.921888,0.0],[25.806727,44.921879,0.0],[25.806684,44.921867,0.0],[25.806534,44.921845,0.0],[25.806526,44.921839,0.0],[25.806497,44.921835,0.0],[25.806486,44.921838,0.0],[25.806422,44.921822,0.0],[25.806171,44.921783,0.0],[25.806091,44.921765,0.0],[25.806016,44.921758,0.0],[25.805947,44.921741,0.0],[25.805781,44.921715,0.0],[25.805744,44.921703,0.0],[25.805263,44.921622,0.0],[25.804905,44.921563,0.0],[25.804144,44.92143,0.0],[25.803831,44.921372,0.0],[25.803767,44.921369,0.0],[25.803744,44.92136,0.0],[25.803721,44.921466,0.0],[25.803708,44.921534,0.0],[25.803682,44.921587,0.0],[25.803563,44.921925,0.0],[25.803554,44.921955,0.0],[25.803556,44.92199,0.0],[25.803536,44.922008,0.0],[25.803513,44.922065,0.0],[25.803355,44.92254,0.0],[25.802367,44.924631,0.0],[25.801032,44.927456,0.0],[25.800722,44.928097,0.0],[25.800681,44.928184,0.0],[25.800678,44.928207,0.0],[25.79941,44.930707,0.0],[25.799372,44.930775,0.0],[25.799053,44.931493,0.0],[25.797751,44.934316,0.0],[25.797422,44.935036,0.0],[25.797388,44.935085,0.0],[25.797364,44.935164,0.0],[25.797347,44.935178,0.0],[25.797306,44.935188,0.0],[25.797281,44.935232,0.0],[25.796337,44.937262,0.0],[25.796319,44.937327,0.0],[25.7963,44.937334,0.0],[25.796299,44.93735,0.0],[25.796279,44.937378,0.0],[25.796267,44.937429,0.0],[25.79623,44.93749,0.0],[25.796219,44.937513,0.0],[25.796223,44.937551,0.0],[25.796206,44.937578,0.0],[25.796128,44.937776,0.0],[25.796119,44.937821,0.0],[25.796108,44.937833,0.0],[25.796024,44.938038,0.0],[25.796011,44.938053,0.0],[25.796002,44.938091,0.0],[25.795937,44.93824,0.0],[25.795926,44.938281,0.0],[25.795907,44.9383,0.0],[25.79589,44.938349,0.0],[25.795842,44.938433,0.0],[25.795821,44.938494,0.0],[25.79577,44.938587,0.0],[25.795679,44.938797,0.0],[25.795662,44.93882,0.0],[25.795088,44.940047,0.0],[25.795079,44.940085,0.0],[25.795054,44.940122,0.0],[25.794407,44.941487,0.0],[25.794395,44.941516,0.0],[25.7944,44.941524,0.0],[25.794381,44.941546,0.0],[25.794378,44.941562,0.0],[25.794322,44.941672,0.0],[25.793993,44.942353,0.0],[25.794001,44.942374,0.0],[25.793964,44.942439,0.0],[25.793959,44.942538,0.0],[25.79392,44.942679,0.0],[25.79383,44.942914,0.0],[25.793727,44.943127,0.0],[25.793692,44.943249,0.0],[25.793673,44.943363,0.0],[25.793643,44.943447,0.0],[25.793576,44.943557,0.0],[25.793481,44.943678,0.0],[25.793345,44.943947,0.0],[25.793136,44.944319,0.0],[25.793065,44.944562,0.0],[25.793064,44.944593,0.0],[25.792948,44.944909,0.0],[25.792916,44.944981,0.0],[25.791545,44.944679,0.0],[25.783064,44.942851,0.0],[25.774141,44.940676,0.0],[25.772543,44.943983,0.0],[25.770944,44.947289,0.0],[25.770938,44.9473,0.0],[25.770736,44.947244,0.0],[25.769728,44.946976,0.0],[25.769631,44.946962,0.0],[25.769395,44.946913,0.0],[25.769159,44.946857,0.0],[25.768956,44.946822,0.0],[25.768634,44.946751,0.0],[25.767539,44.946554,0.0],[25.766102,44.94629,0.0],[25.76607,44.94629,0.0],[25.765887,44.946247,0.0],[25.765619,44.946203,0.0],[25.764879,44.946057,0.0],[25.762191,44.945556,0.0],[25.76206,44.945533,0.0],[25.762052,44.945527,0.0],[25.761878,44.945501,0.0],[25.761827,44.945486,0.0],[25.761515,44.945432,0.0],[25.76099,44.945329,0.0],[25.760917,44.945321,0.0],[25.760888,44.945309,0.0],[25.760781,44.94529,0.0],[25.76077,44.945282,0.0],[25.760748,44.945284,0.0],[25.75988,44.945109,0.0],[25.759536,44.945047,0.0],[25.759375,44.94501,0.0],[25.759333,44.945008,0.0],[25.758731,44.944889,0.0],[25.758324,44.944806,0.0],[25.758217,44.944796,0.0],[25.75811,44.944775,0.0],[25.757927,44.944732,0.0],[25.757487,44.944645,0.0],[25.757455,44.944634,0.0],[25.757359,44.944622,0.0],[25.757284,44.944604,0.0],[25.757015,44.944561,0.0],[25.756876,44.944544,0.0],[25.756726,44.944509,0.0],[25.756568,44.944445,0.0],[25.756461,44.944382,0.0],[25.756118,44.9442,0.0],[25.755936,44.944084,0.0],[25.755843,44.944015,0.0],[25.755771,44.943942,0.0],[25.755742,44.943915,0.0],[25.75568,44.94395,0.0],[25.755383,44.944156,0.0],[25.755211,44.943997,0.0],[25.75514,44.943901,0.0],[25.755094,44.94384,0.0],[25.755085,44.943777,0.0],[25.753961,44.943738,0.0],[25.75112,44.943505,0.0],[25.751092,44.943601,0.0],[25.751115,44.943664,0.0],[25.75109,44.943776,0.0],[25.751028,44.943891,0.0],[25.751006,44.944002,0.0],[25.751046,44.944034,0.0],[25.750886,44.94399,0.0],[25.750685,44.943947,0.0],[25.750538,44.943897,0.0],[25.75038,44.943822,0.0],[25.750281,44.943753,0.0],[25.750265,44.943749,0.0],[25.75026,44.943737,0.0],[25.750158,44.943666,0.0],[25.750065,44.943617,0.0],[25.750016,44.9435,0.0],[25.749974,44.943501,0.0],[25.749759,44.943455,0.0],[25.749587,44.94347,0.0],[25.749243,44.943458,0.0],[25.748857,44.943396,0.0],[25.748728,44.943388,0.0],[25.748556,44.943316,0.0],[25.748105,44.943082,0.0],[25.747847,44.942975,0.0],[25.747611,44.94286,0.0],[25.747525,44.942799,0.0],[25.747331,44.942718,0.0],[25.747202,44.94265,0.0],[25.747116,44.942623,0.0],[25.746988,44.942626,0.0],[25.74688,44.94268,0.0],[25.746794,44.942767,0.0],[25.746547,44.942962,0.0],[25.746274,44.943129,0.0],[25.74585,44.943518,0.0],[25.745608,44.943793,0.0],[25.745441,44.943926,0.0],[25.745366,44.944025,0.0],[25.745243,44.944097,0.0],[25.745184,44.944109,0.0],[25.744625,44.944039,0.0],[25.744335,44.944062,0.0],[25.744099,44.944104,0.0],[25.743798,44.944195,0.0],[25.74324,44.944454,0.0],[25.743159,44.944476,0.0],[25.7431,44.944476,0.0],[25.742993,44.944404,0.0],[25.742912,44.944297,0.0],[25.742842,44.944117,0.0],[25.74274,44.943949,0.0],[25.742708,44.943857,0.0],[25.74266,44.943811,0.0],[25.742595,44.9438,0.0],[25.742541,44.943807,0.0],[25.742359,44.943861,0.0],[25.742133,44.943948,0.0],[25.742021,44.944013,0.0],[25.742005,44.944036,0.0],[25.741999,44.944108,0.0],[25.742026,44.944139,0.0],[25.742058,44.944246,0.0],[25.742273,44.944551,0.0],[25.742432,44.944856,0.0],[25.742402,44.944956,0.0],[25.742295,44.944983,0.0],[25.742144,44.944986,0.0],[25.741242,44.944943,0.0],[25.740834,44.944935,0.0],[25.740469,44.94487,0.0],[25.740404,44.944831,0.0],[25.740324,44.944743,0.0],[25.740189,44.944633,0.0],[25.740061,44.944571,0.0],[25.739932,44.944544,0.0],[25.73976,44.94454,0.0],[25.739024,44.94465,0.0],[25.738353,44.94468,0.0],[25.737644,44.944553,0.0],[25.737451,44.944506,0.0],[25.736806,44.944402,0.0],[25.735517,44.944072,0.0],[25.735238,44.944011,0.0],[25.735023,44.94398,0.0],[25.734465,44.943857,0.0],[25.734142,44.943746,0.0],[25.73397,44.943662,0.0],[25.733788,44.943532,0.0],[25.733664,44.943405,0.0],[25.733578,44.943272,0.0],[25.733519,44.943104,0.0],[25.733519,44.942936,0.0],[25.733535,44.942859,0.0],[25.733508,44.942783,0.0],[25.733498,44.942661,0.0],[25.733476,44.942634,0.0],[25.733428,44.942607,0.0],[25.733369,44.942603,0.0],[25.733186,44.942622,0.0],[25.732971,44.942668,0.0],[25.732867,44.942707,0.0],[25.732488,44.942827,0.0],[25.732316,44.942858,0.0],[25.732166,44.942903,0.0],[25.731704,44.943082,0.0],[25.731543,44.943158,0.0],[25.731473,44.943207,0.0],[25.731355,44.943249,0.0],[25.730802,44.943386,0.0],[25.730136,44.943671,0.0],[25.729878,44.943808,0.0],[25.729696,44.943884,0.0],[25.729438,44.943937,0.0],[25.729245,44.94396,0.0],[25.728525,44.943982,0.0],[25.727515,44.943969,0.0],[25.727343,44.94398,0.0],[25.727043,44.943976,0.0],[25.726355,44.943944,0.0],[25.726119,44.943921,0.0],[25.725947,44.943921,0.0],[25.725346,44.943862,0.0],[25.724981,44.943845,0.0],[25.724615,44.943827,0.0],[25.724444,44.943796,0.0],[25.724057,44.943776,0.0],[25.723649,44.943699,0.0],[25.723241,44.943642,0.0],[25.722875,44.943572,0.0],[25.722682,44.943518,0.0],[25.722623,44.943488,0.0],[25.722532,44.943465,0.0],[25.721801,44.943151,0.0],[25.721221,44.942959,0.0],[25.720684,44.942687,0.0],[25.720427,44.942606,0.0],[25.720212,44.942572,0.0],[25.719965,44.942568,0.0],[25.719836,44.942583,0.0],[25.719514,44.942651,0.0],[25.719396,44.942696,0.0],[25.718912,44.942822,0.0],[25.718418,44.94289,0.0],[25.717911,44.942986,0.0],[25.717403,44.943083,0.0],[25.71707,44.943136,0.0],[25.717011,44.943135,0.0],[25.716684,44.943204,0.0],[25.71641,44.943241,0.0],[25.716302,44.943245,0.0],[25.71613,44.943226,0.0],[25.71598,44.943183,0.0],[25.715572,44.943114,0.0],[25.715121,44.943056,0.0],[25.715024,44.943037,0.0],[25.714927,44.943017,0.0],[25.714756,44.942998,0.0],[25.714347,44.942986,0.0],[25.714219,44.94297,0.0],[25.713939,44.942898,0.0],[25.71366,44.942851,0.0],[25.713277,44.942857,0.0],[25.713166,44.942858,0.0],[25.712887,44.942816,0.0],[25.712801,44.942774,0.0],[25.712731,44.942674,0.0],[25.712651,44.942598,0.0],[25.712258,44.942327,0.0],[25.712157,44.942253,0.0],[25.711985,44.942161,0.0],[25.711757,44.941995,0.0],[25.711738,44.941982,0.0],[25.711702,44.94192,0.0],[25.711695,44.941909,0.0],[25.711692,44.941871,0.0],[25.711685,44.941783,0.0],[25.711684,44.941771,0.0],[25.711678,44.941766,0.0],[25.711657,44.941745,0.0],[25.71162,44.941729,0.0],[25.711616,44.941729,0.0],[25.711577,44.941729,0.0],[25.711501,44.941756,0.0],[25.71133,44.941756,0.0],[25.711093,44.941713,0.0],[25.710986,44.941721,0.0],[25.710879,44.941762,0.0],[25.710755,44.94185,0.0],[25.710562,44.942094,0.0],[25.710556,44.942121,0.0],[25.710449,44.942231,0.0],[25.710384,44.942334,0.0],[25.710164,44.942578,0.0],[25.709949,44.942719,0.0],[25.709692,44.942837,0.0],[25.709654,44.942845,0.0],[25.709439,44.942795,0.0],[25.709138,44.942775,0.0],[25.708945,44.942779,0.0],[25.708666,44.942824,0.0],[25.70844,44.942927,0.0],[25.70822,44.943052,0.0],[25.707989,44.943101,0.0],[25.707613,44.94328,0.0],[25.707473,44.943322,0.0],[25.70728,44.943406,0.0],[25.706883,44.943607,0.0],[25.706732,44.94363,0.0],[25.706646,44.943588,0.0],[25.706496,44.943545,0.0],[25.706432,44.943545,0.0],[25.706367,44.943564,0.0],[25.706158,44.943766,0.0],[25.705911,44.943888,0.0],[25.705841,44.943941,0.0],[25.70576,44.944044,0.0],[25.705696,44.944079,0.0],[25.705604,44.944094,0.0],[25.705228,44.94423,0.0],[25.705153,44.944246,0.0],[25.704874,44.944253,0.0],[25.704767,44.944237,0.0],[25.704659,44.944252,0.0],[25.704611,44.944275,0.0],[25.704503,44.944409,0.0],[25.704391,44.944462,0.0],[25.704122,44.944511,0.0],[25.703886,44.944534,0.0],[25.703671,44.944579,0.0],[25.703542,44.944583,0.0],[25.703091,44.944586,0.0],[25.702876,44.944639,0.0],[25.702425,44.944798,0.0],[25.702146,44.944859,0.0],[25.70178,44.944828,0.0],[25.701673,44.944839,0.0],[25.701517,44.944915,0.0],[25.701469,44.945006,0.0],[25.701318,44.945144,0.0],[25.701238,44.94525,0.0],[25.701249,44.945281,0.0],[25.701259,44.945345,0.0],[25.701152,44.945426,0.0],[25.701034,44.945513,0.0],[25.700921,44.945528,0.0],[25.700856,44.945505,0.0],[25.700642,44.945349,0.0],[25.700556,44.945341,0.0],[25.700507,44.945379,0.0],[25.70047,44.945478,0.0],[25.70047,44.945524,0.0],[25.700427,44.945585,0.0],[25.700378,44.945631,0.0],[25.700325,44.945653,0.0],[25.700287,44.945657,0.0],[25.700244,44.945642,0.0],[25.700051,44.9455,0.0],[25.699986,44.945489,0.0],[25.699938,44.945515,0.0],[25.699868,44.945626,0.0],[25.69982,44.945828,0.0],[25.699782,44.945866,0.0],[25.699723,44.945897,0.0],[25.699664,44.945897,0.0],[25.699621,44.945877,0.0],[25.699583,44.945851,0.0],[25.699519,44.945763,0.0],[25.699428,44.94569,0.0],[25.69931,44.945659,0.0],[25.698987,44.945708,0.0],[25.69888,44.945742,0.0],[25.698805,44.945788,0.0],[25.698652,44.945912,0.0],[25.698622,44.945891,0.0],[25.698478,44.945789,0.0],[25.698182,44.945852,0.0],[25.698064,44.945913,0.0],[25.697897,44.945974,0.0],[25.697859,44.945974,0.0],[25.697602,44.946049,0.0],[25.697408,44.946083,0.0],[25.696871,44.946086,0.0],[25.696764,44.946101,0.0],[25.696399,44.946242,0.0],[25.696227,44.946326,0.0],[25.696012,44.94639,0.0],[25.6957,44.946512,0.0],[25.695587,44.946573,0.0],[25.695485,44.946649,0.0],[25.695217,44.94679,0.0],[25.695066,44.946835,0.0],[25.694873,44.946865,0.0],[25.69468,44.946926,0.0],[25.694357,44.946933,0.0],[25.693992,44.946886,0.0],[25.693799,44.946879,0.0],[25.693659,44.946886,0.0],[25.693401,44.946954,0.0],[25.693122,44.947003,0.0],[25.692639,44.947044,0.0],[25.692349,44.947105,0.0],[25.692026,44.947154,0.0],[25.691532,44.947275,0.0],[25.69114,44.947397,0.0],[25.690898,44.947442,0.0],[25.690125,44.94749,0.0],[25.689932,44.947513,0.0],[25.68962,44.947592,0.0],[25.689475,44.947661,0.0],[25.689464,44.947764,0.0],[25.689593,44.948024,0.0],[25.689652,44.948192,0.0],[25.689668,44.948315,0.0],[25.689695,44.948406,0.0],[25.689759,44.9492,0.0],[25.689662,44.949597,0.0],[25.689683,44.949703,0.0],[25.689672,44.949871,0.0],[25.689597,44.950131,0.0],[25.689559,44.950417,0.0],[25.689618,44.951299,0.0],[25.689677,44.951559,0.0],[25.689655,44.951644,0.0],[25.68965,44.951666,0.0],[25.689526,44.951822,0.0],[25.689322,44.951978,0.0],[25.688726,44.952355,0.0],[25.688145,44.952674,0.0],[25.687973,44.95272,0.0],[25.687597,44.952673,0.0],[25.687544,44.952685,0.0],[25.687531,44.952718,0.0],[25.687415,44.952724,0.0],[25.68734,44.952763,0.0],[25.687191,44.952855,0.0],[25.687037,44.952978,0.0],[25.686963,44.953093,0.0],[25.686942,44.953155,0.0],[25.6869,44.953189,0.0],[25.686837,44.953358,0.0],[25.686833,44.953397,0.0],[25.686823,44.953484,0.0],[25.686782,44.953591,0.0],[25.686752,44.953812,0.0],[25.686726,44.953858,0.0],[25.686609,44.95397,0.0],[25.686515,44.954104,0.0],[25.686302,44.954266,0.0],[25.686078,44.954377,0.0],[25.685944,44.954428,0.0],[25.685709,44.954567,0.0],[25.685486,44.954762,0.0],[25.685349,44.954905,0.0],[25.685228,44.955157,0.0],[25.685208,44.955241,0.0],[25.6852,44.955455,0.0],[25.685266,44.955959,0.0],[25.685247,44.956143,0.0],[25.6852,44.95625,0.0],[25.685105,44.956388,0.0],[25.68484,44.956592,0.0],[25.684755,44.956691,0.0],[25.684517,44.95705,0.0],[25.684426,44.957392,0.0],[25.684422,44.957484,0.0],[25.684462,44.957636,0.0],[25.684463,44.957713,0.0],[25.684432,44.95785,0.0],[25.684394,44.957926,0.0],[25.684418,44.957957,0.0],[25.684291,44.958153,0.0],[25.684276,44.958206,0.0],[25.68418,44.958298,0.0],[25.684114,44.958346,0.0],[25.683973,44.958407,0.0],[25.683652,44.958472,0.0],[25.683482,44.958538,0.0],[25.683264,44.958663,0.0],[25.683191,44.958744,0.0],[25.683165,44.958801,0.0],[25.683161,44.958878,0.0],[25.683228,44.958969,0.0],[25.683446,44.959119,0.0],[25.6838,44.959307,0.0],[25.683947,44.959427,0.0],[25.68397,44.959473,0.0],[25.683971,44.959534,0.0],[25.683882,44.959612,0.0],[25.683476,44.959719,0.0],[25.683242,44.959828,0.0],[25.683099,44.95994,0.0],[25.683036,44.960017,0.0],[25.683006,44.960102,0.0],[25.683003,44.960231,0.0],[25.68306,44.960368,0.0],[25.683176,44.960535,0.0],[25.683562,44.960959,0.0],[25.683612,44.961035,0.0],[25.68363,44.961127,0.0],[25.683627,44.961241,0.0],[25.683555,44.961372,0.0],[25.683481,44.961422,0.0],[25.683209,44.96154,0.0],[25.683172,44.96154,0.0],[25.68315,44.961559,0.0],[25.683044,44.961591,0.0],[25.682938,44.961649,0.0],[25.682849,44.961761,0.0],[25.682808,44.961884,0.0],[25.682785,44.962029,0.0],[25.682701,44.962137,0.0],[25.68251,44.962265,0.0],[25.682254,44.962328,0.0],[25.682121,44.96241,0.0],[25.68208,44.962483,0.0],[25.68207,44.96254,0.0],[25.682098,44.9628,0.0],[25.68204,44.962892,0.0],[25.681993,44.962938,0.0],[25.681765,44.963074,0.0],[25.681669,44.963102,0.0],[25.681213,44.96316,0.0],[25.680963,44.963243,0.0],[25.680649,44.963376,0.0],[25.680384,44.963581,0.0],[25.680132,44.963835,0.0],[25.679985,44.964011,0.0],[25.679891,44.964117,0.0],[25.679855,44.964205,0.0],[25.679891,44.964388,0.0],[25.67997,44.96454,0.0],[25.679999,44.964647,0.0],[25.680018,44.964753,0.0],[25.679999,44.964868,0.0],[25.679958,44.964968,0.0],[25.679864,44.965091,0.0],[25.679701,44.965268,0.0],[25.679527,44.965423,0.0],[25.679444,44.965538,0.0],[25.679366,44.965913,0.0],[25.679374,44.966051,0.0],[25.679335,44.966196,0.0],[25.679379,44.966517,0.0],[25.67942,44.966654,0.0],[25.679564,44.966851,0.0],[25.679822,44.967096,0.0],[25.679931,44.967191,0.0],[25.680174,44.967464,0.0],[25.68018,44.967494,0.0],[25.680313,44.967692,0.0],[25.680358,44.967798,0.0],[25.680362,44.967966,0.0],[25.680292,44.968204,0.0],[25.680274,44.968372,0.0],[25.680238,44.968449,0.0],[25.68026,44.968724,0.0],[25.680226,44.968877,0.0],[25.680122,44.969015,0.0],[25.680076,44.969149,0.0],[25.680095,44.969283,0.0],[25.680129,44.969328,0.0],[25.680174,44.96945,0.0],[25.680173,44.969618,0.0],[25.680124,44.969863,0.0],[25.680216,44.970366,0.0],[25.68012,44.970627,0.0],[25.679994,44.970804,0.0],[25.679886,44.970996,0.0],[25.679861,44.971103,0.0],[25.679845,44.971325,0.0],[25.67991,44.971615,0.0],[25.680012,44.971858,0.0],[25.680192,44.9722,0.0],[25.680546,44.972686,0.0],[25.680667,44.973051,0.0],[25.680681,44.973173,0.0],[25.680636,44.973349,0.0],[25.6806,44.973426,0.0],[25.680426,44.973584,0.0],[25.680412,44.973669,0.0],[25.680435,44.973756,0.0],[25.680485,44.973817,0.0],[25.680583,44.973888,0.0],[25.680768,44.97399,0.0],[25.681007,44.974098,0.0],[25.681225,44.974237,0.0],[25.681393,44.974293,0.0],[25.681636,44.974332,0.0],[25.682155,44.974495,0.0],[25.68234,44.974574,0.0],[25.68253,44.974686,0.0],[25.682787,44.974879,0.0],[25.683068,44.975189,0.0],[25.68354,44.975643,0.0],[25.683596,44.975721,0.0],[25.683817,44.975991,0.0],[25.684017,44.976295,0.0],[25.684302,44.976781,0.0],[25.684501,44.977298,0.0],[25.684508,44.97736,0.0],[25.684729,44.977877,0.0],[25.684745,44.978121,0.0],[25.684721,44.978244,0.0],[25.684713,44.978366,0.0],[25.684725,44.978412,0.0],[25.684769,44.978488,0.0],[25.684994,44.978669,0.0],[25.685049,44.978745,0.0],[25.685101,44.978912,0.0],[25.685094,44.97908,0.0],[25.685048,44.979176,0.0],[25.684981,44.979547,0.0],[25.684915,44.979739,0.0],[25.68487,44.980106,0.0],[25.68484,44.980221,0.0],[25.684732,44.980436,0.0],[25.684544,44.980713,0.0],[25.684461,44.980863,0.0],[25.684325,44.981258,0.0],[25.684307,44.981903,0.0],[25.684328,44.982113,0.0],[25.684326,44.98251,0.0],[25.684341,44.982709,0.0],[25.68439,44.982983,0.0],[25.684391,44.983167,0.0],[25.68438,44.983518,0.0],[25.684326,44.983763,0.0],[25.684338,44.983809,0.0],[25.68419,44.984177,0.0],[25.683967,44.98455,0.0],[25.683794,44.984758,0.0],[25.683487,44.985193,0.0],[25.683241,44.985485,0.0],[25.682985,44.985839,0.0],[25.682938,44.985886,0.0],[25.682641,44.986332,0.0],[25.682569,44.98647,0.0],[25.682483,44.986731,0.0],[25.682309,44.98713,0.0],[25.682198,44.987444,0.0],[25.682072,44.988102,0.0],[25.68206,44.988286,0.0],[25.682078,44.989111,0.0],[25.682046,44.98934,0.0],[25.682,44.989463,0.0],[25.681864,44.989624,0.0],[25.681802,44.989732,0.0],[25.681669,44.9902,0.0],[25.681597,44.990467,0.0],[25.681267,44.990838,0.0],[25.681081,44.99095,0.0],[25.680958,44.990993,0.0],[25.680682,44.991149,0.0],[25.680538,44.991211,0.0],[25.680465,44.991277,0.0],[25.680376,44.991397,0.0],[25.680329,44.991473,0.0],[25.680295,44.991642,0.0],[25.680327,44.991871,0.0],[25.680321,44.9921,0.0],[25.680286,44.992215,0.0],[25.680244,44.992269,0.0],[25.680128,44.992358,0.0],[25.679989,44.992413,0.0],[25.679774,44.992403,0.0],[25.679673,44.992446,0.0],[25.679429,44.992613,0.0],[25.679187,44.992829,0.0],[25.678878,44.992978,0.0],[25.678798,44.992997,0.0],[25.67859,44.993095,0.0],[25.678485,44.993211,0.0],[25.678409,44.99341,0.0],[25.67816,44.99381,0.0],[25.678109,44.993963,0.0],[25.678125,44.994177,0.0],[25.6782,44.99442,0.0],[25.678245,44.994512,0.0],[25.678533,44.994906,0.0],[25.678712,44.995225,0.0],[25.678894,44.995437,0.0],[25.679124,44.995595,0.0],[25.679227,44.995644,0.0],[25.679423,44.995776,0.0],[25.679807,44.996131,0.0],[25.679885,44.996222,0.0],[25.679957,44.996359,0.0],[25.679984,44.996557,0.0],[25.679986,44.996679,0.0],[25.680065,44.996862,0.0],[25.680252,44.997036,0.0],[25.680297,44.997112,0.0],[25.680329,44.997341,0.0],[25.680298,44.997432,0.0],[25.680241,44.997517,0.0],[25.680046,44.997691,0.0],[25.679774,44.998026,0.0],[25.679458,44.998331,0.0],[25.679379,44.998446,0.0],[25.679354,44.998519,0.0],[25.679351,44.998611,0.0],[25.679373,44.998656,0.0],[25.679478,44.998762,0.0],[25.679517,44.998823,0.0],[25.679526,44.998976,0.0],[25.679462,44.999274,0.0],[25.679289,44.999696,0.0],[25.679218,45.000013,0.0],[25.679141,45.000219,0.0],[25.679177,45.000383,0.0],[25.679256,45.000506,0.0],[25.679292,45.000598,0.0],[25.679414,45.000751,0.0],[25.679471,45.000854,0.0],[25.679774,45.001143,0.0],[25.679853,45.001311,0.0],[25.67984,45.001464,0.0],[25.679756,45.001669,0.0],[25.679685,45.001791,0.0],[25.679361,45.002639,0.0],[25.679343,45.002803,0.0],[25.679321,45.002864,0.0],[25.679349,45.003139,0.0],[25.679536,45.003675,0.0],[25.679575,45.003934,0.0],[25.679627,45.004103,0.0],[25.679752,45.004363,0.0],[25.679781,45.004653,0.0],[25.679767,45.004882,0.0],[25.679693,45.005153,0.0],[25.679709,45.005179,0.0],[25.679694,45.00553,0.0],[25.679581,45.005919,0.0],[25.679455,45.006444,0.0],[25.679293,45.006886,0.0],[25.679035,45.007365,0.0],[25.678885,45.007639,0.0],[25.678741,45.008012,0.0],[25.678702,45.008072,0.0],[25.678642,45.008141,0.0],[25.678501,45.008254,0.0],[25.678342,45.008421,0.0],[25.678054,45.008629,0.0],[25.677744,45.008878,0.0],[25.67715,45.009458,0.0],[25.677068,45.009564,0.0],[25.677029,45.009656,0.0],[25.677018,45.009724,0.0],[25.677022,45.009785,0.0],[25.677027,45.009846,0.0],[25.677101,45.009938,0.0],[25.677223,45.010038,0.0],[25.677328,45.010222,0.0],[25.677471,45.010391,0.0],[25.677631,45.010545,0.0],[25.677695,45.010587,0.0],[25.67809,45.010758,0.0],[25.67824,45.010839,0.0],[25.67834,45.010993,0.0],[25.678439,45.011215,0.0],[25.678492,45.011276,0.0],[25.678696,45.011357,0.0],[25.678916,45.01139,0.0],[25.67906,45.011425,0.0],[25.679258,45.01151,0.0],[25.679354,45.01158,0.0],[25.679523,45.01181,0.0],[25.679633,45.012009,0.0],[25.679918,45.012423,0.0],[25.680332,45.012869,0.0],[25.680411,45.013007,0.0],[25.680463,45.013159,0.0],[25.680536,45.013267,0.0],[25.680653,45.013374,0.0],[25.680856,45.013498,0.0],[25.681129,45.013595,0.0],[25.681349,45.013612,0.0],[25.681457,45.013598,0.0],[25.681544,45.013571,0.0],[25.681689,45.013569,0.0],[25.681758,45.013581,0.0],[25.681931,45.013593,0.0],[25.682113,45.013656,0.0],[25.682236,45.013725,0.0],[25.682427,45.013868,0.0],[25.682502,45.013944,0.0],[25.68257,45.014082,0.0],[25.682579,45.014174,0.0],[25.682517,45.01441,0.0],[25.682525,45.014609,0.0],[25.682582,45.014746,0.0],[25.68272,45.01493,0.0],[25.682784,45.014992,0.0],[25.682906,45.015065,0.0],[25.683212,45.015151,0.0],[25.683469,45.015191,0.0],[25.683728,45.015185,0.0],[25.684028,45.01526,0.0],[25.684124,45.015318,0.0],[25.684172,45.015364,0.0],[25.684278,45.015491,0.0],[25.684335,45.015598,0.0],[25.684601,45.015859,0.0],[25.684648,45.015936,0.0],[25.684635,45.016104,0.0],[25.684694,45.016181,0.0],[25.684768,45.016223,0.0],[25.685159,45.016355,0.0],[25.685293,45.016437,0.0],[25.68534,45.016513,0.0],[25.68535,45.01659,0.0],[25.685289,45.01673,0.0],[25.685237,45.016963,0.0],[25.685268,45.017077,0.0],[25.68531,45.017154,0.0],[25.685542,45.017491,0.0],[25.685739,45.018042,0.0],[25.685733,45.018088,0.0],[25.68578,45.018241,0.0],[25.685755,45.018447,0.0],[25.685759,45.018599,0.0],[25.685795,45.018691,0.0],[25.685917,45.01883,0.0],[25.686152,45.018988,0.0],[25.686274,45.019099,0.0],[25.686385,45.019268,0.0],[25.686442,45.019436,0.0],[25.686521,45.019574,0.0],[25.686605,45.019681,0.0],[25.686823,45.019866,0.0],[25.687079,45.020028,0.0],[25.687141,45.020084,0.0],[25.687351,45.020236,0.0],[25.68747,45.020304,0.0],[25.687526,45.020315,0.0],[25.687612,45.020361,0.0],[25.687988,45.020361,0.0],[25.68816,45.020389,0.0],[25.688332,45.020439,0.0],[25.688439,45.0205,0.0],[25.688589,45.020561,0.0],[25.688718,45.020588,0.0],[25.68889,45.020593,0.0],[25.688998,45.020623,0.0],[25.689089,45.020708,0.0],[25.689062,45.020769,0.0],[25.688923,45.020892,0.0],[25.6887,45.021119,0.0],[25.68849,45.021298,0.0],[25.688301,45.021538,0.0],[25.688106,45.021717,0.0],[25.688004,45.021774,0.0],[25.687799,45.021945,0.0],[25.687664,45.022014,0.0],[25.687469,45.022134,0.0],[25.687283,45.02212,0.0],[25.687002,45.022203,0.0],[25.686721,45.022319,0.0],[25.686498,45.022481,0.0],[25.686366,45.022679,0.0],[25.686191,45.022891,0.0],[25.685949,45.023286,0.0],[25.685811,45.023564,0.0],[25.685811,45.023591,0.0],[25.685734,45.023712,0.0],[25.685733,45.023758,0.0],[25.68564,45.02388,0.0],[25.685568,45.024062,0.0],[25.685491,45.024169,0.0],[25.68549,45.02423,0.0],[25.685458,45.024245,0.0],[25.685471,45.024428,0.0],[25.685587,45.024635,0.0],[25.68572,45.024762,0.0],[25.68597,45.024943,0.0],[25.686066,45.025031,0.0],[25.686135,45.025108,0.0],[25.686208,45.025227,0.0],[25.686255,45.025364,0.0],[25.686264,45.025517,0.0],[25.686173,45.0259,0.0],[25.686133,45.026058,0.0],[25.686126,45.026165,0.0],[25.686173,45.02631,0.0],[25.686208,45.026346,0.0],[25.686246,45.026444,0.0],[25.686383,45.026655,0.0],[25.686721,45.027115,0.0],[25.686763,45.027207,0.0],[25.687038,45.027606,0.0],[25.687153,45.027836,0.0],[25.687395,45.028223,0.0],[25.687433,45.028253,0.0],[25.687481,45.028344,0.0],[25.687623,45.028446,0.0],[25.687688,45.028461,0.0],[25.687828,45.028526,0.0],[25.687946,45.028618,0.0],[25.687983,45.028668,0.0],[25.6881,45.029035,0.0],[25.688153,45.029142,0.0],[25.688421,45.029417,0.0],[25.68863,45.029536,0.0],[25.688915,45.029636,0.0],[25.689189,45.029766,0.0],[25.689339,45.0299,0.0],[25.689435,45.030023,0.0],[25.68958,45.030122,0.0],[25.689687,45.030172,0.0],[25.689907,45.030234,0.0],[25.690165,45.030253,0.0],[25.690574,45.030262,0.0],[25.690746,45.030251,0.0],[25.690897,45.030259,0.0],[25.691456,45.030253,0.0],[25.691714,45.030223,0.0],[25.691929,45.030178,0.0],[25.692317,45.030033,0.0],[25.692468,45.029996,0.0],[25.692683,45.02992,0.0],[25.692941,45.029875,0.0],[25.693113,45.02986,0.0],[25.693221,45.029868,0.0],[25.693651,45.02985,0.0],[25.693952,45.029869,0.0],[25.694597,45.029886,0.0],[25.694726,45.029909,0.0],[25.69492,45.029979,0.0],[25.695118,45.030105,0.0],[25.695258,45.030155,0.0],[25.695429,45.030239,0.0],[25.69566,45.030393,0.0],[25.696143,45.030772,0.0],[25.696706,45.03112,0.0],[25.696931,45.031285,0.0],[25.697167,45.031515,0.0],[25.697267,45.031657,0.0],[25.697359,45.03179,0.0],[25.697412,45.031958,0.0],[25.697487,45.032096,0.0],[25.697686,45.032272,0.0],[25.69782,45.032348,0.0],[25.698094,45.032467,0.0],[25.698126,45.032494,0.0],[25.698255,45.032514,0.0],[25.698792,45.032671,0.0],[25.699071,45.032718,0.0],[25.699415,45.032818,0.0],[25.699565,45.032849,0.0],[25.699673,45.032857,0.0],[25.700081,45.032961,0.0],[25.700275,45.033072,0.0],[25.700596,45.03334,0.0],[25.700982,45.033593,0.0],[25.70132,45.033914,0.0],[25.701422,45.033991,0.0],[25.701561,45.034075,0.0],[25.701739,45.034159,0.0],[25.702029,45.034278,0.0],[25.702238,45.034325,0.0],[25.702432,45.034344,0.0],[25.702749,45.034345,0.0],[25.703012,45.034323,0.0],[25.7034,45.034323,0.0],[25.703572,45.034335,0.0],[25.703722,45.034336,0.0],[25.703787,45.034324,0.0],[25.704002,45.034344,0.0],[25.704539,45.034425,0.0],[25.70469,45.034426,0.0],[25.705142,45.034377,0.0],[25.705357,45.034381,0.0],[25.705572,45.034428,0.0],[25.705609,45.034458,0.0],[25.705598,45.034535,0.0],[25.705399,45.034675,0.0],[25.705119,45.034808,0.0],[25.704666,45.035063,0.0],[25.704445,45.035143,0.0],[25.704231,45.035177,0.0],[25.704149,45.035203,0.0],[25.703977,45.035214,0.0],[25.703762,45.035187,0.0],[25.703708,45.035198,0.0],[25.703343,45.035136,0.0],[25.703171,45.035128,0.0],[25.702923,45.035189,0.0],[25.702708,45.035276,0.0],[25.702519,45.035413,0.0],[25.702406,45.035558,0.0],[25.702362,45.035684,0.0],[25.702367,45.035856,0.0],[25.702532,45.036375,0.0],[25.702542,45.036497,0.0],[25.702585,45.036665,0.0],[25.702723,45.036986,0.0],[25.702739,45.037078,0.0],[25.702899,45.03746,0.0],[25.702936,45.037598,0.0],[25.702812,45.037739,0.0],[25.702677,45.037807,0.0],[25.702591,45.037826,0.0],[25.702419,45.037837,0.0],[25.702269,45.037821,0.0],[25.702097,45.037825,0.0],[25.701957,45.037859,0.0],[25.701838,45.0379,0.0],[25.701741,45.037954,0.0],[25.701655,45.038056,0.0],[25.701611,45.038152,0.0],[25.701611,45.038213,0.0],[25.701579,45.038293,0.0],[25.701578,45.038366,0.0],[25.701653,45.038518,0.0],[25.701647,45.038595,0.0],[25.701549,45.038907,0.0],[25.701457,45.039106,0.0],[25.701338,45.039254,0.0],[25.700869,45.039639,0.0],[25.700745,45.039784,0.0],[25.700723,45.039852,0.0],[25.700712,45.040005,0.0],[25.70076,45.040219,0.0],[25.700855,45.040524,0.0],[25.700909,45.040616,0.0],[25.700985,45.040831,0.0],[25.701052,45.040998,0.0],[25.701116,45.041258,0.0],[25.701186,45.041396,0.0],[25.701217,45.041548,0.0],[25.701255,45.041594,0.0],[25.701244,45.041617,0.0],[25.701252,45.04165,0.0],[25.701269,45.041769,0.0],[25.701306,45.041845,0.0],[25.701312,45.041922,0.0],[25.701355,45.041998,0.0],[25.701403,45.042197,0.0],[25.701601,45.042563,0.0],[25.701762,45.042777,0.0],[25.702154,45.043205,0.0],[25.702272,45.043358,0.0],[25.702459,45.043557,0.0],[25.702561,45.043694,0.0],[25.702658,45.043786,0.0],[25.703034,45.04429,0.0],[25.703109,45.044443,0.0],[25.703232,45.044779,0.0],[25.703253,45.044901,0.0],[25.703242,45.045176,0.0],[25.703215,45.045253,0.0],[25.70308,45.045466,0.0],[25.702881,45.045634,0.0],[25.702623,45.045752,0.0],[25.702429,45.045859,0.0],[25.70201,45.046049,0.0],[25.701504,45.046389,0.0],[25.70138,45.046457,0.0],[25.701106,45.046575,0.0],[25.700901,45.046686,0.0],[25.700294,45.047082,0.0],[25.699809,45.047422,0.0],[25.6994,45.04773,0.0],[25.699248,45.047866,0.0],[25.699094,45.048001,0.0],[25.698948,45.048158,0.0],[25.69884,45.048303,0.0],[25.698738,45.048493,0.0],[25.698695,45.048627,0.0],[25.698689,45.048791,0.0],[25.698657,45.048982,0.0],[25.698705,45.049135,0.0],[25.698699,45.049242,0.0],[25.698656,45.049364,0.0],[25.6985,45.049638,0.0],[25.697805,45.050325,0.0],[25.69731,45.050783,0.0],[25.69703,45.051072,0.0],[25.696626,45.051438,0.0],[25.696567,45.051515,0.0],[25.696266,45.051812,0.0],[25.696147,45.051973,0.0],[25.696072,45.052049,0.0],[25.695857,45.052209,0.0],[25.695706,45.0523,0.0],[25.69563,45.052384,0.0],[25.695523,45.052472,0.0],[25.695124,45.052949,0.0],[25.694968,45.05322,0.0],[25.694887,45.053399,0.0],[25.694827,45.053857,0.0],[25.694741,45.054078,0.0],[25.694703,45.054224,0.0],[25.694638,45.054368,0.0],[25.694602,45.054613,0.0],[25.694584,45.054704,0.0],[25.694573,45.055033,0.0],[25.694583,45.055162,0.0],[25.694626,45.055346,0.0],[25.69462,45.055506,0.0],[25.694502,45.055735,0.0],[25.694345,45.055949,0.0],[25.694313,45.05604,0.0],[25.694221,45.056139,0.0],[25.694062,45.056256,0.0],[25.693995,45.056319,0.0],[25.693823,45.056429,0.0],[25.69356,45.05657,0.0],[25.69342,45.05662,0.0],[25.693194,45.056665,0.0],[25.693108,45.056654,0.0],[25.693,45.056669,0.0],[25.692742,45.056676,0.0],[25.692441,45.056611,0.0],[25.691979,45.056603,0.0],[25.691441,45.056705,0.0],[25.691237,45.056759,0.0],[25.691054,45.056819,0.0],[25.690742,45.056968,0.0],[25.690349,45.057243,0.0],[25.690037,45.057513,0.0],[25.689633,45.057944,0.0],[25.689277,45.058284,0.0],[25.689089,45.058509,0.0],[25.688922,45.058753,0.0],[25.688388,45.059432,0.0],[25.687893,45.060141,0.0],[25.687613,45.060704,0.0],[25.687518,45.060795,0.0],[25.687421,45.060896,0.0],[25.687352,45.061052,0.0],[25.687234,45.061205,0.0],[25.687192,45.061297,0.0],[25.687102,45.061427,0.0],[25.687054,45.061542,0.0],[25.687011,45.061584,0.0],[25.686996,45.061641,0.0],[25.686341,45.06262,0.0],[25.68615,45.06301,0.0],[25.686011,45.063205,0.0],[25.685879,45.063439,0.0],[25.685612,45.063798,0.0],[25.685334,45.064047,0.0],[25.685121,45.064342,0.0],[25.685036,45.064433,0.0],[25.684785,45.064793,0.0],[25.684631,45.065053,0.0],[25.684455,45.065305,0.0],[25.684216,45.065749,0.0],[25.683935,45.066215,0.0],[25.683839,45.066414,0.0],[25.683701,45.066602,0.0],[25.683669,45.066682,0.0],[25.683605,45.066751,0.0],[25.683286,45.067332,0.0],[25.683068,45.067611,0.0],[25.682948,45.067799,0.0],[25.682583,45.068349,0.0],[25.682344,45.068777,0.0],[25.682169,45.069041,0.0],[25.681902,45.069435,0.0],[25.681779,45.069581,0.0],[25.681428,45.070085,0.0],[25.681258,45.070414,0.0],[25.680869,45.070957,0.0],[25.680635,45.07137,0.0],[25.680379,45.071722,0.0],[25.680289,45.07186,0.0],[25.680278,45.071906,0.0],[25.680252,45.071925,0.0],[25.680193,45.072028,0.0],[25.680007,45.072281,0.0],[25.679699,45.072846,0.0],[25.679528,45.073045,0.0],[25.679325,45.073233,0.0],[25.67925,45.073336,0.0],[25.679186,45.073459,0.0],[25.679011,45.073719,0.0],[25.679,45.073757,0.0],[25.678824,45.073998,0.0],[25.678681,45.074262,0.0],[25.678478,45.074552,0.0],[25.677613,45.075945,0.0],[25.677499,45.076151,0.0],[25.677212,45.076579,0.0],[25.677116,45.076755,0.0],[25.676829,45.077198,0.0],[25.676712,45.077412,0.0],[25.676557,45.077642,0.0],[25.676057,45.078475,0.0],[25.67601,45.07859,0.0],[25.676015,45.078621,0.0],[25.675931,45.078911,0.0],[25.675804,45.079205,0.0],[25.675646,45.079652,0.0],[25.675641,45.079736,0.0],[25.675663,45.079828,0.0],[25.675892,45.080209,0.0],[25.67612,45.080484,0.0],[25.676272,45.080628,0.0],[25.676693,45.081085,0.0],[25.675996,45.081221,0.0],[25.675942,45.08124,0.0],[25.675813,45.081248,0.0],[25.675426,45.08131,0.0],[25.674953,45.081445,0.0],[25.674352,45.081683,0.0],[25.674105,45.081821,0.0],[25.673877,45.081991,0.0],[25.673683,45.082143,0.0],[25.673517,45.082296,0.0],[25.673404,45.082411,0.0],[25.673319,45.082529,0.0],[25.673261,45.082728,0.0],[25.673185,45.083203,0.0],[25.673139,45.083343,0.0],[25.673103,45.08345,0.0],[25.673117,45.08371,0.0],[25.67308,45.083752,0.0],[25.673022,45.083791,0.0],[25.672926,45.083823,0.0],[25.672653,45.083854,0.0],[25.672448,45.083845,0.0],[25.67234,45.083828,0.0],[25.672036,45.08374,0.0],[25.671644,45.083582,0.0],[25.671265,45.083341,0.0],[25.671057,45.083161,0.0],[25.670895,45.083085,0.0],[25.670884,45.08307,0.0],[25.670625,45.082956,0.0],[25.670604,45.08296,0.0],[25.670566,45.082941,0.0],[25.670442,45.082918,0.0],[25.669945,45.082675,0.0],[25.66961,45.082581,0.0],[25.669503,45.082588,0.0],[25.669428,45.082615,0.0],[25.669181,45.082731,0.0],[25.669036,45.082822,0.0],[25.66887,45.082903,0.0],[25.668838,45.082907,0.0],[25.668709,45.082972,0.0],[25.668569,45.083014,0.0],[25.668505,45.083053,0.0],[25.668225,45.083148,0.0],[25.668054,45.083214,0.0],[25.667925,45.083249,0.0],[25.667791,45.083303,0.0],[25.66767,45.083347,0.0],[25.667271,45.083464,0.0],[25.667155,45.08353,0.0],[25.667013,45.083647,0.0],[25.666907,45.083713,0.0],[25.666721,45.083781,0.0],[25.666471,45.083899,0.0],[25.666309,45.084031,0.0],[25.666214,45.08412,0.0],[25.666069,45.084294,0.0],[25.666008,45.084398,0.0],[25.665922,45.084586,0.0],[25.6658,45.084942,0.0],[25.665728,45.085131,0.0],[25.665544,45.085435,0.0],[25.665494,45.085565,0.0],[25.665392,45.085948,0.0],[25.665366,45.085964,0.0],[25.665341,45.086041,0.0],[25.665229,45.086233,0.0],[25.665203,45.086272,0.0],[25.664867,45.086544,0.0],[25.664799,45.086625,0.0],[25.664713,45.086786,0.0],[25.664713,45.086813,0.0],[25.664635,45.086894,0.0],[25.664418,45.08702,0.0],[25.664025,45.087174,0.0],[25.663807,45.08728,0.0],[25.663691,45.087358,0.0],[25.663566,45.087474,0.0],[25.663153,45.087705,0.0],[25.662122,45.088155,0.0],[25.661361,45.088418,0.0],[25.661074,45.088536,0.0],[25.660925,45.088614,0.0],[25.660719,45.088751,0.0],[25.660672,45.088797,0.0],[25.660514,45.088891,0.0],[25.660277,45.08907,0.0],[25.660104,45.08921,0.0],[25.659952,45.089361,0.0],[25.659831,45.089443,0.0],[25.659605,45.089629,0.0],[25.65927,45.089947,0.0],[25.659125,45.090121,0.0],[25.658966,45.090264,0.0],[25.658805,45.090412,0.0],[25.658635,45.090498,0.0],[25.658352,45.090571,0.0],[25.658089,45.090597,0.0],[25.657913,45.090634,0.0],[25.657779,45.090647,0.0],[25.657597,45.090692,0.0],[25.657257,45.090834,0.0],[25.656355,45.091251,0.0],[25.656013,45.091355,0.0],[25.65536,45.091464,0.0],[25.654994,45.091473,0.0],[25.654691,45.091416,0.0],[25.654472,45.091285,0.0],[25.65429,45.09115,0.0],[25.65389,45.090908,0.0],[25.653759,45.090841,0.0],[25.653651,45.090823,0.0],[25.653522,45.090829,0.0],[25.653288,45.090912,0.0],[25.653107,45.090995,0.0],[25.652818,45.091205,0.0],[25.652625,45.091261,0.0],[25.652422,45.091295,0.0],[25.652105,45.091322,0.0],[25.651675,45.091313,0.0],[25.651437,45.091293,0.0],[25.651125,45.091305,0.0],[25.650954,45.09133,0.0],[25.650836,45.091362,0.0],[25.650624,45.091472,0.0],[25.650336,45.091537,0.0],[25.650078,45.091541,0.0],[25.649883,45.091505,0.0],[25.649709,45.091443,0.0],[25.649522,45.091323,0.0],[25.649457,45.091298,0.0],[25.649262,45.091247,0.0],[25.649046,45.091231,0.0],[25.648895,45.091225,0.0],[25.647856,45.091018,0.0],[25.647511,45.091011,0.0],[25.647328,45.091022,0.0],[25.647125,45.091051,0.0],[25.646676,45.091164,0.0],[25.646494,45.091197,0.0],[25.646344,45.091207,0.0],[25.646127,45.091157,0.0],[25.646084,45.091157,0.0],[25.645934,45.091186,0.0],[25.645796,45.09126,0.0],[25.645727,45.091326,0.0],[25.645512,45.091482,0.0],[25.645353,45.091564,0.0],[25.644981,45.091711,0.0],[25.644741,45.091783,0.0],[25.643908,45.091821,0.0],[25.643308,45.091932,0.0],[25.642956,45.092021,0.0],[25.642806,45.092046,0.0],[25.64199,45.09213,0.0],[25.641584,45.092208,0.0],[25.641434,45.092248,0.0],[25.641293,45.092265,0.0],[25.641284,45.092266,0.0],[25.641204,45.092301,0.0],[25.641179,45.09234,0.0],[25.641141,45.092539,0.0],[25.641112,45.093165,0.0],[25.641074,45.093349,0.0],[25.641004,45.093541,0.0],[25.640917,45.093672,0.0],[25.640807,45.093788,0.0],[25.64056,45.093978,0.0],[25.640295,45.094135,0.0],[25.640143,45.094247,0.0],[25.639991,45.094414,0.0],[25.639743,45.094757,0.0],[25.639662,45.094911,0.0],[25.639643,45.094995,0.0],[25.639669,45.095163,0.0],[25.639732,45.095299,0.0],[25.639719,45.095406,0.0],[25.639674,45.095514,0.0],[25.639617,45.095759,0.0],[25.639532,45.095974,0.0],[25.639381,45.09625,0.0],[25.639297,45.096405,0.0],[25.639137,45.096827,0.0],[25.63887,45.09725,0.0],[25.638745,45.09739,0.0],[25.638608,45.097491,0.0],[25.63832,45.097594,0.0],[25.638023,45.097739,0.0],[25.637933,45.09779,0.0],[25.637849,45.097864,0.0],[25.637797,45.097918,0.0],[25.637761,45.097983,0.0],[25.637719,45.098182,0.0],[25.637711,45.098297,0.0],[25.637682,45.098389,0.0],[25.637656,45.098416,0.0],[25.637566,45.098479,0.0],[25.637284,45.098589,0.0],[25.636931,45.09867,0.0],[25.636601,45.098793,0.0],[25.636411,45.098899,0.0],[25.636195,45.099078,0.0],[25.636035,45.099297,0.0],[25.635995,45.099405,0.0],[25.635998,45.099512,0.0],[25.636082,45.099816,0.0],[25.636103,45.100343,0.0],[25.636155,45.100464,0.0],[25.636335,45.100721,0.0],[25.636596,45.101344,0.0],[25.636652,45.101602,0.0],[25.636631,45.101629,0.0],[25.636588,45.101794,0.0],[25.636485,45.101979,0.0],[25.636415,45.102155,0.0],[25.636168,45.102533,0.0],[25.636129,45.102634,0.0],[25.636062,45.102756,0.0],[25.635953,45.10307,0.0],[25.635907,45.103155,0.0],[25.6358,45.103542,0.0],[25.635755,45.103859,0.0],[25.635707,45.104066,0.0],[25.635708,45.104814,0.0],[25.635689,45.104906,0.0],[25.635616,45.104988,0.0],[25.635547,45.105004,0.0],[25.635525,45.104996,0.0],[25.635466,45.105009,0.0],[25.635299,45.105007,0.0],[25.635128,45.10504,0.0],[25.634942,45.105119,0.0],[25.634784,45.105239,0.0],[25.634662,45.105306,0.0],[25.634054,45.105509,0.0],[25.633656,45.105694,0.0],[25.633443,45.105766,0.0],[25.632946,45.105872,0.0],[25.632795,45.105878,0.0],[25.632515,45.105859,0.0],[25.632407,45.105868,0.0],[25.632019,45.105858,0.0],[25.631804,45.105864,0.0],[25.631484,45.105957,0.0],[25.631183,45.106171,0.0],[25.63106,45.106199,0.0],[25.630608,45.106198,0.0],[25.6302,45.106215,0.0],[25.629876,45.1062,0.0],[25.629704,45.106221,0.0],[25.629512,45.106266,0.0],[25.629384,45.106321,0.0],[25.629016,45.106594,0.0],[25.628948,45.106659,0.0],[25.628842,45.106718,0.0],[25.62873,45.106758,0.0],[25.62858,45.106798,0.0],[25.628302,45.10684,0.0],[25.627677,45.106833,0.0],[25.627312,45.106877,0.0],[25.627,45.106885,0.0],[25.626935,45.10687,0.0],[25.626817,45.106876,0.0],[25.626449,45.106827,0.0],[25.626124,45.106736,0.0],[25.625843,45.106713,0.0],[25.625693,45.106727,0.0],[25.6255,45.106768,0.0],[25.625328,45.106781,0.0],[25.625184,45.106814,0.0],[25.625002,45.106884,0.0],[25.624886,45.106912,0.0],[25.624841,45.106989,0.0],[25.624842,45.107027,0.0],[25.624925,45.107102,0.0],[25.624942,45.107113,0.0],[25.625011,45.10713,0.0],[25.625165,45.107272,0.0],[25.625258,45.107324,0.0],[25.625302,45.107332,0.0],[25.625367,45.107365,0.0],[25.625549,45.107519,0.0],[25.62562,45.107552,0.0],[25.625813,45.107691,0.0],[25.625944,45.107766,0.0],[25.626198,45.107968,0.0],[25.626276,45.108074,0.0],[25.626282,45.108105,0.0],[25.626228,45.108258,0.0],[25.626109,45.108443,0.0],[25.625931,45.108613,0.0],[25.625788,45.108695,0.0],[25.625634,45.108759,0.0],[25.625112,45.108926,0.0],[25.625029,45.108958,0.0],[25.625021,45.108961,0.0],[25.624939,45.108968,0.0],[25.624886,45.108988,0.0],[25.624855,45.109042,0.0],[25.624846,45.109107,0.0],[25.624835,45.109562,0.0],[25.624807,45.109715,0.0],[25.624798,45.109929,0.0],[25.624834,45.110356,0.0],[25.624825,45.110722,0.0],[25.624835,45.110939,0.0],[25.624861,45.111485,0.0],[25.624822,45.112089,0.0],[25.624824,45.112486,0.0],[25.624782,45.112678,0.0],[25.624683,45.11286,0.0],[25.624559,45.113093,0.0],[25.624408,45.11326,0.0],[25.624261,45.113369,0.0],[25.623818,45.113651,0.0],[25.623739,45.113725,0.0],[25.623673,45.113825,0.0],[25.623653,45.113871,0.0],[25.623567,45.114377,0.0],[25.623504,45.114591,0.0],[25.623356,45.11483,0.0],[25.623299,45.114892,0.0],[25.623132,45.115067,0.0],[25.622801,45.115331,0.0],[25.622703,45.115451,0.0],[25.622653,45.115574,0.0],[25.622609,45.115865,0.0],[25.62252,45.116103,0.0],[25.622288,45.116428,0.0],[25.622184,45.116532,0.0],[25.622004,45.116783,0.0],[25.621897,45.116991,0.0],[25.621874,45.117114,0.0],[25.621835,45.117214,0.0],[25.621686,45.117445,0.0],[25.621562,45.117577,0.0],[25.621317,45.117855,0.0],[25.621121,45.118111,0.0],[25.620999,45.118338,0.0],[25.620871,45.11871,0.0],[25.62083,45.118772,0.0],[25.620818,45.11887,0.0],[25.620683,45.119042,0.0],[25.620444,45.119248,0.0],[25.620112,45.119356,0.0],[25.619831,45.119345,0.0],[25.619659,45.119355,0.0],[25.619436,45.119462,0.0],[25.619009,45.119747,0.0],[25.618818,45.119823,0.0],[25.618401,45.119929,0.0],[25.618363,45.119933,0.0],[25.618298,45.119919,0.0],[25.618202,45.119939,0.0],[25.617729,45.119989,0.0],[25.617506,45.120076,0.0],[25.617212,45.120325,0.0],[25.616868,45.120682,0.0],[25.616737,45.120783,0.0],[25.616442,45.120971,0.0],[25.616138,45.121087,0.0],[25.615979,45.121173,0.0],[25.615895,45.121239,0.0],[25.615838,45.121301,0.0],[25.615792,45.121386,0.0],[25.615749,45.121555,0.0],[25.615634,45.121824,0.0],[25.615581,45.122,0.0],[25.615473,45.122147,0.0],[25.615357,45.122244,0.0],[25.615119,45.12237,0.0],[25.614867,45.122393,0.0],[25.61462,45.122443,0.0],[25.614094,45.122497,0.0],[25.613698,45.12258,0.0],[25.613495,45.122651,0.0],[25.613216,45.122843,0.0],[25.612971,45.123095,0.0],[25.612895,45.123241,0.0],[25.612721,45.123505,0.0],[25.61252,45.123789,0.0],[25.612295,45.123991,0.0],[25.612105,45.12412,0.0],[25.611974,45.124229,0.0],[25.611831,45.124315,0.0],[25.611709,45.124371,0.0],[25.611549,45.124411,0.0],[25.611323,45.124423,0.0],[25.611042,45.124396,0.0],[25.610348,45.124274,0.0],[25.61024,45.124272,0.0],[25.610171,45.124284,0.0],[25.610107,45.12432,0.0],[25.610076,45.124354,0.0],[25.610057,45.124431,0.0],[25.610041,45.12445,0.0],[25.610004,45.124451,0.0],[25.609911,45.124418,0.0],[25.609778,45.124302,0.0],[25.609734,45.12428,0.0],[25.609581,45.124225,0.0],[25.609473,45.124219,0.0],[25.60943,45.124223,0.0],[25.609367,45.124251,0.0],[25.609293,45.124302,0.0],[25.609147,45.124468,0.0],[25.609037,45.124562,0.0],[25.608931,45.124621,0.0],[25.60884,45.124633,0.0],[25.608753,45.124608,0.0],[25.608659,45.124537,0.0],[25.6085,45.124459,0.0],[25.608349,45.124443,0.0],[25.608028,45.124505,0.0],[25.607898,45.124503,0.0],[25.607659,45.124446,0.0],[25.607549,45.124386,0.0],[25.607283,45.124334,0.0],[25.607209,45.124361,0.0],[25.607147,45.124427,0.0],[25.60704,45.124643,0.0],[25.607008,45.124635,0.0],[25.606933,45.124663,0.0],[25.606847,45.124672,0.0],[25.60663,45.124622,0.0],[25.606571,45.124631,0.0],[25.606529,45.124654,0.0],[25.606421,45.124824,0.0],[25.606445,45.124885,0.0],[25.606401,45.125,0.0],[25.606373,45.125124,0.0],[25.606399,45.125277,0.0],[25.606381,45.125399,0.0],[25.606327,45.125459,0.0],[25.606176,45.125538,0.0],[25.606137,45.125611,0.0],[25.606137,45.125671,0.0],[25.606269,45.125916,0.0],[25.606252,45.126007,0.0],[25.606197,45.126083,0.0],[25.606138,45.126136,0.0],[25.605906,45.126154,0.0],[25.605825,45.126192,0.0],[25.605759,45.126271,0.0],[25.605731,45.126431,0.0],[25.60583,45.126721,0.0],[25.60585,45.126874,0.0],[25.605828,45.12695,0.0],[25.60579,45.126999,0.0],[25.605633,45.127052,0.0],[25.6056,45.127177,0.0],[25.60561,45.127223,0.0],[25.605679,45.12733,0.0],[25.605796,45.127452,0.0],[25.605935,45.127552,0.0],[25.605972,45.127613,0.0],[25.606139,45.128224,0.0],[25.606149,45.128315,0.0],[25.606238,45.128514,0.0],[25.606297,45.128575,0.0],[25.606494,45.128728,0.0],[25.606617,45.128866,0.0],[25.606658,45.129034,0.0],[25.606624,45.129262,0.0],[25.606525,45.129406,0.0],[25.606373,45.129573,0.0],[25.606124,45.129766,0.0],[25.606015,45.129876,0.0],[25.605949,45.129982,0.0],[25.605866,45.130226,0.0],[25.605757,45.130396,0.0],[25.605589,45.130544,0.0],[25.60522,45.13079,0.0],[25.60509,45.130911,0.0],[25.604817,45.131271,0.0],[25.604698,45.131396,0.0],[25.60447,45.131589,0.0],[25.604388,45.131726,0.0],[25.604349,45.131863,0.0],[25.604305,45.131939,0.0],[25.604152,45.132106,0.0],[25.604125,45.132212,0.0],[25.604133,45.132456,0.0],[25.604062,45.132547,0.0],[25.604029,45.132581,0.0],[25.603861,45.132687,0.0],[25.603687,45.132941,0.0],[25.603616,45.133009,0.0],[25.603519,45.133081,0.0],[25.603227,45.133213,0.0],[25.603161,45.133296,0.0],[25.603123,45.13338,0.0],[25.603041,45.133479,0.0],[25.602824,45.133626,0.0],[25.602781,45.133649,0.0],[25.602646,45.133678,0.0],[25.602538,45.133754,0.0],[25.602477,45.133879,0.0],[25.602496,45.134123,0.0],[25.602436,45.134275,0.0],[25.602213,45.134472,0.0],[25.60198,45.134608,0.0],[25.601866,45.134706,0.0],[25.601599,45.135109,0.0],[25.601246,45.135427,0.0],[25.601077,45.135624,0.0],[25.600826,45.135965,0.0],[25.600728,45.136064,0.0],[25.600468,45.136261,0.0],[25.600196,45.136541,0.0],[25.599908,45.136768,0.0],[25.599702,45.136908,0.0],[25.599594,45.137006,0.0],[25.599582,45.137078,0.0],[25.599614,45.137155,0.0],[25.599858,45.137522,0.0],[25.599868,45.137583,0.0],[25.599856,45.137644,0.0],[25.599676,45.137886,0.0],[25.599071,45.138509,0.0],[25.598768,45.138838,0.0],[25.598567,45.139023,0.0],[25.597904,45.139705,0.0],[25.597228,45.140478,0.0],[25.596946,45.140751,0.0],[25.596706,45.141055,0.0],[25.596487,45.141373,0.0],[25.596335,45.14154,0.0],[25.596144,45.141813,0.0],[25.596034,45.141996,0.0],[25.59587,45.14233,0.0],[25.595564,45.142785,0.0],[25.595415,45.143089,0.0],[25.595251,45.143332,0.0],[25.595153,45.143499,0.0],[25.595054,45.143712,0.0],[25.594999,45.143788,0.0],[25.594982,45.143864,0.0],[25.594998,45.143955,0.0],[25.595045,45.144017,0.0],[25.595275,45.144193,0.0],[25.595355,45.144285,0.0],[25.595472,45.144453,0.0],[25.59563,45.144728,0.0],[25.595955,45.145141,0.0],[25.596039,45.14531,0.0],[25.596114,45.145417,0.0],[25.596226,45.145524,0.0],[25.596332,45.145601,0.0],[25.596421,45.145641,0.0],[25.596633,45.145728,0.0],[25.596761,45.145801,0.0],[25.597242,45.146184,0.0],[25.597472,45.146289,0.0],[25.597649,45.146389,0.0],[25.597852,45.146523,0.0],[25.598281,45.146762,0.0],[25.599084,45.14725,0.0],[25.599409,45.147507,0.0],[25.599553,45.147675,0.0],[25.599579,45.147767,0.0],[25.599556,45.148498,0.0],[25.599527,45.148741,0.0],[25.599414,45.149183,0.0],[25.599305,45.149403,0.0],[25.599179,45.149581,0.0],[25.598642,45.149971,0.0],[25.598301,45.150171,0.0],[25.598133,45.150254,0.0],[25.597369,45.150764,0.0],[25.597271,45.150855,0.0],[25.597033,45.151021,0.0],[25.596837,45.15121,0.0],[25.59675,45.151309,0.0],[25.596635,45.151491,0.0],[25.59652,45.151635,0.0],[25.596001,45.152002,0.0],[25.595826,45.15213,0.0],[25.595349,45.152436,0.0],[25.594671,45.152954,0.0],[25.594536,45.153064,0.0],[25.594111,45.153465,0.0],[25.593862,45.15367,0.0],[25.593764,45.153734,0.0],[25.593586,45.153805,0.0],[25.593424,45.153839,0.0],[25.592875,45.153851,0.0],[25.592466,45.153811,0.0],[25.592014,45.15374,0.0],[25.591821,45.153704,0.0],[25.59167,45.153654,0.0],[25.591412,45.153599,0.0],[25.591219,45.153583,0.0],[25.590949,45.153589,0.0],[25.590615,45.153663,0.0],[25.590404,45.153765,0.0],[25.590258,45.153818,0.0],[25.590144,45.153874,0.0],[25.5899,45.154063,0.0],[25.589666,45.154287,0.0],[25.589568,45.1544,0.0],[25.589134,45.154707,0.0],[25.588613,45.155165,0.0],[25.588276,45.155437,0.0],[25.587875,45.155728,0.0],[25.587811,45.15575,0.0],[25.587745,45.155796,0.0],[25.587491,45.155916,0.0],[25.587328,45.156015,0.0],[25.586948,45.156302,0.0],[25.58634,45.156828,0.0],[25.58572,45.157449,0.0],[25.585399,45.157726,0.0],[25.585226,45.157843,0.0],[25.584912,45.15802,0.0],[25.584641,45.158144,0.0],[25.583991,45.158541,0.0],[25.583378,45.158979,0.0],[25.58218,45.159723,0.0],[25.581832,45.160048,0.0],[25.581675,45.160173,0.0],[25.581117,45.160467,0.0],[25.580852,45.160626,0.0],[25.580602,45.160799,0.0],[25.580299,45.160973,0.0],[25.580057,45.161167,0.0],[25.579772,45.161408,0.0],[25.579576,45.161613,0.0],[25.579212,45.161946,0.0],[25.578409,45.162513,0.0],[25.578028,45.162876,0.0],[25.577919,45.163028,0.0],[25.577717,45.163251,0.0],[25.577461,45.16362,0.0],[25.577118,45.163922,0.0],[25.57688,45.164106,0.0],[25.576814,45.164157,0.0],[25.576755,45.16416,0.0],[25.576668,45.164202,0.0],[25.576539,45.164235,0.0],[25.576187,45.16437,0.0],[25.575596,45.164767,0.0],[25.575313,45.16504,0.0],[25.575242,45.165146,0.0],[25.575209,45.165237,0.0],[25.575138,45.165359,0.0],[25.575023,45.165468,0.0],[25.574904,45.165525,0.0],[25.574737,45.16557,0.0],[25.574348,45.165705,0.0],[25.573991,45.165878,0.0],[25.573666,45.166005,0.0],[25.57359,45.166047,0.0],[25.573433,45.166168,0.0],[25.5734,45.16621,0.0],[25.573394,45.166293,0.0],[25.573361,45.16635,0.0],[25.573274,45.166418,0.0],[25.573182,45.166464,0.0],[25.573063,45.166501,0.0],[25.572842,45.166523,0.0],[25.572826,45.166526,0.0],[25.572781,45.166531,0.0],[25.572778,45.166531,0.0],[25.572757,45.166537,0.0],[25.572757,45.166562,0.0],[25.572836,45.166596,0.0],[25.572973,45.166659,0.0],[25.573077,45.166722,0.0],[25.573174,45.166753,0.0],[25.573238,45.166795,0.0],[25.573281,45.166845,0.0],[25.573297,45.166895,0.0],[25.57316,45.167146,0.0],[25.573099,45.16736,0.0],[25.573103,45.167512,0.0],[25.573129,45.167604,0.0],[25.573123,45.167726,0.0],[25.5731,45.167833,0.0],[25.57304,45.167985,0.0],[25.573033,45.168138,0.0],[25.573043,45.16826,0.0],[25.573069,45.168383,0.0],[25.573096,45.168428,0.0],[25.5731,45.16852,0.0],[25.573018,45.168642,0.0],[25.572915,45.168741,0.0],[25.572247,45.169211,0.0],[25.571879,45.169431,0.0],[25.571673,45.169518,0.0],[25.570618,45.169887,0.0],[25.569634,45.170149,0.0],[25.569364,45.170232,0.0],[25.569158,45.170315,0.0],[25.569044,45.170387,0.0],[25.568609,45.17074,0.0],[25.568446,45.170896,0.0],[25.567903,45.17131,0.0],[25.567524,45.171529,0.0],[25.566552,45.171976,0.0],[25.566521,45.172139,0.0],[25.566572,45.172437,0.0],[25.566559,45.172689,0.0],[25.566504,45.172872,0.0],[25.56641,45.173086,0.0],[25.566247,45.173276,0.0],[25.56616,45.173336,0.0],[25.566036,45.173389,0.0],[25.565939,45.173389,0.0],[25.565874,45.173373,0.0],[25.565729,45.173258,0.0],[25.56558,45.173047,0.0],[25.56551,45.172982,0.0],[25.565435,45.172944,0.0],[25.565343,45.172958,0.0],[25.565245,45.173103,0.0],[25.565206,45.173256,0.0],[25.565205,45.173393,0.0],[25.565241,45.173515,0.0],[25.565353,45.173669,0.0],[25.565504,45.173799,0.0],[25.565536,45.173845,0.0],[25.56561,45.174013,0.0],[25.565614,45.17409,0.0],[25.565585,45.174418,0.0],[25.565546,45.174517,0.0],[25.565371,45.17476,0.0],[25.565344,45.174837,0.0],[25.565364,45.174974,0.0],[25.565341,45.175226,0.0],[25.56535,45.175379,0.0],[25.565322,45.175531,0.0],[25.565256,45.175722,0.0],[25.565228,45.17576,0.0],[25.565196,45.175775,0.0],[25.564774,45.175849,0.0],[25.56452,45.175932,0.0],[25.564249,45.176087,0.0],[25.564032,45.176254,0.0],[25.563819,45.176509,0.0],[25.563672,45.176722,0.0],[25.563318,45.177125,0.0],[25.563149,45.177346,0.0],[25.563078,45.17746,0.0],[25.563022,45.177605,0.0],[25.562999,45.177766,0.0],[25.562976,45.177979,0.0],[25.562997,45.178116,0.0],[25.562934,45.178505,0.0],[25.562917,45.178582,0.0],[25.562742,45.178894,0.0],[25.562735,45.179031,0.0],[25.562922,45.179246,0.0],[25.56306,45.179521,0.0],[25.563032,45.179636,0.0],[25.563,45.179697,0.0],[25.562701,45.179936,0.0],[25.562608,45.18008,0.0],[25.562606,45.180336,0.0],[25.562656,45.180779,0.0],[25.562639,45.180924,0.0],[25.562584,45.181016,0.0],[25.562528,45.18115,0.0],[25.56247,45.181174,0.0],[25.562377,45.181242,0.0],[25.562329,45.181254,0.0],[25.562155,45.181356,0.0],[25.562085,45.181378,0.0],[25.562041,45.181412,0.0],[25.561852,45.18148,0.0],[25.5617,45.181571,0.0],[25.561569,45.181669,0.0],[25.561198,45.182037,0.0],[25.561116,45.182162,0.0],[25.561065,45.182395,0.0],[25.561079,45.182544,0.0],[25.561195,45.182834,0.0],[25.561353,45.18314,0.0],[25.561383,45.183308,0.0],[25.561342,45.183629,0.0],[25.561331,45.184102,0.0],[25.561284,45.184498,0.0],[25.561281,45.184727,0.0],[25.561301,45.18488,0.0],[25.561265,45.185177,0.0],[25.561231,45.185299,0.0],[25.561171,45.185398,0.0],[25.560974,45.185672,0.0],[25.560853,45.185804,0.0],[25.560656,45.186067,0.0],[25.560334,45.186439,0.0],[25.560234,45.186644,0.0],[25.560132,45.187136,0.0],[25.560119,45.187353,0.0],[25.560073,45.187551,0.0],[25.560061,45.187711,0.0],[25.559977,45.188078,0.0],[25.559935,45.188291,0.0],[25.559887,45.188779,0.0],[25.559905,45.189054,0.0],[25.55996,45.18942,0.0],[25.559952,45.189725,0.0],[25.559846,45.189999,0.0],[25.559593,45.190387,0.0],[25.559527,45.190524,0.0],[25.55951,45.190608,0.0],[25.559517,45.190967,0.0],[25.559548,45.191028,0.0],[25.559539,45.191356,0.0],[25.559527,45.191493,0.0],[25.559487,45.191661,0.0],[25.55949,45.191874,0.0],[25.55945,45.192088,0.0],[25.559418,45.192566,0.0],[25.559258,45.192513,0.0],[25.558806,45.19241,0.0],[25.558713,45.192389,0.0],[25.558381,45.192361,0.0],[25.558064,45.192285,0.0],[25.557864,45.192262,0.0],[25.557703,45.192275,0.0],[25.557519,45.192245,0.0],[25.557341,45.192236,0.0],[25.557261,45.192258,0.0],[25.556707,45.192052,0.0],[25.55627,45.191972,0.0],[25.556168,45.191964,0.0],[25.556035,45.191931,0.0],[25.555884,45.191881,0.0],[25.555704,45.191816,0.0],[25.555591,45.191769,0.0],[25.55548,45.191749,0.0],[25.555247,45.191744,0.0],[25.555098,45.191728,0.0],[25.554908,45.191717,0.0],[25.554718,45.191722,0.0],[25.554568,45.191706,0.0],[25.554359,45.191662,0.0],[25.554225,45.191646,0.0],[25.554116,45.191619,0.0],[25.553951,45.191578,0.0],[25.553809,45.19155,0.0],[25.553643,45.191521,0.0],[25.553451,45.191455,0.0],[25.553152,45.19139,0.0],[25.552885,45.191321,0.0],[25.552743,45.191305,0.0],[25.552463,45.191318,0.0],[25.551944,45.191338,0.0],[25.551766,45.191328,0.0],[25.5516,45.191318,0.0],[25.551436,45.191325,0.0],[25.551266,45.191317,0.0],[25.551114,45.1913,0.0],[25.550913,45.191273,0.0],[25.550702,45.191219,0.0],[25.550549,45.191153,0.0],[25.550327,45.191046,0.0],[25.550032,45.19096,0.0],[25.549904,45.190945,0.0],[25.549622,45.190999,0.0],[25.549416,45.191015,0.0],[25.549221,45.191015,0.0],[25.549095,45.191001,0.0],[25.548946,45.190976,0.0],[25.548817,45.190949,0.0],[25.54855,45.190892,0.0],[25.548399,45.19086,0.0],[25.548189,45.19082,0.0],[25.548008,45.190773,0.0],[25.547847,45.190748,0.0],[25.547713,45.190745,0.0],[25.547624,45.190761,0.0],[25.547487,45.190778,0.0],[25.547372,45.190803,0.0],[25.547199,45.190848,0.0],[25.546823,45.190956,0.0],[25.546747,45.190969,0.0],[25.54643,45.190992,0.0],[25.546177,45.190997,0.0],[25.545973,45.190987,0.0],[25.545659,45.190957,0.0],[25.545419,45.190895,0.0],[25.545216,45.190845,0.0],[25.545132,45.190815,0.0],[25.544855,45.190708,0.0],[25.54464,45.19062,0.0],[25.544429,45.190599,0.0],[25.544165,45.190582,0.0],[25.544064,45.190544,0.0],[25.543909,45.190484,0.0],[25.543632,45.190376,0.0],[25.543516,45.190335,0.0],[25.543361,45.190304,0.0],[25.543176,45.190281,0.0],[25.54294,45.190237,0.0],[25.542779,45.190198,0.0],[25.542483,45.190082,0.0],[25.542367,45.190031,0.0],[25.542171,45.189909,0.0],[25.541963,45.189774,0.0],[25.541845,45.189726,0.0],[25.541647,45.189661,0.0],[25.541511,45.189593,0.0],[25.541373,45.189513,0.0],[25.541186,45.189406,0.0],[25.541066,45.18936,0.0],[25.54099,45.189343,0.0],[25.540934,45.189326,0.0],[25.540832,45.189325,0.0],[25.540681,45.189323,0.0],[25.540527,45.189309,0.0],[25.540458,45.189298,0.0],[25.540369,45.189258,0.0],[25.5403,45.189232,0.0],[25.540222,45.189218,0.0],[25.540087,45.189216,0.0],[25.540008,45.189211,0.0],[25.53989,45.189188,0.0],[25.539834,45.189164,0.0],[25.539704,45.189095,0.0],[25.539591,45.189042,0.0],[25.53949,45.189013,0.0],[25.53939,45.189006,0.0],[25.539146,45.18902,0.0],[25.539027,45.189026,0.0],[25.53893,45.188999,0.0],[25.538794,45.188928,0.0],[25.538597,45.188863,0.0],[25.538377,45.188845,0.0],[25.53822,45.188834,0.0],[25.538043,45.188782,0.0],[25.537727,45.188634,0.0],[25.537097,45.188326,0.0],[25.536898,45.188204,0.0],[25.536716,45.188327,0.0],[25.536574,45.188417,0.0],[25.536163,45.188547,0.0],[25.535802,45.188675,0.0],[25.535584,45.188807,0.0],[25.535395,45.188925,0.0],[25.535172,45.189085,0.0],[25.534966,45.1893,0.0],[25.534868,45.189501,0.0],[25.534873,45.189707,0.0],[25.534878,45.189836,0.0],[25.534858,45.189972,0.0],[25.534812,45.190023,0.0],[25.534724,45.190073,0.0],[25.534454,45.190146,0.0],[25.534157,45.19034,0.0],[25.533912,45.190482,0.0],[25.533669,45.190524,0.0],[25.533321,45.19054,0.0],[25.533294,45.190609,0.0],[25.533243,45.190671,0.0],[25.533046,45.190904,0.0],[25.532661,45.191315,0.0],[25.532563,45.191549,0.0],[25.532539,45.191787,0.0],[25.532481,45.192044,0.0],[25.532317,45.19237,0.0],[25.532123,45.192676,0.0],[25.532116,45.193084,0.0],[25.532209,45.193337,0.0],[25.53224,45.193568,0.0],[25.532214,45.193716,0.0],[25.532114,45.193844,0.0],[25.531965,45.193987,0.0],[25.53195,45.194112,0.0],[25.531944,45.194309,0.0],[25.531932,45.194517,0.0],[25.531984,45.194763,0.0],[25.532071,45.194889,0.0],[25.532223,45.195092,0.0],[25.532534,45.195368,0.0],[25.532974,45.195627,0.0],[25.533418,45.19595,0.0],[25.533545,45.19609,0.0],[25.53385,45.196333,0.0],[25.534311,45.196635,0.0],[25.534433,45.196691,0.0],[25.534655,45.196765,0.0],[25.534945,45.196831,0.0],[25.535322,45.196889,0.0],[25.535507,45.196889,0.0],[25.535699,45.1969,0.0],[25.535788,45.196929,0.0],[25.535931,45.196984,0.0],[25.536108,45.197098,0.0],[25.536253,45.197205,0.0],[25.53639,45.197309,0.0],[25.536499,45.197431,0.0],[25.536679,45.19765,0.0],[25.536905,45.197898,0.0],[25.536935,45.197998,0.0],[25.536898,45.198177,0.0],[25.536916,45.19834,0.0],[25.536952,45.198419,0.0],[25.536992,45.198496,0.0],[25.537149,45.198698,0.0],[25.537376,45.199048,0.0],[25.53768,45.199418,0.0],[25.537772,45.199668,0.0],[25.537776,45.199732,0.0],[25.537759,45.199836,0.0],[25.537679,45.199923,0.0],[25.537634,45.200012,0.0],[25.537625,45.2001,0.0],[25.537722,45.200282,0.0],[25.53785,45.200438,0.0],[25.53804,45.200672,0.0],[25.538224,45.200832,0.0],[25.538434,45.201112,0.0],[25.538482,45.201197,0.0],[25.538525,45.201306,0.0],[25.538535,45.201422,0.0],[25.538555,45.201508,0.0],[25.538654,45.201704,0.0],[25.538742,45.20182,0.0],[25.538907,45.201999,0.0],[25.539131,45.202175,0.0],[25.539233,45.202252,0.0],[25.539396,45.202345,0.0],[25.539709,45.202449,0.0],[25.539967,45.202532,0.0],[25.540215,45.202611,0.0],[25.540352,45.20267,0.0],[25.540421,45.202734,0.0],[25.540485,45.202815,0.0],[25.540484,45.202881,0.0],[25.540461,45.202964,0.0],[25.54044,45.203112,0.0],[25.540465,45.203178,0.0],[25.540532,45.203221,0.0],[25.540608,45.203271,0.0],[25.540958,45.203366,0.0],[25.54131,45.203453,0.0],[25.54152,45.203549,0.0],[25.541535,45.203603,0.0],[25.541519,45.203693,0.0],[25.541439,45.203778,0.0],[25.541131,45.20408,0.0],[25.540992,45.204267,0.0],[25.54084,45.204647,0.0],[25.540828,45.204755,0.0],[25.540811,45.204915,0.0],[25.540737,45.205028,0.0],[25.540658,45.205203,0.0],[25.540643,45.205378,0.0],[25.540665,45.205582,0.0],[25.540792,45.205825,0.0],[25.5409,45.206089,0.0],[25.540911,45.206163,0.0],[25.540896,45.206245,0.0],[25.540841,45.206313,0.0],[25.540744,45.206424,0.0],[25.540763,45.206572,0.0],[25.540763,45.206704,0.0],[25.540745,45.206806,0.0],[25.54068,45.206883,0.0],[25.540452,45.207083,0.0],[25.540246,45.207303,0.0],[25.540043,45.207582,0.0],[25.539931,45.207885,0.0],[25.539835,45.208079,0.0],[25.539623,45.208333,0.0],[25.539517,45.208488,0.0],[25.539251,45.208763,0.0],[25.538822,45.209132,0.0],[25.538522,45.209368,0.0],[25.538428,45.209513,0.0],[25.538335,45.209734,0.0],[25.538109,45.21004,0.0],[25.538114,45.210238,0.0],[25.538098,45.210411,0.0],[25.53802,45.210667,0.0],[25.537897,45.210927,0.0],[25.537803,45.211061,0.0],[25.53765,45.211175,0.0],[25.537561,45.211272,0.0],[25.537536,45.211374,0.0],[25.537565,45.211514,0.0],[25.537551,45.211601,0.0],[25.537518,45.211684,0.0],[25.537449,45.21183,0.0],[25.537432,45.211901,0.0],[25.537459,45.212039,0.0],[25.537465,45.212157,0.0],[25.537447,45.212209,0.0],[25.537297,45.212314,0.0],[25.537223,45.212371,0.0],[25.537226,45.212476,0.0],[25.537233,45.212565,0.0],[25.537216,45.212616,0.0],[25.537134,45.212702,0.0],[25.536961,45.212906,0.0],[25.536727,45.213078,0.0],[25.536409,45.213365,0.0],[25.536292,45.213459,0.0],[25.536291,45.213527,0.0],[25.536321,45.213586,0.0],[25.536384,45.21365,0.0],[25.536502,45.213753,0.0],[25.536539,45.213831,0.0],[25.53655,45.213928,0.0],[25.536495,45.214008,0.0],[25.536244,45.214386,0.0],[25.536146,45.214556,0.0],[25.536105,45.214712,0.0],[25.536091,45.2148,0.0],[25.53613,45.21493,0.0],[25.536261,45.215092,0.0],[25.53628,45.215213,0.0],[25.536201,45.215398,0.0],[25.536061,45.215551,0.0],[25.535926,45.215768,0.0],[25.535816,45.21607,0.0],[25.535686,45.216325,0.0],[25.535125,45.216312,0.0],[25.534909,45.21634,0.0],[25.534583,45.216441,0.0],[25.534191,45.216531,0.0],[25.53387,45.216619,0.0],[25.533702,45.216674,0.0],[25.533324,45.216722,0.0],[25.532928,45.216767,0.0],[25.532728,45.216783,0.0],[25.532305,45.216782,0.0],[25.532051,45.216773,0.0],[25.531602,45.216786,0.0],[25.531238,45.216812,0.0],[25.530983,45.216871,0.0],[25.530569,45.217017,0.0],[25.530303,45.217103,0.0],[25.53012,45.217168,0.0],[25.529966,45.217208,0.0],[25.529791,45.217247,0.0],[25.529653,45.217271,0.0],[25.529532,45.217309,0.0],[25.529377,45.21735,0.0],[25.529245,45.217371,0.0],[25.529059,45.217396,0.0],[25.528768,45.217497,0.0],[25.528357,45.21759,0.0],[25.528143,45.217676,0.0],[25.528003,45.217754,0.0],[25.527699,45.217856,0.0],[25.527382,45.217981,0.0],[25.527017,45.218119,0.0],[25.526707,45.218213,0.0],[25.526474,45.218263,0.0],[25.526267,45.218309,0.0],[25.525975,45.218376,0.0],[25.525596,45.218478,0.0],[25.525353,45.218546,0.0],[25.524955,45.218601,0.0],[25.524613,45.218656,0.0],[25.524171,45.218821,0.0],[25.523805,45.219012,0.0],[25.523192,45.219255,0.0],[25.522976,45.219359,0.0],[25.522895,45.219501,0.0],[25.522749,45.219618,0.0],[25.522603,45.219727,0.0],[25.522497,45.219787,0.0],[25.522202,45.219866,0.0],[25.52166,45.219919,0.0],[25.520959,45.219941,0.0],[25.520375,45.219967,0.0],[25.52009,45.220036,0.0],[25.519736,45.220215,0.0],[25.519372,45.220359,0.0],[25.519201,45.220448,0.0],[25.518794,45.220712,0.0],[25.518105,45.220818,0.0],[25.517242,45.220954,0.0],[25.516835,45.221045,0.0],[25.516408,45.22111,0.0],[25.515085,45.221354,0.0],[25.514601,45.221506,0.0],[25.514266,45.22161,0.0],[25.514132,45.221652,0.0],[25.514056,45.221676,0.0],[25.513871,45.221672,0.0],[25.513686,45.221668,0.0],[25.51353,45.221724,0.0],[25.513393,45.221771,0.0],[25.512951,45.221914,0.0],[25.512758,45.222016,0.0],[25.512674,45.222071,0.0],[25.512529,45.222197,0.0],[25.512468,45.222293,0.0],[25.512449,45.222377,0.0],[25.512453,45.222437,0.0],[25.51248,45.222539,0.0],[25.512531,45.22263,0.0],[25.512587,45.222738,0.0],[25.512668,45.222823,0.0],[25.512779,45.222931,0.0],[25.512958,45.223083,0.0],[25.513124,45.223203,0.0],[25.513294,45.223326,0.0],[25.513414,45.223408,0.0],[25.513638,45.223595,0.0],[25.513766,45.223738,0.0],[25.513808,45.224092,0.0],[25.51384,45.224174,0.0],[25.513981,45.224388,0.0],[25.514169,45.224625,0.0],[25.514371,45.224841,0.0],[25.514478,45.224945,0.0],[25.514585,45.22505,0.0],[25.5147,45.225132,0.0],[25.515015,45.225281,0.0],[25.515355,45.225407,0.0],[25.515684,45.225495,0.0],[25.516252,45.225949,0.0],[25.516364,45.226047,0.0],[25.516439,45.226085,0.0],[25.516776,45.226207,0.0],[25.517281,45.226383,0.0],[25.517672,45.226569,0.0],[25.517792,45.226701,0.0],[25.517962,45.226902,0.0],[25.518012,45.22698,0.0],[25.518016,45.227156,0.0],[25.518007,45.22723,0.0],[25.518032,45.227345,0.0],[25.518107,45.227457,0.0],[25.518213,45.227557,0.0],[25.518443,45.227691,0.0],[25.518467,45.227733,0.0],[25.518528,45.227827,0.0],[25.518592,45.227968,0.0],[25.518654,45.228128,0.0],[25.518697,45.228213,0.0],[25.518756,45.228286,0.0],[25.518823,45.228379,0.0],[25.518908,45.228522,0.0],[25.518948,45.228597,0.0],[25.518964,45.228702,0.0],[25.51896,45.228837,0.0],[25.518887,45.229013,0.0],[25.518835,45.229171,0.0],[25.518885,45.22943,0.0],[25.518924,45.229655,0.0],[25.518998,45.229824,0.0],[25.519073,45.229993,0.0],[25.519151,45.230149,0.0],[25.519235,45.230283,0.0],[25.519401,45.230426,0.0],[25.519528,45.230622,0.0],[25.51963,45.230745,0.0],[25.519687,45.230838,0.0],[25.519688,45.230958,0.0],[25.519708,45.230985,0.0],[25.519753,45.231014,0.0],[25.519746,45.231118,0.0],[25.519774,45.231232,0.0],[25.519831,45.231319,0.0],[25.519843,45.231351,0.0],[25.519854,45.231443,0.0],[25.519859,45.231496,0.0],[25.519788,45.231606,0.0],[25.519808,45.231785,0.0],[25.519755,45.231842,0.0],[25.519719,45.23192,0.0],[25.519736,45.23198,0.0],[25.51977,45.23205,0.0],[25.519775,45.232118,0.0],[25.519776,45.23222,0.0],[25.519771,45.232265,0.0],[25.519794,45.232277,0.0],[25.519832,45.232289,0.0],[25.519865,45.232306,0.0],[25.519895,45.232326,0.0],[25.519948,45.232369,0.0],[25.519992,45.232404,0.0],[25.520028,45.232413,0.0],[25.520059,45.232414,0.0],[25.520133,45.232403,0.0],[25.520261,45.232391,0.0],[25.520348,45.232383,0.0],[25.520442,45.232376,0.0],[25.520499,45.232376,0.0],[25.520537,45.232415,0.0],[25.520577,45.232461,0.0],[25.520553,45.232562,0.0],[25.52054,45.232626,0.0],[25.52057,45.232653,0.0],[25.520603,45.232662,0.0],[25.520718,45.232637,0.0],[25.520821,45.232596,0.0],[25.520874,45.232567,0.0],[25.52091,45.232506,0.0],[25.520985,45.232404,0.0],[25.520998,45.232338,0.0],[25.520989,45.232286,0.0],[25.521011,45.232238,0.0],[25.52104,45.232189,0.0],[25.521121,45.232144,0.0],[25.521197,45.232117,0.0],[25.521251,45.232101,0.0],[25.521274,45.232119,0.0],[25.521273,45.232138,0.0],[25.52124,45.232152,0.0],[25.521182,45.232176,0.0],[25.521152,45.232192,0.0],[25.521157,45.232205,0.0],[25.52119,45.232205,0.0],[25.521236,45.232201,0.0],[25.521296,45.232169,0.0],[25.52132,45.232138,0.0],[25.521343,45.232123,0.0],[25.521358,45.232129,0.0],[25.521395,45.232165,0.0],[25.52141,45.232225,0.0],[25.521415,45.232258,0.0],[25.521433,45.232278,0.0],[25.521452,45.232287,0.0],[25.521491,45.232266,0.0],[25.521538,45.232242,0.0],[25.521594,45.232209,0.0],[25.521647,45.2322,0.0],[25.521695,45.232213,0.0],[25.521775,45.232229,0.0],[25.521873,45.232234,0.0],[25.52205,45.232238,0.0],[25.522134,45.232234,0.0],[25.5222,45.232226,0.0],[25.522247,45.232209,0.0],[25.522297,45.232183,0.0],[25.522353,45.232176,0.0],[25.522585,45.232173,0.0],[25.522637,45.232158,0.0],[25.522692,45.23215,0.0],[25.522718,45.232152,0.0],[25.522793,45.232169,0.0],[25.522846,45.232176,0.0],[25.522964,45.232171,0.0],[25.523104,45.23218,0.0],[25.523165,45.232223,0.0],[25.523218,45.232294,0.0],[25.523292,45.232338,0.0],[25.523392,45.232375,0.0],[25.523545,45.232419,0.0],[25.523642,45.232493,0.0],[25.523899,45.232749,0.0],[25.524273,45.233229,0.0],[25.524606,45.233809,0.0],[25.525024,45.234307,0.0],[25.525866,45.234628,0.0],[25.527089,45.235092,0.0],[25.527409,45.235327,0.0],[25.527638,45.23553,0.0],[25.527943,45.235789,0.0],[25.528574,45.236168,0.0],[25.52866,45.236218,0.0],[25.528948,45.236521,0.0],[25.529218,45.236813,0.0],[25.52965,45.237281,0.0],[25.529737,45.237376,0.0],[25.529727,45.237429,0.0],[25.529737,45.237497,0.0],[25.529781,45.237614,0.0],[25.529871,45.237739,0.0],[25.53006,45.238024,0.0],[25.530174,45.238187,0.0],[25.530226,45.238321,0.0],[25.530226,45.23839,0.0],[25.530191,45.238497,0.0],[25.530102,45.238662,0.0],[25.530008,45.238797,0.0],[25.529936,45.238943,0.0],[25.529927,45.239045,0.0],[25.529919,45.239272,0.0],[25.529902,45.239337,0.0],[25.529861,45.239444,0.0],[25.529728,45.239586,0.0],[25.529479,45.239959,0.0],[25.529341,45.240114,0.0],[25.52928,45.240211,0.0],[25.529195,45.240358,0.0],[25.529194,45.240422,0.0],[25.529229,45.240489,0.0],[25.529283,45.240588,0.0],[25.529322,45.240659,0.0],[25.529317,45.240803,0.0],[25.529254,45.241017,0.0],[25.529179,45.241169,0.0],[25.529088,45.241234,0.0],[25.528953,45.241286,0.0],[25.528919,45.241333,0.0],[25.52886,45.241536,0.0],[25.528786,45.241688,0.0],[25.528607,45.241921,0.0],[25.528448,45.242134,0.0],[25.528311,45.242261,0.0],[25.528231,45.24236,0.0],[25.528075,45.242489,0.0],[25.527998,45.242561,0.0],[25.527961,45.24267,0.0],[25.527781,45.242893,0.0],[25.527673,45.24297,0.0],[25.527535,45.243055,0.0],[25.527467,45.243157,0.0],[25.52737,45.2433,0.0],[25.52724,45.243437,0.0],[25.527141,45.243522,0.0],[25.527078,45.243583,0.0],[25.527047,45.243662,0.0],[25.526985,45.243832,0.0],[25.526934,45.243903,0.0],[25.526827,45.244005,0.0],[25.526797,45.244102,0.0],[25.526874,45.244284,0.0],[25.526992,45.244287,0.0],[25.527173,45.244259,0.0],[25.527349,45.244255,0.0],[25.528166,45.24423,0.0],[25.528441,45.244221,0.0],[25.529036,45.244165,0.0],[25.529453,45.244101,0.0],[25.529586,45.244108,0.0],[25.529879,45.24419,0.0],[25.530114,45.244218,0.0],[25.530444,45.24417,0.0],[25.530902,45.244129,0.0],[25.531293,45.244162,0.0],[25.531518,45.244257,0.0],[25.531604,45.244313,0.0],[25.531637,45.244383,0.0],[25.531664,45.244489,0.0],[25.531689,45.244592,0.0],[25.531728,45.244763,0.0],[25.531739,45.244868,0.0],[25.531772,45.245096,0.0],[25.531789,45.245162,0.0],[25.531798,45.245244,0.0],[25.531778,45.245306,0.0],[25.531712,45.245466,0.0],[25.531644,45.245568,0.0],[25.531583,45.245697,0.0],[25.531576,45.245766,0.0],[25.531575,45.245833,0.0],[25.531583,45.245904,0.0],[25.531585,45.246093,0.0],[25.531569,45.246347,0.0],[25.531574,45.24655,0.0],[25.531615,45.246691,0.0],[25.531647,45.246802,0.0],[25.531676,45.246875,0.0],[25.531772,45.247019,0.0],[25.531912,45.247173,0.0],[25.532012,45.247263,0.0],[25.532092,45.247317,0.0],[25.532213,45.24747,0.0],[25.532285,45.247592,0.0],[25.532345,45.247788,0.0],[25.532354,45.247843,0.0],[25.532382,45.24802,0.0],[25.532428,45.248172,0.0],[25.532494,45.248277,0.0],[25.53261,45.248331,0.0],[25.532523,45.248419,0.0],[25.53239,45.248545,0.0],[25.532228,45.248709,0.0],[25.53209,45.248869,0.0],[25.532056,45.248923,0.0],[25.532057,45.248982,0.0],[25.532072,45.24903,0.0],[25.53214,45.249088,0.0],[25.532209,45.249155,0.0],[25.532169,45.249251,0.0],[25.532134,45.249329,0.0],[25.532085,45.249423,0.0],[25.532091,45.249488,0.0],[25.532114,45.249575,0.0],[25.532161,45.249633,0.0],[25.532197,45.249742,0.0],[25.532217,45.249798,0.0],[25.532249,45.24984,0.0],[25.532347,45.249902,0.0],[25.53243,45.249932,0.0],[25.532628,45.250006,0.0],[25.532647,45.250022,0.0],[25.532808,45.250189,0.0],[25.532973,45.250325,0.0],[25.533026,45.250388,0.0],[25.53313,45.250578,0.0],[25.533174,45.250715,0.0],[25.53322,45.250953,0.0],[25.533228,45.25123,0.0],[25.533263,45.251371,0.0],[25.533336,45.251528,0.0],[25.533381,45.251586,0.0],[25.533479,45.251662,0.0],[25.533662,45.25175,0.0],[25.533768,45.251836,0.0],[25.533836,45.251903,0.0],[25.534,45.252097,0.0],[25.534135,45.252206,0.0],[25.534245,45.252285,0.0],[25.534195,45.252355,0.0],[25.534172,45.252414,0.0],[25.534187,45.252477,0.0],[25.53423,45.252534,0.0],[25.534327,45.252577,0.0],[25.534524,45.252626,0.0],[25.534647,45.252688,0.0],[25.534873,45.252836,0.0],[25.535073,45.253002,0.0],[25.535288,45.253182,0.0],[25.535417,45.253334,0.0],[25.535442,45.253394,0.0],[25.535446,45.253483,0.0],[25.535377,45.253612,0.0],[25.535151,45.253994,0.0],[25.535102,45.254099,0.0],[25.535099,45.254153,0.0],[25.535151,45.254182,0.0],[25.535249,45.25424,0.0],[25.535497,45.254331,0.0],[25.535702,45.254379,0.0],[25.535905,45.254464,0.0],[25.536008,45.25453,0.0],[25.536086,45.254543,0.0],[25.536154,45.254548,0.0],[25.536174,45.25452,0.0],[25.536188,45.254499,0.0],[25.536209,45.254465,0.0],[25.536269,45.254448,0.0],[25.536327,45.254463,0.0],[25.536374,45.254533,0.0],[25.536396,45.254593,0.0],[25.53639,45.254655,0.0],[25.536408,45.254705,0.0],[25.536481,45.254714,0.0],[25.536619,45.254842,0.0],[25.53704,45.255264,0.0],[25.537527,45.255716,0.0],[25.537775,45.255999,0.0],[25.537937,45.256213,0.0],[25.538013,45.256295,0.0],[25.538089,45.256376,0.0],[25.538192,45.256453,0.0],[25.538254,45.256518,0.0],[25.538384,45.256663,0.0],[25.538458,45.256731,0.0],[25.538487,45.25678,0.0],[25.538546,45.256853,0.0],[25.538629,45.256951,0.0],[25.538735,45.257044,0.0],[25.538842,45.257156,0.0],[25.538979,45.25728,0.0],[25.539115,45.257355,0.0],[25.539211,45.257377,0.0],[25.539313,45.257394,0.0],[25.53944,45.257396,0.0],[25.539426,45.257424,0.0],[25.539374,45.257505,0.0],[25.539363,45.257663,0.0],[25.539369,45.257715,0.0],[25.539396,45.257753,0.0],[25.539443,45.257807,0.0],[25.539524,45.25786,0.0],[25.539638,45.257907,0.0],[25.539705,45.257955,0.0],[25.539772,45.257987,0.0],[25.539827,45.258013,0.0],[25.539938,45.25803,0.0],[25.540027,45.258055,0.0],[25.540145,45.25811,0.0],[25.54028,45.258221,0.0],[25.54036,45.258315,0.0],[25.54047,45.258443,0.0],[25.540584,45.258527,0.0],[25.540664,45.258597,0.0],[25.541775,45.259472,0.0],[25.542123,45.259706,0.0],[25.542471,45.25994,0.0],[25.542593,45.260022,0.0],[25.54276,45.260154,0.0],[25.542763,45.260156,0.0],[25.542771,45.260162,0.0],[25.5428,45.260186,0.0],[25.542848,45.260223,0.0],[25.542916,45.260277,0.0],[25.542964,45.260316,0.0],[25.543038,45.260376,0.0],[25.543248,45.260548,0.0],[25.543305,45.260594,0.0],[25.543336,45.260619,0.0],[25.543726,45.260915,0.0],[25.543794,45.260967,0.0],[25.543668,45.261177,0.0],[25.543627,45.26135,0.0],[25.543631,45.261463,0.0],[25.543679,45.261564,0.0],[25.543799,45.261642,0.0],[25.543908,45.26171,0.0],[25.544066,45.261779,0.0],[25.544245,45.261833,0.0],[25.544382,45.261896,0.0],[25.544551,45.262007,0.0],[25.544715,45.262139,0.0],[25.544929,45.262303,0.0],[25.545084,45.262414,0.0],[25.545146,45.262474,0.0],[25.545191,45.262525,0.0],[25.54535,45.262782,0.0],[25.545511,45.262914,0.0],[25.545616,45.262978,0.0],[25.545832,45.263031,0.0],[25.545962,45.263052,0.0],[25.546264,45.263117,0.0],[25.546432,45.263135,0.0],[25.547094,45.263352,0.0],[25.54774,45.26362,0.0],[25.547865,45.263743,0.0],[25.548035,45.263858,0.0],[25.54838,45.264095,0.0],[25.54863,45.264187,0.0],[25.548872,45.264223,0.0],[25.549199,45.264261,0.0],[25.549349,45.264271,0.0],[25.549503,45.264257,0.0],[25.54964,45.264287,0.0],[25.549707,45.264299,0.0],[25.549864,45.264342,0.0],[25.549964,45.26437,0.0],[25.550101,45.26443,0.0],[25.55029,45.264535,0.0],[25.550359,45.264576,0.0],[25.550488,45.264646,0.0],[25.550576,45.264696,0.0],[25.550729,45.264786,0.0],[25.55083,45.264827,0.0],[25.551017,45.264932,0.0],[25.55115,45.265017,0.0],[25.551217,45.265059,0.0],[25.551326,45.265197,0.0],[25.551368,45.265234,0.0],[25.551469,45.265351,0.0],[25.55149,45.265393,0.0],[25.55151,45.265453,0.0],[25.551577,45.265585,0.0],[25.551621,45.265621,0.0],[25.551691,45.265651,0.0],[25.551901,45.265701,0.0],[25.552142,45.265746,0.0],[25.552205,45.26575,0.0],[25.552418,45.265767,0.0],[25.552552,45.265775,0.0],[25.55296,45.265794,0.0],[25.553172,45.265799,0.0],[25.553268,45.2658,0.0],[25.553469,45.265818,0.0],[25.553572,45.265841,0.0],[25.553679,45.265864,0.0],[25.553772,45.26589,0.0],[25.553831,45.265912,0.0],[25.554011,45.266,0.0],[25.554102,45.266049,0.0],[25.554214,45.266125,0.0],[25.554298,45.266188,0.0],[25.554351,45.266245,0.0],[25.554403,45.266316,0.0],[25.554432,45.266365,0.0],[25.55446,45.26641,0.0],[25.554482,45.266515,0.0],[25.554486,45.266599,0.0],[25.554488,45.266747,0.0],[25.554487,45.266811,0.0],[25.554496,45.266863,0.0],[25.554521,45.26698,0.0],[25.554539,45.267041,0.0],[25.55458,45.267113,0.0],[25.554605,45.267177,0.0],[25.554641,45.267223,0.0],[25.554687,45.26729,0.0],[25.554754,45.267367,0.0],[25.554815,45.267422,0.0],[25.554939,45.26752,0.0],[25.555,45.267584,0.0],[25.555047,45.267629,0.0],[25.555062,45.267669,0.0],[25.555069,45.267695,0.0],[25.555065,45.267727,0.0],[25.555055,45.267789,0.0],[25.555004,45.267927,0.0],[25.554984,45.26799,0.0],[25.554964,45.268112,0.0],[25.554976,45.268514,0.0],[25.554981,45.268701,0.0],[25.554985,45.268776,0.0],[25.555005,45.268868,0.0],[25.555043,45.268941,0.0],[25.555157,45.269111,0.0],[25.555263,45.269259,0.0],[25.55542,45.269407,0.0],[25.555527,45.269556,0.0],[25.555611,45.269674,0.0],[25.555683,45.269833,0.0],[25.555706,45.269864,0.0],[25.555885,45.270139,0.0],[25.555993,45.270309,0.0],[25.556376,45.270842,0.0],[25.556331,45.270853,0.0],[25.555625,45.270997,0.0],[25.555446,45.271227,0.0],[25.555283,45.271457,0.0],[25.555064,45.271784,0.0],[25.555007,45.271909,0.0],[25.554891,45.272195,0.0],[25.55479,45.272431,0.0],[25.554736,45.27254,0.0],[25.554667,45.272623,0.0],[25.554547,45.272732,0.0],[25.554437,45.272813,0.0],[25.554313,45.272866,0.0],[25.554227,45.272913,0.0],[25.554106,45.272955,0.0],[25.553845,45.273032,0.0],[25.553524,45.27311,0.0],[25.5533,45.273184,0.0],[25.553169,45.273254,0.0],[25.553039,45.27338,0.0],[25.552714,45.273754,0.0],[25.552601,45.273882,0.0],[25.552517,45.273993,0.0],[25.55244,45.274099,0.0],[25.552377,45.274182,0.0],[25.552197,45.274517,0.0],[25.552126,45.274687,0.0],[25.552041,45.274934,0.0],[25.552008,45.2751,0.0],[25.55196,45.275297,0.0],[25.551923,45.275416,0.0],[25.551876,45.275664,0.0],[25.551815,45.275861,0.0],[25.551787,45.276006,0.0],[25.55178,45.276213,0.0],[25.551807,45.276379,0.0],[25.551817,45.276557,0.0],[25.551887,45.277018,0.0],[25.551903,45.277261,0.0],[25.551911,45.277475,0.0],[25.551913,45.277585,0.0],[25.551903,45.277704,0.0],[25.551883,45.277865,0.0],[25.55184,45.277955,0.0],[25.551679,45.278203,0.0],[25.5516,45.27838,0.0],[25.551549,45.278472,0.0],[25.551378,45.278657,0.0],[25.551254,45.278738,0.0],[25.551229,45.278809,0.0],[25.551213,45.278922,0.0],[25.551216,45.279016,0.0],[25.551219,45.279078,0.0],[25.551247,45.279184,0.0],[25.551258,45.27926,0.0],[25.551268,45.279436,0.0],[25.551271,45.279557,0.0],[25.551288,45.279872,0.0],[25.551339,45.280025,0.0],[25.551332,45.280131,0.0],[25.551309,45.280358,0.0],[25.551265,45.28046,0.0],[25.551126,45.280613,0.0],[25.550957,45.280783,0.0],[25.550838,45.280887,0.0],[25.550719,45.280938,0.0],[25.550425,45.281103,0.0],[25.549847,45.281386,0.0],[25.549559,45.281493,0.0],[25.549313,45.281579,0.0],[25.54894,45.281692,0.0],[25.548623,45.28175,0.0],[25.548492,45.281775,0.0],[25.5483,45.281817,0.0],[25.547986,45.281894,0.0],[25.547728,45.281904,0.0],[25.547619,45.281881,0.0],[25.547388,45.281813,0.0],[25.547163,45.28171,0.0],[25.547037,45.281673,0.0],[25.546881,45.281644,0.0],[25.546638,45.281642,0.0],[25.546472,45.281637,0.0],[25.546364,45.281664,0.0],[25.546103,45.281724,0.0],[25.545996,45.281769,0.0],[25.545842,45.281862,0.0],[25.545625,45.282049,0.0],[25.545379,45.282262,0.0],[25.544781,45.282919,0.0],[25.544501,45.283211,0.0],[25.544321,45.283413,0.0],[25.544177,45.283584,0.0],[25.54398,45.283787,0.0],[25.543744,45.284036,0.0],[25.5435,45.284313,0.0],[25.543361,45.284418,0.0],[25.543272,45.284513,0.0],[25.543098,45.284684,0.0],[25.542852,45.284874,0.0],[25.542622,45.285035,0.0],[25.541799,45.285535,0.0],[25.541189,45.285952,0.0],[25.541103,45.28608,0.0],[25.541116,45.286202,0.0],[25.54113,45.286296,0.0],[25.541149,45.286406,0.0],[25.541216,45.286642,0.0],[25.541407,45.286989,0.0],[25.541534,45.287219,0.0],[25.541757,45.287699,0.0],[25.541766,45.287931,0.0],[25.541738,45.288446,0.0],[25.541689,45.288807,0.0],[25.541654,45.289083,0.0],[25.541559,45.289263,0.0],[25.541472,45.289368,0.0],[25.541455,45.289476,0.0],[25.541222,45.289737,0.0],[25.540586,45.290263,0.0],[25.540218,45.290494,0.0],[25.53985,45.290686,0.0],[25.539244,45.290971,0.0],[25.538794,45.291148,0.0],[25.538477,45.291294,0.0],[25.538187,45.291372,0.0],[25.537724,45.29145,0.0],[25.536371,45.291649,0.0],[25.536075,45.291671,0.0],[25.535645,45.292157,0.0],[25.535475,45.292354,0.0],[25.535286,45.292483,0.0],[25.535098,45.292598,0.0],[25.534871,45.292728,0.0],[25.534624,45.292917,0.0],[25.53453,45.293001,0.0],[25.534383,45.293184,0.0],[25.534261,45.293455,0.0],[25.534203,45.293701,0.0],[25.534182,45.293886,0.0],[25.534177,45.293993,0.0],[25.534202,45.294043,0.0],[25.534308,45.294143,0.0],[25.534462,45.294225,0.0],[25.534606,45.294344,0.0],[25.534833,45.294566,0.0],[25.535044,45.294756,0.0],[25.535133,45.294928,0.0],[25.535171,45.295144,0.0],[25.535199,45.295278,0.0],[25.535266,45.295498,0.0],[25.53533,45.295693,0.0],[25.535596,45.296218,0.0],[25.535858,45.296672,0.0],[25.536051,45.296986,0.0],[25.536286,45.297285,0.0],[25.536427,45.297465,0.0],[25.5367,45.297771,0.0],[25.536708,45.297959,0.0],[25.536658,45.298512,0.0],[25.536637,45.298657,0.0],[25.535998,45.299674,0.0],[25.535891,45.299918,0.0],[25.535621,45.30047,0.0],[25.535552,45.300611,0.0],[25.535216,45.301243,0.0],[25.535145,45.301363,0.0],[25.535106,45.301526,0.0],[25.535102,45.301779,0.0],[25.535111,45.302073,0.0],[25.534994,45.302092,0.0],[25.534492,45.302129,0.0],[25.534013,45.302129,0.0],[25.533476,45.302171,0.0],[25.533153,45.302213,0.0],[25.532961,45.302276,0.0],[25.532614,45.302348,0.0],[25.531922,45.302574,0.0],[25.531503,45.302707,0.0],[25.531162,45.302849,0.0],[25.530991,45.302897,0.0],[25.530629,45.303007,0.0],[25.530094,45.303076,0.0],[25.52982,45.303112,0.0],[25.529693,45.303162,0.0],[25.529378,45.303387,0.0],[25.528782,45.303802,0.0],[25.528261,45.304192,0.0],[25.527849,45.304546,0.0],[25.527559,45.304825,0.0],[25.527203,45.305198,0.0],[25.5271,45.305322,0.0],[25.526998,45.305445,0.0],[25.526693,45.305858,0.0],[25.526369,45.306451,0.0],[25.526276,45.306676,0.0],[25.526235,45.30692,0.0],[25.526198,45.30697,0.0],[25.526026,45.307165,0.0],[25.525924,45.307247,0.0],[25.525606,45.307468,0.0],[25.525339,45.307619,0.0],[25.525024,45.307723,0.0],[25.524663,45.307841,0.0],[25.524426,45.307943,0.0],[25.524314,45.308009,0.0],[25.524209,45.308191,0.0],[25.524011,45.308609,0.0],[25.523929,45.308623,0.0],[25.522936,45.309501,0.0],[25.522919,45.309551,0.0],[25.522878,45.309602,0.0],[25.522796,45.309645,0.0],[25.522683,45.309658,0.0],[25.522534,45.309686,0.0],[25.522363,45.309713,0.0],[25.522201,45.309755,0.0],[25.521984,45.309826,0.0],[25.521849,45.309865,0.0],[25.521704,45.309894,0.0],[25.521407,45.309895,0.0],[25.521031,45.309931,0.0],[25.520921,45.309948,0.0],[25.520867,45.309979,0.0],[25.520816,45.310024,0.0],[25.520532,45.310381,0.0],[25.520507,45.310398,0.0],[25.520411,45.310465,0.0],[25.52038,45.310479,0.0],[25.520162,45.310542,0.0],[25.520051,45.310588,0.0],[25.51982,45.310711,0.0],[25.519681,45.310813,0.0],[25.519628,45.310838,0.0],[25.519526,45.310854,0.0],[25.519422,45.310905,0.0],[25.519222,45.310994,0.0],[25.519084,45.311052,0.0],[25.518914,45.311142,0.0],[25.518766,45.311244,0.0],[25.518549,45.31138,0.0],[25.518294,45.311555,0.0],[25.517909,45.311826,0.0],[25.517866,45.311809,0.0],[25.517741,45.311756,0.0],[25.517646,45.311724,0.0],[25.51756,45.311707,0.0],[25.517436,45.311733,0.0],[25.517325,45.311744,0.0],[25.517168,45.311742,0.0],[25.517003,45.311698,0.0],[25.516926,45.311666,0.0],[25.516825,45.311588,0.0],[25.516735,45.311498,0.0],[25.516645,45.311421,0.0],[25.5166,45.311408,0.0],[25.516511,45.311412,0.0],[25.516418,45.311434,0.0],[25.516304,45.311486,0.0],[25.516171,45.311559,0.0],[25.516046,45.311659,0.0],[25.515866,45.311806,0.0],[25.515683,45.311926,0.0],[25.515596,45.312016,0.0],[25.515093,45.312502,0.0],[25.514996,45.312593,0.0],[25.514918,45.312669,0.0],[25.514901,45.312708,0.0],[25.514862,45.312857,0.0],[25.514848,45.312906,0.0],[25.514776,45.313049,0.0],[25.514662,45.313217,0.0],[25.514599,45.313313,0.0],[25.514532,45.313461,0.0],[25.514479,45.313566,0.0],[25.514439,45.313595,0.0],[25.51441,45.313598,0.0],[25.514407,45.313596,0.0],[25.514113,45.313499,0.0],[25.513714,45.313392,0.0],[25.513672,45.31342,0.0],[25.513571,45.313521,0.0],[25.513229,45.313791,0.0],[25.513127,45.313847,0.0],[25.513075,45.313933,0.0],[25.512859,45.31414,0.0],[25.512685,45.314245,0.0],[25.512567,45.314275,0.0],[25.511788,45.314531,0.0],[25.511588,45.314606,0.0],[25.511376,45.314723,0.0],[25.511119,45.314955,0.0],[25.511003,45.315184,0.0],[25.510927,45.315326,0.0],[25.510864,45.315389,0.0],[25.510773,45.315447,0.0],[25.510719,45.315445,0.0],[25.51064,45.315431,0.0],[25.510562,45.315452,0.0],[25.510341,45.315481,0.0],[25.510211,45.315482,0.0],[25.510141,45.315477,0.0],[25.51007,45.315459,0.0],[25.509911,45.315451,0.0],[25.509738,45.31548,0.0],[25.509586,45.315498,0.0],[25.509378,45.31556,0.0],[25.509182,45.315587,0.0],[25.509105,45.315587,0.0],[25.508981,45.315581,0.0],[25.508699,45.315518,0.0],[25.508537,45.315463,0.0],[25.508369,45.315396,0.0],[25.508243,45.315334,0.0],[25.508049,45.31528,0.0],[25.50787,45.315229,0.0],[25.507755,45.315213,0.0],[25.507665,45.31521,0.0],[25.507505,45.315246,0.0],[25.507367,45.315267,0.0],[25.507188,45.315285,0.0],[25.506989,45.315306,0.0],[25.506894,45.315307,0.0],[25.506779,45.315329,0.0],[25.506586,45.315366,0.0],[25.506416,45.315405,0.0],[25.506342,45.315427,0.0],[25.506218,45.315501,0.0],[25.506167,45.315537,0.0],[25.50613,45.315596,0.0],[25.5061,45.315645,0.0],[25.506089,45.315733,0.0],[25.506091,45.31579,0.0],[25.506128,45.315931,0.0],[25.506125,45.316007,0.0],[25.506111,45.316028,0.0],[25.506064,45.316052,0.0],[25.505902,45.316143,0.0],[25.505834,45.3162,0.0],[25.505825,45.31624,0.0],[25.505805,45.316305,0.0],[25.505773,45.316348,0.0],[25.505713,45.316401,0.0],[25.505635,45.316529,0.0],[25.505601,45.316621,0.0],[25.505572,45.316687,0.0],[25.505562,45.316814,0.0],[25.505555,45.316962,0.0],[25.50555,45.317113,0.0],[25.505533,45.317292,0.0],[25.505534,45.317466,0.0],[25.505531,45.31756,0.0],[25.505534,45.317636,0.0],[25.505526,45.31772,0.0],[25.505514,45.317787,0.0],[25.505509,45.317859,0.0],[25.505446,45.317976,0.0],[25.505417,45.318048,0.0],[25.505311,45.318191,0.0],[25.505202,45.318285,0.0],[25.505142,45.318305,0.0],[25.505041,45.318324,0.0],[25.505003,45.318322,0.0],[25.50495,45.318312,0.0],[25.504827,45.318277,0.0],[25.504747,45.318249,0.0],[25.504574,45.31817,0.0],[25.504437,45.318101,0.0],[25.504342,45.318049,0.0],[25.504112,45.317916,0.0],[25.503961,45.317837,0.0],[25.503805,45.317759,0.0],[25.503606,45.317663,0.0],[25.50349,45.317613,0.0],[25.503208,45.31751,0.0],[25.503104,45.317471,0.0],[25.503018,45.317435,0.0],[25.502849,45.317378,0.0],[25.502615,45.317294,0.0],[25.502403,45.317225,0.0],[25.502194,45.317167,0.0],[25.502054,45.317133,0.0],[25.501824,45.31707,0.0],[25.501567,45.317011,0.0],[25.501195,45.316881,0.0],[25.501017,45.316774,0.0],[25.500879,45.316669,0.0],[25.500799,45.316578,0.0],[25.50065,45.316358,0.0],[25.500537,45.316396,0.0],[25.500546,45.31646,0.0],[25.500541,45.316515,0.0],[25.50034,45.316756,0.0],[25.500136,45.316993,0.0],[25.499929,45.317082,0.0],[25.499223,45.317377,0.0],[25.499073,45.317438,0.0],[25.498093,45.317665,0.0],[25.497861,45.317714,0.0],[25.49765,45.317738,0.0],[25.497245,45.31776,0.0],[25.497078,45.317762,0.0],[25.497013,45.317748,0.0],[25.496977,45.317734,0.0],[25.496927,45.317709,0.0],[25.496891,45.317677,0.0],[25.496851,45.317628,0.0],[25.496812,45.317573,0.0],[25.496721,45.317457,0.0],[25.49661,45.31731,0.0],[25.496534,45.31721,0.0],[25.496414,45.317051,0.0],[25.496314,45.316955,0.0],[25.496242,45.316925,0.0],[25.496126,45.316882,0.0],[25.495789,45.316731,0.0],[25.49562,45.316659,0.0],[25.495476,45.316598,0.0],[25.495367,45.316573,0.0],[25.494825,45.316394,0.0],[25.494329,45.316231,0.0],[25.494079,45.316147,0.0],[25.493818,45.316055,0.0],[25.493618,45.315984,0.0],[25.493333,45.315886,0.0],[25.493208,45.315863,0.0],[25.492639,45.315786,0.0],[25.492193,45.315722,0.0],[25.492038,45.315703,0.0],[25.491669,45.315739,0.0],[25.491466,45.315759,0.0],[25.491112,45.315794,0.0],[25.490884,45.31578,0.0],[25.490679,45.315745,0.0],[25.490447,45.315682,0.0],[25.49026,45.315609,0.0],[25.490107,45.315531,0.0],[25.489923,45.315414,0.0],[25.489791,45.315334,0.0],[25.489547,45.315182,0.0],[25.489248,45.314997,0.0],[25.489058,45.31488,0.0],[25.489017,45.314876,0.0],[25.48899,45.314877,0.0],[25.488966,45.314897,0.0],[25.488947,45.314929,0.0],[25.488913,45.31504,0.0],[25.488803,45.315323,0.0],[25.488701,45.315572,0.0],[25.488642,45.315659,0.0],[25.488615,45.315704,0.0],[25.488549,45.315756,0.0],[25.488343,45.315885,0.0],[25.487933,45.316107,0.0],[25.487796,45.316188,0.0],[25.48768,45.316254,0.0],[25.487542,45.316341,0.0],[25.487511,45.31641,0.0],[25.487504,45.316452,0.0],[25.487505,45.316542,0.0],[25.487518,45.316625,0.0],[25.487531,45.31672,0.0],[25.487528,45.316807,0.0],[25.487554,45.316894,0.0],[25.487563,45.316996,0.0],[25.487565,45.317147,0.0],[25.487543,45.317313,0.0],[25.487507,45.317652,0.0],[25.487508,45.317722,0.0],[25.487257,45.317607,0.0],[25.486883,45.317447,0.0],[25.486721,45.317391,0.0],[25.486583,45.317375,0.0],[25.486442,45.317403,0.0],[25.48626,45.317483,0.0],[25.486065,45.317639,0.0],[25.485968,45.317778,0.0],[25.485956,45.318081,0.0],[25.485954,45.318403,0.0],[25.485795,45.318578,0.0],[25.485724,45.318685,0.0],[25.485696,45.318842,0.0],[25.485677,45.31907,0.0],[25.485279,45.319761,0.0],[25.485199,45.319908,0.0],[25.48518,45.319956,0.0],[25.485086,45.319936,0.0],[25.485026,45.319928,0.0],[25.484911,45.319938,0.0],[25.484869,45.320065,0.0],[25.484822,45.320136,0.0],[25.484736,45.320206,0.0],[25.48461,45.320289,0.0],[25.484398,45.320393,0.0],[25.484166,45.320496,0.0],[25.483734,45.32069,0.0],[25.483575,45.320777,0.0],[25.483391,45.320898,0.0],[25.483144,45.321037,0.0],[25.482737,45.321279,0.0],[25.482453,45.321369,0.0],[25.481423,45.321756,0.0],[25.480914,45.321943,0.0],[25.480601,45.322103,0.0],[25.480338,45.322294,0.0],[25.480207,45.322461,0.0],[25.480064,45.322674,0.0],[25.479953,45.322881,0.0],[25.479811,45.323182,0.0],[25.479702,45.323423,0.0],[25.479677,45.323593,0.0],[25.479531,45.324168,0.0],[25.47949,45.324272,0.0],[25.479444,45.324309,0.0],[25.479349,45.32449,0.0],[25.479281,45.324699,0.0],[25.479261,45.324806,0.0],[25.479206,45.325096,0.0],[25.479196,45.325266,0.0],[25.47916,45.325343,0.0],[25.479014,45.325481,0.0],[25.478962,45.325552,0.0],[25.478893,45.325627,0.0],[25.47879,45.325735,0.0],[25.478731,45.325796,0.0],[25.478625,45.325948,0.0],[25.478564,45.326003,0.0],[25.478446,45.326162,0.0],[25.478257,45.32626,0.0],[25.478199,45.32628,0.0],[25.477932,45.326417,0.0],[25.477681,45.326572,0.0],[25.477484,45.326762,0.0],[25.477348,45.326953,0.0],[25.477315,45.327083,0.0],[25.477225,45.327154,0.0],[25.477108,45.327283,0.0],[25.476915,45.32746,0.0],[25.476786,45.327591,0.0],[25.476663,45.327706,0.0],[25.476531,45.327764,0.0],[25.476045,45.327911,0.0],[25.475663,45.328025,0.0],[25.476176,45.328795,0.0],[25.476632,45.329418,0.0],[25.477202,45.330265,0.0],[25.477928,45.331309,0.0],[25.478635,45.332355,0.0],[25.47916,45.333131,0.0],[25.479319,45.333349,0.0],[25.47937,45.333536,0.0],[25.47932,45.333599,0.0],[25.479206,45.333714,0.0],[25.479153,45.333832,0.0],[25.479127,45.333927,0.0],[25.4791,45.334074,0.0],[25.479115,45.3342,0.0],[25.479139,45.334247,0.0],[25.479137,45.334284,0.0],[25.479123,45.334334,0.0],[25.479099,45.334397,0.0],[25.479054,45.334521,0.0],[25.479049,45.334569,0.0],[25.479039,45.334636,0.0],[25.479035,45.334739,0.0],[25.479047,45.334809,0.0],[25.479065,45.334866,0.0],[25.479085,45.334909,0.0],[25.479127,45.335001,0.0],[25.479194,45.335097,0.0],[25.47925,45.335138,0.0],[25.479276,45.335159,0.0],[25.479256,45.335197,0.0],[25.479239,45.335231,0.0],[25.479233,45.335288,0.0],[25.479259,45.335401,0.0],[25.479272,45.3355,0.0],[25.479275,45.335545,0.0],[25.479278,45.335715,0.0],[25.479295,45.335814,0.0],[25.479331,45.335865,0.0],[25.479365,45.335924,0.0],[25.479386,45.335981,0.0],[25.479419,45.336061,0.0],[25.479427,45.33613,0.0],[25.479441,45.336189,0.0],[25.479488,45.336271,0.0],[25.479535,45.336337,0.0],[25.479539,45.336381,0.0],[25.479518,45.336422,0.0],[25.479401,45.336632,0.0],[25.479355,45.336714,0.0],[25.47934,45.336786,0.0],[25.479347,45.336838,0.0],[25.479402,45.336886,0.0],[25.479481,45.336928,0.0],[25.479553,45.336958,0.0],[25.479598,45.336991,0.0],[25.479593,45.337047,0.0],[25.479553,45.337068,0.0],[25.479508,45.337086,0.0],[25.47944,45.337095,0.0],[25.479363,45.3371,0.0],[25.479246,45.337111,0.0],[25.479171,45.337136,0.0],[25.479102,45.337201,0.0],[25.479064,45.337224,0.0],[25.479027,45.337237,0.0],[25.478975,45.337253,0.0],[25.478942,45.337265,0.0],[25.478868,45.3373,0.0],[25.478829,45.337323,0.0],[25.478765,45.337372,0.0],[25.478722,45.337418,0.0],[25.478707,45.337444,0.0],[25.478705,45.337466,0.0],[25.478724,45.337489,0.0],[25.478731,45.3375,0.0],[25.478608,45.337566,0.0],[25.478537,45.337598,0.0],[25.478434,45.337632,0.0],[25.478306,45.33766,0.0],[25.47815,45.337682,0.0],[25.478052,45.337706,0.0],[25.477967,45.337736,0.0],[25.477904,45.337767,0.0],[25.477802,45.337836,0.0],[25.477637,45.337959,0.0],[25.477462,45.338077,0.0],[25.477259,45.338193,0.0],[25.477212,45.338221,0.0],[25.477145,45.338248,0.0],[25.477057,45.338277,0.0],[25.476997,45.338289,0.0],[25.476946,45.338308,0.0],[25.476886,45.338349,0.0],[25.476868,45.338362,0.0],[25.476828,45.338363,0.0],[25.476774,45.338365,0.0],[25.476723,45.338378,0.0],[25.476667,45.338414,0.0],[25.476616,45.338444,0.0],[25.476568,45.338452,0.0],[25.476487,45.338493,0.0],[25.476404,45.338544,0.0],[25.476358,45.338557,0.0],[25.476301,45.338554,0.0],[25.476233,45.338545,0.0],[25.476145,45.338546,0.0],[25.476091,45.338554,0.0],[25.476014,45.338566,0.0],[25.475885,45.338607,0.0],[25.475848,45.338627,0.0],[25.475815,45.338628,0.0],[25.475758,45.338634,0.0],[25.475628,45.338627,0.0],[25.47556,45.338635,0.0],[25.47553,45.33866,0.0],[25.475517,45.338694,0.0],[25.475495,45.338728,0.0],[25.475478,45.33874,0.0],[25.475449,45.33874,0.0],[25.475385,45.338738,0.0],[25.475326,45.338733,0.0],[25.475274,45.338733,0.0],[25.475225,45.338748,0.0],[25.475186,45.338774,0.0],[25.475145,45.338813,0.0],[25.475116,45.338824,0.0],[25.475083,45.338827,0.0],[25.47505,45.33881,0.0],[25.474991,45.338801,0.0],[25.474961,45.338842,0.0],[25.474904,45.338897,0.0],[25.474854,45.338958,0.0],[25.474753,45.338991,0.0],[25.474512,45.339043,0.0],[25.473831,45.339199,0.0],[25.473405,45.339318,0.0],[25.47334,45.339501,0.0],[25.473308,45.339689,0.0],[25.473265,45.339908,0.0],[25.473109,45.340095,0.0],[25.472965,45.340253,0.0],[25.472748,45.340408,0.0],[25.472494,45.340564,0.0],[25.472364,45.340639,0.0],[25.472147,45.340722,0.0],[25.471752,45.340825,0.0],[25.47148,45.340914,0.0],[25.47148,45.341087,0.0],[25.471575,45.341355,0.0],[25.471645,45.341488,0.0],[25.471603,45.341578,0.0],[25.471616,45.341628,0.0],[25.471698,45.341702,0.0],[25.471728,45.341757,0.0],[25.47174,45.341795,0.0],[25.471745,45.341829,0.0],[25.471744,45.341884,0.0],[25.471739,45.341956,0.0],[25.471753,45.342036,0.0],[25.471775,45.342133,0.0],[25.471799,45.342203,0.0],[25.47184,45.342257,0.0],[25.471876,45.342292,0.0],[25.471918,45.342329,0.0],[25.471943,45.342363,0.0],[25.471951,45.342407,0.0],[25.471949,45.342424,0.0],[25.471936,45.342448,0.0],[25.471917,45.342502,0.0],[25.471913,45.342556,0.0],[25.471919,45.342618,0.0],[25.471902,45.342665,0.0],[25.471883,45.342707,0.0],[25.471827,45.342804,0.0],[25.471754,45.342916,0.0],[25.471731,45.342979,0.0],[25.471724,45.343045,0.0],[25.471729,45.343102,0.0],[25.471756,45.343157,0.0],[25.471791,45.343225,0.0],[25.471831,45.34332,0.0],[25.471889,45.343461,0.0],[25.471846,45.343467,0.0],[25.471816,45.343483,0.0],[25.471808,45.343513,0.0],[25.471803,45.343536,0.0],[25.47179,45.343577,0.0],[25.471774,45.34365,0.0],[25.471757,45.343679,0.0],[25.471716,45.343712,0.0],[25.471654,45.343734,0.0],[25.471558,45.343751,0.0],[25.471473,45.343747,0.0],[25.471404,45.34373,0.0],[25.471316,45.343706,0.0],[25.471249,45.343713,0.0],[25.471165,45.343746,0.0],[25.471067,45.343791,0.0],[25.471005,45.343829,0.0],[25.470961,45.343873,0.0],[25.470894,45.343933,0.0],[25.470831,45.344002,0.0],[25.470756,45.344085,0.0],[25.470699,45.344125,0.0],[25.470642,45.344198,0.0],[25.470598,45.344251,0.0],[25.470561,45.344307,0.0],[25.4705,45.34438,0.0],[25.470429,45.344453,0.0],[25.470367,45.344534,0.0],[25.470331,45.34458,0.0],[25.470275,45.344662,0.0],[25.47023,45.344732,0.0],[25.470206,45.344808,0.0],[25.470175,45.344891,0.0],[25.470173,45.34494,0.0],[25.470181,45.345003,0.0],[25.470171,45.345106,0.0],[25.470157,45.345198,0.0],[25.47015,45.345238,0.0],[25.470132,45.345293,0.0],[25.470096,45.345382,0.0],[25.470067,45.345442,0.0],[25.470043,45.345505,0.0],[25.469961,45.345665,0.0],[25.46992,45.345745,0.0],[25.469874,45.345843,0.0],[25.469796,45.345965,0.0],[25.469729,45.346058,0.0],[25.469651,45.34615,0.0],[25.469533,45.346299,0.0],[25.469455,45.346401,0.0],[25.469418,45.346464,0.0],[25.469395,45.346503,0.0],[25.469344,45.346583,0.0],[25.469308,45.34665,0.0],[25.469289,45.346703,0.0],[25.469287,45.346753,0.0],[25.469293,45.346803,0.0],[25.4693,45.346872,0.0],[25.469313,45.34693,0.0],[25.469303,45.346979,0.0],[25.469269,45.347018,0.0],[25.469252,45.347048,0.0],[25.469256,45.347094,0.0],[25.46926,45.34711,0.0],[25.469278,45.347143,0.0],[25.469286,45.347203,0.0],[25.469277,45.347232,0.0],[25.469262,45.34728,0.0],[25.469236,45.347332,0.0],[25.469221,45.347383,0.0],[25.469228,45.347417,0.0],[25.469242,45.347452,0.0],[25.469257,45.347478,0.0],[25.469262,45.347503,0.0],[25.469282,45.347582,0.0],[25.46931,45.347664,0.0],[25.469349,45.347716,0.0],[25.469403,45.347763,0.0],[25.469455,45.347808,0.0],[25.46955,45.347883,0.0],[25.469658,45.347964,0.0],[25.46975,45.348032,0.0],[25.469844,45.348092,0.0],[25.469984,45.348163,0.0],[25.470039,45.348195,0.0],[25.470114,45.348242,0.0],[25.470155,45.348273,0.0],[25.470219,45.348325,0.0],[25.470281,45.348379,0.0],[25.470322,45.348418,0.0],[25.470351,45.34845,0.0],[25.470373,45.348485,0.0],[25.470385,45.348519,0.0],[25.470388,45.348557,0.0],[25.470407,45.348622,0.0],[25.470415,45.348683,0.0],[25.470424,45.348713,0.0],[25.470448,45.348762,0.0],[25.470547,45.34892,0.0],[25.470616,45.349023,0.0],[25.470694,45.349121,0.0],[25.470774,45.34922,0.0],[25.470826,45.349293,0.0],[25.47085,45.349362,0.0],[25.470868,45.349425,0.0],[25.47087,45.349469,0.0],[25.470856,45.349523,0.0],[25.470823,45.349576,0.0],[25.470795,45.349635,0.0],[25.470773,45.34968,0.0],[25.470767,45.349742,0.0],[25.470771,45.349955,0.0],[25.470764,45.35003,0.0],[25.470732,45.350112,0.0],[25.470665,45.350254,0.0],[25.470646,45.350307,0.0],[25.470561,45.350479,0.0],[25.470449,45.350696,0.0],[25.470394,45.350785,0.0],[25.470334,45.350853,0.0],[25.470283,45.350942,0.0],[25.470284,45.350989,0.0],[25.470298,45.351033,0.0],[25.470358,45.351065,0.0],[25.470468,45.351117,0.0],[25.470528,45.351158,0.0],[25.470549,45.351195,0.0],[25.470564,45.351233,0.0],[25.47058,45.35127,0.0],[25.470576,45.351301,0.0],[25.470548,45.351332,0.0],[25.470473,45.351421,0.0],[25.470437,45.351477,0.0],[25.470406,45.351573,0.0],[25.470389,45.351633,0.0],[25.470387,45.351674,0.0],[25.470388,45.351756,0.0],[25.470395,45.351861,0.0],[25.47041,45.351954,0.0],[25.470437,45.352014,0.0],[25.470453,45.352053,0.0],[25.470484,45.352098,0.0],[25.470519,45.352141,0.0],[25.470543,45.352181,0.0],[25.47057,45.352228,0.0],[25.470605,45.3523,0.0],[25.47063,45.352362,0.0],[25.47064,45.352412,0.0],[25.470674,45.352497,0.0],[25.470697,45.352576,0.0],[25.470789,45.35282,0.0],[25.470866,45.35306,0.0],[25.470922,45.353132,0.0],[25.471004,45.353182,0.0],[25.471135,45.353223,0.0],[25.471261,45.353258,0.0],[25.471348,45.353294,0.0],[25.471456,45.353356,0.0],[25.471564,45.353419,0.0],[25.471663,45.353466,0.0],[25.471764,45.353489,0.0],[25.471896,45.353506,0.0],[25.472005,45.353526,0.0],[25.472069,45.353549,0.0],[25.472268,45.353622,0.0],[25.472404,45.353673,0.0],[25.472529,45.353744,0.0],[25.472609,45.353801,0.0],[25.472697,45.353882,0.0],[25.472766,45.353969,0.0],[25.47283,45.354087,0.0],[25.472939,45.354153,0.0],[25.47325,45.354365,0.0],[25.47328,45.354445,0.0],[25.473286,45.354503,0.0],[25.473288,45.354559,0.0],[25.473283,45.354644,0.0],[25.473272,45.354713,0.0],[25.473307,45.354766,0.0],[25.473369,45.354834,0.0],[25.473407,45.354874,0.0],[25.473421,45.35494,0.0],[25.473418,45.354999,0.0],[25.473449,45.355075,0.0],[25.473489,45.355113,0.0],[25.47352,45.355172,0.0],[25.473542,45.355237,0.0],[25.473558,45.355366,0.0],[25.473562,45.355455,0.0],[25.473584,45.355531,0.0],[25.473618,45.355595,0.0],[25.473649,45.35562,0.0],[25.473696,45.355641,0.0],[25.473769,45.355674,0.0],[25.473796,45.355701,0.0],[25.47382,45.355742,0.0],[25.473792,45.35581,0.0],[25.47378,45.35586,0.0],[25.473731,45.355948,0.0],[25.473658,45.356056,0.0],[25.473598,45.356158,0.0],[25.473546,45.356224,0.0],[25.473488,45.35628,0.0],[25.473443,45.356306,0.0],[25.4733,45.356356,0.0],[25.473162,45.356401,0.0],[25.473122,45.35644,0.0],[25.473108,45.35651,0.0],[25.473123,45.356571,0.0],[25.473187,45.356678,0.0],[25.473242,45.356773,0.0],[25.473346,45.356891,0.0],[25.473442,45.356982,0.0],[25.473463,45.357015,0.0],[25.473411,45.357079,0.0],[25.473329,45.35715,0.0],[25.473323,45.357203,0.0],[25.473342,45.357266,0.0],[25.473457,45.357289,0.0],[25.473519,45.357307,0.0],[25.473685,45.357311,0.0],[25.473892,45.357302,0.0],[25.473982,45.357381,0.0],[25.474156,45.357437,0.0],[25.474314,45.357407,0.0],[25.474428,45.357369,0.0],[25.474668,45.357303,0.0],[25.474767,45.357297,0.0],[25.474916,45.357318,0.0],[25.475025,45.357339,0.0],[25.475134,45.357361,0.0],[25.475278,45.357428,0.0],[25.475307,45.357508,0.0],[25.475301,45.357678,0.0],[25.475301,45.357956,0.0],[25.475284,45.35811,0.0],[25.475252,45.358224,0.0],[25.475177,45.358361,0.0],[25.475163,45.358466,0.0],[25.475185,45.358617,0.0],[25.475301,45.358698,0.0],[25.475326,45.358763,0.0],[25.475275,45.358879,0.0],[25.475202,45.358999,0.0],[25.475132,45.359126,0.0],[25.475044,45.359213,0.0],[25.474972,45.359295,0.0],[25.474865,45.359407,0.0],[25.474809,45.359503,0.0],[25.474791,45.359564,0.0],[25.474802,45.359632,0.0],[25.474821,45.359684,0.0],[25.474833,45.359745,0.0],[25.474822,45.359797,0.0],[25.474851,45.359846,0.0],[25.474969,45.359838,0.0],[25.475027,45.359798,0.0],[25.475123,45.359814,0.0],[25.475168,45.359822,0.0],[25.475218,45.359881,0.0],[25.475219,45.359998,0.0],[25.475218,45.360033,0.0],[25.475192,45.360118,0.0],[25.475117,45.360213,0.0],[25.475031,45.360293,0.0],[25.474875,45.360431,0.0],[25.474685,45.360593,0.0],[25.474548,45.360735,0.0],[25.474377,45.360955,0.0],[25.474357,45.361076,0.0],[25.474385,45.361205,0.0],[25.474412,45.361278,0.0],[25.474452,45.361322,0.0],[25.474514,45.361377,0.0],[25.474533,45.361394,0.0],[25.474561,45.361446,0.0],[25.474547,45.3615,0.0],[25.474513,45.361542,0.0],[25.474495,45.361585,0.0],[25.474505,45.361655,0.0],[25.474525,45.361706,0.0],[25.47453,45.361785,0.0],[25.474502,45.361865,0.0],[25.474515,45.361917,0.0],[25.474533,45.362003,0.0],[25.474566,45.362098,0.0],[25.474592,45.362141,0.0],[25.47464,45.362193,0.0],[25.474691,45.362236,0.0],[25.474799,45.362274,0.0],[25.474973,45.362326,0.0],[25.475098,45.362373,0.0],[25.475135,45.362428,0.0],[25.475145,45.362452,0.0],[25.475129,45.362502,0.0],[25.475114,45.362554,0.0],[25.475082,45.362643,0.0],[25.475049,45.362731,0.0],[25.47493,45.363033,0.0],[25.474808,45.363249,0.0],[25.47476,45.363322,0.0],[25.474672,45.363449,0.0],[25.47457,45.363587,0.0],[25.474502,45.363716,0.0],[25.474443,45.363838,0.0],[25.47442,45.36389,0.0],[25.474404,45.363976,0.0],[25.474381,45.364107,0.0],[25.474385,45.364208,0.0],[25.474406,45.364262,0.0],[25.474452,45.364334,0.0],[25.474478,45.364398,0.0],[25.474492,45.364436,0.0],[25.474475,45.364478,0.0],[25.474439,45.364515,0.0],[25.474309,45.364614,0.0],[25.474206,45.364697,0.0],[25.474216,45.36477,0.0],[25.474247,45.364856,0.0],[25.474312,45.364976,0.0],[25.474367,45.365066,0.0],[25.474424,45.365144,0.0],[25.474453,45.365195,0.0],[25.474424,45.365288,0.0],[25.47435,45.365417,0.0],[25.474284,45.365491,0.0],[25.474249,45.365553,0.0],[25.474223,45.365654,0.0],[25.474231,45.365754,0.0],[25.47424,45.365837,0.0],[25.474268,45.365885,0.0],[25.474304,45.365919,0.0],[25.474306,45.365963,0.0],[25.474285,45.366012,0.0],[25.474255,45.366049,0.0],[25.474129,45.366152,0.0],[25.474008,45.366252,0.0],[25.473952,45.366355,0.0],[25.473878,45.366467,0.0],[25.473801,45.366541,0.0],[25.473755,45.366565,0.0],[25.473651,45.366604,0.0],[25.473484,45.366653,0.0],[25.473268,45.36672,0.0],[25.473121,45.366791,0.0],[25.472974,45.366876,0.0],[25.472904,45.366945,0.0],[25.472878,45.367,0.0],[25.472855,45.367062,0.0],[25.472848,45.367096,0.0],[25.472858,45.367126,0.0],[25.472939,45.367187,0.0],[25.473074,45.367256,0.0],[25.473206,45.367305,0.0],[25.473271,45.367316,0.0],[25.473389,45.367323,0.0],[25.473437,45.367338,0.0],[25.473539,45.367373,0.0],[25.473681,45.367414,0.0],[25.473703,45.367428,0.0],[25.473629,45.367546,0.0],[25.473526,45.367604,0.0],[25.473371,45.367619,0.0],[25.473293,45.367619,0.0],[25.473199,45.367623,0.0],[25.473107,45.367631,0.0],[25.473011,45.36766,0.0],[25.472941,45.367707,0.0],[25.472856,45.367785,0.0],[25.47284,45.367824,0.0],[25.472819,45.367893,0.0],[25.472823,45.367967,0.0],[25.472827,45.368047,0.0],[25.472841,45.368085,0.0],[25.47288,45.368175,0.0],[25.472906,45.368235,0.0],[25.472926,45.368301,0.0],[25.472931,45.368375,0.0],[25.472922,45.368435,0.0],[25.472914,45.368515,0.0],[25.472892,45.368591,0.0],[25.472868,45.368722,0.0],[25.472852,45.368793,0.0],[25.472832,45.368866,0.0],[25.472813,45.368928,0.0],[25.472797,45.368996,0.0],[25.472792,45.369068,0.0],[25.472793,45.369158,0.0],[25.4728,45.369295,0.0],[25.472813,45.369414,0.0],[25.472839,45.369596,0.0],[25.472872,45.369741,0.0],[25.472851,45.369857,0.0],[25.472828,45.36997,0.0],[25.472795,45.370061,0.0],[25.472751,45.370124,0.0],[25.472713,45.370226,0.0],[25.472714,45.37028,0.0],[25.472791,45.370344,0.0],[25.472864,45.370363,0.0],[25.472982,45.37037,0.0],[25.473092,45.370365,0.0],[25.473172,45.370371,0.0],[25.473269,45.370402,0.0],[25.473367,45.370468,0.0],[25.473402,45.37051,0.0],[25.473422,45.370566,0.0],[25.473422,45.370615,0.0],[25.473402,45.370698,0.0],[25.473358,45.370807,0.0],[25.47326,45.370947,0.0],[25.473215,45.370985,0.0],[25.47317,45.371025,0.0],[25.473113,45.371052,0.0],[25.473019,45.371099,0.0],[25.472982,45.37111,0.0],[25.472837,45.371121,0.0],[25.472712,45.371121,0.0],[25.472535,45.3711,0.0],[25.472477,45.371092,0.0],[25.472406,45.37105,0.0],[25.47234,45.371015,0.0],[25.472283,45.371008,0.0],[25.472236,45.371019,0.0],[25.472212,45.371029,0.0],[25.472186,45.37105,0.0],[25.472156,45.371106,0.0],[25.472146,45.371155,0.0],[25.472146,45.371238,0.0],[25.472151,45.371267,0.0],[25.472157,45.371407,0.0],[25.472163,45.371473,0.0],[25.472172,45.371565,0.0],[25.472202,45.371623,0.0],[25.472224,45.371651,0.0],[25.47228,45.371678,0.0],[25.472357,45.371678,0.0],[25.472446,45.371667,0.0],[25.472521,45.37166,0.0],[25.472625,45.371652,0.0],[25.47269,45.371651,0.0],[25.472783,45.371657,0.0],[25.472863,45.371676,0.0],[25.472938,45.371707,0.0],[25.472981,45.371736,0.0],[25.473015,45.37176,0.0],[25.473066,45.371824,0.0],[25.473077,45.371845,0.0],[25.473106,45.371886,0.0],[25.473147,45.371933,0.0],[25.473175,45.371964,0.0],[25.473211,45.371987,0.0],[25.473291,45.372029,0.0],[25.473359,45.372065,0.0],[25.473425,45.372112,0.0],[25.473468,45.372131,0.0],[25.473522,45.372147,0.0],[25.473573,45.372178,0.0],[25.473625,45.372236,0.0],[25.473684,45.372299,0.0],[25.473734,45.372343,0.0],[25.473807,45.372394,0.0],[25.473847,45.372404,0.0],[25.473892,45.372409,0.0],[25.473985,45.372439,0.0],[25.474044,45.372486,0.0],[25.474091,45.372559,0.0],[25.474122,45.372619,0.0],[25.474172,45.372671,0.0],[25.474188,45.372694,0.0],[25.474217,45.372741,0.0],[25.47425,45.3728,0.0],[25.474283,45.37286,0.0],[25.474333,45.372917,0.0],[25.474371,45.37296,0.0],[25.474387,45.372996,0.0],[25.4744,45.373052,0.0],[25.474414,45.373101,0.0],[25.474427,45.373136,0.0],[25.474449,45.373193,0.0],[25.474462,45.37323,0.0],[25.474473,45.37327,0.0],[25.474468,45.373338,0.0],[25.474446,45.373394,0.0],[25.474418,45.373457,0.0],[25.474373,45.373513,0.0],[25.474319,45.373574,0.0],[25.474293,45.373629,0.0],[25.474254,45.373681,0.0],[25.474233,45.373693,0.0],[25.474176,45.373715,0.0],[25.474089,45.373757,0.0],[25.474055,45.373778,0.0],[25.473884,45.373867,0.0],[25.473789,45.373923,0.0],[25.473732,45.373973,0.0],[25.473702,45.374026,0.0],[25.473679,45.374079,0.0],[25.473666,45.374164,0.0],[25.473651,45.374235,0.0],[25.473638,45.37429,0.0],[25.473624,45.374351,0.0],[25.473594,45.374419,0.0],[25.473536,45.374468,0.0],[25.473437,45.374507,0.0],[25.47332,45.374548,0.0],[25.473196,45.374608,0.0],[25.47296,45.374678,0.0],[25.472768,45.374728,0.0],[25.472663,45.374768,0.0],[25.47261,45.374801,0.0],[25.4726,45.374821,0.0],[25.472584,45.374849,0.0],[25.472572,45.374899,0.0],[25.472579,45.374933,0.0],[25.472587,45.374975,0.0],[25.472578,45.375005,0.0],[25.472596,45.37502,0.0],[25.47267,45.375055,0.0],[25.472734,45.375096,0.0],[25.472784,45.375136,0.0],[25.472819,45.375152,0.0],[25.472895,45.375166,0.0],[25.472966,45.37518,0.0],[25.473047,45.375194,0.0],[25.473092,45.375211,0.0],[25.473155,45.375241,0.0],[25.473215,45.375274,0.0],[25.47326,45.375322,0.0],[25.473305,45.375371,0.0],[25.473351,45.375429,0.0],[25.473437,45.375553,0.0],[25.473502,45.375646,0.0],[25.473555,45.37571,0.0],[25.473616,45.375773,0.0],[25.473688,45.375841,0.0],[25.473818,45.375928,0.0],[25.473882,45.375972,0.0],[25.473935,45.376015,0.0],[25.473993,45.376043,0.0],[25.474088,45.376067,0.0],[25.474194,45.376082,0.0],[25.474304,45.376094,0.0],[25.474388,45.376108,0.0],[25.474466,45.376142,0.0],[25.474534,45.376193,0.0],[25.474614,45.376283,0.0],[25.474724,45.37639,0.0],[25.474795,45.376473,0.0],[25.474875,45.37659,0.0],[25.474922,45.376685,0.0],[25.474958,45.376781,0.0],[25.474999,45.376969,0.0],[25.475049,45.377113,0.0],[25.475081,45.377164,0.0],[25.475117,45.377235,0.0],[25.475143,45.377285,0.0],[25.475145,45.377335,0.0],[25.475141,45.377383,0.0],[25.475136,45.377431,0.0],[25.475082,45.377544,0.0],[25.475036,45.377635,0.0],[25.475023,45.37768,0.0],[25.475027,45.377723,0.0],[25.475048,45.377766,0.0],[25.475067,45.377826,0.0],[25.475066,45.377875,0.0],[25.475037,45.377912,0.0],[25.475028,45.377967,0.0],[25.475034,45.378,0.0],[25.475063,45.378049,0.0],[25.475068,45.378092,0.0],[25.475058,45.37813,0.0],[25.475048,45.378146,0.0],[25.475034,45.378164,0.0],[25.474966,45.378212,0.0],[25.474911,45.378252,0.0],[25.474864,45.378327,0.0],[25.474798,45.378432,0.0],[25.47477,45.37853,0.0],[25.474764,45.378638,0.0],[25.474759,45.378746,0.0],[25.474789,45.378917,0.0],[25.474833,45.379058,0.0],[25.474916,45.379233,0.0],[25.474949,45.379289,0.0],[25.475025,45.379382,0.0],[25.475091,45.379493,0.0],[25.475153,45.379592,0.0],[25.475212,45.379713,0.0],[25.475236,45.379782,0.0],[25.475295,45.379883,0.0],[25.475367,45.379939,0.0],[25.475443,45.379967,0.0],[25.475547,45.379994,0.0],[25.475691,45.380034,0.0],[25.475775,45.38006,0.0],[25.475915,45.380101,0.0],[25.476,45.380127,0.0],[25.476046,45.380147,0.0],[25.476108,45.380178,0.0],[25.47617,45.380212,0.0],[25.476222,45.380245,0.0],[25.476326,45.380301,0.0],[25.476383,45.380336,0.0],[25.476485,45.380389,0.0],[25.47657,45.380429,0.0],[25.476658,45.38047,0.0],[25.47679,45.380525,0.0],[25.476846,45.380546,0.0],[25.4769,45.380563,0.0],[25.477006,45.380589,0.0],[25.477066,45.380622,0.0],[25.477128,45.380664,0.0],[25.477199,45.380725,0.0],[25.477259,45.380768,0.0],[25.477317,45.380819,0.0],[25.477367,45.380854,0.0],[25.477399,45.380877,0.0],[25.477446,45.380905,0.0],[25.477513,45.380949,0.0],[25.477608,45.381004,0.0],[25.477663,45.381034,0.0],[25.47773,45.381057,0.0],[25.477796,45.38108,0.0],[25.477831,45.381094,0.0],[25.477839,45.381113,0.0],[25.477836,45.381135,0.0],[25.477794,45.381205,0.0],[25.477712,45.381309,0.0],[25.477681,45.381371,0.0],[25.47769,45.381397,0.0],[25.477729,45.381422,0.0],[25.477793,45.381426,0.0],[25.477867,45.381417,0.0],[25.477955,45.381404,0.0],[25.478012,45.381389,0.0],[25.478135,45.381351,0.0],[25.478191,45.381341,0.0],[25.478273,45.38134,0.0],[25.478354,45.381346,0.0],[25.478452,45.381353,0.0],[25.478528,45.381373,0.0],[25.478576,45.381392,0.0],[25.478624,45.38143,0.0],[25.478661,45.381459,0.0],[25.4787,45.38147,0.0],[25.47876,45.381491,0.0],[25.478844,45.381506,0.0],[25.478885,45.381524,0.0],[25.478914,45.381543,0.0],[25.478953,45.381572,0.0],[25.479007,45.381621,0.0],[25.479044,45.381649,0.0],[25.479088,45.381669,0.0],[25.479149,45.381686,0.0],[25.479238,45.381686,0.0],[25.479316,45.381666,0.0],[25.479412,45.381622,0.0],[25.479528,45.381509,0.0],[25.47964,45.381402,0.0],[25.47972,45.381334,0.0],[25.479796,45.381324,0.0],[25.479908,45.381325,0.0],[25.480027,45.381343,0.0],[25.480246,45.381459,0.0],[25.480498,45.381567,0.0],[25.480594,45.381623,0.0],[25.480746,45.381697,0.0],[25.480929,45.381805,0.0],[25.481105,45.381909,0.0],[25.48124,45.381993,0.0],[25.4813,45.382033,0.0],[25.481315,45.382061,0.0],[25.481317,45.382085,0.0],[25.4813,45.382133,0.0],[25.481251,45.38218,0.0],[25.481222,45.382226,0.0],[25.48121,45.382254,0.0],[25.481204,45.382289,0.0],[25.481219,45.382324,0.0],[25.481239,45.382348,0.0],[25.481277,45.382384,0.0],[25.481319,45.38241,0.0],[25.481378,45.382436,0.0],[25.481478,45.382462,0.0],[25.48156,45.382468,0.0],[25.481632,45.382468,0.0],[25.481718,45.382474,0.0],[25.481795,45.382491,0.0],[25.481852,45.382527,0.0],[25.481916,45.38257,0.0],[25.482002,45.382661,0.0],[25.482052,45.382717,0.0],[25.48213,45.382808,0.0],[25.482178,45.382874,0.0],[25.482229,45.382933,0.0],[25.48229,45.382976,0.0],[25.482377,45.383023,0.0],[25.482423,45.383065,0.0],[25.482432,45.383092,0.0],[25.482402,45.383121,0.0],[25.482352,45.383136,0.0],[25.482278,45.383157,0.0],[25.482151,45.383178,0.0],[25.482092,45.383188,0.0],[25.482049,45.383216,0.0],[25.482028,45.383249,0.0],[25.482019,45.383288,0.0],[25.482015,45.383336,0.0],[25.482023,45.383368,0.0],[25.482036,45.383402,0.0],[25.48206,45.383431,0.0],[25.482104,45.383465,0.0],[25.482165,45.383493,0.0],[25.482233,45.383494,0.0],[25.482297,45.383514,0.0],[25.482336,45.383527,0.0],[25.482362,45.383567,0.0],[25.482372,45.383605,0.0],[25.482371,45.383664,0.0],[25.482366,45.383702,0.0],[25.482361,45.38374,0.0],[25.482359,45.383807,0.0],[25.482352,45.383877,0.0],[25.482363,45.383989,0.0],[25.482387,45.384053,0.0],[25.482418,45.384156,0.0],[25.48243,45.384205,0.0],[25.482492,45.384518,0.0],[25.482485,45.384553,0.0],[25.48242,45.384578,0.0],[25.482334,45.384579,0.0],[25.482275,45.384608,0.0],[25.482194,45.384666,0.0],[25.48217,45.384708,0.0],[25.482165,45.384761,0.0],[25.482144,45.384797,0.0],[25.482105,45.384832,0.0],[25.482063,45.384893,0.0],[25.482046,45.384942,0.0],[25.48205,45.384966,0.0],[25.482066,45.384989,0.0],[25.482168,45.385049,0.0],[25.482311,45.385143,0.0],[25.482404,45.385177,0.0],[25.482444,45.385201,0.0],[25.482474,45.385246,0.0],[25.482481,45.385305,0.0],[25.482473,45.38534,0.0],[25.482436,45.385419,0.0],[25.482411,45.385509,0.0],[25.482394,45.385611,0.0],[25.482397,45.385679,0.0],[25.482416,45.385728,0.0],[25.482478,45.385784,0.0],[25.482547,45.385829,0.0],[25.482613,45.385867,0.0],[25.48271,45.385898,0.0],[25.482779,45.385906,0.0],[25.482826,45.385925,0.0],[25.482864,45.385984,0.0],[25.482918,45.386033,0.0],[25.482966,45.386048,0.0],[25.483088,45.386048,0.0],[25.483218,45.386046,0.0],[25.483251,45.386052,0.0],[25.483291,45.386059,0.0],[25.483351,45.386069,0.0],[25.483391,45.38609,0.0],[25.483401,45.386122,0.0],[25.483371,45.386163,0.0],[25.483158,45.386351,0.0],[25.483043,45.386416,0.0],[25.483,45.386465,0.0],[25.483001,45.386504,0.0],[25.483017,45.386537,0.0],[25.483074,45.386581,0.0],[25.483238,45.386726,0.0],[25.483363,45.38687,0.0],[25.483407,45.386968,0.0],[25.483415,45.387033,0.0],[25.483469,45.387124,0.0],[25.483635,45.387308,0.0],[25.48381,45.387472,0.0],[25.483908,45.387545,0.0],[25.484188,45.387668,0.0],[25.484569,45.387798,0.0],[25.484651,45.387858,0.0],[25.484735,45.387953,0.0],[25.484768,45.388032,0.0],[25.484784,45.388114,0.0],[25.484767,45.388168,0.0],[25.484714,45.388217,0.0],[25.484685,45.388253,0.0],[25.484684,45.388292,0.0],[25.484699,45.388329,0.0],[25.484729,45.388355,0.0],[25.484759,45.38839,0.0],[25.4848,45.388424,0.0],[25.48483,45.388471,0.0],[25.484833,45.388512,0.0],[25.484833,45.388547,0.0],[25.484823,45.388585,0.0],[25.484783,45.388626,0.0],[25.484739,45.38868,0.0],[25.48468,45.388781,0.0],[25.484636,45.388867,0.0],[25.484631,45.388941,0.0],[25.484667,45.389015,0.0],[25.484726,45.389078,0.0],[25.484786,45.389126,0.0],[25.484864,45.389134,0.0],[25.484978,45.389089,0.0],[25.485124,45.389046,0.0],[25.485219,45.389024,0.0],[25.485345,45.389021,0.0],[25.485441,45.389049,0.0],[25.485466,45.389083,0.0],[25.485478,45.389126,0.0],[25.485459,45.389163,0.0],[25.485428,45.389246,0.0],[25.485401,45.389331,0.0],[25.48538,45.389401,0.0],[25.485339,45.389443,0.0],[25.485288,45.389472,0.0],[25.485208,45.389523,0.0],[25.48517,45.389571,0.0],[25.485147,45.389623,0.0],[25.485167,45.389749,0.0],[25.485196,45.390003,0.0],[25.485197,45.390159,0.0],[25.485182,45.390322,0.0],[25.485172,45.390401,0.0],[25.485186,45.390442,0.0],[25.485273,45.390527,0.0],[25.485322,45.390597,0.0],[25.485311,45.390635,0.0],[25.485286,45.390691,0.0],[25.4852,45.390737,0.0],[25.485094,45.390788,0.0],[25.485069,45.390828,0.0],[25.485088,45.390877,0.0],[25.485111,45.390926,0.0],[25.485224,45.391008,0.0],[25.485359,45.391243,0.0],[25.48518,45.39199,0.0],[25.484908,45.392507,0.0],[25.484765,45.393093,0.0],[25.484956,45.393445,0.0],[25.484967,45.393449,0.0],[25.485085,45.393499,0.0],[25.485139,45.39354,0.0],[25.485243,45.393641,0.0],[25.485386,45.393784,0.0],[25.485467,45.393872,0.0],[25.485644,45.394066,0.0],[25.485763,45.394264,0.0],[25.485817,45.394372,0.0],[25.485835,45.39445,0.0],[25.485834,45.394516,0.0],[25.48583,45.39459,0.0],[25.485806,45.394671,0.0],[25.485743,45.394771,0.0],[25.485738,45.394844,0.0],[25.485738,45.394941,0.0],[25.485743,45.395024,0.0],[25.485762,45.395078,0.0],[25.485799,45.395134,0.0],[25.485848,45.395191,0.0],[25.485942,45.395274,0.0],[25.485957,45.395326,0.0],[25.485829,45.395582,0.0],[25.485498,45.395931,0.0],[25.485413,45.396257,0.0],[25.485195,45.396401,0.0],[25.48519,45.396442,0.0],[25.485156,45.396641,0.0],[25.485125,45.396939,0.0],[25.484791,45.397198,0.0],[25.484609,45.397445,0.0],[25.484496,45.397667,0.0],[25.484626,45.397927,0.0],[25.484554,45.39824,0.0],[25.484464,45.398473,0.0],[25.483973,45.399289,0.0],[25.483558,45.400104,0.0],[25.483271,45.400559,0.0],[25.482395,45.400845,0.0],[25.481982,45.401061,0.0],[25.480359,45.401336,0.0],[25.479919,45.401669,0.0],[25.479804,45.402035,0.0],[25.479608,45.402334,0.0],[25.479086,45.402643,0.0],[25.478642,45.403111,0.0],[25.478494,45.403472,0.0],[25.478624,45.403933,0.0],[25.477847,45.404594,0.0],[25.477553,45.404884,0.0],[25.476775,45.405353,0.0],[25.476451,45.405806,0.0],[25.476426,45.406698,0.0],[25.476325,45.40707,0.0],[25.47619,45.407218,0.0],[25.475679,45.407429,0.0],[25.474887,45.407641,0.0],[25.474345,45.407885,0.0],[25.474167,45.408051,0.0],[25.474248,45.408567,0.0],[25.474029,45.409574,0.0],[25.473505,45.410457,0.0],[25.473,45.411232,0.0],[25.472627,45.411702,0.0],[25.472569,45.411757,0.0],[25.472473,45.411804,0.0],[25.472101,45.411935,0.0],[25.471412,45.41213,0.0],[25.471237,45.412185,0.0],[25.471212,45.412226,0.0],[25.471228,45.412268,0.0],[25.471268,45.412298,0.0],[25.471339,45.412332,0.0],[25.471463,45.412354,0.0],[25.471603,45.412365,0.0],[25.471756,45.412373,0.0],[25.471935,45.412379,0.0],[25.472108,45.412367,0.0],[25.472267,45.412381,0.0],[25.4724,45.412404,0.0],[25.472523,45.412445,0.0],[25.472629,45.412501,0.0],[25.472674,45.412545,0.0],[25.472701,45.412634,0.0],[25.472668,45.412716,0.0],[25.47259,45.412782,0.0],[25.472505,45.41281,0.0],[25.472212,45.412824,0.0],[25.471905,45.412815,0.0],[25.471503,45.412799,0.0],[25.471384,45.412802,0.0],[25.471357,45.41283,0.0],[25.471348,45.412871,0.0],[25.471373,45.412905,0.0],[25.471415,45.412918,0.0],[25.47155,45.412951,0.0],[25.471657,45.41299,0.0],[25.471769,45.413021,0.0],[25.471913,45.413064,0.0],[25.472008,45.413113,0.0],[25.472066,45.413172,0.0],[25.472146,45.413294,0.0],[25.472177,45.413411,0.0],[25.472059,45.414351,0.0],[25.471777,45.414832,0.0],[25.471235,45.415237,0.0],[25.471017,45.415641,0.0],[25.471137,45.415988,0.0],[25.47158,45.41615,0.0],[25.471909,45.416643,0.0],[25.471902,45.416739,0.0],[25.471986,45.416873,0.0],[25.472151,45.417032,0.0],[25.472228,45.417079,0.0],[25.47264,45.417307,0.0],[25.47282,45.417414,0.0],[25.473003,45.417543,0.0],[25.473089,45.417634,0.0],[25.473107,45.417691,0.0],[25.473116,45.417815,0.0],[25.473081,45.417955,0.0],[25.473007,45.418203,0.0],[25.472966,45.418724,0.0],[25.472918,45.419069,0.0],[25.472913,45.419231,0.0],[25.472856,45.420028,0.0],[25.472809,45.420485,0.0],[25.472783,45.420887,0.0],[25.472735,45.421349,0.0],[25.472672,45.421898,0.0],[25.472658,45.422133,0.0],[25.472647,45.422254,0.0],[25.472612,45.422481,0.0],[25.472568,45.42275,0.0],[25.472566,45.422871,0.0],[25.4726,45.422886,0.0],[25.472855,45.42271,0.0],[25.47308,45.422498,0.0],[25.473249,45.422307,0.0],[25.473348,45.422152,0.0],[25.473496,45.422001,0.0],[25.473635,45.421893,0.0],[25.473853,45.421813,0.0],[25.474073,45.42178,0.0],[25.474263,45.421794,0.0],[25.474328,45.421844,0.0],[25.474372,45.421907,0.0],[25.474374,45.421963,0.0],[25.474331,45.422038,0.0],[25.474283,45.422077,0.0],[25.474164,45.4222,0.0],[25.474075,45.422292,0.0],[25.473974,45.422447,0.0],[25.473879,45.422719,0.0],[25.473841,45.423056,0.0],[25.47383,45.423238,0.0],[25.473831,45.423548,0.0],[25.473808,45.423773,0.0],[25.473806,45.423905,0.0],[25.47382,45.424066,0.0],[25.473852,45.424344,0.0],[25.473837,45.424499,0.0],[25.473811,45.424592,0.0],[25.473692,45.424761,0.0],[25.473476,45.424942,0.0],[25.473351,45.42506,0.0],[25.473294,45.425178,0.0],[25.473276,45.425258,0.0],[25.473302,45.425328,0.0],[25.473398,45.425472,0.0],[25.473493,45.42557,0.0],[25.473525,45.425673,0.0],[25.473554,45.425769,0.0],[25.473567,45.425879,0.0],[25.473522,45.426154,0.0],[25.473458,45.42637,0.0],[25.47341,45.426693,0.0],[25.473398,45.426786,0.0],[25.473397,45.426832,0.0],[25.473404,45.426868,0.0],[25.473324,45.426929,0.0],[25.473129,45.427054,0.0],[25.472897,45.427195,0.0],[25.472449,45.427481,0.0],[25.472227,45.427606,0.0],[25.471986,45.42775,0.0],[25.471779,45.427855,0.0],[25.471432,45.428005,0.0],[25.471186,45.428128,0.0],[25.471013,45.428215,0.0],[25.470884,45.428295,0.0],[25.470676,45.428401,0.0],[25.47044,45.428502,0.0],[25.470112,45.428658,0.0],[25.469894,45.428745,0.0],[25.469702,45.42884,0.0],[25.469559,45.428924,0.0],[25.469435,45.428995,0.0],[25.469243,45.429096,0.0],[25.469107,45.429171,0.0],[25.468943,45.429239,0.0],[25.468751,45.4293,0.0],[25.468698,45.429351,0.0],[25.467767,45.429802,0.0],[25.467049,45.429948,0.0],[25.466103,45.430036,0.0],[25.465804,45.430046,0.0],[25.465771,45.430468,0.0],[25.465785,45.430679,0.0],[25.464826,45.432087,0.0],[25.464636,45.43268,0.0],[25.464665,45.433177,0.0],[25.464313,45.433436,0.0],[25.463828,45.433678,0.0],[25.460562,45.433583,0.0],[25.460044,45.433535,0.0],[25.45945,45.433572,0.0],[25.459291,45.433529,0.0],[25.458733,45.433376,0.0],[25.457932,45.433324,0.0],[25.457282,45.433581,0.0],[25.456674,45.434156,0.0],[25.456371,45.434543,0.0],[25.455937,45.435343,0.0],[25.455537,45.436009,0.0],[25.455551,45.43616,0.0],[25.455558,45.436249,0.0],[25.455575,45.436457,0.0],[25.455582,45.436673,0.0],[25.455519,45.436933,0.0],[25.45549,45.437195,0.0],[25.455436,45.437391,0.0],[25.4554,45.437575,0.0],[25.455318,45.438015,0.0],[25.455248,45.43828,0.0],[25.455237,45.438394,0.0],[25.45522,45.438596,0.0],[25.455167,45.438983,0.0],[25.455107,45.439382,0.0],[25.455093,45.439525,0.0],[25.455035,45.440087,0.0],[25.455001,45.440513,0.0],[25.454958,45.440921,0.0],[25.454909,45.441046,0.0],[25.454937,45.441105,0.0],[25.454837,45.441348,0.0],[25.454506,45.441555,0.0],[25.454312,45.441602,0.0],[25.454089,45.441632,0.0],[25.454129,45.441655,0.0],[25.454223,45.441757,0.0],[25.454334,45.441876,0.0],[25.454358,45.441902,0.0],[25.454453,45.442004,0.0],[25.455188,45.442393,0.0],[25.45537,45.442923,0.0],[25.4562,45.444018,0.0],[25.456642,45.444494,0.0],[25.457021,45.444887,0.0],[25.457673,45.445574,0.0],[25.457546,45.445704,0.0],[25.457561,45.445788,0.0],[25.457727,45.445843,0.0],[25.457741,45.445867,0.0],[25.457755,45.445891,0.0],[25.457731,45.445958,0.0],[25.457697,45.446068,0.0],[25.457536,45.446586,0.0],[25.457467,45.446658,0.0],[25.457341,45.446791,0.0],[25.456808,45.447157,0.0],[25.45653,45.447367,0.0],[25.456438,45.447429,0.0],[25.456334,45.447661,0.0],[25.456235,45.447968,0.0],[25.456226,45.448045,0.0],[25.456205,45.448075,0.0],[25.456223,45.448121,0.0],[25.456208,45.448182,0.0],[25.456209,45.448216,0.0],[25.456212,45.448309,0.0],[25.457546,45.449423,0.0],[25.458652,45.450178,0.0],[25.459176,45.450695,0.0],[25.459451,45.451042,0.0],[25.460689,45.451674,0.0],[25.460867,45.451902,0.0],[25.461432,45.45282,0.0],[25.461828,45.453494,0.0],[25.462216,45.453793,0.0],[25.463081,45.454037,0.0],[25.463261,45.454206,0.0],[25.463542,45.454188,0.0],[25.464834,45.454031,0.0],[25.465368,45.454026,0.0],[25.466287,45.454093,0.0],[25.466768,45.454065,0.0],[25.467068,45.453922,0.0],[25.467549,45.453902,0.0],[25.467949,45.453938,0.0],[25.46812,45.453995,0.0],[25.468521,45.453958,0.0],[25.468755,45.453958,0.0],[25.469955,45.453379,0.0],[25.470514,45.453376,0.0],[25.470859,45.453324,0.0],[25.471225,45.45312,0.0],[25.471769,45.452894,0.0],[25.472888,45.453058,0.0],[25.473747,45.4531,0.0],[25.474193,45.453059,0.0],[25.474844,45.453201,0.0],[25.475213,45.453167,0.0],[25.475649,45.453072,0.0],[25.475935,45.452937,0.0],[25.476364,45.452984,0.0],[25.477015,45.453118,0.0],[25.477965,45.453255,0.0],[25.478279,45.453531,0.0],[25.478913,45.453976,0.0],[25.479527,45.45434,0.0],[25.480311,45.454585,0.0],[25.481057,45.454846,0.0],[25.48165,45.455129,0.0],[25.482049,45.455484,0.0],[25.482235,45.455705,0.0],[25.48265,45.456194,0.0],[25.482506,45.456377,0.0],[25.482072,45.456759,0.0],[25.482117,45.457145,0.0],[25.482299,45.457712,0.0],[25.482621,45.458292,0.0],[25.483095,45.458458,0.0],[25.483214,45.458575,0.0],[25.483434,45.458756,0.0],[25.483651,45.45893,0.0],[25.483969,45.459176,0.0],[25.48479,45.459715,0.0],[25.485229,45.460055,0.0],[25.485456,45.460244,0.0],[25.485608,45.460386,0.0],[25.48581,45.460574,0.0],[25.486202,45.46095,0.0],[25.486644,45.461269,0.0],[25.486811,45.461346,0.0],[25.487009,45.461374,0.0],[25.4879,45.461541,0.0],[25.488306,45.461614,0.0],[25.488684,45.461692,0.0],[25.488798,45.461687,0.0],[25.488925,45.461602,0.0],[25.488967,45.461529,0.0],[25.489031,45.461473,0.0],[25.489142,45.461431,0.0],[25.48941,45.461409,0.0],[25.489549,45.461408,0.0],[25.490084,45.461448,0.0],[25.49017,45.461449,0.0],[25.49028,45.461447,0.0],[25.490341,45.461446,0.0],[25.4904,45.461442,0.0],[25.4905,45.461464,0.0],[25.490525,45.461473,0.0],[25.490615,45.461505,0.0],[25.491038,45.461663,0.0],[25.491153,45.461725,0.0],[25.491575,45.461951,0.0],[25.492428,45.462363,0.0],[25.493243,45.462857,0.0],[25.493799,45.46329,0.0],[25.49446,45.463642,0.0],[25.494892,45.463775,0.0],[25.495728,45.464068,0.0],[25.495694,45.46411,0.0],[25.495897,45.464233,0.0],[25.496078,45.464297,0.0],[25.496371,45.464359,0.0],[25.496542,45.464409,0.0],[25.496678,45.464485,0.0],[25.496745,45.464522,0.0],[25.496939,45.46454,0.0],[25.496944,45.46454,0.0],[25.4972,45.464586,0.0],[25.497441,45.464751,0.0],[25.497599,45.464911,0.0],[25.497751,45.465095,0.0],[25.497812,45.46518,0.0],[25.497843,45.465212,0.0],[25.497894,45.46528,0.0],[25.498072,45.465463,0.0],[25.498247,45.465645,0.0],[25.49831,45.465711,0.0],[25.49831,45.465711,0.0],[25.498382,45.465794,0.0],[25.498487,45.465962,0.0],[25.498595,45.466135,0.0],[25.49863,45.466248,0.0],[25.498695,45.466347,0.0],[25.498761,45.466446,0.0],[25.498866,45.466631,0.0],[25.498972,45.466816,0.0],[25.499034,45.466932,0.0],[25.499097,45.467048,0.0],[25.499153,45.467137,0.0],[25.499242,45.4673,0.0],[25.499247,45.46733,0.0],[25.499291,45.467377,0.0],[25.499326,45.467413,0.0],[25.49937,45.467485,0.0],[25.499431,45.46755,0.0],[25.499496,45.467637,0.0],[25.499616,45.467717,0.0],[25.499664,45.467732,0.0],[25.499795,45.46774,0.0],[25.500008,45.467726,0.0],[25.500227,45.467666,0.0],[25.500357,45.467681,0.0],[25.500509,45.467681,0.0],[25.500552,45.467692,0.0],[25.500932,45.467704,0.0],[25.501149,45.46773,0.0],[25.501539,45.467738,0.0],[25.501675,45.467721,0.0],[25.501949,45.467727,0.0],[25.502267,45.46765,0.0],[25.502297,45.467639,0.0],[25.502412,45.467638,0.0],[25.503721,45.467293,0.0],[25.505059,45.467517,0.0],[25.507075,45.468274,0.0],[25.507212,45.468345,0.0],[25.507473,45.468555,0.0],[25.507981,45.468744,0.0],[25.508488,45.469007,0.0],[25.509294,45.46935,0.0],[25.50977,45.469526,0.0],[25.51015,45.469632,0.0],[25.510421,45.469687,0.0],[25.511246,45.469963,0.0],[25.511653,45.470134,0.0],[25.511839,45.470202,0.0],[25.512383,45.470406,0.0],[25.513095,45.47068,0.0],[25.513284,45.47056,0.0],[25.513556,45.470477,0.0],[25.514149,45.470298,0.0],[25.514996,45.470051,0.0],[25.515126,45.470013,0.0],[25.515278,45.470036,0.0],[25.515359,45.470032,0.0],[25.5155,45.469998,0.0],[25.515581,45.469963,0.0],[25.515955,45.469768,0.0],[25.516145,45.469684,0.0],[25.516226,45.469626,0.0],[25.516329,45.469577,0.0],[25.516502,45.469451,0.0],[25.516664,45.469275,0.0],[25.516669,45.469248,0.0],[25.516718,45.469221,0.0],[25.516734,45.469191,0.0],[25.51714,45.468934,0.0],[25.517373,45.468759,0.0],[25.517384,45.468736,0.0],[25.51747,45.468667,0.0],[25.517735,45.468502,0.0],[25.51793,45.468426,0.0],[25.518147,45.468319,0.0],[25.518353,45.468269,0.0],[25.518645,45.468154,0.0],[25.51935,45.467959,0.0],[25.520011,45.467702,0.0],[25.520112,45.467677,0.0],[25.520834,45.467434,0.0],[25.521094,45.467373,0.0],[25.521408,45.467273,0.0],[25.521647,45.467216,0.0],[25.522015,45.467093,0.0],[25.522384,45.467013,0.0],[25.522763,45.466875,0.0],[25.522926,45.466841,0.0],[25.524182,45.4664,0.0],[25.524475,45.466312,0.0],[25.525158,45.466147,0.0],[25.525672,45.466002,0.0],[25.526073,45.465872,0.0],[25.526382,45.465738,0.0],[25.526615,45.465585,0.0],[25.526831,45.465394,0.0],[25.527485,45.464751,0.0],[25.527636,45.464579,0.0],[25.527798,45.464445,0.0],[25.528047,45.464205,0.0],[25.528291,45.464017,0.0],[25.528437,45.463883,0.0],[25.52904,45.463423,0.0],[25.529221,45.463283,0.0],[25.529464,45.463012,0.0],[25.529561,45.462924,0.0],[25.529809,45.462519,0.0],[25.530042,45.462217,0.0],[25.530387,45.461788,0.0],[25.530944,45.46115,0.0],[25.531515,45.460614,0.0],[25.5319,45.460236,0.0],[25.532165,45.460026,0.0],[25.5323,45.4599,0.0],[25.532484,45.45977,0.0],[25.532576,45.459678,0.0],[25.532863,45.459475,0.0],[25.533042,45.45941,0.0],[25.533269,45.459353,0.0],[25.534056,45.459251,0.0],[25.53445,45.459226,0.0],[25.535668,45.459661,0.0],[25.538097,45.460959,0.0],[25.538391,45.461076,0.0],[25.539444,45.461433,0.0],[25.540848,45.462019,0.0],[25.541669,45.462315,0.0],[25.541818,45.462369,0.0],[25.542441,45.462565,0.0],[25.543332,45.462845,0.0],[25.544783,45.463154,0.0],[25.545664,45.463055,0.0],[25.546307,45.463011,0.0],[25.547192,45.463003,0.0],[25.547366,45.46302,0.0],[25.547714,45.463145,0.0],[25.548476,45.463449,0.0],[25.548955,45.46366,0.0],[25.549258,45.463789,0.0],[25.549691,45.46391,0.0],[25.54991,45.464003,0.0],[25.550369,45.464196,0.0],[25.550745,45.464452,0.0],[25.551084,45.464629,0.0],[25.551581,45.464771,0.0],[25.551995,45.46495,0.0],[25.552363,45.465166,0.0],[25.552434,45.465116,0.0],[25.552633,45.465078,0.0],[25.552986,45.465013,0.0],[25.553864,45.464909,0.0],[25.554347,45.464901,0.0],[25.554613,45.464914,0.0],[25.555092,45.464872,0.0],[25.555628,45.464824,0.0],[25.555825,45.464789,0.0],[25.556222,45.464677,0.0],[25.556495,45.464599,0.0],[25.556869,45.464569,0.0],[25.557321,45.464567,0.0],[25.557817,45.464644,0.0],[25.558091,45.464676,0.0],[25.558317,45.464701,0.0],[25.558563,45.464762,0.0],[25.559238,45.464918,0.0],[25.559634,45.465049,0.0],[25.560099,45.465219,0.0],[25.560354,45.465382,0.0],[25.560565,45.465542,0.0],[25.561169,45.46586,0.0],[25.561298,45.465893,0.0],[25.561455,45.465898,0.0],[25.561692,45.465894,0.0],[25.562618,45.466311,0.0],[25.562804,45.466373,0.0],[25.563693,45.466188,0.0],[25.565702,45.466113,0.0],[25.566526,45.466085,0.0],[25.567416,45.466157,0.0],[25.568732,45.466518,0.0],[25.56992,45.466847,0.0],[25.571122,45.467347,0.0],[25.571541,45.467509,0.0],[25.573881,45.467959,0.0],[25.575108,45.467856,0.0],[25.576566,45.467685,0.0],[25.57768,45.467899,0.0],[25.578972,45.467896,0.0],[25.580341,45.467476,0.0],[25.581641,45.466723,0.0],[25.582937,45.465369,0.0],[25.584084,45.464648,0.0],[25.585146,45.464065,0.0],[25.586466,45.463515,0.0],[25.587274,45.462949,0.0],[25.587678,45.462752,0.0],[25.589381,45.461981,0.0],[25.59058,45.461362,0.0],[25.591879,45.461217,0.0],[25.593091,45.46139,0.0],[25.594271,45.461747,0.0],[25.59575,45.462107,0.0],[25.596961,45.462581,0.0],[25.59821,45.462825,0.0],[25.598987,45.462826,0.0],[25.599728,45.462828,0.0],[25.600817,45.46275,0.0],[25.602165,45.463111,0.0],[25.603401,45.46354,0.0],[25.604186,45.463536,0.0],[25.604601,45.463672,0.0],[25.604552,45.463785,0.0],[25.604546,45.463928,0.0],[25.604677,45.463978,0.0],[25.604816,45.464039,0.0],[25.604876,45.464268,0.0],[25.604902,45.464656,0.0],[25.604964,45.464843,0.0],[25.605164,45.465276,0.0],[25.605233,45.465526,0.0],[25.605235,45.46571,0.0],[25.605347,45.466001,0.0],[25.605429,45.466225,0.0],[25.605431,45.466394,0.0],[25.605349,45.467009,0.0],[25.605366,45.467244,0.0],[25.605449,45.467489,0.0],[25.605524,45.46776,0.0],[25.605563,45.468,0.0],[25.605661,45.468316,0.0],[25.605736,45.46855,0.0],[25.606009,45.468927,0.0],[25.606136,45.469228,0.0],[25.606137,45.469392,0.0],[25.605954,45.469688,0.0],[25.605762,45.470088,0.0],[25.605746,45.470344,0.0],[25.605868,45.470626,0.0],[25.606175,45.471069,0.0],[25.606236,45.471249,0.0],[25.606278,45.471462,0.0],[25.606359,45.471614,0.0],[25.606498,45.471757,0.0],[25.60682,45.472239,0.0],[25.607127,45.472649,0.0],[25.607274,45.472875,0.0],[25.607283,45.473037,0.0],[25.607212,45.473167,0.0],[25.607187,45.473319,0.0],[25.607274,45.473476,0.0],[25.607448,45.473635,0.0],[25.607542,45.473801,0.0],[25.60765,45.473995,0.0],[25.607816,45.474147,0.0],[25.607956,45.474313,0.0],[25.608129,45.474464,0.0],[25.60815,45.474645,0.0],[25.608211,45.474779,0.0],[25.608417,45.474921,0.0],[25.608576,45.475036,0.0],[25.608683,45.475174,0.0],[25.608684,45.475317,0.0],[25.608582,45.475633,0.0],[25.608542,45.476151,0.0],[25.60858,45.476325,0.0],[25.608957,45.476408,0.0],[25.609526,45.476776,0.0],[25.609723,45.47696,0.0],[25.609802,45.477234,0.0],[25.609849,45.477435,0.0],[25.610015,45.477513,0.0],[25.610293,45.477538,0.0],[25.61067,45.477631,0.0],[25.610956,45.477667,0.0],[25.611355,45.477749,0.0],[25.611544,45.477827,0.0],[25.611862,45.478005,0.0],[25.612516,45.478264,0.0],[25.612776,45.478375,0.0],[25.613041,45.478535,0.0],[25.613409,45.478718,0.0],[25.613698,45.478862,0.0],[25.61399,45.478946,0.0],[25.614349,45.47907,0.0],[25.614963,45.479387,0.0],[25.615269,45.479635,0.0],[25.61541,45.479711,0.0],[25.615759,45.479814,0.0],[25.616,45.479912,0.0],[25.616236,45.47999,0.0],[25.616628,45.48016,0.0],[25.617025,45.48035,0.0],[25.617177,45.480441,0.0],[25.617334,45.4806,0.0],[25.617457,45.480666,0.0],[25.617604,45.480774,0.0],[25.617657,45.480913,0.0],[25.61773,45.481097,0.0],[25.617811,45.481229,0.0],[25.617967,45.481307,0.0],[25.618194,45.481435,0.0],[25.618565,45.481699,0.0],[25.618746,45.481959,0.0],[25.618908,45.482173,0.0],[25.619041,45.482229,0.0],[25.619182,45.482225,0.0],[25.619262,45.482237,0.0],[25.619461,45.482375,0.0],[25.619791,45.482482,0.0],[25.619972,45.482569,0.0],[25.62036,45.482778,0.0],[25.620757,45.482978,0.0],[25.620961,45.483092,0.0],[25.621098,45.48321,0.0],[25.621403,45.483516,0.0],[25.621564,45.483677,0.0],[25.62182,45.483864,0.0],[25.622006,45.484091,0.0],[25.622255,45.484237,0.0],[25.622679,45.484637,0.0],[25.622971,45.484707,0.0],[25.623589,45.484841,0.0],[25.624212,45.485013,0.0],[25.62475,45.485186,0.0],[25.625024,45.485305,0.0],[25.625756,45.485312,0.0],[25.625964,45.485345,0.0],[25.626118,45.485381,0.0],[25.626264,45.485512,0.0],[25.626442,45.485772,0.0],[25.626625,45.486017,0.0],[25.626919,45.486221,0.0],[25.626995,45.486318,0.0],[25.62714,45.486477,0.0],[25.627316,45.486592,0.0],[25.6275,45.486809,0.0],[25.627826,45.487024,0.0],[25.62811,45.487227,0.0],[25.628265,45.487394,0.0],[25.628461,45.487738,0.0],[25.629042,45.488325,0.0],[25.629234,45.488391,0.0],[25.629405,45.488487,0.0],[25.629465,45.488621,0.0],[25.629637,45.488874,0.0],[25.629789,45.489069,0.0],[25.630089,45.489284,0.0],[25.630144,45.489455,0.0],[25.630331,45.489555,0.0],[25.630481,45.489644,0.0],[25.630669,45.489855,0.0],[25.630798,45.490041,0.0],[25.631002,45.490212,0.0],[25.631136,45.490784,0.0],[25.631366,45.491369,0.0],[25.631571,45.49164,0.0],[25.631744,45.491979,0.0],[25.631753,45.492239,0.0],[25.631831,45.492559,0.0],[25.631669,45.49278,0.0],[25.631603,45.493027,0.0],[25.631585,45.493356,0.0],[25.631628,45.493822,0.0],[25.631557,45.494177,0.0],[25.631508,45.496351,0.0],[25.633413,45.496218,0.0],[25.633883,45.496195,0.0],[25.634237,45.496155,0.0],[25.634615,45.49617,0.0],[25.635143,45.496209,0.0],[25.635778,45.496231,0.0],[25.636085,45.496267,0.0],[25.636438,45.496273,0.0],[25.636805,45.496322,0.0],[25.637225,45.496378,0.0],[25.637506,45.496429,0.0],[25.637805,45.496516,0.0],[25.638113,45.496574,0.0],[25.638259,45.496626,0.0],[25.638384,45.496663,0.0],[25.638574,45.496673,0.0],[25.639078,45.496653,0.0],[25.639543,45.496617,0.0],[25.639785,45.496572,0.0],[25.640061,45.496564,0.0],[25.640451,45.496542,0.0],[25.640674,45.496534,0.0],[25.640883,45.496482,0.0],[25.641529,45.496208,0.0],[25.642391,45.495919,0.0],[25.642562,45.495881,0.0],[25.642705,45.495877,0.0],[25.643042,45.495868,0.0],[25.643527,45.495839,0.0],[25.643859,45.495767,0.0],[25.644267,45.495688,0.0],[25.644199,45.495614,0.0],[25.644199,45.495499,0.0],[25.644268,45.495348,0.0],[25.644428,45.495196,0.0],[25.644617,45.495062,0.0],[25.64473,45.494941,0.0],[25.644817,45.494713,0.0],[25.644792,45.494543,0.0],[25.644714,45.494419,0.0],[25.644652,45.493974,0.0],[25.644647,45.493563,0.0],[25.64459,45.493135,0.0],[25.644449,45.492838,0.0],[25.644294,45.492391,0.0],[25.645622,45.492846,0.0],[25.646465,45.492932,0.0],[25.646752,45.492938,0.0],[25.64799,45.492933,0.0],[25.649244,45.492992,0.0],[25.650584,45.493028,0.0],[25.652113,45.493151,0.0],[25.653969,45.493523,0.0],[25.655825,45.493895,0.0],[25.65625,45.494377,0.0],[25.657048,45.494597,0.0],[25.658315,45.494658,0.0],[25.659593,45.494847,0.0],[25.660795,45.495126,0.0],[25.662108,45.495337,0.0],[25.663075,45.495358,0.0],[25.664844,45.495334,0.0],[25.665648,45.495472,0.0],[25.666219,45.49553,0.0],[25.66737,45.495571,0.0],[25.669873,45.496068,0.0],[25.67116,45.496977,0.0],[25.671754,45.4973,0.0],[25.672882,45.497798,0.0],[25.673761,45.498135,0.0],[25.675033,45.498463,0.0],[25.676372,45.498284,0.0],[25.677677,45.49926,0.0],[25.678605,45.49963,0.0],[25.680038,45.499977,0.0],[25.682545,45.500906,0.0],[25.682991,45.500647,0.0],[25.684637,45.499973,0.0],[25.685875,45.499541,0.0],[25.686543,45.498399,0.0],[25.687391,45.498119,0.0],[25.688087,45.497787,0.0],[25.69001,45.49692,0.0],[25.692636,45.495927,0.0],[25.693487,45.495122,0.0],[25.693689,45.494598,0.0],[25.693712,45.494477,0.0],[25.693754,45.493612,0.0],[25.694497,45.49354,0.0],[25.695132,45.493492,0.0],[25.696458,45.493145,0.0],[25.697084,45.493024,0.0],[25.697686,45.492699,0.0],[25.698394,45.492377,0.0],[25.701019,45.491183,0.0],[25.701302,45.49074,0.0],[25.701469,45.490479,0.0],[25.701584,45.490298,0.0],[25.701807,45.490023,0.0],[25.701838,45.489985,0.0],[25.701994,45.489812,0.0],[25.702046,45.489754,0.0],[25.702208,45.489574,0.0],[25.702425,45.489258,0.0],[25.702447,45.489213,0.0],[25.702541,45.489013,0.0],[25.70264,45.488612,0.0],[25.702684,45.488371,0.0],[25.702681,45.488143,0.0],[25.702644,45.488,0.0],[25.70252,45.487809,0.0],[25.702402,45.487663,0.0],[25.702295,45.487512,0.0],[25.702264,45.487349,0.0],[25.702218,45.486968,0.0],[25.702216,45.486772,0.0],[25.702216,45.486578,0.0],[25.701998,45.486381,0.0],[25.70189,45.486216,0.0],[25.701873,45.486114,0.0],[25.701855,45.486013,0.0],[25.701772,45.485284,0.0],[25.701744,45.485012,0.0],[25.701683,45.48477,0.0],[25.701729,45.484504,0.0],[25.701741,45.484395,0.0],[25.701725,45.484245,0.0],[25.701665,45.484067,0.0],[25.701653,45.483981,0.0],[25.701697,45.483899,0.0],[25.701836,45.483769,0.0],[25.701991,45.483655,0.0],[25.702033,45.483567,0.0],[25.702048,45.483429,0.0],[25.702089,45.483266,0.0],[25.702159,45.483154,0.0],[25.702548,45.482806,0.0],[25.702655,45.482632,0.0],[25.703013,45.482122,0.0],[25.703271,45.481762,0.0],[25.703397,45.481398,0.0],[25.703692,45.48114,0.0],[25.704043,45.480925,0.0],[25.704459,45.480612,0.0],[25.705597,45.479797,0.0],[25.705866,45.479682,0.0],[25.706203,45.479583,0.0],[25.706329,45.479562,0.0],[25.706367,45.479589,0.0],[25.706646,45.47945,0.0],[25.706818,45.479376,0.0],[25.707024,45.479375,0.0],[25.707208,45.479394,0.0],[25.70734,45.479389,0.0],[25.707649,45.479262,0.0],[25.708021,45.479122,0.0],[25.708489,45.478946,0.0],[25.708934,45.478794,0.0],[25.709381,45.478661,0.0],[25.709584,45.478634,0.0],[25.70986,45.478617,0.0],[25.7102,45.478512,0.0],[25.710307,45.478435,0.0],[25.710522,45.478239,0.0],[25.710792,45.478049,0.0],[25.711062,45.477835,0.0],[25.711511,45.477355,0.0],[25.711701,45.476929,0.0],[25.711922,45.476618,0.0],[25.712095,45.476519,0.0],[25.712395,45.476347,0.0],[25.713235,45.475867,0.0],[25.714969,45.474879,0.0],[25.715134,45.474785,0.0],[25.715231,45.474758,0.0],[25.715413,45.474707,0.0],[25.715478,45.474706,0.0],[25.715672,45.474668,0.0],[25.715774,45.474644,0.0],[25.715908,45.474592,0.0],[25.715994,45.474579,0.0],[25.716268,45.474501,0.0],[25.716605,45.474377,0.0],[25.71703,45.474128,0.0],[25.717358,45.473905,0.0],[25.717798,45.473637,0.0],[25.717969,45.473522,0.0],[25.718391,45.473238,0.0],[25.718481,45.473178,0.0],[25.718966,45.472818,0.0],[25.719365,45.472459,0.0],[25.719608,45.472271,0.0],[25.719756,45.472173,0.0],[25.720377,45.471814,0.0],[25.720679,45.471618,0.0],[25.720813,45.471518,0.0],[25.720948,45.471418,0.0],[25.721271,45.471121,0.0],[25.721598,45.470822,0.0],[25.721925,45.470568,0.0],[25.722036,45.470494,0.0],[25.722364,45.470277,0.0],[25.722487,45.47021,0.0],[25.722742,45.470034,0.0],[25.722878,45.469939,0.0],[25.723198,45.469666,0.0],[25.724058,45.468871,0.0],[25.724421,45.468563,0.0],[25.724652,45.468372,0.0],[25.724895,45.468199,0.0],[25.724974,45.468125,0.0],[25.725191,45.467976,0.0],[25.725934,45.467409,0.0],[25.726049,45.467284,0.0],[25.726195,45.466991,0.0],[25.726389,45.466682,0.0],[25.726457,45.466604,0.0],[25.726626,45.466479,0.0],[25.726923,45.466294,0.0],[25.727524,45.465848,0.0],[25.727822,45.465682,0.0],[25.727994,45.465652,0.0],[25.728234,45.465671,0.0],[25.728497,45.465758,0.0],[25.728552,45.465795,0.0],[25.728652,45.465824,0.0],[25.728763,45.465891,0.0],[25.729219,45.4662,0.0],[25.729395,45.466254,0.0],[25.729594,45.466342,0.0],[25.729835,45.466407,0.0],[25.730075,45.466448,0.0],[25.730314,45.466467,0.0],[25.730596,45.466466,0.0],[25.731202,45.466428,0.0],[25.731812,45.466471,0.0],[25.73203,45.466509,0.0],[25.732293,45.46658,0.0],[25.732621,45.466632,0.0],[25.732861,45.466685,0.0],[25.733257,45.466804,0.0],[25.733735,45.466845,0.0],[25.733887,45.466839,0.0],[25.734125,45.466808,0.0],[25.734707,45.466713,0.0],[25.73531,45.466591,0.0],[25.735742,45.46653,0.0],[25.736002,45.466526,0.0],[25.736176,45.466538,0.0],[25.736395,45.466591,0.0],[25.736994,45.46694,0.0],[25.73728,45.467053,0.0],[25.737738,45.467106,0.0],[25.738043,45.467123,0.0],[25.73864,45.467132,0.0],[25.739271,45.467173,0.0],[25.740207,45.467253,0.0],[25.741538,45.467446,0.0],[25.742085,45.467563,0.0],[25.74257,45.46776,0.0],[25.742921,45.467876,0.0],[25.743118,45.467926,0.0],[25.743445,45.467959,0.0],[25.74373,45.468018,0.0],[25.743991,45.468044,0.0],[25.744297,45.468111,0.0],[25.744537,45.468145,0.0],[25.745161,45.468149,0.0],[25.745902,45.468094,0.0],[25.746531,45.468079,0.0],[25.746823,45.468051,0.0],[25.746991,45.468048,0.0],[25.747992,45.467965,0.0],[25.748801,45.467854,0.0],[25.749218,45.467828,0.0],[25.749807,45.467764,0.0],[25.75,45.467754,0.0],[25.750043,45.467741,0.0],[25.750129,45.467724,0.0],[25.750215,45.467692,0.0],[25.750591,45.467598,0.0],[25.750742,45.467572,0.0],[25.751099,45.467543,0.0],[25.751164,45.467549,0.0],[25.751186,45.467537,0.0],[25.751587,45.467526,0.0],[25.751869,45.467544,0.0],[25.752666,45.467656,0.0],[25.752994,45.467734,0.0],[25.753522,45.467904,0.0],[25.753872,45.467974,0.0],[25.754567,45.467996,0.0],[25.755315,45.467968,0.0],[25.755639,45.467931,0.0],[25.756248,45.467825,0.0],[25.756587,45.467746,0.0],[25.757382,45.467533,0.0],[25.757608,45.467483,0.0],[25.7577,45.467478,0.0],[25.757834,45.467445,0.0],[25.757878,45.467448,0.0],[25.758092,45.467379,0.0],[25.7582,45.467366,0.0],[25.758458,45.467304,0.0],[25.758598,45.467282,0.0],[25.758972,45.467272,0.0],[25.759388,45.467211,0.0],[25.759762,45.467066,0.0],[25.760126,45.466956,0.0],[25.760373,45.46688,0.0],[25.760481,45.466862,0.0],[25.760889,45.466733,0.0],[25.761415,45.466586,0.0],[25.762271,45.466269,0.0],[25.762654,45.466082,0.0],[25.762953,45.465951,0.0],[25.763135,45.465886,0.0],[25.763425,45.465809,0.0],[25.763802,45.465733,0.0],[25.764061,45.465702,0.0],[25.764235,45.46571,0.0],[25.765067,45.465897,0.0],[25.76511,45.465889,0.0],[25.765743,45.465977,0.0],[25.765917,45.465977,0.0],[25.766046,45.465964,0.0],[25.766305,45.465905,0.0],[25.766953,45.46584,0.0],[25.767056,45.465846,0.0],[25.767268,45.465835,0.0],[25.767463,45.465846,0.0],[25.767535,45.465872,0.0],[25.767662,45.465946,0.0],[25.768337,45.466419,0.0],[25.768708,45.46676,0.0],[25.768878,45.466952,0.0],[25.768976,45.467103,0.0],[25.769026,45.46727,0.0],[25.76916,45.467512,0.0],[25.769215,45.467679,0.0],[25.769285,45.4678,0.0],[25.769365,45.467901,0.0],[25.769461,45.467972,0.0],[25.769723,45.468178,0.0],[25.770023,45.468363,0.0],[25.770654,45.468692,0.0],[25.770825,45.468769,0.0],[25.771019,45.468888,0.0],[25.771704,45.469204,0.0],[25.771942,45.469333,0.0],[25.772094,45.469448,0.0],[25.772176,45.469493,0.0],[25.772312,45.469624,0.0],[25.772452,45.469897,0.0],[25.772532,45.47014,0.0],[25.772612,45.470536,0.0],[25.772668,45.471421,0.0],[25.772705,45.471543,0.0],[25.772709,45.471634,0.0],[25.772694,45.471665,0.0],[25.772713,45.471894,0.0],[25.772699,45.471955,0.0],[25.772724,45.472325,0.0],[25.772846,45.472824,0.0],[25.772843,45.472885,0.0],[25.772923,45.473269,0.0],[25.772992,45.473497,0.0],[25.773142,45.473888,0.0],[25.773323,45.474221,0.0],[25.773431,45.474356,0.0],[25.773496,45.474477,0.0],[25.773626,45.474616,0.0],[25.773693,45.474661,0.0],[25.773803,45.474716,0.0],[25.774023,45.474777,0.0],[25.77424,45.474781,0.0],[25.774354,45.474771,0.0],[25.774716,45.474734,0.0],[25.774953,45.474688,0.0],[25.775245,45.47466,0.0],[25.77544,45.474664,0.0],[25.775572,45.474696,0.0],[25.775699,45.474766,0.0],[25.775841,45.474924,0.0],[25.775978,45.475105,0.0],[25.776169,45.475411,0.0],[25.776424,45.475713,0.0],[25.776639,45.475944,0.0],[25.77698,45.476183,0.0],[25.777388,45.4765,0.0],[25.777721,45.476681,0.0],[25.778074,45.476854,0.0],[25.77888,45.47721,0.0],[25.779047,45.477303,0.0],[25.779113,45.477321,0.0],[25.779379,45.477476,0.0],[25.779743,45.477641,0.0],[25.779755,45.477657,0.0],[25.780052,45.477766,0.0],[25.780381,45.477848,0.0],[25.780971,45.477948,0.0],[25.782261,45.478195,0.0],[25.783203,45.478407,0.0],[25.783554,45.4785,0.0],[25.783883,45.478605,0.0],[25.784193,45.478749,0.0],[25.784769,45.479051,0.0],[25.784941,45.47917,0.0],[25.785104,45.479316,0.0],[25.785296,45.479512,0.0],[25.785915,45.480218,0.0],[25.787995,45.482101,0.0],[25.788007,45.479838,0.0],[25.788083,45.479835,0.0],[25.78872,45.479794,0.0],[25.78921,45.479739,0.0],[25.789734,45.479653,0.0],[25.790069,45.479596,0.0],[25.790389,45.479514,0.0],[25.790806,45.479358,0.0],[25.791181,45.479219,0.0],[25.791521,45.479068,0.0],[25.791783,45.478897,0.0],[25.792319,45.478378,0.0],[25.792681,45.478026,0.0],[25.793163,45.477486,0.0],[25.79337,45.477169,0.0],[25.793522,45.476963,0.0],[25.793654,45.476705,0.0],[25.793803,45.476246,0.0],[25.793828,45.476084,0.0],[25.793893,45.475871,0.0],[25.793986,45.475685,0.0],[25.794099,45.47552,0.0],[25.794173,45.47543,0.0],[25.794284,45.47535,0.0],[25.794444,45.475293,0.0],[25.794575,45.475261,0.0],[25.794809,45.475257,0.0],[25.795036,45.475261,0.0],[25.79518,45.475271,0.0],[25.795351,45.475278,0.0],[25.795546,45.47526,0.0],[25.795688,45.475231,0.0],[25.795828,45.475187,0.0],[25.79595,45.475094,0.0],[25.79606,45.474967,0.0],[25.796114,45.474841,0.0],[25.796108,45.474709,0.0],[25.796039,45.474603,0.0],[25.795934,45.474467,0.0],[25.795889,45.474408,0.0],[25.795884,45.474361,0.0],[25.795908,45.474313,0.0],[25.795959,45.474279,0.0],[25.796098,45.474245,0.0],[25.796169,45.474244,0.0],[25.796253,45.47426,0.0],[25.796473,45.474306,0.0],[25.796756,45.474372,0.0],[25.796995,45.474401,0.0],[25.797119,45.474408,0.0],[25.797293,45.474379,0.0],[25.797388,45.474314,0.0],[25.79751,45.474184,0.0],[25.797565,45.474079,0.0],[25.797601,45.473813,0.0],[25.797593,45.473539,0.0],[25.79763,45.473379,0.0],[25.797735,45.473202,0.0],[25.797911,45.472974,0.0],[25.798114,45.472673,0.0],[25.798191,45.472479,0.0],[25.798321,45.472171,0.0],[25.798396,45.472054,0.0],[25.798453,45.471953,0.0],[25.798546,45.471876,0.0],[25.798604,45.471806,0.0],[25.798652,45.471701,0.0],[25.798706,45.471608,0.0],[25.798853,45.471538,0.0],[25.799059,45.471501,0.0],[25.79932,45.471496,0.0],[25.799607,45.47146,0.0],[25.799979,45.4714,0.0],[25.800208,45.471354,0.0],[25.800507,45.471254,0.0],[25.800791,45.471179,0.0],[25.801082,45.471079,0.0],[25.801465,45.470899,0.0],[25.80172,45.470821,0.0],[25.80197,45.470703,0.0],[25.802216,45.470612,0.0],[25.802488,45.470491,0.0],[25.802502,45.470409,0.0],[25.802435,45.470317,0.0],[25.802321,45.470154,0.0],[25.802177,45.470019,0.0],[25.802078,45.469841,0.0],[25.802118,45.46982,0.0],[25.802204,45.469812,0.0],[25.802549,45.469806,0.0],[25.802777,45.469779,0.0],[25.802914,45.469761,0.0],[25.803092,45.469763,0.0],[25.803958,45.469889,0.0],[25.804649,45.469949,0.0],[25.805381,45.470004,0.0],[25.805817,45.470001,0.0],[25.806172,45.469963,0.0],[25.806548,45.469902,0.0],[25.807191,45.469791,0.0],[25.807596,45.469699,0.0],[25.807965,45.469646,0.0],[25.80834,45.469565,0.0],[25.808688,45.46947,0.0],[25.809146,45.469321,0.0],[25.809362,45.469226,0.0],[25.8098,45.468961,0.0],[25.810134,45.468738,0.0],[25.810356,45.468603,0.0],[25.810777,45.468382,0.0],[25.811055,45.468183,0.0],[25.811282,45.467982,0.0],[25.811508,45.467755,0.0],[25.811756,45.467419,0.0],[25.81211,45.466945,0.0],[25.812326,45.466484,0.0],[25.812454,45.466213,0.0],[25.812485,45.465975,0.0],[25.812471,45.465713,0.0],[25.812468,45.464388,0.0],[25.812974,45.462803,0.0],[25.813653,45.461548,0.0],[25.814572,45.459984,0.0],[25.815687,45.458334,0.0],[25.816031,45.458175,0.0],[25.816284,45.457993,0.0],[25.816421,45.457772,0.0],[25.816746,45.457491,0.0],[25.816891,45.457194,0.0],[25.817067,45.456862,0.0],[25.817441,45.456541,0.0],[25.818214,45.455965,0.0],[25.818344,45.455925,0.0],[25.818634,45.455995,0.0],[25.819269,45.456128,0.0],[25.819586,45.456165,0.0],[25.82022,45.4562,0.0],[25.820732,45.456229,0.0],[25.821067,45.456187,0.0],[25.821381,45.455887,0.0],[25.821522,45.455363,0.0],[25.82158,45.454845,0.0],[25.821312,45.454388,0.0],[25.821128,45.453839,0.0],[25.82114,45.4534,0.0],[25.821273,45.452934,0.0],[25.821284,45.452677,0.0],[25.821264,45.452264,0.0],[25.82118,45.452213,0.0],[25.821197,45.452128,0.0],[25.821308,45.452016,0.0],[25.82135,45.451667,0.0],[25.821195,45.451319,0.0],[25.821041,45.451043,0.0],[25.821083,45.450747,0.0],[25.821189,45.450298,0.0],[25.821275,45.449738,0.0],[25.821424,45.449542,0.0],[25.821841,45.449263,0.0],[25.822538,45.448882,0.0],[25.822803,45.448478,0.0],[25.822889,45.447938,0.0],[25.823016,45.447693,0.0],[25.82321,45.447521,0.0],[25.823498,45.447341,0.0],[25.823711,45.447201,0.0],[25.824267,45.446434,0.0],[25.824925,45.445719,0.0],[25.825017,45.445431,0.0],[25.82514,45.445216,0.0],[25.825476,45.444822,0.0],[25.825699,45.44435,0.0],[25.825726,45.444078,0.0],[25.825895,45.443534,0.0],[25.826092,45.443322,0.0],[25.82652,45.443211,0.0],[25.82739,45.443113,0.0],[25.82796,45.443005,0.0],[25.828614,45.442701,0.0],[25.829089,45.442468,0.0],[25.829169,45.441558,0.0],[25.829075,45.441223,0.0],[25.829198,45.440493,0.0],[25.829247,45.439885,0.0],[25.829777,45.439409,0.0],[25.829925,45.439029,0.0],[25.829433,45.437671,0.0],[25.829406,45.437349,0.0],[25.829397,45.437328,0.0],[25.829218,45.437125,0.0],[25.82928,45.436836,0.0],[25.829427,45.436491,0.0],[25.829503,45.435876,0.0],[25.829246,45.435535,0.0],[25.828997,45.435254,0.0],[25.828662,45.435129,0.0],[25.828297,45.435043,0.0],[25.827968,45.43496,0.0],[25.827689,45.434887,0.0],[25.827453,45.434865,0.0],[25.826867,45.434569,0.0],[25.824953,45.43372,0.0],[25.82487,45.433652,0.0],[25.824663,45.433053,0.0],[25.824628,45.43269,0.0],[25.824557,45.432438,0.0],[25.824484,45.432273,0.0],[25.824356,45.432112,0.0],[25.824284,45.432048,0.0],[25.823932,45.431913,0.0],[25.825794,45.431572,0.0],[25.826624,45.431612,0.0],[25.827213,45.431475,0.0],[25.828846,45.430912,0.0],[25.82941,45.430719,0.0],[25.8295,45.430665,0.0],[25.830281,45.430039,0.0],[25.830314,45.430014,0.0],[25.830594,45.429896,0.0],[25.830823,45.429786,0.0],[25.831029,45.429714,0.0],[25.831329,45.429661,0.0],[25.831818,45.429599,0.0],[25.832075,45.429583,0.0],[25.832692,45.429562,0.0],[25.832999,45.429576,0.0],[25.833347,45.429701,0.0],[25.833681,45.429895,0.0],[25.833942,45.43011,0.0],[25.834144,45.430271,0.0],[25.834525,45.430329,0.0],[25.835072,45.430334,0.0],[25.835705,45.430393,0.0],[25.836459,45.430392,0.0],[25.836796,45.430399,0.0],[25.837158,45.430394,0.0],[25.837714,45.430362,0.0],[25.838128,45.430349,0.0],[25.838591,45.430294,0.0],[25.839017,45.430284,0.0],[25.839311,45.430258,0.0],[25.83971,45.430223,0.0],[25.84009,45.430206,0.0],[25.840659,45.430217,0.0],[25.841024,45.430198,0.0],[25.841348,45.430198,0.0],[25.84209,45.430209,0.0],[25.842244,45.4302,0.0],[25.84236,45.430178,0.0],[25.842477,45.430158,0.0],[25.842795,45.430135,0.0],[25.843321,45.430083,0.0],[25.84375,45.430021,0.0],[25.844065,45.429932,0.0],[25.844308,45.429876,0.0],[25.84448,45.429843,0.0],[25.844574,45.429821,0.0],[25.844676,45.429774,0.0],[25.844994,45.429607,0.0],[25.845145,45.429524,0.0],[25.845257,45.429442,0.0],[25.845379,45.429332,0.0],[25.845493,45.429281,0.0],[25.845635,45.429244,0.0],[25.845855,45.429199,0.0],[25.846082,45.429145,0.0],[25.846316,45.429077,0.0],[25.846443,45.429042,0.0],[25.846569,45.429033,0.0],[25.846735,45.429024,0.0],[25.846852,45.429,0.0],[25.847393,45.428759,0.0],[25.848004,45.428469,0.0],[25.848381,45.428312,0.0],[25.848689,45.428178,0.0],[25.84898,45.427995,0.0],[25.849186,45.427862,0.0],[25.849383,45.427782,0.0],[25.849583,45.427753,0.0],[25.849935,45.427686,0.0],[25.85041,45.42766,0.0],[25.851025,45.427637,0.0],[25.851628,45.427598,0.0],[25.852033,45.427535,0.0],[25.852491,45.427415,0.0],[25.853447,45.427185,0.0],[25.85391,45.427035,0.0],[25.854346,45.4269,0.0],[25.85515,45.42671,0.0],[25.855571,45.426631,0.0],[25.855949,45.426538,0.0],[25.856247,45.426476,0.0],[25.85654,45.426448,0.0],[25.856744,45.426444,0.0],[25.857167,45.426363,0.0],[25.857397,45.42631,0.0],[25.85771,45.42623,0.0],[25.85783,45.426203,0.0],[25.857996,45.426096,0.0],[25.858158,45.425975,0.0],[25.858267,45.42592,0.0],[25.858635,45.425791,0.0],[25.859173,45.425566,0.0],[25.859342,45.425515,0.0],[25.859558,45.425424,0.0],[25.860023,45.425204,0.0],[25.860387,45.425026,0.0],[25.860751,45.424847,0.0],[25.861195,45.424583,0.0],[25.86139,45.424461,0.0],[25.861475,45.424354,0.0],[25.861474,45.424064,0.0],[25.861542,45.423489,0.0],[25.861537,45.422924,0.0],[25.86154,45.422711,0.0],[25.861561,45.422337,0.0],[25.86156,45.422245,0.0],[25.861586,45.4222,0.0],[25.861669,45.42219,0.0],[25.861793,45.422196,0.0],[25.861963,45.422231,0.0],[25.862411,45.422277,0.0],[25.862756,45.422323,0.0],[25.862961,45.42235,0.0],[25.863687,45.422425,0.0],[25.864269,45.422455,0.0],[25.864862,45.4225,0.0],[25.866254,45.422659,0.0],[25.866911,45.422736,0.0],[25.867492,45.422874,0.0],[25.868189,45.423038,0.0],[25.868601,45.423161,0.0],[25.86879,45.423217,0.0],[25.869139,45.423357,0.0],[25.869166,45.423538,0.0],[25.869125,45.423684,0.0],[25.869085,45.42383,0.0],[25.869,45.424209,0.0],[25.868899,45.424653,0.0],[25.868864,45.424929,0.0],[25.868822,45.425179,0.0],[25.868782,45.425329,0.0],[25.868742,45.425479,0.0],[25.868777,45.425554,0.0],[25.869103,45.425751,0.0],[25.869452,45.425932,0.0],[25.869718,45.426296,0.0],[25.869807,45.426585,0.0],[25.869912,45.426806,0.0],[25.869922,45.427445,0.0],[25.869808,45.427716,0.0],[25.869824,45.428015,0.0],[25.869862,45.428288,0.0],[25.869891,45.428717,0.0],[25.869884,45.429054,0.0],[25.869868,45.429806,0.0],[25.869823,45.430179,0.0],[25.869808,45.430304,0.0],[25.869904,45.430656,0.0],[25.869904,45.430752,0.0],[25.869832,45.43114,0.0],[25.869757,45.431466,0.0],[25.869733,45.431719,0.0],[25.869701,45.431966,0.0],[25.869593,45.432686,0.0],[25.8696,45.432891,0.0],[25.869659,45.433113,0.0],[25.869759,45.433437,0.0],[25.86996,45.433734,0.0],[25.870087,45.433972,0.0],[25.870154,45.434232,0.0],[25.870278,45.434569,0.0],[25.870361,45.4349,0.0],[25.870424,45.435196,0.0],[25.870438,45.435469,0.0],[25.870509,45.435814,0.0],[25.870612,45.436057,0.0],[25.870688,45.436151,0.0],[25.87082,45.436246,0.0],[25.871139,45.436399,0.0],[25.871393,45.436504,0.0],[25.871649,45.436649,0.0],[25.871903,45.436751,0.0],[25.872204,45.436889,0.0],[25.872534,45.437033,0.0],[25.873011,45.437419,0.0],[25.8733,45.437616,0.0],[25.873633,45.437955,0.0],[25.874466,45.438617,0.0],[25.875178,45.439093,0.0],[25.875555,45.439382,0.0],[25.875831,45.439518,0.0],[25.876256,45.439713,0.0],[25.877032,45.440189,0.0],[25.877466,45.440487,0.0],[25.878063,45.440908,0.0],[25.878589,45.44129,0.0],[25.879044,45.441613,0.0],[25.879211,45.441827,0.0],[25.879617,45.44213,0.0],[25.879916,45.44236,0.0],[25.880392,45.442673,0.0],[25.880769,45.442967,0.0],[25.881216,45.443191,0.0],[25.881736,45.443818,0.0],[25.881948,45.44413,0.0],[25.882221,45.444274,0.0],[25.882571,45.444293,0.0],[25.882855,45.444234,0.0],[25.883007,45.444243,0.0],[25.883187,45.4443,0.0],[25.883497,45.444342,0.0],[25.884003,45.444379,0.0],[25.884201,45.44441,0.0],[25.884401,45.444397,0.0],[25.88484,45.444453,0.0],[25.885227,45.444529,0.0],[25.885406,45.444614,0.0],[25.885879,45.444767,0.0],[25.886119,45.444849,0.0],[25.886384,45.444974,0.0],[25.886533,45.445095,0.0],[25.887446,45.445336,0.0],[25.887924,45.445524,0.0],[25.8883,45.44562,0.0],[25.888865,45.445777,0.0],[25.889144,45.445816,0.0],[25.889522,45.445738,0.0],[25.88993,45.445688,0.0],[25.890189,45.445655,0.0],[25.89028,45.445678,0.0],[25.890277,45.445797,0.0],[25.890159,45.445896,0.0],[25.890093,45.445987,0.0],[25.890152,45.446081,0.0],[25.890586,45.446363,0.0],[25.890769,45.446406,0.0],[25.890892,45.446591,0.0],[25.890972,45.446789,0.0],[25.891197,45.447011,0.0],[25.891325,45.447268,0.0],[25.891129,45.447518,0.0],[25.891021,45.447964,0.0],[25.890708,45.448627,0.0],[25.890139,45.449644,0.0],[25.889998,45.450153,0.0],[25.889948,45.450705,0.0],[25.890065,45.451011,0.0],[25.890233,45.451183,0.0],[25.890426,45.451267,0.0],[25.890769,45.451647,0.0],[25.8909,45.451858,0.0],[25.890925,45.452321,0.0],[25.890915,45.452758,0.0],[25.890716,45.453451,0.0],[25.890639,45.454286,0.0],[25.890683,45.454688,0.0],[25.890874,45.454924,0.0],[25.891194,45.455159,0.0],[25.891409,45.455347,0.0],[25.891769,45.455844,0.0],[25.891987,45.456133,0.0],[25.891833,45.456532,0.0],[25.891866,45.456924,0.0],[25.892241,45.457283,0.0],[25.892587,45.457608,0.0],[25.892889,45.457802,0.0],[25.893312,45.458009,0.0],[25.893768,45.458364,0.0],[25.893751,45.458624,0.0],[25.893678,45.459376,0.0],[25.893842,45.459672,0.0],[25.893793,45.459925,0.0],[25.893575,45.46018,0.0],[25.893105,45.460585,0.0],[25.892673,45.461235,0.0],[25.891621,45.462258,0.0],[25.890966,45.462856,0.0],[25.890075,45.463396,0.0],[25.889418,45.463856,0.0],[25.889226,45.464282,0.0],[25.88897,45.465041,0.0],[25.888888,45.465747,0.0],[25.888883,45.466181,0.0],[25.889045,45.46647,0.0],[25.889048,45.466666,0.0],[25.88898,45.467086,0.0],[25.889122,45.467242,0.0],[25.889736,45.467767,0.0],[25.890009,45.467922,0.0],[25.890562,45.46818,0.0],[25.891126,45.468503,0.0],[25.891316,45.468705,0.0],[25.891519,45.469214,0.0],[25.892258,45.469821,0.0],[25.89274,45.470288,0.0],[25.89306,45.470476,0.0],[25.893415,45.470526,0.0],[25.893816,45.470555,0.0],[25.894184,45.470777,0.0],[25.894459,45.471122,0.0],[25.894634,45.471533,0.0],[25.894779,45.471886,0.0],[25.89514,45.472315,0.0],[25.895275,45.472589,0.0],[25.896009,45.473172,0.0],[25.896235,45.473431,0.0],[25.896363,45.473677,0.0],[25.896415,45.474043,0.0],[25.896552,45.474223,0.0],[25.896864,45.474335,0.0],[25.897217,45.474444,0.0],[25.897384,45.474574,0.0],[25.897491,45.47479,0.0],[25.897545,45.474931,0.0],[25.897771,45.4752,0.0],[25.89783,45.47533,0.0],[25.897901,45.475587,0.0],[25.89831,45.476317,0.0],[25.89836,45.476491,0.0],[25.898396,45.476772,0.0],[25.89845,45.476928,0.0],[25.898481,45.477276,0.0],[25.8985,45.477501,0.0],[25.89857,45.4777,0.0],[25.898793,45.478082,0.0],[25.898843,45.47844,0.0],[25.898687,45.479257,0.0],[25.898564,45.479537,0.0],[25.898499,45.47981,0.0],[25.898499,45.48009,0.0],[25.89841,45.480534,0.0],[25.89751,45.481523,0.0],[25.897166,45.48252,0.0],[25.897091,45.482823,0.0],[25.896654,45.483009,0.0],[25.895732,45.483278,0.0],[25.894753,45.483484,0.0],[25.89455,45.483518,0.0],[25.89426,45.483734,0.0],[25.89369,45.484128,0.0],[25.893253,45.484346,0.0],[25.893279,45.484664,0.0],[25.892852,45.485737,0.0],[25.892519,45.488183,0.0],[25.892738,45.488384,0.0],[25.892935,45.488798,0.0],[25.893398,45.489033,0.0],[25.893622,45.4892,0.0],[25.893627,45.489681,0.0],[25.893935,45.489946,0.0],[25.894847,45.490378,0.0],[25.895204,45.491015,0.0],[25.895632,45.49161,0.0],[25.895612,45.491838,0.0],[25.89541,45.492022,0.0],[25.895282,45.492451,0.0],[25.89543,45.492583,0.0],[25.895622,45.492616,0.0],[25.895931,45.492638,0.0],[25.896055,45.492726,0.0],[25.896105,45.493109,0.0],[25.896173,45.493336,0.0],[25.896288,45.493507,0.0],[25.896499,45.493646,0.0],[25.896792,45.493753,0.0],[25.896969,45.493923,0.0],[25.896919,45.494373,0.0],[25.897,45.494778,0.0],[25.897247,45.494995,0.0],[25.897381,45.495205,0.0],[25.897588,45.495405,0.0],[25.898129,45.495774,0.0],[25.898828,45.496222,0.0],[25.899077,45.496269,0.0],[25.89942,45.496266,0.0],[25.899722,45.496377,0.0],[25.899934,45.496586,0.0],[25.900217,45.497173,0.0],[25.90036,45.49788,0.0],[25.90036,45.498161,0.0],[25.900642,45.498394,0.0],[25.900939,45.498702,0.0],[25.901233,45.499139,0.0],[25.901862,45.499605,0.0],[25.902077,45.499637,0.0],[25.902458,45.499607,0.0],[25.903029,45.499635,0.0],[25.903858,45.499749,0.0],[25.904476,45.499854,0.0],[25.904992,45.499938,0.0],[25.9063,45.500466,0.0],[25.909247,45.501287,0.0],[25.909308,45.501471,0.0],[25.909285,45.501986,0.0],[25.909248,45.502579,0.0],[25.909357,45.503077,0.0],[25.90967,45.503606,0.0],[25.910325,45.504069,0.0],[25.911022,45.504738,0.0],[25.911632,45.505452,0.0],[25.912347,45.506455,0.0],[25.912385,45.50721,0.0],[25.912569,45.507682,0.0],[25.912896,45.508052,0.0],[25.91334,45.508188,0.0],[25.913884,45.508316,0.0],[25.914252,45.508577,0.0],[25.914637,45.509118,0.0],[25.915142,45.510294,0.0],[25.915296,45.510764,0.0],[25.915733,45.511156,0.0],[25.916304,45.511594,0.0],[25.91705,45.51193,0.0],[25.917231,45.512185,0.0],[25.917337,45.512619,0.0],[25.917552,45.512873,0.0],[25.919144,45.514015,0.0],[25.91938,45.514277,0.0],[25.919548,45.514377,0.0],[25.920842,45.517845,0.0],[25.920665,45.519042,0.0],[25.920901,45.519827,0.0],[25.921608,45.520992,0.0],[25.922561,45.522239,0.0],[25.924211,45.522846,0.0],[25.925971,45.522433,0.0],[25.927164,45.522135,0.0],[25.928454,45.521925,0.0],[25.928952,45.5215,0.0],[25.92951,45.520897,0.0],[25.929667,45.5208,0.0],[25.930348,45.520557,0.0],[25.930877,45.520327,0.0],[25.931067,45.52013,0.0],[25.931132,45.520006,0.0],[25.931264,45.519945,0.0],[25.931481,45.519922,0.0],[25.932291,45.519667,0.0],[25.932314,45.51956,0.0],[25.932355,45.519135,0.0],[25.932414,45.519011,0.0],[25.932599,45.518829,0.0],[25.932672,45.518706,0.0],[25.932691,45.518606,0.0],[25.932738,45.518513,0.0],[25.932844,45.518441,0.0],[25.932966,45.518259,0.0],[25.932958,45.518106,0.0],[25.933032,45.517982,0.0],[25.933052,45.517821,0.0],[25.93315,45.517729,0.0],[25.933385,45.51762,0.0],[25.934005,45.517288,0.0],[25.934181,45.517265,0.0],[25.934463,45.517273,0.0],[25.934982,45.517237,0.0],[25.935522,45.517125,0.0],[25.935717,45.516952,0.0],[25.935958,45.51673,0.0],[25.936177,45.516621,0.0],[25.936459,45.516181,0.0],[25.936661,45.516004,0.0],[25.936853,45.51582,0.0],[25.936988,45.515508,0.0],[25.937071,45.515295,0.0],[25.937111,45.515115,0.0],[25.937214,45.515027,0.0],[25.937547,45.514769,0.0],[25.937717,45.514633,0.0],[25.937782,45.514493,0.0],[25.937898,45.514271,0.0],[25.937877,45.514117,0.0],[25.93783,45.514059,0.0],[25.93791,45.513921,0.0],[25.93806,45.513755,0.0],[25.938329,45.513568,0.0],[25.938715,45.513258,0.0],[25.93915,45.512945,0.0],[25.93936,45.512813,0.0],[25.939567,45.512807,0.0],[25.939854,45.512868,0.0],[25.940291,45.513006,0.0],[25.940745,45.513181,0.0],[25.941075,45.513283,0.0],[25.94132,45.513344,0.0],[25.941719,45.513419,0.0],[25.942148,45.513427,0.0],[25.942523,45.513281,0.0],[25.942692,45.513234,0.0],[25.942954,45.513215,0.0],[25.943345,45.513268,0.0],[25.943627,45.513322,0.0],[25.943825,45.51337,0.0],[25.944126,45.513367,0.0],[25.944693,45.513329,0.0],[25.94503,45.513241,0.0],[25.94559,45.513044,0.0],[25.946081,45.512903,0.0],[25.946596,45.512707,0.0],[25.946941,45.512646,0.0],[25.947468,45.512483,0.0],[25.947861,45.512465,0.0],[25.94815,45.512503,0.0],[25.948403,45.512574,0.0],[25.948699,45.512719,0.0],[25.949056,45.512786,0.0],[25.949772,45.51274,0.0],[25.95043,45.51265,0.0],[25.951018,45.512567,0.0],[25.951601,45.512428,0.0],[25.9521,45.51229,0.0],[25.952748,45.511974,0.0],[25.952973,45.511877,0.0],[25.953264,45.511842,0.0],[25.953633,45.511767,0.0],[25.95401,45.511689,0.0],[25.954346,45.511614,0.0],[25.954584,45.511594,0.0],[25.954863,45.511592,0.0],[25.955633,45.511321,0.0],[25.956073,45.511228,0.0],[25.956409,45.511218,0.0],[25.956972,45.511245,0.0],[25.957187,45.511228,0.0],[25.957437,45.511172,0.0],[25.957767,45.511083,0.0],[25.957967,45.511071,0.0],[25.958192,45.511041,0.0],[25.958402,45.510998,0.0],[25.958595,45.510978,0.0],[25.958797,45.510976,0.0],[25.959076,45.510967,0.0],[25.95929,45.510965,0.0],[25.959962,45.510939,0.0],[25.960489,45.510906,0.0],[25.960994,45.510927,0.0],[25.961339,45.51096,0.0],[25.961634,45.511009,0.0],[25.961961,45.511087,0.0],[25.962219,45.511104,0.0],[25.962351,45.511103,0.0],[25.962565,45.511059,0.0],[25.96278,45.510998,0.0],[25.962952,45.510958,0.0],[25.963151,45.510949,0.0],[25.963421,45.510937,0.0],[25.963728,45.510912,0.0],[25.964102,45.510834,0.0],[25.964397,45.510713,0.0],[25.96457,45.510618,0.0],[25.964749,45.510577,0.0],[25.96501,45.510546,0.0],[25.96525,45.510482,0.0],[25.965504,45.510369,0.0],[25.965789,45.510265,0.0],[25.96607,45.51018,0.0],[25.967014,45.509553,0.0],[25.967134,45.509434,0.0],[25.967251,45.509385,0.0],[25.967411,45.509354,0.0],[25.96757,45.509224,0.0],[25.967816,45.50895,0.0],[25.968023,45.508679,0.0],[25.968322,45.508423,0.0],[25.968615,45.508163,0.0],[25.96878,45.508063,0.0],[25.968929,45.508046,0.0],[25.969077,45.508092,0.0],[25.969264,45.508219,0.0],[25.969573,45.508303,0.0],[25.970027,45.508416,0.0],[25.97051,45.508549,0.0],[25.970943,45.508718,0.0],[25.971351,45.508847,0.0],[25.971541,45.508894,0.0],[25.971725,45.508916,0.0],[25.971979,45.508921,0.0],[25.972182,45.509044,0.0],[25.972243,45.509228,0.0],[25.972249,45.509604,0.0],[25.972352,45.509839,0.0],[25.972572,45.510071,0.0],[25.972909,45.510371,0.0],[25.973263,45.51075,0.0],[25.973495,45.510885,0.0],[25.973973,45.511048,0.0],[25.974477,45.511309,0.0],[25.975084,45.511463,0.0],[25.975706,45.511542,0.0],[25.976009,45.511581,0.0],[25.976312,45.51162,0.0],[25.976426,45.511613,0.0],[25.976593,45.511656,0.0],[25.977001,45.511681,0.0],[25.977088,45.511722,0.0],[25.977372,45.511905,0.0],[25.977603,45.512003,0.0],[25.977901,45.512087,0.0],[25.97816,45.512124,0.0],[25.978386,45.512158,0.0],[25.978632,45.512217,0.0],[25.978874,45.512249,0.0],[25.979012,45.512242,0.0],[25.979118,45.512233,0.0],[25.979249,45.512248,0.0],[25.979412,45.512297,0.0],[25.979606,45.51229,0.0],[25.979827,45.512304,0.0],[25.980084,45.512381,0.0],[25.980323,45.51249,0.0],[25.980608,45.512557,0.0],[25.980779,45.512569,0.0],[25.980933,45.512579,0.0],[25.981142,45.512561,0.0],[25.981331,45.512481,0.0],[25.981538,45.512327,0.0],[25.981753,45.512189,0.0],[25.981773,45.512152,0.0],[25.981906,45.511915,0.0],[25.981913,45.511903,0.0],[25.981984,45.51186,0.0],[25.982055,45.511817,0.0],[25.982414,45.511871,0.0],[25.98257,45.511895,0.0],[25.98325,45.511921,0.0],[25.983812,45.511995,0.0],[25.9843,45.512127,0.0],[25.984978,45.512222,0.0],[25.985699,45.512522,0.0],[25.986228,45.512715,0.0],[25.986474,45.512805,0.0],[25.986576,45.512828,0.0],[25.987141,45.512956,0.0],[25.98788,45.513033,0.0],[25.98841,45.513177,0.0],[25.989422,45.513336,0.0],[25.989718,45.513502,0.0],[25.989953,45.513761,0.0],[25.990223,45.514032,0.0],[25.990369,45.514188,0.0],[25.990527,45.514281,0.0],[25.990653,45.514342,0.0],[25.990836,45.51439,0.0],[25.991005,45.514407,0.0],[25.991123,45.51439,0.0],[25.991184,45.514365,0.0],[25.991962,45.514074,0.0],[25.992116,45.51395,0.0],[25.992729,45.513711,0.0],[25.993502,45.513679,0.0],[25.993881,45.513779,0.0],[25.994101,45.513706,0.0],[25.994231,45.513731,0.0],[25.994299,45.513969,0.0],[25.994402,45.514053,0.0],[25.995347,45.514336,0.0],[25.995845,45.514364,0.0],[25.996278,45.514392,0.0],[25.996454,45.514475,0.0],[25.996765,45.514672,0.0],[25.996903,45.514651,0.0],[25.997186,45.514526,0.0],[25.997701,45.513984,0.0],[25.997766,45.513453,0.0],[25.997882,45.513264,0.0],[25.998454,45.51278,0.0],[25.9988,45.512551,0.0],[25.999412,45.51211,0.0],[25.999719,45.511953,0.0],[26.000026,45.511773,0.0],[26.000188,45.511587,0.0],[26.000309,45.511515,0.0],[26.000487,45.511384,0.0],[26.000552,45.511332,0.0],[26.000708,45.511233,0.0],[26.001185,45.510806,0.0],[26.00137,45.510815,0.0],[26.001633,45.51076,0.0],[26.001757,45.510696,0.0],[26.001931,45.510576,0.0],[26.002219,45.510545,0.0],[26.002388,45.510581,0.0],[26.002788,45.510844,0.0],[26.002945,45.510783,0.0],[26.002838,45.510627,0.0],[26.002599,45.510415,0.0],[26.003007,45.510161,0.0],[26.003293,45.510093,0.0],[26.0038,45.509925,0.0],[26.004016,45.509895,0.0],[26.004521,45.509721,0.0],[26.004839,45.509624,0.0],[26.005196,45.509405,0.0],[26.005362,45.509363,0.0],[26.005414,45.509252,0.0],[26.005505,45.509188,0.0],[26.005629,45.509012,0.0],[26.005944,45.508803,0.0],[26.006328,45.508548,0.0],[26.006461,45.508493,0.0],[26.006712,45.508297,0.0],[26.006946,45.508174,0.0],[26.007539,45.507737,0.0],[26.007595,45.507633,0.0],[26.00775,45.50752,0.0],[26.0078,45.507374,0.0],[26.007996,45.507124,0.0],[26.007755,45.506895,0.0],[26.007099,45.50709,0.0],[26.00696,45.507274,0.0],[26.006808,45.507293,0.0],[26.006804,45.507288,0.0],[26.006857,45.507235,0.0],[26.006955,45.507105,0.0],[26.00701,45.507016,0.0],[26.007068,45.506921,0.0],[26.007144,45.50683,0.0],[26.007218,45.506787,0.0],[26.007395,45.506727,0.0],[26.007588,45.506625,0.0],[26.007803,45.506476,0.0],[26.008132,45.506227,0.0],[26.008204,45.506164,0.0],[26.008296,45.506066,0.0],[26.008359,45.506002,0.0],[26.008526,45.50578,0.0],[26.008693,45.505555,0.0],[26.008783,45.505446,0.0],[26.008819,45.505409,0.0],[26.00887,45.505386,0.0],[26.009205,45.505313,0.0],[26.009291,45.505289,0.0],[26.009398,45.505248,0.0],[26.009629,45.505141,0.0],[26.009766,45.505068,0.0],[26.009873,45.504985,0.0],[26.009921,45.504924,0.0],[26.01003,45.504797,0.0],[26.010097,45.504718,0.0],[26.010205,45.504622,0.0],[26.010273,45.504554,0.0],[26.010333,45.504484,0.0],[26.010407,45.504261,0.0],[26.010482,45.504078,0.0],[26.010563,45.503952,0.0],[26.010699,45.503825,0.0],[26.010898,45.503657,0.0],[26.011113,45.503383,0.0],[26.011234,45.503217,0.0],[26.011409,45.502901,0.0],[26.011496,45.502755,0.0],[26.011548,45.502627,0.0],[26.011555,45.502546,0.0],[26.011546,45.502478,0.0],[26.011507,45.502392,0.0],[26.01147,45.502328,0.0],[26.011369,45.502208,0.0],[26.011337,45.502154,0.0],[26.011333,45.502048,0.0],[26.011377,45.50198,0.0],[26.011665,45.501774,0.0],[26.011841,45.501628,0.0],[26.011944,45.501497,0.0],[26.012035,45.501313,0.0],[26.012075,45.501132,0.0],[26.012056,45.500939,0.0],[26.012053,45.500751,0.0],[26.012086,45.500567,0.0],[26.0122,45.500281,0.0],[26.012418,45.499901,0.0],[26.012592,45.499754,0.0],[26.0127,45.499665,0.0],[26.012889,45.499449,0.0],[26.012989,45.499238,0.0],[26.012999,45.499062,0.0],[26.012928,45.498929,0.0],[26.01288,45.498845,0.0],[26.012956,45.498674,0.0],[26.013266,45.498361,0.0],[26.013472,45.49819,0.0],[26.013575,45.497988,0.0],[26.013742,45.497795,0.0],[26.013917,45.497677,0.0],[26.014081,45.497616,0.0],[26.014167,45.497576,0.0],[26.014166,45.497524,0.0],[26.014189,45.497378,0.0],[26.014334,45.497167,0.0],[26.014478,45.496967,0.0],[26.014505,45.496833,0.0],[26.014476,45.496683,0.0],[26.014409,45.496565,0.0],[26.014208,45.496345,0.0],[26.013989,45.496143,0.0],[26.013765,45.495917,0.0],[26.013753,45.495806,0.0],[26.013755,45.495452,0.0],[26.01381,45.495151,0.0],[26.013734,45.494562,0.0],[26.013695,45.494277,0.0],[26.013603,45.49387,0.0],[26.013629,45.493726,0.0],[26.013777,45.493422,0.0],[26.013908,45.493178,0.0],[26.014423,45.492629,0.0],[26.014611,45.492366,0.0],[26.014664,45.492053,0.0],[26.014665,45.4918,0.0],[26.014788,45.491368,0.0],[26.014954,45.491025,0.0],[26.015042,45.490718,0.0],[26.014994,45.490544,0.0],[26.014932,45.490449,0.0],[26.015233,45.490389,0.0],[26.015952,45.490402,0.0],[26.016724,45.490438,0.0],[26.01695,45.490393,0.0],[26.017523,45.490259,0.0],[26.018079,45.490176,0.0],[26.018606,45.490163,0.0],[26.019433,45.490207,0.0],[26.019692,45.49014,0.0],[26.019752,45.490049,0.0],[26.01994,45.489953,0.0],[26.020069,45.48993,0.0],[26.020345,45.489931,0.0],[26.020489,45.489973,0.0],[26.020676,45.490063,0.0],[26.020809,45.490109,0.0],[26.020982,45.490122,0.0],[26.021073,45.490121,0.0],[26.021498,45.490052,0.0],[26.021647,45.490049,0.0],[26.021831,45.490017,0.0],[26.021979,45.489954,0.0],[26.022119,45.489906,0.0],[26.02227,45.489884,0.0],[26.022365,45.489819,0.0],[26.022713,45.489612,0.0],[26.023026,45.489438,0.0],[26.023188,45.489422,0.0],[26.02391,45.489152,0.0],[26.024584,45.488872,0.0],[26.02497,45.48861,0.0],[26.025541,45.488265,0.0],[26.025818,45.48801,0.0],[26.025994,45.487833,0.0],[26.026482,45.487603,0.0],[26.027554,45.487268,0.0],[26.027797,45.487168,0.0],[26.02804,45.487068,0.0],[26.028219,45.487031,0.0],[26.028521,45.486937,0.0],[26.028815,45.48676,0.0],[26.029115,45.486592,0.0],[26.029552,45.486509,0.0],[26.029973,45.486459,0.0],[26.030053,45.486484,0.0],[26.030122,45.486499,0.0],[26.030287,45.486535,0.0],[26.030552,45.486571,0.0],[26.030743,45.486577,0.0],[26.030795,45.486576,0.0],[26.031002,45.48657,0.0],[26.031192,45.486538,0.0],[26.031404,45.486432,0.0],[26.031572,45.486391,0.0],[26.031727,45.486387,0.0],[26.031864,45.486375,0.0],[26.032156,45.486257,0.0],[26.032591,45.486076,0.0],[26.032795,45.48596,0.0],[26.032982,45.485838,0.0],[26.03328,45.485682,0.0],[26.033471,45.485567,0.0],[26.033656,45.485452,0.0],[26.033899,45.485282,0.0],[26.034031,45.485182,0.0],[26.034209,45.48505,0.0],[26.034276,45.485001,0.0],[26.034385,45.484904,0.0],[26.034452,45.484844,0.0],[26.034569,45.484695,0.0],[26.034803,45.484478,0.0],[26.0352,45.484103,0.0],[26.035993,45.483414,0.0],[26.036345,45.483073,0.0],[26.036593,45.482842,0.0],[26.036872,45.482592,0.0],[26.037024,45.482483,0.0],[26.037174,45.48238,0.0],[26.037324,45.482299,0.0],[26.037522,45.482218,0.0],[26.037798,45.482117,0.0],[26.038009,45.482011,0.0],[26.038234,45.481906,0.0],[26.038432,45.481837,0.0],[26.03866,45.481741,0.0],[26.038723,45.481707,0.0],[26.038907,45.481595,0.0],[26.03929,45.481361,0.0],[26.039781,45.481055,0.0],[26.040082,45.480837,0.0],[26.04046,45.480555,0.0],[26.040633,45.48037,0.0],[26.040792,45.480152,0.0],[26.040927,45.47994,0.0],[26.041061,45.479746,0.0],[26.041253,45.479502,0.0],[26.041403,45.479343,0.0],[26.041588,45.479215,0.0],[26.042112,45.478904,0.0],[26.04234,45.478792,0.0],[26.042527,45.478708,0.0],[26.04265,45.478664,0.0],[26.042811,45.478669,0.0],[26.042947,45.478698,0.0],[26.043047,45.478771,0.0],[26.043268,45.478972,0.0],[26.043525,45.479181,0.0],[26.043754,45.479277,0.0],[26.043951,45.479334,0.0],[26.044084,45.479326,0.0],[26.044252,45.479307,0.0],[26.044558,45.479178,0.0],[26.045,45.479009,0.0],[26.045118,45.478966,0.0],[26.045509,45.478831,0.0],[26.045948,45.478723,0.0],[26.046395,45.478686,0.0],[26.046622,45.478675,0.0],[26.047098,45.478677,0.0],[26.047398,45.478701,0.0],[26.047702,45.47874,0.0],[26.047933,45.478747,0.0],[26.048058,45.478735,0.0],[26.048199,45.478718,0.0],[26.048636,45.47934,0.0],[26.048879,45.479591,0.0],[26.048951,45.479806,0.0],[26.048914,45.479899,0.0],[26.04889,45.480283,0.0],[26.048899,45.480572,0.0],[26.048988,45.480961,0.0],[26.048962,45.481256,0.0],[26.048989,45.482309,0.0],[26.049272,45.482638,0.0],[26.049836,45.482697,0.0],[26.05005,45.482688,0.0],[26.0521,45.482335,0.0],[26.052956,45.4823,0.0],[26.053529,45.482279,0.0],[26.054042,45.482293,0.0],[26.05436,45.482388,0.0],[26.054501,45.482479,0.0],[26.054647,45.482642,0.0],[26.054863,45.482857,0.0],[26.055115,45.483486,0.0],[26.055158,45.483584,0.0],[26.055594,45.484565,0.0],[26.055727,45.48511,0.0],[26.05595,45.485274,0.0],[26.056213,45.48537,0.0],[26.056472,45.485419,0.0],[26.056711,45.485377,0.0],[26.057061,45.485321,0.0],[26.057377,45.485234,0.0],[26.057843,45.485133,0.0],[26.058488,45.485034,0.0],[26.05875,45.485019,0.0],[26.059739,45.485079,0.0],[26.060669,45.485253,0.0],[26.06249,45.48554,0.0],[26.063626,45.48561,0.0],[26.064675,45.485587,0.0],[26.066078,45.485595,0.0],[26.067023,45.485578,0.0],[26.066316,45.486028,0.0],[26.066478,45.486836,0.0],[26.06708,45.487341,0.0],[26.067425,45.48779,0.0],[26.067544,45.488265,0.0],[26.067178,45.488526,0.0],[26.066771,45.488828,0.0],[26.065481,45.490614,0.0],[26.067356,45.491578,0.0],[26.06766,45.492883,0.0],[26.067717,45.493253,0.0],[26.068037,45.493559,0.0],[26.068022,45.494652,0.0],[26.069127,45.496953,0.0],[26.069165,45.497083,0.0],[26.069142,45.497376,0.0],[26.069063,45.497699,0.0],[26.068955,45.498041,0.0],[26.06885,45.498283,0.0],[26.068731,45.498468,0.0],[26.068411,45.498751,0.0],[26.067985,45.499162,0.0],[26.067965,45.499291,0.0],[26.067964,45.499454,0.0],[26.067776,45.499649,0.0],[26.06778,45.499781,0.0],[26.067792,45.499924,0.0],[26.067785,45.499999,0.0],[26.067743,45.500149,0.0],[26.067753,45.500268,0.0],[26.067854,45.500555,0.0],[26.067928,45.500945,0.0],[26.067957,45.501235,0.0],[26.067914,45.501442,0.0],[26.067908,45.501619,0.0],[26.067958,45.501767,0.0],[26.068077,45.50201,0.0],[26.068067,45.502103,0.0],[26.067981,45.502267,0.0],[26.067936,45.502418,0.0],[26.068018,45.502574,0.0],[26.068222,45.502705,0.0],[26.068495,45.50278,0.0],[26.068858,45.502825,0.0],[26.069114,45.502829,0.0],[26.069425,45.502798,0.0],[26.069657,45.50279,0.0],[26.069753,45.502806,0.0],[26.069879,45.502856,0.0],[26.070002,45.50296,0.0],[26.070087,45.503064,0.0],[26.070191,45.503178,0.0],[26.070266,45.503344,0.0],[26.070293,45.503452,0.0],[26.070366,45.50362,0.0],[26.070457,45.503706,0.0],[26.070677,45.503835,0.0],[26.070799,45.503879,0.0],[26.070914,45.503948,0.0],[26.071134,45.504093,0.0],[26.071569,45.504426,0.0],[26.071802,45.50457,0.0],[26.072053,45.504753,0.0],[26.072171,45.504868,0.0],[26.072323,45.50508,0.0],[26.072588,45.505528,0.0],[26.072782,45.505691,0.0],[26.072957,45.505782,0.0],[26.073153,45.505813,0.0],[26.073302,45.505852,0.0],[26.073695,45.505945,0.0],[26.074074,45.505997,0.0],[26.074134,45.506017,0.0],[26.074255,45.506057,0.0],[26.074259,45.506061,0.0],[26.074267,45.506069,0.0],[26.074566,45.505765,0.0],[26.074916,45.505526,0.0],[26.075157,45.505333,0.0],[26.075344,45.505118,0.0],[26.075516,45.504964,0.0],[26.075976,45.504442,0.0],[26.076147,45.504288,0.0],[26.076395,45.504103,0.0],[26.07709,45.503778,0.0],[26.07737,45.50367,0.0],[26.077693,45.503496,0.0],[26.077802,45.503423,0.0],[26.077979,45.503269,0.0],[26.078101,45.5031,0.0],[26.078185,45.50287,0.0],[26.0782,45.502778,0.0],[26.078136,45.502427,0.0],[26.078096,45.502305,0.0],[26.078082,45.502015,0.0],[26.078042,45.501832,0.0],[26.078027,45.501572,0.0],[26.078085,45.501373,0.0],[26.078228,45.501112,0.0],[26.078292,45.501035,0.0],[26.07842,45.500927,0.0],[26.078667,45.500682,0.0],[26.078871,45.500531,0.0],[26.078966,45.50042,0.0],[26.079784,45.500006,0.0],[26.079854,45.499963,0.0],[26.079873,45.499946,0.0],[26.079921,45.499832,0.0],[26.079954,45.499794,0.0],[26.080011,45.499758,0.0],[26.080072,45.499695,0.0],[26.080116,45.499635,0.0],[26.080158,45.499528,0.0],[26.080262,45.499323,0.0],[26.080342,45.499201,0.0],[26.080431,45.499095,0.0],[26.080527,45.499012,0.0],[26.080596,45.498969,0.0],[26.080814,45.498867,0.0],[26.080891,45.49882,0.0],[26.08099,45.498735,0.0],[26.081081,45.498623,0.0],[26.081128,45.498578,0.0],[26.081229,45.498502,0.0],[26.081279,45.498476,0.0],[26.081369,45.498446,0.0],[26.081564,45.49844,0.0],[26.081738,45.49841,0.0],[26.081891,45.498365,0.0],[26.082022,45.498301,0.0],[26.082176,45.498167,0.0],[26.08245,45.497973,0.0],[26.082888,45.497753,0.0],[26.082964,45.497723,0.0],[26.083084,45.49769,0.0],[26.08315,45.497662,0.0],[26.08341,45.497487,0.0],[26.08373,45.497356,0.0],[26.08385,45.497313,0.0],[26.084003,45.497263,0.0],[26.084492,45.497126,0.0],[26.08482,45.497027,0.0],[26.084973,45.496973,0.0],[26.085104,45.49691,0.0],[26.085584,45.496728,0.0],[26.085934,45.496581,0.0],[26.086469,45.49637,0.0],[26.087113,45.496096,0.0],[26.087768,45.495865,0.0],[26.087987,45.49577,0.0],[26.08826,45.49561,0.0],[26.088335,45.495555,0.0],[26.088434,45.495461,0.0],[26.088555,45.495309,0.0],[26.088691,45.495111,0.0],[26.088812,45.494975,0.0],[26.088819,45.494914,0.0],[26.088801,45.494837,0.0],[26.088643,45.494492,0.0],[26.088626,45.49443,0.0],[26.088607,45.49437,0.0],[26.088593,45.494255,0.0],[26.08853,45.494094,0.0],[26.088525,45.494063,0.0],[26.088498,45.494021,0.0],[26.088449,45.493894,0.0],[26.088412,45.493837,0.0],[26.08832,45.493767,0.0],[26.088278,45.493719,0.0],[26.088257,45.493671,0.0],[26.088248,45.493541,0.0],[26.088235,45.493495,0.0],[26.088158,45.493364,0.0],[26.088065,45.493249,0.0],[26.088028,45.493172,0.0],[26.088029,45.493119,0.0],[26.088048,45.493081,0.0],[26.088095,45.493028,0.0],[26.088123,45.492967,0.0],[26.088138,45.492914,0.0],[26.088138,45.492875,0.0],[26.088131,45.492837,0.0],[26.088088,45.492753,0.0],[26.087987,45.492622,0.0],[26.087977,45.492591,0.0],[26.087978,45.492522,0.0],[26.087992,45.492492,0.0],[26.088033,45.492439,0.0],[26.088143,45.492356,0.0],[26.088171,45.492303,0.0],[26.088174,45.492257,0.0],[26.088156,45.492226,0.0],[26.088134,45.492209,0.0],[26.088083,45.492191,0.0],[26.088051,45.49217,0.0],[26.088022,45.49212,0.0],[26.087993,45.49203,0.0],[26.087996,45.492014,0.0],[26.088046,45.491979,0.0],[26.08819,45.491913,0.0],[26.088245,45.491881,0.0],[26.088325,45.491794,0.0],[26.088356,45.491739,0.0],[26.088373,45.491678,0.0],[26.088388,45.491372,0.0],[26.088446,45.491174,0.0],[26.088473,45.491128,0.0],[26.088562,45.49103,0.0],[26.088684,45.490863,0.0],[26.088827,45.490696,0.0],[26.08887,45.490635,0.0],[26.088955,45.490514,0.0],[26.089115,45.490317,0.0],[26.089176,45.49021,0.0],[26.089342,45.489982,0.0],[26.089411,45.489907,0.0],[26.089565,45.489778,0.0],[26.089742,45.489581,0.0],[26.08981,45.489528,0.0],[26.089884,45.489489,0.0],[26.090007,45.489436,0.0],[26.090149,45.489403,0.0],[26.090247,45.489389,0.0],[26.09029,45.489372,0.0],[26.090342,45.48934,0.0],[26.09037,45.489313,0.0],[26.09045,45.489217,0.0],[26.090486,45.489133,0.0],[26.090521,45.488988,0.0],[26.090552,45.488751,0.0],[26.090587,45.488584,0.0],[26.090612,45.488507,0.0],[26.090628,45.488393,0.0],[26.090672,45.488286,0.0],[26.090685,45.48818,0.0],[26.090696,45.488157,0.0],[26.090723,45.488012,0.0],[26.090831,45.487684,0.0],[26.090942,45.487517,0.0],[26.090959,45.487479,0.0],[26.091025,45.487388,0.0],[26.091039,45.48738,0.0],[26.091058,45.48735,0.0],[26.091144,45.487259,0.0],[26.091193,45.487191,0.0],[26.091368,45.487003,0.0],[26.091386,45.486978,0.0],[26.091516,45.486857,0.0],[26.091653,45.486761,0.0],[26.091771,45.486638,0.0],[26.091895,45.48654,0.0],[26.09195,45.486479,0.0],[26.091953,45.486456,0.0],[26.091975,45.486426,0.0],[26.091998,45.486373,0.0],[26.092031,45.486128,0.0],[26.09206,45.486006,0.0],[26.092088,45.485938,0.0],[26.092116,45.485908,0.0],[26.09217,45.485885,0.0],[26.092252,45.485876,0.0],[26.092328,45.48586,0.0],[26.092491,45.485846,0.0],[26.092589,45.485828,0.0],[26.092763,45.485818,0.0],[26.092916,45.485786,0.0],[26.092973,45.485775,0.0],[26.093013,45.485766,0.0],[26.093068,45.485738,0.0],[26.093134,45.485705,0.0],[26.093219,45.485627,0.0],[26.093316,45.485444,0.0],[26.093379,45.485254,0.0],[26.09346,45.485087,0.0],[26.093466,45.485064,0.0],[26.093461,45.485003,0.0],[26.09349,45.484926,0.0],[26.093522,45.484766,0.0],[26.093524,45.484644,0.0],[26.093532,45.484613,0.0],[26.093543,45.484606,0.0],[26.093558,45.48453,0.0],[26.093597,45.484446,0.0],[26.093678,45.484317,0.0],[26.093758,45.484236,0.0],[26.093851,45.484198,0.0],[26.093916,45.484194,0.0],[26.094024,45.484175,0.0],[26.094304,45.484109,0.0],[26.094573,45.484016,0.0],[26.094809,45.483909,0.0],[26.095109,45.483732,0.0],[26.095152,45.483702,0.0],[26.095255,45.483606,0.0],[26.095476,45.483426,0.0],[26.095534,45.483364,0.0],[26.095668,45.483187,0.0],[26.0957,45.483164,0.0],[26.095784,45.483079,0.0],[26.096013,45.482885,0.0],[26.096029,45.482862,0.0],[26.096103,45.482793,0.0],[26.096196,45.482736,0.0],[26.096315,45.482689,0.0],[26.096347,45.482685,0.0],[26.09639,45.48267,0.0],[26.096605,45.482642,0.0],[26.097011,45.482582,0.0],[26.097094,45.482551,0.0],[26.097133,45.482509,0.0],[26.097134,45.482506,0.0],[26.097175,45.482204,0.0],[26.097189,45.482172,0.0],[26.097211,45.482122,0.0],[26.097276,45.482069,0.0],[26.097387,45.482046,0.0],[26.097529,45.482055,0.0],[26.097786,45.482127,0.0],[26.098087,45.482177,0.0],[26.098196,45.482176,0.0],[26.09822,45.482168,0.0],[26.098303,45.482137,0.0],[26.098316,45.482132,0.0],[26.09837,45.482099,0.0],[26.098401,45.482051,0.0],[26.098403,45.481981,0.0],[26.098408,45.481861,0.0],[26.09841,45.481819,0.0],[26.098415,45.481669,0.0],[26.098417,45.481625,0.0],[26.098414,45.481609,0.0],[26.09839,45.481492,0.0],[26.098394,45.481481,0.0],[26.098424,45.4814,0.0],[26.098482,45.481332,0.0],[26.098577,45.481281,0.0],[26.098737,45.481247,0.0],[26.099014,45.481249,0.0],[26.099115,45.481232,0.0],[26.09948,45.481122,0.0],[26.099844,45.481105,0.0],[26.099983,45.481047,0.0],[26.100148,45.481001,0.0],[26.100373,45.48082,0.0],[26.10044,45.480785,0.0],[26.100524,45.480776,0.0],[26.100783,45.480789,0.0],[26.100872,45.480769,0.0],[26.100962,45.480716,0.0],[26.101135,45.480648,0.0],[26.101259,45.480615,0.0],[26.101377,45.480613,0.0],[26.101545,45.48063,0.0],[26.101687,45.480622,0.0],[26.101889,45.480588,0.0],[26.102513,45.480572,0.0],[26.102722,45.480545,0.0],[26.102828,45.480481,0.0],[26.102876,45.480368,0.0],[26.10289,45.480254,0.0],[26.102889,45.480215,0.0],[26.10288,45.480208,0.0],[26.102874,45.480162,0.0],[26.102851,45.480103,0.0],[26.10284,45.479995,0.0],[26.102848,45.479911,0.0],[26.102864,45.479899,0.0],[26.10289,45.479857,0.0],[26.10301,45.479748,0.0],[26.103109,45.479694,0.0],[26.103448,45.479577,0.0],[26.103556,45.479549,0.0],[26.103674,45.47951,0.0],[26.103727,45.479475,0.0],[26.103772,45.479432,0.0],[26.103806,45.479384,0.0],[26.103847,45.479277,0.0],[26.103879,45.479246,0.0],[26.103948,45.479203,0.0],[26.104005,45.47918,0.0],[26.104098,45.479153,0.0],[26.104104,45.479148,0.0],[26.104191,45.479139,0.0],[26.10431,45.4791,0.0],[26.104398,45.479072,0.0],[26.104491,45.47901,0.0],[26.104678,45.478867,0.0],[26.10478,45.478751,0.0],[26.10485,45.478637,0.0],[26.104977,45.478463,0.0],[26.105005,45.47844,0.0],[26.105791,45.478073,0.0],[26.10601,45.477966,0.0],[26.106297,45.477771,0.0],[26.106459,45.477715,0.0],[26.106708,45.477628,0.0],[26.107023,45.47762,0.0],[26.107394,45.477611,0.0],[26.107725,45.47762,0.0],[26.107984,45.477617,0.0],[26.108208,45.477558,0.0],[26.10839,45.477483,0.0],[26.10852,45.477365,0.0],[26.108662,45.477153,0.0],[26.108682,45.477092,0.0],[26.108721,45.477039,0.0],[26.108797,45.477003,0.0],[26.108895,45.476985,0.0],[26.109025,45.476976,0.0],[26.109026,45.476976,0.0],[26.109264,45.476954,0.0],[26.109546,45.476959,0.0],[26.109644,45.476952,0.0],[26.109752,45.476953,0.0],[26.109828,45.476965,0.0],[26.109936,45.477,0.0],[26.110041,45.477057,0.0],[26.110124,45.477117,0.0],[26.110183,45.477174,0.0],[26.110231,45.477202,0.0],[26.11032,45.477271,0.0],[26.110489,45.477383,0.0],[26.110624,45.477436,0.0],[26.110734,45.47746,0.0],[26.110824,45.477459,0.0],[26.110878,45.477452,0.0],[26.110954,45.477437,0.0],[26.111194,45.477374,0.0],[26.111303,45.477358,0.0],[26.111357,45.477359,0.0],[26.111668,45.477392,0.0],[26.111801,45.477393,0.0],[26.111877,45.477383,0.0],[26.112019,45.477346,0.0],[26.112073,45.477325,0.0],[26.112211,45.477229,0.0],[26.112315,45.477167,0.0],[26.11238,45.477141,0.0],[26.112413,45.477137,0.0],[26.112553,45.477175,0.0],[26.112874,45.477317,0.0],[26.112963,45.477345,0.0],[26.112984,45.477345,0.0],[26.113137,45.477295,0.0],[26.113235,45.477246,0.0],[26.11352,45.477075,0.0],[26.113837,45.476931,0.0],[26.114099,45.476823,0.0],[26.114176,45.476783,0.0],[26.114263,45.476727,0.0],[26.114365,45.476629,0.0],[26.114467,45.476523,0.0],[26.114497,45.476506,0.0],[26.11456,45.476487,0.0],[26.114669,45.476477,0.0],[26.11481,45.47648,0.0],[26.114994,45.476503,0.0],[26.115004,45.476508,0.0],[26.115004,45.47652,0.0],[26.11501,45.476514,0.0],[26.115298,45.476635,0.0],[26.115503,45.47669,0.0],[26.115625,45.476703,0.0],[26.115701,45.476696,0.0],[26.11582,45.476703,0.0],[26.116156,45.476731,0.0],[26.116264,45.476751,0.0],[26.116351,45.476774,0.0],[26.116488,45.476844,0.0],[26.116619,45.476951,0.0],[26.116721,45.47702,0.0],[26.116863,45.477105,0.0],[26.116953,45.477135,0.0],[26.117012,45.477136,0.0],[26.117121,45.477117,0.0],[26.117219,45.477084,0.0],[26.117328,45.477032,0.0],[26.117558,45.476938,0.0],[26.117601,45.476927,0.0],[26.117688,45.476928,0.0],[26.117764,45.476946,0.0],[26.117793,45.476959,0.0],[26.117989,45.477087,0.0],[26.118537,45.477146,0.0],[26.118777,45.477102,0.0],[26.118927,45.476978,0.0],[26.11918,45.47666,0.0],[26.119481,45.476433,0.0],[26.119782,45.47632,0.0],[26.120577,45.47615,0.0],[26.120984,45.476114,0.0],[26.121135,45.476152,0.0],[26.121666,45.476285,0.0],[26.123495,45.476157,0.0],[26.123931,45.476086,0.0],[26.124369,45.475933,0.0],[26.124645,45.475714,0.0],[26.124791,45.475359,0.0],[26.124816,45.475144,0.0],[26.124858,45.475055,0.0],[26.12487,45.474773,0.0],[26.124871,45.474712,0.0],[26.124882,45.474689,0.0],[26.124881,45.47462,0.0],[26.124895,45.474582,0.0],[26.124898,45.474537,0.0],[26.124929,45.474483,0.0],[26.124943,45.474468,0.0],[26.124996,45.474425,0.0],[26.125031,45.474411,0.0],[26.125094,45.474409,0.0],[26.125126,45.474415,0.0],[26.125191,45.47445,0.0],[26.125278,45.474473,0.0],[26.125386,45.474481,0.0],[26.125516,45.474482,0.0],[26.125636,45.474471,0.0],[26.125832,45.47443,0.0],[26.125995,45.474369,0.0],[26.126093,45.474308,0.0],[26.126139,45.474265,0.0],[26.12618,45.474206,0.0],[26.126246,45.474137,0.0],[26.126382,45.474031,0.0],[26.126429,45.473985,0.0],[26.126451,45.473955,0.0],[26.126464,45.473916,0.0],[26.126493,45.473764,0.0],[26.126517,45.473726,0.0],[26.126558,45.473688,0.0],[26.12661,45.473667,0.0],[26.126689,45.473665,0.0],[26.126808,45.473681,0.0],[26.126884,45.473674,0.0],[26.126971,45.473655,0.0],[26.12721,45.473572,0.0],[26.127477,45.473504,0.0],[26.127743,45.473436,0.0],[26.127917,45.473363,0.0],[26.128222,45.473159,0.0],[26.128441,45.472977,0.0],[26.128607,45.472863,0.0],[26.128653,45.472817,0.0],[26.128741,45.472749,0.0],[26.128847,45.472635,0.0],[26.129172,45.472338,0.0],[26.129387,45.472188,0.0],[26.129508,45.472072,0.0],[26.129704,45.47196,0.0],[26.129839,45.471905,0.0],[26.129957,45.471858,0.0],[26.130218,45.471777,0.0],[26.13037,45.471696,0.0],[26.130697,45.471569,0.0],[26.130914,45.471476,0.0],[26.131121,45.471368,0.0],[26.131317,45.471302,0.0],[26.131458,45.471264,0.0],[26.131643,45.471194,0.0],[26.13173,45.471156,0.0],[26.131736,45.471145,0.0],[26.131763,45.471139,0.0],[26.131796,45.471122,0.0],[26.131959,45.47102,0.0],[26.132019,45.47097,0.0],[26.132131,45.470856,0.0],[26.132183,45.47082,0.0],[26.132224,45.47078,0.0],[26.132257,45.470735,0.0],[26.13226,45.470704,0.0],[26.132276,45.470666,0.0],[26.132306,45.470635,0.0],[26.132402,45.470567,0.0],[26.132435,45.470521,0.0],[26.132454,45.470476,0.0],[26.132438,45.470369,0.0],[26.132474,45.470254,0.0],[26.13254,45.47014,0.0],[26.132639,45.470003,0.0],[26.132843,45.469836,0.0],[26.133173,45.469678,0.0],[26.133314,45.469643,0.0],[26.133401,45.469601,0.0],[26.133802,45.469325,0.0],[26.133886,45.469263,0.0],[26.133963,45.469191,0.0],[26.134089,45.469031,0.0],[26.134206,45.468843,0.0],[26.13422,45.46881,0.0],[26.134245,45.468779,0.0],[26.134338,45.468696,0.0],[26.134477,45.46861,0.0],[26.134692,45.46843,0.0],[26.134823,45.468331,0.0],[26.135136,45.468166,0.0],[26.135321,45.46809,0.0],[26.135387,45.468056,0.0],[26.13561,45.467895,0.0],[26.135779,45.467786,0.0],[26.136087,45.46753,0.0],[26.136371,45.467334,0.0],[26.136529,45.467233,0.0],[26.136673,45.467156,0.0],[26.136749,45.467126,0.0],[26.136912,45.467078,0.0],[26.137119,45.467001,0.0],[26.137249,45.466967,0.0],[26.13738,45.466945,0.0],[26.137478,45.46689,0.0],[26.13765,45.466753,0.0],[26.137925,45.466605,0.0],[26.138305,45.466463,0.0],[26.138447,45.466425,0.0],[26.138512,45.466397,0.0],[26.13861,45.466371,0.0],[26.138708,45.466335,0.0],[26.138768,45.466285,0.0],[26.1388,45.466245,0.0],[26.138883,45.466116,0.0],[26.138921,45.466032,0.0],[26.13899,45.465948,0.0],[26.139047,45.465903,0.0],[26.139107,45.46587,0.0],[26.139183,45.465855,0.0],[26.13927,45.465856,0.0],[26.139454,45.465847,0.0],[26.139682,45.465808,0.0],[26.139747,45.465808,0.0],[26.139932,45.465835,0.0],[26.139997,45.465836,0.0],[26.14017,45.465851,0.0],[26.140279,45.465854,0.0],[26.140377,45.465831,0.0],[26.140409,45.465814,0.0],[26.140459,45.465774,0.0],[26.140505,45.465702,0.0],[26.140533,45.465618,0.0],[26.140533,45.465503,0.0],[26.140523,45.465465,0.0],[26.140529,45.465358,0.0],[26.140587,45.465236,0.0],[26.140625,45.465191,0.0],[26.140674,45.465154,0.0],[26.140783,45.465107,0.0],[26.140957,45.465066,0.0],[26.141055,45.465032,0.0],[26.141196,45.464958,0.0],[26.141245,45.464922,0.0],[26.141349,45.464869,0.0],[26.141458,45.464802,0.0],[26.141577,45.464776,0.0],[26.141621,45.46478,0.0],[26.141642,45.464776,0.0],[26.141661,45.464763,0.0],[26.141723,45.46466,0.0],[26.141784,45.464624,0.0],[26.141801,45.464595,0.0],[26.141807,45.46455,0.0],[26.141761,45.464442,0.0],[26.141675,45.46432,0.0],[26.141646,45.46419,0.0],[26.141658,45.464007,0.0],[26.141686,45.463953,0.0],[26.141711,45.463877,0.0],[26.14176,45.463847,0.0],[26.141822,45.463843,0.0],[26.14206,45.46389,0.0],[26.142223,45.463908,0.0],[26.142277,45.463908,0.0],[26.142397,45.463895,0.0],[26.142484,45.463859,0.0],[26.142579,45.463771,0.0],[26.142659,45.463663,0.0],[26.142758,45.463465,0.0],[26.142867,45.463343,0.0],[26.142946,45.463236,0.0],[26.143105,45.462977,0.0],[26.143133,45.462855,0.0],[26.143134,45.462794,0.0],[26.143123,45.462763,0.0],[26.143061,45.462671,0.0],[26.143029,45.462595,0.0],[26.142924,45.462476,0.0],[26.14287,45.46239,0.0],[26.142871,45.462335,0.0],[26.142885,45.462281,0.0],[26.142934,45.462205,0.0],[26.143103,45.462053,0.0],[26.143272,45.461924,0.0],[26.143373,45.461825,0.0],[26.143468,45.461781,0.0],[26.143566,45.461759,0.0],[26.143686,45.461681,0.0],[26.143773,45.461664,0.0],[26.143816,45.461645,0.0],[26.143914,45.461622,0.0],[26.143969,45.461604,0.0],[26.144042,45.461564,0.0],[26.14411,45.46153,0.0],[26.14423,45.461482,0.0],[26.144469,45.461441,0.0],[26.144567,45.461407,0.0],[26.14461,45.461383,0.0],[26.144703,45.461295,0.0],[26.14499,45.460968,0.0],[26.145167,45.460816,0.0],[26.145331,45.460704,0.0],[26.145478,45.46062,0.0],[26.145728,45.460518,0.0],[26.145967,45.460481,0.0],[26.146021,45.46046,0.0],[26.146079,45.460412,0.0],[26.146145,45.460281,0.0],[26.146186,45.460235,0.0],[26.14624,45.460199,0.0],[26.146354,45.46014,0.0],[26.146491,45.460038,0.0],[26.14651,45.460019,0.0],[26.146535,45.459961,0.0],[26.146546,45.459923,0.0],[26.14654,45.459885,0.0],[26.146498,45.459793,0.0],[26.146473,45.459764,0.0],[26.146444,45.459743,0.0],[26.146422,45.459709,0.0],[26.146412,45.459655,0.0],[26.146415,45.459606,0.0],[26.146382,45.459569,0.0],[26.146366,45.459525,0.0],[26.14638,45.459441,0.0],[26.146435,45.459358,0.0],[26.146492,45.459329,0.0],[26.14669,45.459359,0.0],[26.146777,45.459349,0.0],[26.146831,45.459329,0.0],[26.146902,45.459275,0.0],[26.146954,45.459211,0.0],[26.14699,45.45918,0.0],[26.147107,45.45911,0.0],[26.14723,45.459015,0.0],[26.147322,45.458979,0.0],[26.147355,45.458958,0.0],[26.147527,45.458794,0.0],[26.147828,45.458677,0.0],[26.148057,45.458626,0.0],[26.148187,45.458596,0.0],[26.148231,45.458576,0.0],[26.148269,45.458547,0.0],[26.148332,45.458481,0.0],[26.14837,45.458391,0.0],[26.148417,45.458337,0.0],[26.148434,45.458299,0.0],[26.148532,45.458247,0.0],[26.148624,45.45823,0.0],[26.148765,45.458223,0.0],[26.149058,45.458131,0.0],[26.149113,45.4581,0.0],[26.149186,45.458045,0.0],[26.149363,45.45795,0.0],[26.149488,45.45784,0.0],[26.149575,45.457781,0.0],[26.14961,45.457768,0.0],[26.149624,45.457754,0.0],[26.149733,45.457695,0.0],[26.14982,45.457635,0.0],[26.149907,45.457591,0.0],[26.150048,45.457542,0.0],[26.150265,45.457516,0.0],[26.150384,45.457487,0.0],[26.15046,45.457463,0.0],[26.150512,45.457436,0.0],[26.150515,45.457421,0.0],[26.150493,45.457394,0.0],[26.150363,45.457325,0.0],[26.15032,45.45731,0.0],[26.150255,45.457252,0.0],[26.150147,45.457177,0.0],[26.150061,45.457095,0.0],[26.15002,45.457045,0.0],[26.149858,45.456892,0.0],[26.149707,45.456773,0.0],[26.149623,45.45675,0.0],[26.149561,45.456761,0.0],[26.149479,45.456788,0.0],[26.149395,45.456793,0.0],[26.149367,45.45678,0.0],[26.149319,45.456757,0.0],[26.14931,45.456753,0.0],[26.149295,45.45674,0.0],[26.14927,45.456738,0.0],[26.14923,45.45669,0.0],[26.149197,45.456619,0.0],[26.149157,45.456442,0.0],[26.149163,45.45635,0.0],[26.149234,45.456282,0.0],[26.149275,45.456221,0.0],[26.149294,45.456159,0.0],[26.149392,45.456045,0.0],[26.149469,45.455996,0.0],[26.149572,45.455954,0.0],[26.149637,45.455916,0.0],[26.149811,45.455785,0.0],[26.149952,45.455715,0.0],[26.150099,45.455606,0.0],[26.150224,45.455544,0.0],[26.150268,45.455513,0.0],[26.150312,45.45547,0.0],[26.150652,45.455175,0.0],[26.150679,45.455137,0.0],[26.150687,45.455068,0.0],[26.15065,45.454915,0.0],[26.150612,45.454793,0.0],[26.150537,45.454632,0.0],[26.150521,45.454548,0.0],[26.150533,45.454449,0.0],[26.150554,45.454411,0.0],[26.150641,45.454342,0.0],[26.150802,45.454183,0.0],[26.150947,45.453992,0.0],[26.150977,45.453931,0.0],[26.151029,45.453855,0.0],[26.151067,45.453763,0.0],[26.151097,45.453626,0.0],[26.151114,45.453588,0.0],[26.151133,45.453481,0.0],[26.151161,45.453413,0.0],[26.151177,45.45329,0.0],[26.151194,45.453237,0.0],[26.151257,45.453146,0.0],[26.151341,45.453054,0.0],[26.151393,45.45297,0.0],[26.151401,45.452894,0.0],[26.151396,45.452871,0.0],[26.151331,45.452772,0.0],[26.151223,45.452655,0.0],[26.151167,45.452573,0.0],[26.151143,45.452519,0.0],[26.151143,45.452489,0.0],[26.151189,45.452382,0.0],[26.151195,45.452313,0.0],[26.151241,45.452214,0.0],[26.151291,45.452146,0.0],[26.15134,45.452054,0.0],[26.151351,45.452016,0.0],[26.151351,45.451932,0.0],[26.15137,45.451871,0.0],[26.151433,45.451787,0.0],[26.151488,45.451741,0.0],[26.151596,45.451669,0.0],[26.151629,45.451645,0.0],[26.151713,45.451544,0.0],[26.151735,45.451498,0.0],[26.151735,45.45146,0.0],[26.151717,45.451421,0.0],[26.151692,45.451398,0.0],[26.151614,45.451347,0.0],[26.151576,45.451333,0.0],[26.151516,45.451297,0.0],[26.151481,45.451264,0.0],[26.151465,45.451232,0.0],[26.151461,45.45094,0.0],[26.151472,45.450879,0.0],[26.151494,45.450802,0.0],[26.151552,45.450696,0.0],[26.151644,45.450597,0.0],[26.151815,45.450467,0.0],[26.151856,45.450406,0.0],[26.151857,45.450368,0.0],[26.15184,45.45033,0.0],[26.151814,45.450299,0.0],[26.151689,45.450196,0.0],[26.151668,45.450139,0.0],[26.151643,45.4501,0.0],[26.151541,45.45001,0.0],[26.151454,45.449951,0.0],[26.15136,45.449863,0.0],[26.15129,45.449786,0.0],[26.151254,45.449737,0.0],[26.151206,45.449635,0.0],[26.151196,45.449557,0.0],[26.151142,45.449404,0.0],[26.151107,45.44932,0.0],[26.151045,45.449213,0.0],[26.150972,45.449159,0.0],[26.150826,45.449096,0.0],[26.150745,45.449029,0.0],[26.150572,45.448929,0.0],[26.150513,45.448877,0.0],[26.150456,45.448803,0.0],[26.150413,45.448688,0.0],[26.150413,45.448589,0.0],[26.150484,45.448467,0.0],[26.150531,45.448414,0.0],[26.150591,45.44836,0.0],[26.15061,45.448322,0.0],[26.1506,45.448078,0.0],[26.150587,45.447986,0.0],[26.15057,45.447933,0.0],[26.150565,45.447902,0.0],[26.150512,45.447765,0.0],[26.150436,45.44765,0.0],[26.150401,45.44761,0.0],[26.150372,45.447592,0.0],[26.150323,45.447539,0.0],[26.15028,45.447506,0.0],[26.150031,45.447376,0.0],[26.14992,45.447284,0.0],[26.149866,45.447213,0.0],[26.149847,45.447163,0.0],[26.149842,45.447058,0.0],[26.149839,45.446873,0.0],[26.149839,45.446873,0.0],[26.149838,45.446789,0.0],[26.149844,45.446598,0.0],[26.149864,45.446514,0.0],[26.149897,45.446423,0.0],[26.149965,45.44627,0.0],[26.149995,45.446133,0.0],[26.149995,45.446133,0.0],[26.150039,45.445988,0.0],[26.150073,45.445782,0.0],[26.150103,45.445683,0.0],[26.150098,45.44567,0.0],[26.15018,45.445508,0.0],[26.150253,45.445424,0.0],[26.15037,45.445317,0.0],[26.150438,45.445226,0.0],[26.150477,45.445134,0.0],[26.150504,45.444982,0.0],[26.150521,45.444936,0.0],[26.150545,45.444898,0.0],[26.150597,45.444852,0.0],[26.150633,45.444833,0.0],[26.150725,45.444809,0.0],[26.150785,45.444765,0.0],[26.150817,45.444723,0.0],[26.150872,45.444563,0.0],[26.150899,45.444525,0.0],[26.150962,45.444472,0.0],[26.151019,45.444447,0.0],[26.151139,45.444419,0.0],[26.15128,45.444369,0.0],[26.151375,45.444325,0.0],[26.151421,45.444309,0.0],[26.151486,45.444275,0.0],[26.151606,45.444195,0.0],[26.151747,45.444123,0.0],[26.151834,45.444067,0.0],[26.151899,45.444022,0.0],[26.151962,45.443963,0.0],[26.152014,45.443894,0.0],[26.152057,45.443803,0.0],[26.152074,45.443704,0.0],[26.152072,45.44352,0.0],[26.152083,45.443436,0.0],[26.152076,45.443329,0.0],[26.152011,45.443154,0.0],[26.151944,45.443039,0.0],[26.151863,45.442947,0.0],[26.151769,45.442872,0.0],[26.151706,45.442809,0.0],[26.151644,45.442765,0.0],[26.151493,45.442681,0.0],[26.151157,45.442539,0.0],[26.151103,45.442504,0.0],[26.151068,45.442462,0.0],[26.150961,45.442173,0.0],[26.150942,45.442059,0.0],[26.150907,45.441975,0.0],[26.1509,45.441875,0.0],[26.150905,45.44183,0.0],[26.150944,45.441753,0.0],[26.15099,45.441692,0.0],[26.151042,45.441647,0.0],[26.151113,45.441548,0.0],[26.151143,45.441487,0.0],[26.151146,45.441433,0.0],[26.151094,45.441361,0.0],[26.151051,45.441317,0.0],[26.150938,45.441217,0.0],[26.150811,45.441121,0.0],[26.150673,45.440959,0.0],[26.150627,45.440844,0.0],[26.150628,45.44079,0.0],[26.150654,45.440677,0.0],[26.150664,45.440615,0.0],[26.150691,45.440554,0.0],[26.150738,45.440485,0.0],[26.150765,45.440409,0.0],[26.150765,45.440264,0.0],[26.15079,45.440134,0.0],[26.150791,45.439989,0.0],[26.150772,45.439913,0.0],[26.150716,45.439775,0.0],[26.150682,45.439584,0.0],[26.150715,45.43947,0.0],[26.15072,45.439409,0.0],[26.150699,45.439248,0.0],[26.150662,45.439126,0.0],[26.150619,45.439042,0.0],[26.150582,45.438882,0.0],[26.150533,45.43879,0.0],[26.15049,45.438668,0.0],[26.150458,45.438614,0.0],[26.150442,45.438568,0.0],[26.150423,45.438423,0.0],[26.150376,45.438248,0.0],[26.150327,45.438087,0.0],[26.150301,45.437957,0.0],[26.150274,45.437898,0.0],[26.150258,45.437804,0.0],[26.150248,45.43769,0.0],[26.150297,45.4375,0.0],[26.150297,45.43746,0.0],[26.150196,45.437329,0.0],[26.150055,45.437053,0.0],[26.150055,45.437053,0.0],[26.150021,45.436976,0.0],[26.149986,45.436846,0.0],[26.14996,45.436793,0.0],[26.149912,45.436725,0.0],[26.149827,45.436635,0.0],[26.149724,45.436495,0.0],[26.1497,45.436447,0.0],[26.149631,45.436271,0.0],[26.149622,45.436171,0.0],[26.149614,45.436156,0.0],[26.149608,45.436034,0.0],[26.14959,45.435975,0.0],[26.149581,45.435881,0.0],[26.149583,45.435797,0.0],[26.149597,45.435767,0.0],[26.149606,45.435698,0.0],[26.149624,45.435645,0.0],[26.149642,45.435508,0.0],[26.149629,45.43521,0.0],[26.14963,45.435019,0.0],[26.14964,45.434913,0.0],[26.149673,45.434745,0.0],[26.149673,45.434745,0.0],[26.149802,45.434243,0.0],[26.149832,45.43406,0.0],[26.149855,45.433999,0.0],[26.149934,45.433672,0.0],[26.149934,45.433671,0.0],[26.149955,45.433595,0.0],[26.149971,45.433481,0.0],[26.150046,45.433238,0.0],[26.150044,45.433215,0.0],[26.150113,45.432979,0.0],[26.150137,45.432849,0.0],[26.150205,45.432583,0.0],[26.150259,45.432431,0.0],[26.150323,45.43221,0.0],[26.150374,45.432096,0.0],[26.15046,45.43186,0.0],[26.150513,45.43164,0.0],[26.150636,45.431305,0.0],[26.15079,45.431032,0.0],[26.150895,45.430781,0.0],[26.150976,45.430637,0.0],[26.150974,45.430599,0.0],[26.151003,45.430515,0.0],[26.151035,45.430256,0.0],[26.151019,45.42995,0.0],[26.151024,45.429882,0.0],[26.151023,45.429714,0.0],[26.151005,45.429668,0.0],[26.15096,45.429608,0.0],[26.150924,45.42953,0.0],[26.150906,45.429446,0.0],[26.150905,45.429377,0.0],[26.150875,45.429262,0.0],[26.150864,45.429247,0.0],[26.150829,45.429109,0.0],[26.150815,45.429094,0.0],[26.15079,45.429027,0.0],[26.150757,45.428903,0.0],[26.150712,45.428811,0.0],[26.150689,45.428734,0.0],[26.150699,45.428665,0.0],[26.150728,45.428582,0.0],[26.150756,45.428536,0.0],[26.150765,45.428483,0.0],[26.150765,45.428452,0.0],[26.15074,45.428361,0.0],[26.15068,45.428238,0.0],[26.15063,45.428161,0.0],[26.150553,45.428061,0.0],[26.150391,45.427886,0.0],[26.150335,45.427807,0.0],[26.150259,45.427662,0.0],[26.150119,45.427355,0.0],[26.150104,45.427302,0.0],[26.150101,45.427156,0.0],[26.150119,45.427065,0.0],[26.150133,45.42689,0.0],[26.15016,45.426753,0.0],[26.150154,45.426646,0.0],[26.150134,45.426554,0.0],[26.150077,45.426393,0.0],[26.149921,45.426073,0.0],[26.149921,45.426073,0.0],[26.149744,45.425688,0.0],[26.149692,45.425543,0.0],[26.149567,45.42529,0.0],[26.14952,45.425175,0.0],[26.149388,45.424975,0.0],[26.149243,45.424791,0.0],[26.149057,45.424598,0.0],[26.148838,45.424411,0.0],[26.148595,45.42417,0.0],[26.148561,45.424128,0.0],[26.148425,45.424004,0.0],[26.148364,45.423929,0.0],[26.14832,45.42382,0.0],[26.148268,45.423728,0.0],[26.148234,45.423621,0.0],[26.148223,45.423514,0.0],[26.148224,45.42343,0.0],[26.148239,45.423385,0.0],[26.148234,45.423354,0.0],[26.148251,45.423301,0.0],[26.148268,45.423141,0.0],[26.148286,45.423065,0.0],[26.148293,45.422981,0.0],[26.148289,45.422866,0.0],[26.148331,45.422691,0.0],[26.148371,45.422585,0.0],[26.14836,45.422554,0.0],[26.148374,45.422424,0.0],[26.14843,45.422257,0.0],[26.148434,45.422227,0.0],[26.148451,45.422204,0.0],[26.148491,45.422105,0.0],[26.148561,45.421991,0.0],[26.148578,45.421946,0.0],[26.148623,45.42187,0.0],[26.14865,45.421839,0.0],[26.148692,45.421815,0.0],[26.148749,45.421791,0.0],[26.148809,45.421776,0.0],[26.148836,45.421757,0.0],[26.148872,45.421718,0.0],[26.148882,45.421632,0.0],[26.148856,45.421578,0.0],[26.148822,45.421534,0.0],[26.148776,45.421497,0.0],[26.148717,45.421468,0.0],[26.148544,45.421419,0.0],[26.148394,45.421362,0.0],[26.148221,45.421315,0.0],[26.148103,45.42127,0.0],[26.148006,45.421246,0.0],[26.147898,45.42121,0.0],[26.147823,45.421158,0.0],[26.147663,45.421004,0.0],[26.147518,45.420915,0.0],[26.147357,45.420856,0.0],[26.147314,45.420835,0.0],[26.146947,45.420705,0.0],[26.146743,45.420616,0.0],[26.146682,45.420575,0.0],[26.146597,45.420481,0.0],[26.14649,45.420386,0.0],[26.146407,45.420332,0.0],[26.146332,45.420295,0.0],[26.146288,45.420278,0.0],[26.146224,45.420263,0.0],[26.146094,45.420253,0.0],[26.145986,45.420214,0.0],[26.145684,45.420121,0.0],[26.145609,45.420084,0.0],[26.145489,45.419993,0.0],[26.145425,45.419928,0.0],[26.145367,45.419849,0.0],[26.145357,45.419797,0.0],[26.145368,45.41963,0.0],[26.145388,45.419569,0.0],[26.145406,45.419401,0.0],[26.145417,45.419218,0.0],[26.145388,45.418997,0.0],[26.145383,45.418836,0.0],[26.145361,45.418737,0.0],[26.145309,45.418599,0.0],[26.145272,45.41853,0.0],[26.145275,45.418393,0.0],[26.145308,45.418202,0.0],[26.145313,45.418088,0.0],[26.145346,45.417943,0.0],[26.145354,45.417936,0.0],[26.145353,45.417867,0.0],[26.145329,45.41783,0.0],[26.145243,45.417774,0.0],[26.145106,45.417735,0.0],[26.144965,45.417722,0.0],[26.144922,45.417712,0.0],[26.144852,45.417667,0.0],[26.144818,45.417623,0.0],[26.1448,45.417558,0.0],[26.144802,45.417434,0.0],[26.144837,45.417328,0.0],[26.144899,45.417199,0.0],[26.144898,45.41713,0.0],[26.144841,45.416977,0.0],[26.144767,45.416892,0.0],[26.14477,45.416869,0.0],[26.144817,45.416816,0.0],[26.144815,45.416801,0.0],[26.14478,45.41677,0.0],[26.144691,45.416727,0.0],[26.144659,45.4167,0.0],[26.144618,45.416673,0.0],[26.144616,45.416654,0.0],[26.144589,45.416631,0.0],[26.144563,45.416579,0.0],[26.144505,45.416506,0.0],[26.144467,45.416483,0.0],[26.144416,45.416471,0.0],[26.144308,45.416428,0.0],[26.144268,45.416384,0.0],[26.144258,45.41634,0.0],[26.144264,45.416278,0.0],[26.144337,45.416119,0.0],[26.14435,45.415996,0.0],[26.144367,45.415958,0.0],[26.144419,45.415905,0.0],[26.144439,45.415875,0.0],[26.144473,45.415768,0.0],[26.144468,45.415723,0.0],[26.144442,45.415678,0.0],[26.144405,45.415642,0.0],[26.144233,45.415533,0.0],[26.144192,45.415519,0.0],[26.144091,45.415444,0.0],[26.144067,45.415411,0.0],[26.144049,45.41536,0.0],[26.144047,45.415268,0.0],[26.144072,45.415092,0.0],[26.144128,45.414963,0.0],[26.144245,45.414773,0.0],[26.144309,45.41469,0.0],[26.144386,45.414568,0.0],[26.144437,45.414431,0.0],[26.144457,45.414401,0.0],[26.144464,45.414263,0.0],[26.144476,45.41421,0.0],[26.14449,45.414172,0.0],[26.144556,45.414088,0.0],[26.144617,45.41389,0.0],[26.144668,45.413562,0.0],[26.144688,45.413494,0.0],[26.144721,45.413448,0.0],[26.144845,45.413342,0.0],[26.144872,45.413304,0.0],[26.144892,45.413251,0.0],[26.144901,45.413197,0.0],[26.144897,45.413136,0.0],[26.144836,45.412937,0.0],[26.144804,45.41283,0.0],[26.144757,45.412723,0.0],[26.144752,45.412677,0.0],[26.14477,45.412616,0.0],[26.144831,45.412502,0.0],[26.14486,45.412387,0.0],[26.144891,45.412311,0.0],[26.144946,45.412243,0.0],[26.14502,45.412175,0.0],[26.145083,45.412129,0.0],[26.145245,45.412043,0.0],[26.145308,45.411998,0.0],[26.145341,45.411956,0.0],[26.145358,45.411903,0.0],[26.145354,45.411826,0.0],[26.145341,45.411803,0.0],[26.145244,45.411711,0.0],[26.145164,45.411649,0.0],[26.145087,45.41156,0.0],[26.144988,45.411468,0.0],[26.144922,45.411372,0.0],[26.144894,45.411287,0.0],[26.144882,45.411195,0.0],[26.144885,45.411127,0.0],[26.144921,45.410936,0.0],[26.144963,45.410822,0.0],[26.145036,45.4107,0.0],[26.145118,45.410609,0.0],[26.145338,45.41042,0.0],[26.145415,45.410345,0.0],[26.145509,45.410223,0.0],[26.145534,45.41017,0.0],[26.14554,45.410132,0.0],[26.145528,45.410093,0.0],[26.145456,45.409971,0.0],[26.145407,45.409835,0.0],[26.145405,45.409802,0.0],[26.145416,45.409756,0.0],[26.145478,45.409635,0.0],[26.14554,45.409475,0.0],[26.145604,45.409216,0.0],[26.145634,45.40914,0.0],[26.145666,45.409056,0.0],[26.145823,45.408874,0.0],[26.145875,45.408836,0.0],[26.146006,45.408761,0.0],[26.146219,45.408681,0.0],[26.146566,45.408638,0.0],[26.146664,45.408639,0.0],[26.146988,45.408661,0.0],[26.147213,45.408689,0.0],[26.147527,45.408713,0.0],[26.147692,45.408721,0.0],[26.1478,45.408716,0.0],[26.147854,45.408703,0.0],[26.147942,45.408652,0.0],[26.147996,45.408634,0.0],[26.148018,45.408636,0.0],[26.148083,45.408619,0.0],[26.148127,45.408619,0.0],[26.148224,45.408605,0.0],[26.148572,45.408511,0.0],[26.148747,45.408451,0.0],[26.148855,45.408433,0.0],[26.148997,45.4084,0.0],[26.149203,45.408381,0.0],[26.149289,45.408382,0.0],[26.149408,45.408396,0.0],[26.14957,45.408432,0.0],[26.1497,45.408471,0.0],[26.149786,45.408487,0.0],[26.14984,45.408484,0.0],[26.149978,45.408489,0.0],[26.150046,45.408467,0.0],[26.150134,45.408424,0.0],[26.150406,45.408334,0.0],[26.150548,45.408251,0.0],[26.150668,45.408197,0.0],[26.150755,45.408167,0.0],[26.150864,45.408141,0.0],[26.151277,45.408035,0.0],[26.151353,45.408028,0.0],[26.151549,45.407987,0.0],[26.151744,45.407964,0.0],[26.151885,45.407969,0.0],[26.152048,45.407954,0.0],[26.152244,45.407894,0.0],[26.152331,45.407853,0.0],[26.15244,45.407787,0.0],[26.152531,45.407713,0.0],[26.152625,45.407609,0.0],[26.152655,45.407556,0.0],[26.152678,45.407487,0.0],[26.152679,45.407442,0.0],[26.152643,45.407289,0.0],[26.152651,45.407151,0.0],[26.15263,45.407084,0.0],[26.152606,45.406914,0.0],[26.152618,45.406815,0.0],[26.152635,45.406769,0.0],[26.152755,45.406556,0.0],[26.152855,45.406412,0.0],[26.15296,45.406298,0.0],[26.15324,45.406026,0.0],[26.153411,45.405844,0.0],[26.153581,45.4057,0.0],[26.153801,45.405496,0.0],[26.153848,45.405435,0.0],[26.153973,45.40523,0.0],[26.154034,45.405146,0.0],[26.154088,45.405093,0.0],[26.154213,45.404965,0.0],[26.15432,45.404882,0.0],[26.154347,45.404844,0.0],[26.154419,45.404775,0.0],[26.154564,45.404662,0.0],[26.154682,45.404585,0.0],[26.154854,45.404489,0.0],[26.155137,45.404394,0.0],[26.155224,45.404382,0.0],[26.155376,45.404381,0.0],[26.155527,45.404363,0.0],[26.155755,45.404377,0.0],[26.155892,45.404407,0.0],[26.155992,45.404442,0.0],[26.156126,45.404506,0.0],[26.156204,45.404566,0.0],[26.156217,45.404572,0.0],[26.156246,45.404604,0.0],[26.156309,45.404659,0.0],[26.15633,45.404698,0.0],[26.156379,45.404736,0.0],[26.156422,45.404754,0.0],[26.156449,45.404752,0.0],[26.156457,45.404763,0.0],[26.156538,45.40477,0.0],[26.156668,45.404775,0.0],[26.157069,45.404753,0.0],[26.157439,45.404676,0.0],[26.157558,45.404642,0.0],[26.157722,45.404579,0.0],[26.157776,45.40455,0.0],[26.158059,45.404461,0.0],[26.158138,45.40445,0.0],[26.158157,45.404441,0.0],[26.158298,45.404411,0.0],[26.158342,45.40441,0.0],[26.158526,45.404379,0.0],[26.158548,45.404383,0.0],[26.158657,45.404364,0.0],[26.158728,45.404313,0.0],[26.158772,45.404264,0.0],[26.158811,45.404201,0.0],[26.158855,45.404156,0.0],[26.158942,45.404099,0.0],[26.159005,45.404067,0.0],[26.159127,45.404021,0.0],[26.159182,45.404006,0.0],[26.159269,45.403993,0.0],[26.159301,45.403978,0.0],[26.159367,45.403961,0.0],[26.159367,45.403961,0.0],[26.159475,45.403941,0.0],[26.159551,45.403938,0.0],[26.15966,45.403916,0.0],[26.159703,45.403901,0.0],[26.159733,45.403882,0.0],[26.15983,45.403791,0.0],[26.159881,45.403755,0.0],[26.160029,45.403676,0.0],[26.160151,45.403643,0.0],[26.16026,45.403598,0.0],[26.16051,45.403522,0.0],[26.16051,45.403522,0.0],[26.16063,45.403492,0.0],[26.160739,45.403474,0.0],[26.160901,45.403467,0.0],[26.160999,45.403487,0.0],[26.161039,45.403503,0.0],[26.161111,45.403547,0.0],[26.161256,45.40367,0.0],[26.161382,45.403755,0.0],[26.161463,45.4038,0.0],[26.161548,45.403829,0.0],[26.161644,45.403853,0.0],[26.161719,45.403857,0.0],[26.161817,45.40382,0.0],[26.161872,45.403784,0.0],[26.161968,45.403676,0.0],[26.162029,45.403577,0.0],[26.162097,45.403425,0.0],[26.162166,45.403311,0.0],[26.162256,45.40322,0.0],[26.162368,45.403166,0.0],[26.162404,45.403154,0.0],[26.162482,45.403149,0.0],[26.162612,45.403166,0.0],[26.162682,45.403191,0.0],[26.162757,45.403247,0.0],[26.1628,45.403289,0.0],[26.162862,45.403324,0.0],[26.162945,45.403353,0.0],[26.163021,45.403365,0.0],[26.163107,45.403391,0.0],[26.163159,45.403401,0.0],[26.163227,45.403397,0.0],[26.163357,45.403368,0.0],[26.163466,45.403315,0.0],[26.163553,45.403257,0.0],[26.163597,45.403213,0.0],[26.16365,45.403128,0.0],[26.163724,45.403037,0.0],[26.163788,45.402984,0.0],[26.163899,45.402925,0.0],[26.164209,45.40287,0.0],[26.16448,45.402871,0.0],[26.164556,45.402856,0.0],[26.164643,45.402826,0.0],[26.164709,45.402788,0.0],[26.164785,45.402716,0.0],[26.164893,45.402599,0.0],[26.165084,45.402476,0.0],[26.165238,45.402319,0.0],[26.165408,45.402183,0.0],[26.165536,45.402092,0.0],[26.165624,45.402047,0.0],[26.165809,45.401984,0.0],[26.166158,45.401763,0.0],[26.166352,45.401685,0.0],[26.166409,45.401668,0.0],[26.166491,45.401617,0.0],[26.166546,45.401543,0.0],[26.166593,45.401459,0.0],[26.166634,45.401299,0.0],[26.166635,45.401162,0.0],[26.166625,45.401108,0.0],[26.166626,45.401047,0.0],[26.166673,45.400826,0.0],[26.166743,45.400658,0.0],[26.166831,45.400522,0.0],[26.166947,45.40037,0.0],[26.166989,45.400286,0.0],[26.167029,45.400149,0.0],[26.167029,45.400111,0.0],[26.167058,45.399974,0.0],[26.167059,45.399897,0.0],[26.167044,45.399813,0.0],[26.166932,45.39953,0.0],[26.16687,45.3993,0.0],[26.166814,45.39901,0.0],[26.166623,45.398687,0.0],[26.166571,45.39858,0.0],[26.166542,45.398488,0.0],[26.166547,45.398374,0.0],[26.166656,45.398092,0.0],[26.166695,45.398024,0.0],[26.166788,45.397902,0.0],[26.16683,45.397842,0.0],[26.166932,45.397735,0.0],[26.166979,45.397659,0.0],[26.167022,45.397499,0.0],[26.167053,45.397416,0.0],[26.167078,45.397378,0.0],[26.167184,45.397149,0.0],[26.167231,45.397073,0.0],[26.167273,45.396959,0.0],[26.167334,45.39683,0.0],[26.16744,45.39667,0.0],[26.167462,45.396617,0.0],[26.167474,45.396541,0.0],[26.167507,45.396465,0.0],[26.167565,45.396404,0.0],[26.167652,45.396359,0.0],[26.167712,45.396344,0.0],[26.16781,45.396351,0.0],[26.167864,45.396362,0.0],[26.16795,45.396386,0.0],[26.168087,45.396441,0.0],[26.168405,45.396605,0.0],[26.168607,45.396691,0.0],[26.168704,45.39672,0.0],[26.168844,45.396784,0.0],[26.169017,45.396801,0.0],[26.169071,45.396795,0.0],[26.16918,45.396766,0.0],[26.169221,45.396745,0.0],[26.16927,45.396677,0.0],[26.169349,45.396494,0.0],[26.169406,45.396243,0.0],[26.169418,45.396023,0.0],[26.169432,45.395937,0.0],[26.169486,45.395834,0.0],[26.169497,45.395803,0.0],[26.169549,45.39579,0.0],[26.169573,45.395794,0.0],[26.169606,45.39579,0.0],[26.169636,45.395771,0.0],[26.169644,45.395747,0.0],[26.169618,45.395712,0.0],[26.169583,45.395693,0.0],[26.169403,45.395617,0.0],[26.169295,45.3956,0.0],[26.168916,45.395609,0.0],[26.168721,45.395599,0.0],[26.168613,45.395586,0.0],[26.168494,45.395575,0.0],[26.168343,45.395546,0.0],[26.168137,45.395537,0.0],[26.167932,45.395514,0.0],[26.167661,45.395508,0.0],[26.16751,45.395495,0.0],[26.167099,45.39544,0.0],[26.166894,45.395423,0.0],[26.16684,45.395413,0.0],[26.166591,45.395394,0.0],[26.166537,45.395395,0.0],[26.16631,45.395371,0.0],[26.166299,45.395365,0.0],[26.166018,45.395343,0.0],[26.165899,45.395331,0.0],[26.165845,45.395319,0.0],[26.16578,45.395316,0.0],[26.165348,45.395267,0.0],[26.165261,45.395266,0.0],[26.164926,45.395231,0.0],[26.164915,45.395236,0.0],[26.164796,45.395226,0.0],[26.164056,45.395118,0.0],[26.163927,45.39509,0.0],[26.163765,45.395068,0.0],[26.163668,45.395044,0.0],[26.163474,45.394966,0.0],[26.163356,45.394889,0.0],[26.163284,45.394808,0.0],[26.163276,45.39478,0.0],[26.163232,45.394712,0.0],[26.163214,45.394642,0.0],[26.163201,45.394619,0.0],[26.163198,45.39458,0.0],[26.163216,45.394512,0.0],[26.163212,45.394374,0.0],[26.163241,45.394253,0.0],[26.163298,45.394123,0.0],[26.163337,45.393994,0.0],[26.163365,45.393933,0.0],[26.163424,45.393842,0.0],[26.16343,45.393789,0.0],[26.163394,45.393643,0.0],[26.163374,45.39359,0.0],[26.163347,45.393536,0.0],[26.163268,45.393436,0.0],[26.163186,45.393298,0.0],[26.163128,45.393175,0.0],[26.16311,45.393114,0.0],[26.163058,45.392993,0.0],[26.163043,45.39293,0.0],[26.163027,45.392907,0.0],[26.162976,45.392701,0.0],[26.162939,45.392624,0.0],[26.162911,45.392525,0.0],[26.162915,45.392433,0.0],[26.162945,45.392395,0.0],[26.162954,45.392372,0.0],[26.162944,45.392311,0.0],[26.162928,45.392294,0.0],[26.162874,45.392269,0.0],[26.162823,45.392251,0.0],[26.162748,45.392235,0.0],[26.162694,45.392229,0.0],[26.162574,45.392236,0.0],[26.162488,45.392231,0.0],[26.162423,45.392211,0.0],[26.162208,45.392103,0.0],[26.162079,45.392048,0.0],[26.161918,45.392003,0.0],[26.161756,45.391977,0.0],[26.161659,45.391953,0.0],[26.16154,45.391908,0.0],[26.161379,45.391823,0.0],[26.161304,45.391791,0.0],[26.161143,45.391697,0.0],[26.161076,45.391648,0.0],[26.161014,45.391608,0.0],[26.160811,45.391451,0.0],[26.16063,45.391287,0.0],[26.160576,45.391249,0.0],[26.160522,45.391222,0.0],[26.160339,45.391157,0.0],[26.160167,45.391072,0.0],[26.160006,45.391007,0.0],[26.159888,45.390943,0.0],[26.159802,45.390887,0.0],[26.159746,45.390839,0.0],[26.15969,45.390776,0.0],[26.15964,45.390706,0.0],[26.159627,45.390672,0.0],[26.15963,45.390649,0.0],[26.159658,45.390604,0.0],[26.159735,45.390528,0.0],[26.159882,45.390434,0.0],[26.159967,45.390362,0.0],[26.160025,45.390326,0.0],[26.160175,45.390211,0.0],[26.160225,45.390166,0.0],[26.160313,45.390067,0.0],[26.160372,45.389953,0.0],[26.160417,45.389809,0.0],[26.160416,45.389702,0.0],[26.160371,45.389465,0.0],[26.160375,45.389381,0.0],[26.160365,45.389312,0.0],[26.160376,45.389167,0.0],[26.160414,45.388984,0.0],[26.160425,45.388962,0.0],[26.160515,45.388886,0.0],[26.160871,45.388649,0.0],[26.160962,45.388554,0.0],[26.161003,45.388493,0.0],[26.161034,45.388417,0.0],[26.161051,45.388349,0.0],[26.161058,45.388303,0.0],[26.161053,45.388257,0.0],[26.161035,45.388211,0.0],[26.16091,45.388046,0.0],[26.160706,45.387758,0.0],[26.160536,45.387558,0.0],[26.160368,45.387391,0.0],[26.160146,45.387244,0.0],[26.160039,45.387164,0.0],[26.159932,45.387061,0.0],[26.159826,45.38692,0.0],[26.159776,45.386844,0.0],[26.159713,45.386704,0.0],[26.159696,45.386597,0.0],[26.15969,45.386429,0.0],[26.159672,45.386375,0.0],[26.15958,45.386237,0.0],[26.159476,45.386129,0.0],[26.159356,45.385962,0.0],[26.15909,45.385727,0.0],[26.159057,45.38571,0.0],[26.158883,45.385578,0.0],[26.158772,45.385465,0.0],[26.158729,45.385409,0.0],[26.158719,45.385375,0.0],[26.158697,45.385374,0.0],[26.158681,45.385348,0.0],[26.158641,45.385309,0.0],[26.158489,45.385184,0.0],[26.15838,45.385063,0.0],[26.158316,45.38497,0.0],[26.158251,45.384817,0.0],[26.158221,45.384687,0.0],[26.158177,45.384397,0.0],[26.158138,45.384246,0.0],[26.158138,45.384246,0.0],[26.158108,45.384137,0.0],[26.158047,45.384006,0.0],[26.158045,45.383983,0.0],[26.15793,45.383753,0.0],[26.157924,45.38373,0.0],[26.15784,45.383585,0.0],[26.15784,45.383569,0.0],[26.157785,45.383462,0.0],[26.157711,45.383347,0.0],[26.157698,45.383339,0.0],[26.157687,45.383309,0.0],[26.15765,45.383268,0.0],[26.157613,45.383193,0.0],[26.157315,45.382718,0.0],[26.157255,45.38258,0.0],[26.157105,45.382304,0.0],[26.157042,45.382204,0.0],[26.156976,45.382066,0.0],[26.156886,45.38193,0.0],[26.156842,45.381822,0.0],[26.156739,45.381631,0.0],[26.156685,45.381453,0.0],[26.156656,45.381269,0.0],[26.156609,45.381131,0.0],[26.156597,45.38107,0.0],[26.156576,45.381024,0.0],[26.156538,45.380826,0.0],[26.156536,45.380635,0.0],[26.156545,45.380581,0.0],[26.156559,45.380536,0.0],[26.156622,45.380429,0.0],[26.156678,45.380338,0.0],[26.156735,45.380163,0.0],[26.156771,45.380102,0.0],[26.156818,45.380067,0.0],[26.156919,45.380014,0.0],[26.157012,45.379977,0.0],[26.157066,45.379964,0.0],[26.157131,45.379932,0.0],[26.15723,45.379859,0.0],[26.15718,45.379736,0.0],[26.157157,45.379697,0.0],[26.15713,45.379678,0.0],[26.157073,45.379659,0.0],[26.156883,45.379565,0.0],[26.156757,45.379469,0.0],[26.156654,45.379329,0.0],[26.156617,45.379267,0.0],[26.156601,45.379216,0.0],[26.156567,45.379154,0.0],[26.156517,45.379077,0.0],[26.156477,45.379035,0.0],[26.156389,45.378981,0.0],[26.156378,45.378983,0.0],[26.156351,45.378965,0.0],[26.156308,45.37895,0.0],[26.156263,45.378922,0.0],[26.156217,45.378922,0.0],[26.156163,45.378912,0.0],[26.156131,45.378897,0.0],[26.156065,45.378847,0.0],[26.155924,45.378781,0.0],[26.155878,45.378743,0.0],[26.155802,45.378661,0.0],[26.155701,45.378605,0.0],[26.155647,45.378565,0.0],[26.155595,45.378495,0.0],[26.155514,45.378419,0.0],[26.155481,45.378344,0.0],[26.155472,45.378274,0.0],[26.155431,45.37819,0.0],[26.155347,45.378112,0.0],[26.155249,45.378049,0.0],[26.155211,45.37801,0.0],[26.155186,45.377972,0.0],[26.155166,45.377823,0.0],[26.155155,45.377793,0.0],[26.155125,45.377759,0.0],[26.155114,45.377726,0.0],[26.155119,45.37764,0.0],[26.155108,45.377594,0.0],[26.155042,45.377457,0.0],[26.154982,45.377373,0.0],[26.154976,45.377289,0.0],[26.155011,45.37722,0.0],[26.1551,45.377098,0.0],[26.155148,45.377052,0.0],[26.155215,45.377012,0.0],[26.155248,45.376983,0.0],[26.155506,45.376723,0.0],[26.155616,45.376593,0.0],[26.155895,45.376188,0.0],[26.155911,45.376142,0.0],[26.155951,45.376081,0.0],[26.155997,45.376051,0.0],[26.156048,45.375989,0.0],[26.156099,45.375957,0.0],[26.156209,45.375829,0.0],[26.156253,45.3758,0.0],[26.156297,45.375813,0.0],[26.156385,45.375754,0.0],[26.156459,45.375701,0.0],[26.156525,45.375639,0.0],[26.156599,45.375582,0.0],[26.156711,45.375473,0.0],[26.156794,45.375374,0.0],[26.156857,45.375314,0.0],[26.156863,45.375298,0.0],[26.157006,45.375147,0.0],[26.157031,45.375109,0.0],[26.157111,45.374989,0.0],[26.15725,45.374852,0.0],[26.157261,45.374827,0.0],[26.157288,45.374816,0.0],[26.157337,45.37478,0.0],[26.157426,45.374677,0.0],[26.157491,45.374578,0.0],[26.157518,45.374478,0.0],[26.157515,45.374425,0.0],[26.157499,45.374358,0.0],[26.157515,45.37431,0.0],[26.157629,45.374221,0.0],[26.1577,45.374192,0.0],[26.157743,45.374182,0.0],[26.157916,45.374123,0.0],[26.158068,45.374055,0.0],[26.158131,45.374015,0.0],[26.158298,45.373868,0.0],[26.158328,45.373833,0.0],[26.158372,45.373765,0.0],[26.158431,45.373627,0.0],[26.158515,45.373498,0.0],[26.158548,45.373452,0.0],[26.158632,45.37336,0.0],[26.158642,45.373337,0.0],[26.158702,45.373276,0.0],[26.158808,45.373131,0.0],[26.158889,45.372955,0.0],[26.158911,45.372871,0.0],[26.158917,45.372802,0.0],[26.15893,45.372745,0.0],[26.158932,45.372677,0.0],[26.158927,45.372585,0.0],[26.158913,45.372532,0.0],[26.158919,45.372516,0.0],[26.158881,45.372432,0.0],[26.158856,45.372333,0.0],[26.158813,45.372249,0.0],[26.158781,45.372149,0.0],[26.158748,45.372098,0.0],[26.15874,45.372058,0.0],[26.158745,45.371997,0.0],[26.158805,45.371898,0.0],[26.158821,45.371844,0.0],[26.158824,45.371768,0.0],[26.158835,45.371722,0.0],[26.158848,45.371707,0.0],[26.158875,45.371689,0.0],[26.158938,45.371666,0.0],[26.159016,45.371649,0.0],[26.159081,45.371619,0.0],[26.159187,45.371524,0.0],[26.159228,45.371493,0.0],[26.159257,45.371481,0.0],[26.159285,45.371455,0.0],[26.15936,45.37118,0.0],[26.159425,45.371004,0.0],[26.159461,45.370936,0.0],[26.159488,45.370905,0.0],[26.159539,45.370869,0.0],[26.159604,45.370836,0.0],[26.159721,45.370798,0.0],[26.159883,45.370764,0.0],[26.160067,45.370745,0.0],[26.16023,45.370711,0.0],[26.160306,45.370678,0.0],[26.160436,45.37061,0.0],[26.160555,45.370535,0.0],[26.160631,45.370482,0.0],[26.160737,45.370385,0.0],[26.16078,45.370261,0.0],[26.160815,45.370207,0.0],[26.16088,45.370138,0.0],[26.16088,45.370138,0.0],[26.160988,45.370032,0.0],[26.161202,45.369856,0.0],[26.161724,45.369376,0.0],[26.161826,45.369284,0.0],[26.161909,45.369192,0.0],[26.161909,45.369192,0.0],[26.162107,45.369001,0.0],[26.162229,45.368871,0.0],[26.162353,45.368775,0.0],[26.162495,45.368683,0.0],[26.162592,45.368585,0.0],[26.162662,45.368471,0.0],[26.162722,45.368394,0.0],[26.162922,45.368188,0.0],[26.163012,45.368051,0.0],[26.163088,45.367959,0.0],[26.163099,45.367936,0.0],[26.163096,45.367898,0.0],[26.163061,45.367822,0.0],[26.162952,45.367692,0.0],[26.162939,45.367661,0.0],[26.162798,45.36747,0.0],[26.16276,45.367432,0.0],[26.16267,45.367279,0.0],[26.162589,45.367164,0.0],[26.162543,45.367113,0.0],[26.162497,45.367035,0.0],[26.162307,45.366819,0.0],[26.162213,45.366737,0.0],[26.162164,45.366683,0.0],[26.162042,45.366536,0.0],[26.16199,45.366484,0.0],[26.161923,45.366385,0.0],[26.16176,45.366243,0.0],[26.161622,45.366142,0.0],[26.161589,45.366096,0.0],[26.161543,45.366054,0.0],[26.161481,45.36601,0.0],[26.16134,45.365938,0.0],[26.161305,45.365894,0.0],[26.161283,45.365844,0.0],[26.161283,45.365815,0.0],[26.161245,45.365708,0.0],[26.16124,45.365672,0.0],[26.161245,45.365563,0.0],[26.16124,45.365411,0.0],[26.161251,45.365342,0.0],[26.161245,45.365189,0.0],[26.161256,45.365021,0.0],[26.161267,45.364975,0.0],[26.161283,45.364883,0.0],[26.161386,45.364479,0.0],[26.161473,45.364227,0.0],[26.1615,45.364112,0.0],[26.161513,45.363959,0.0],[26.161546,45.363875,0.0],[26.161611,45.363784,0.0],[26.161668,45.363639,0.0],[26.161654,45.363555,0.0],[26.161654,45.363478,0.0],[26.161679,45.363356,0.0],[26.161706,45.363272,0.0],[26.161792,45.363158,0.0],[26.161874,45.363097,0.0],[26.161958,45.363062,0.0],[26.162088,45.363036,0.0],[26.162163,45.363003,0.0],[26.162196,45.362971,0.0],[26.162242,45.362891,0.0],[26.162348,45.362753,0.0],[26.162377,45.362684,0.0],[26.162429,45.362623,0.0],[26.162564,45.362559,0.0],[26.162673,45.36253,0.0],[26.162868,45.362521,0.0],[26.163019,45.36249,0.0],[26.163049,45.362471,0.0],[26.163098,45.362423,0.0],[26.163138,45.362404,0.0],[26.163268,45.36237,0.0],[26.163366,45.36233,0.0],[26.163572,45.362303,0.0],[26.163778,45.362298,0.0],[26.163832,45.36229,0.0],[26.163886,45.36229,0.0],[26.163984,45.362302,0.0],[26.16407,45.362321,0.0],[26.164165,45.362355,0.0],[26.164292,45.362422,0.0],[26.164388,45.362458,0.0],[26.164487,45.362495,0.0],[26.164566,45.362552,0.0],[26.164609,45.362575,0.0],[26.164664,45.362621,0.0],[26.164818,45.362778,0.0],[26.164962,45.362954,0.0],[26.1651,45.363068,0.0],[26.165205,45.363118,0.0],[26.165436,45.363197,0.0],[26.165907,45.363304,0.0],[26.16607,45.363331,0.0],[26.166308,45.363354,0.0],[26.166449,45.363358,0.0],[26.166633,45.36335,0.0],[26.166633,45.36335,0.0],[26.166785,45.363337,0.0],[26.166925,45.363337,0.0],[26.167229,45.363352,0.0],[26.167489,45.363391,0.0],[26.167586,45.363414,0.0],[26.167795,45.363507,0.0],[26.167871,45.363552,0.0],[26.167963,45.36362,0.0],[26.168096,45.363695,0.0],[26.168199,45.363729,0.0],[26.168237,45.363748,0.0],[26.168283,45.36376,0.0],[26.168451,45.363781,0.0],[26.168518,45.363785,0.0],[26.16867,45.363781,0.0],[26.168843,45.363747,0.0],[26.16893,45.36372,0.0],[26.169125,45.363625,0.0],[26.169331,45.363543,0.0],[26.169461,45.363518,0.0],[26.16958,45.363517,0.0],[26.169634,45.363514,0.0],[26.169699,45.363522,0.0],[26.169851,45.363568,0.0],[26.169959,45.363589,0.0],[26.170068,45.363635,0.0],[26.170144,45.36365,0.0],[26.17023,45.363677,0.0],[26.170284,45.363685,0.0],[26.17036,45.363679,0.0],[26.170588,45.363611,0.0],[26.170729,45.36358,0.0],[26.170837,45.363529,0.0],[26.171,45.363477,0.0],[26.171075,45.363443,0.0],[26.171422,45.36335,0.0],[26.171509,45.363311,0.0],[26.171541,45.36329,0.0],[26.17165,45.363248,0.0],[26.171931,45.36317,0.0],[26.172094,45.363138,0.0],[26.172245,45.363094,0.0],[26.172365,45.363071,0.0],[26.172625,45.363008,0.0],[26.172841,45.36297,0.0],[26.173166,45.362927,0.0],[26.173351,45.362925,0.0],[26.173502,45.362915,0.0],[26.173578,45.362904,0.0],[26.173632,45.362904,0.0],[26.173914,45.362931,0.0],[26.174055,45.362969,0.0],[26.174131,45.362971,0.0],[26.174207,45.362987,0.0],[26.174402,45.362991,0.0],[26.174543,45.362973,0.0],[26.174727,45.362931,0.0],[26.174932,45.362897,0.0],[26.174974,45.362883,0.0],[26.174998,45.362882,0.0],[26.175052,45.362863,0.0],[26.175073,45.362863,0.0],[26.175268,45.362794,0.0],[26.175333,45.36276,0.0],[26.17542,45.362735,0.0],[26.175452,45.36272,0.0],[26.175518,45.362688,0.0],[26.175572,45.362651,0.0],[26.175615,45.362609,0.0],[26.175639,45.362573,0.0],[26.175669,45.362552,0.0],[26.175726,45.362518,0.0],[26.17581,45.36248,0.0],[26.175951,45.362434,0.0],[26.175994,45.362413,0.0],[26.17633,45.362314,0.0],[26.176471,45.362262,0.0],[26.176558,45.362215,0.0],[26.176609,45.362175,0.0],[26.176755,45.36203,0.0],[26.176817,45.36201,0.0],[26.176845,45.362014,0.0],[26.176942,45.36201,0.0],[26.177018,45.361991,0.0],[26.177137,45.361927,0.0],[26.177538,45.361598,0.0],[26.177638,45.361532,0.0],[26.177768,45.361457,0.0],[26.177887,45.361373,0.0],[26.178004,45.361224,0.0],[26.178042,45.361186,0.0],[26.178226,45.361034,0.0],[26.178226,45.361034,0.0],[26.178521,45.360805,0.0],[26.1788,45.360537,0.0],[26.17894,45.360431,0.0],[26.179003,45.360362,0.0],[26.179049,45.360255,0.0],[26.179076,45.36011,0.0],[26.179114,45.359988,0.0],[26.179124,45.359898,0.0],[26.179149,45.359827,0.0],[26.179146,45.359789,0.0],[26.179132,45.359758,0.0],[26.179027,45.359639,0.0],[26.178978,45.359594,0.0],[26.178932,45.359506,0.0],[26.17891,45.35943,0.0],[26.178889,45.3593,0.0],[26.178799,45.359056,0.0],[26.178772,45.358926,0.0],[26.178772,45.358857,0.0],[26.178783,45.358758,0.0],[26.178821,45.358628,0.0],[26.178869,45.358529,0.0],[26.178953,45.358307,0.0],[26.178868,45.358219,0.0],[26.178885,45.35815,0.0],[26.179283,45.358017,0.0],[26.179376,45.357986,0.0],[26.179484,45.358014,0.0],[26.180021,45.358045,0.0],[26.180641,45.358177,0.0],[26.18083,45.35815,0.0],[26.180982,45.358146,0.0],[26.181155,45.358146,0.0],[26.181393,45.358165,0.0],[26.181859,45.358169,0.0],[26.182044,45.358143,0.0],[26.182336,45.358044,0.0],[26.18239,45.358032,0.0],[26.182434,45.35803,0.0],[26.182498,45.358025,0.0],[26.18278,45.358029,0.0],[26.182964,45.358059,0.0],[26.183116,45.358075,0.0],[26.183333,45.358084,0.0],[26.183409,45.358082,0.0],[26.183539,45.358071,0.0],[26.183614,45.358056,0.0],[26.183968,45.357935,0.0],[26.184129,45.357936,0.0],[26.184248,45.357951,0.0],[26.184324,45.357964,0.0],[26.184378,45.357982,0.0],[26.18456,45.358009,0.0],[26.184692,45.358001,0.0],[26.184801,45.357978,0.0],[26.185028,45.357887,0.0],[26.185137,45.357864,0.0],[26.185407,45.35786,0.0],[26.185624,45.357847,0.0],[26.186112,45.357774,0.0],[26.186436,45.357708,0.0],[26.186599,45.357681,0.0],[26.187184,45.357622,0.0],[26.187368,45.357615,0.0],[26.18751,45.357609,0.0],[26.187559,45.3576,0.0],[26.187624,45.357576,0.0],[26.187687,45.35754,0.0],[26.187912,45.35732,0.0],[26.188429,45.356935,0.0],[26.188512,45.356859,0.0],[26.1886,45.356761,0.0],[26.188736,45.356676,0.0],[26.188873,45.35662,0.0],[26.188992,45.356562,0.0],[26.189101,45.356526,0.0],[26.189231,45.356502,0.0],[26.189438,45.356447,0.0],[26.189525,45.356417,0.0],[26.189666,45.356388,0.0],[26.189884,45.356328,0.0],[26.190112,45.356257,0.0],[26.190232,45.356213,0.0],[26.190273,45.35619,0.0],[26.19033,45.356122,0.0],[26.190407,45.356061,0.0],[26.190581,45.355977,0.0],[26.190664,45.355897,0.0],[26.190719,45.355808,0.0],[26.190734,45.355724,0.0],[26.19078,45.355564,0.0],[26.190784,45.355449,0.0],[26.190772,45.355424,0.0],[26.190718,45.355203,0.0],[26.190697,45.354812,0.0],[26.19078,45.354535,0.0],[26.19086,45.354318,0.0],[26.190871,45.354293,0.0],[26.190892,45.354168,0.0],[26.19092,45.354107,0.0],[26.190914,45.354076,0.0],[26.190941,45.354038,0.0],[26.190931,45.354002,0.0],[26.190747,45.353914,0.0],[26.190695,45.353876,0.0],[26.190601,45.353822,0.0],[26.190479,45.353724,0.0],[26.190233,45.353573,0.0],[26.190125,45.353495,0.0],[26.189911,45.353307,0.0],[26.189819,45.353191,0.0],[26.189663,45.353036,0.0],[26.189598,45.352954,0.0],[26.189579,45.352914,0.0],[26.189582,45.352895,0.0],[26.189614,45.352834,0.0],[26.189663,45.352747,0.0],[26.191584,45.348944,0.0],[26.191681,45.348632,0.0],[26.191875,45.348007,0.0],[26.191884,45.34777,0.0],[26.191893,45.347532,0.0],[26.192173,45.347343,0.0],[26.1929,45.34695,0.0],[26.19312,45.346869,0.0],[26.193572,45.347029,0.0],[26.193747,45.347103,0.0],[26.194067,45.347196,0.0],[26.194232,45.347192,0.0],[26.194838,45.347121,0.0],[26.195192,45.347039,0.0],[26.195478,45.347019,0.0],[26.196504,45.347051,0.0],[26.196507,45.346728,0.0],[26.196552,45.3466,0.0],[26.196634,45.346425,0.0],[26.197089,45.345715,0.0],[26.197173,45.345563,0.0],[26.197397,45.345235,0.0],[26.197596,45.34496,0.0],[26.197788,45.344632,0.0],[26.197921,45.344449,0.0],[26.198032,45.344274,0.0],[26.198114,45.344175,0.0],[26.198192,45.344022,0.0],[26.198282,45.343763,0.0],[26.198279,45.343748,0.0],[26.198326,45.343597,0.0],[26.198388,45.343465,0.0],[26.198461,45.343336,0.0],[26.198542,45.343221,0.0],[26.198635,45.343107,0.0],[26.198794,45.342932,0.0],[26.198927,45.342802,0.0],[26.199011,45.342735,0.0],[26.199168,45.342636,0.0],[26.199317,45.342572,0.0],[26.19936,45.34256,0.0],[26.199469,45.342507,0.0],[26.199696,45.342315,0.0],[26.199815,45.342177,0.0],[26.199918,45.342017,0.0],[26.200119,45.341743,0.0],[26.20023,45.341628,0.0],[26.200397,45.341498,0.0],[26.200422,45.341486,0.0],[26.200495,45.341415,0.0],[26.200528,45.341377,0.0],[26.200647,45.341194,0.0],[26.201124,45.340683,0.0],[26.201405,45.34041,0.0],[26.201598,45.340433,0.0],[26.201583,45.340156,0.0],[26.201617,45.340023,0.0],[26.201896,45.339707,0.0],[26.202447,45.339151,0.0],[26.202581,45.338917,0.0],[26.202874,45.33862,0.0],[26.203076,45.338414,0.0],[26.203692,45.338214,0.0],[26.2043,45.337842,0.0],[26.204948,45.337412,0.0],[26.205133,45.337277,0.0],[26.206011,45.336828,0.0],[26.206143,45.336751,0.0],[26.206483,45.336563,0.0],[26.206591,45.33651,0.0],[26.206775,45.336388,0.0],[26.207132,45.336009,0.0],[26.207322,45.335833,0.0],[26.207463,45.335727,0.0],[26.207723,45.335559,0.0],[26.207874,45.335473,0.0],[26.208056,45.335348,0.0],[26.20813,45.334722,0.0],[26.207894,45.334575,0.0],[26.207739,45.334414,0.0],[26.207644,45.334298,0.0],[26.207596,45.334212,0.0],[26.207666,45.334037,0.0],[26.207635,45.33388,0.0],[26.207674,45.333748,0.0],[26.207771,45.333577,0.0],[26.208004,45.333321,0.0],[26.208174,45.333191,0.0],[26.208268,45.33311,0.0],[26.208461,45.333012,0.0],[26.208582,45.332936,0.0],[26.208789,45.332823,0.0],[26.208942,45.332702,0.0],[26.209074,45.332516,0.0],[26.209244,45.332319,0.0],[26.209376,45.332198,0.0],[26.20942,45.332167,0.0],[26.209491,45.332092,0.0],[26.209595,45.332016,0.0],[26.209677,45.33194,0.0],[26.209743,45.331899,0.0],[26.209835,45.331859,0.0],[26.210031,45.331794,0.0],[26.210128,45.331772,0.0],[26.210175,45.331746,0.0],[26.210273,45.331479,0.0],[26.210296,45.331395,0.0],[26.210343,45.331327,0.0],[26.210551,45.331092,0.0],[26.210599,45.331016,0.0],[26.210686,45.330909,0.0],[26.210725,45.330848,0.0],[26.21086,45.330704,0.0],[26.21092,45.330628,0.0],[26.211145,45.330439,0.0],[26.211283,45.330375,0.0],[26.21162,45.330315,0.0],[26.211728,45.330289,0.0],[26.211837,45.330274,0.0],[26.211891,45.33026,0.0],[26.21191,45.330248,0.0],[26.211946,45.330189,0.0],[26.211963,45.330121,0.0],[26.211936,45.329914,0.0],[26.211883,45.329654,0.0],[26.211852,45.32957,0.0],[26.211831,45.32947,0.0],[26.2117,45.329187,0.0],[26.211649,45.32911,0.0],[26.211611,45.329071,0.0],[26.211426,45.328856,0.0],[26.211348,45.3288,0.0],[26.211263,45.328708,0.0],[26.211048,45.328573,0.0],[26.211032,45.32855,0.0],[26.211038,45.328521,0.0],[26.211154,45.328361,0.0],[26.211307,45.328195,0.0],[26.21142,45.328081,0.0],[26.211633,45.327892,0.0],[26.211822,45.327748,0.0],[26.212025,45.327566,0.0],[26.212383,45.327279,0.0],[26.212568,45.327154,0.0],[26.212795,45.327037,0.0],[26.212947,45.326974,0.0],[26.213012,45.326953,0.0],[26.213044,45.326957,0.0],[26.213702,45.327157,0.0],[26.214219,45.327296,0.0],[26.214414,45.327336,0.0],[26.214543,45.327348,0.0],[26.214684,45.327372,0.0],[26.214835,45.327385,0.0],[26.215051,45.327379,0.0],[26.215247,45.327354,0.0],[26.215344,45.327339,0.0],[26.215452,45.327338,0.0],[26.215647,45.327355,0.0],[26.215723,45.327369,0.0],[26.215777,45.327365,0.0],[26.215809,45.327373,0.0],[26.21582,45.327362,0.0],[26.215885,45.327349,0.0],[26.216048,45.327289,0.0],[26.216103,45.327263,0.0],[26.216223,45.327187,0.0],[26.216331,45.32715,0.0],[26.21645,45.327147,0.0],[26.216613,45.327125,0.0],[26.216885,45.327051,0.0],[26.216969,45.327002,0.0],[26.21719,45.326901,0.0],[26.217299,45.326842,0.0],[26.217353,45.326822,0.0],[26.217397,45.326795,0.0],[26.217832,45.326619,0.0],[26.218125,45.326547,0.0],[26.21845,45.326496,0.0],[26.218558,45.326484,0.0],[26.218634,45.326478,0.0],[26.218721,45.32646,0.0],[26.218741,45.326477,0.0],[26.218813,45.326493,0.0],[26.218868,45.326519,0.0],[26.219041,45.326548,0.0],[26.219157,45.326586,0.0],[26.219244,45.326601,0.0],[26.219463,45.326629,0.0],[26.219614,45.326627,0.0],[26.21969,45.326634,0.0],[26.219787,45.326646,0.0],[26.219993,45.326685,0.0],[26.220069,45.326691,0.0],[26.220209,45.326716,0.0],[26.22035,45.326732,0.0],[26.220458,45.326732,0.0],[26.220631,45.326717,0.0],[26.22075,45.326713,0.0],[26.221117,45.326641,0.0],[26.221247,45.326624,0.0],[26.221382,45.326615,0.0],[26.221517,45.326606,0.0],[26.221636,45.326581,0.0],[26.221679,45.326558,0.0],[26.221841,45.326505,0.0],[26.221873,45.326486,0.0],[26.221959,45.326463,0.0],[26.222046,45.326449,0.0],[26.2221,45.326449,0.0],[26.222186,45.326464,0.0],[26.222674,45.326597,0.0],[26.222836,45.326614,0.0],[26.222933,45.326633,0.0],[26.223312,45.326655,0.0],[26.223388,45.326653,0.0],[26.223582,45.326631,0.0],[26.22369,45.326605,0.0],[26.223766,45.326593,0.0],[26.223971,45.326528,0.0],[26.224174,45.32645,0.0],[26.224359,45.32638,0.0],[26.224553,45.326294,0.0],[26.224607,45.326264,0.0],[26.224833,45.326179,0.0],[26.224963,45.326124,0.0],[26.225092,45.326082,0.0],[26.225114,45.326068,0.0],[26.225308,45.325997,0.0],[26.225469,45.325896,0.0],[26.225542,45.32584,0.0],[26.22566,45.325714,0.0],[26.225757,45.325585,0.0],[26.225859,45.325493,0.0],[26.22609,45.325325,0.0],[26.226157,45.325233,0.0],[26.22637,45.324828,0.0],[26.226418,45.324722,0.0],[26.226442,45.324622,0.0],[26.226457,45.32447,0.0],[26.226513,45.32431,0.0],[26.226529,45.324233,0.0],[26.226556,45.324195,0.0],[26.226603,45.324081,0.0],[26.226727,45.323897,0.0],[26.226984,45.323622,0.0],[26.227218,45.323424,0.0],[26.227283,45.32338,0.0],[26.227431,45.323311,0.0],[26.227571,45.323255,0.0],[26.227711,45.323182,0.0],[26.22784,45.3231,0.0],[26.227991,45.323003,0.0],[26.228239,45.322876,0.0],[26.228314,45.322825,0.0],[26.228424,45.322712,0.0],[26.228478,45.322636,0.0],[26.22868,45.322561,0.0],[26.228734,45.322532,0.0],[26.228785,45.322492,0.0],[26.228965,45.322327,0.0],[26.229145,45.322162,0.0],[26.22933,45.321978,0.0],[26.22944,45.321894,0.0],[26.229532,45.32181,0.0],[26.229612,45.321719,0.0],[26.229628,45.321697,0.0],[26.229682,45.321619,0.0],[26.229733,45.321566,0.0],[26.229756,45.321533,0.0],[26.229804,45.321464,0.0],[26.229887,45.321346,0.0],[26.229957,45.321146,0.0],[26.230048,45.320963,0.0],[26.230122,45.320749,0.0],[26.230141,45.320711,0.0],[26.230178,45.320665,0.0],[26.230264,45.320497,0.0],[26.230381,45.320314,0.0],[26.230475,45.320131,0.0],[26.230496,45.320047,0.0],[26.230511,45.319886,0.0],[26.230542,45.319734,0.0],[26.230588,45.319642,0.0],[26.230663,45.319528,0.0],[26.230715,45.319398,0.0],[26.230812,45.319184,0.0],[26.230825,45.319138,0.0],[26.230897,45.319001,0.0],[26.231061,45.318892,0.0],[26.231277,45.318777,0.0],[26.231344,45.318718,0.0],[26.231413,45.318626,0.0],[26.231544,45.31839,0.0],[26.231587,45.318321,0.0],[26.231601,45.318313,0.0],[26.231598,45.318294,0.0],[26.231627,45.318161,0.0],[26.231645,45.31813,0.0],[26.231675,45.318109,0.0],[26.231769,45.318069,0.0],[26.231853,45.318021,0.0],[26.231944,45.317945,0.0],[26.23196,45.31792,0.0],[26.231994,45.317798,0.0],[26.232013,45.31776,0.0],[26.232045,45.31763,0.0],[26.232093,45.317561,0.0],[26.232125,45.317542,0.0],[26.232214,45.317513,0.0],[26.232527,45.317484,0.0],[26.232581,45.317471,0.0],[26.232937,45.317276,0.0],[26.233055,45.317222,0.0],[26.233131,45.317201,0.0],[26.233325,45.317174,0.0],[26.233412,45.317155,0.0],[26.233552,45.31711,0.0],[26.23366,45.317091,0.0],[26.233692,45.317072,0.0],[26.233743,45.317013,0.0],[26.233772,45.316937,0.0],[26.23376,45.316731,0.0],[26.233776,45.316631,0.0],[26.233792,45.316601,0.0],[26.233888,45.316486,0.0],[26.234052,45.316349,0.0],[26.234195,45.316252,0.0],[26.23438,45.316123,0.0],[26.234455,45.316051,0.0],[26.234509,45.315959,0.0],[26.234578,45.315806,0.0],[26.234706,45.315585,0.0],[26.234749,45.31547,0.0],[26.234813,45.315341,0.0],[26.234842,45.315295,0.0],[26.234891,45.315241,0.0],[26.234995,45.31515,0.0],[26.235086,45.31502,0.0],[26.235121,45.314944,0.0],[26.235148,45.314905,0.0],[26.235185,45.314776,0.0],[26.235179,45.314768,0.0],[26.235189,45.314593,0.0],[26.235125,45.314356,0.0],[26.235105,45.314227,0.0],[26.234972,45.314029,0.0],[26.234863,45.313848,0.0],[26.234629,45.313612,0.0],[26.234596,45.313593,0.0],[26.234463,45.31348,0.0],[26.234248,45.313237,0.0],[26.23418,45.31318,0.0],[26.234103,45.313063,0.0],[26.23394,45.312848,0.0],[26.233831,45.312727,0.0],[26.233728,45.312635,0.0],[26.233652,45.312584,0.0],[26.233586,45.312552,0.0],[26.233538,45.312514,0.0],[26.23351,45.312506,0.0],[26.233467,45.312451,0.0],[26.233429,45.312422,0.0],[26.233413,45.312398,0.0],[26.233399,45.312344,0.0],[26.233361,45.312283,0.0],[26.233356,45.312245,0.0],[26.233366,45.312176,0.0],[26.233361,45.312039,0.0],[26.23332,45.311924,0.0],[26.233296,45.311796,0.0],[26.233312,45.311688,0.0],[26.233317,45.311436,0.0],[26.233328,45.311329,0.0],[26.233349,45.311237,0.0],[26.233349,45.311153,0.0],[26.233376,45.311062,0.0],[26.233442,45.310941,0.0],[26.2336,45.310669,0.0],[26.233611,45.310638,0.0],[26.233643,45.3106,0.0],[26.233681,45.310516,0.0],[26.233719,45.310463,0.0],[26.233724,45.310432,0.0],[26.233783,45.310363,0.0],[26.233818,45.31031,0.0],[26.233867,45.310203,0.0],[26.233888,45.310134,0.0],[26.233921,45.310073,0.0],[26.23394,45.310012,0.0],[26.233975,45.309951,0.0],[26.233991,45.309875,0.0],[26.234039,45.309745,0.0],[26.23408,45.309684,0.0],[26.234139,45.309631,0.0],[26.234287,45.30956,0.0],[26.234325,45.309526,0.0],[26.234368,45.30944,0.0],[26.234374,45.309318,0.0],[26.234357,45.309249,0.0],[26.234314,45.30915,0.0],[26.234265,45.309098,0.0],[26.234203,45.309005,0.0],[26.234011,45.308848,0.0],[26.233906,45.308739,0.0],[26.233757,45.308623,0.0],[26.233695,45.308547,0.0],[26.233514,45.308373,0.0],[26.23333,45.30818,0.0],[26.233178,45.308012,0.0],[26.233132,45.307951,0.0],[26.233022,45.307842,0.0],[26.232978,45.307818,0.0],[26.232892,45.307791,0.0],[26.232827,45.307787,0.0],[26.232654,45.307816,0.0],[26.2326,45.307797,0.0],[26.232576,45.307774,0.0],[26.232403,45.307556,0.0],[26.232357,45.307417,0.0],[26.232249,45.307241,0.0],[26.232054,45.306821,0.0],[26.231829,45.306516,0.0],[26.231743,45.306371,0.0],[26.231721,45.30635,0.0],[26.231691,45.30634,0.0],[26.231659,45.306342,0.0],[26.231308,45.306476,0.0],[26.230757,45.306634,0.0],[26.23066,45.306634,0.0],[26.230579,45.306659,0.0],[26.23046,45.30668,0.0],[26.23033,45.30668,0.0],[26.230222,45.306672,0.0],[26.230006,45.30668,0.0],[26.22992,45.306672,0.0],[26.229844,45.306657,0.0],[26.229801,45.306634,0.0],[26.229752,45.306592,0.0],[26.229736,45.306592,0.0],[26.22965,45.306554,0.0],[26.229444,45.306489,0.0],[26.229206,45.306403,0.0],[26.229061,45.306336,0.0],[26.229034,45.306317,0.0],[26.22899,45.306306,0.0],[26.228898,45.306248,0.0],[26.228855,45.306233,0.0],[26.228747,45.306178,0.0],[26.22852,45.306094,0.0],[26.228434,45.306052,0.0],[26.228315,45.306012,0.0],[26.228228,45.306004,0.0],[26.228066,45.306031,0.0],[26.228012,45.306042,0.0],[26.227958,45.306063,0.0],[26.227883,45.306105,0.0],[26.22774,45.30622,0.0],[26.227404,45.306524,0.0],[26.2274,45.306515,0.0],[26.227365,45.306456,0.0],[26.227305,45.306317,0.0],[26.227294,45.306271,0.0],[26.227289,45.306073,0.0],[26.227267,45.305958,0.0],[26.227245,45.30592,0.0],[26.22717,45.30588,0.0],[26.227051,45.305853,0.0],[26.227018,45.305834,0.0],[26.226989,45.305803,0.0],[26.226926,45.305765,0.0],[26.22684,45.305739,0.0],[26.226689,45.305704,0.0],[26.226635,45.305696,0.0],[26.226559,45.305696,0.0],[26.22644,45.305706,0.0],[26.226365,45.305729,0.0],[26.226149,45.305778,0.0],[26.226057,45.305782,0.0],[26.225798,45.305809,0.0],[26.225603,45.305855,0.0],[26.225263,45.305954,0.0],[26.225101,45.30598,0.0],[26.224906,45.30598,0.0],[26.224669,45.305969,0.0],[26.224561,45.305956,0.0],[26.224488,45.305923,0.0],[26.223848,45.30587,0.0],[26.223599,45.305833,0.0],[26.223405,45.305787,0.0],[26.22308,45.305696,0.0],[26.222756,45.305574,0.0],[26.222583,45.305491,0.0],[26.222521,45.305434,0.0],[26.222464,45.305343,0.0],[26.222389,45.305262,0.0],[26.222305,45.305194,0.0],[26.222213,45.305135,0.0],[26.22217,45.305091,0.0],[26.222059,45.305001,0.0],[26.221902,45.304884,0.0],[26.221686,45.304707,0.0],[26.221491,45.304531,0.0],[26.221124,45.304239,0.0],[26.220891,45.304067,0.0],[26.220464,45.303732,0.0],[26.220221,45.303583,0.0],[26.219994,45.303422,0.0],[26.219529,45.303069,0.0],[26.219113,45.302775,0.0],[26.218908,45.302619,0.0],[26.218821,45.302544,0.0],[26.21876,45.302512,0.0],[26.218713,45.302485,0.0],[26.218692,45.302464,0.0],[26.218641,45.302361,0.0],[26.218601,45.302299,0.0],[26.218572,45.302269,0.0],[26.218383,45.301905,0.0],[26.218269,45.301729,0.0],[26.218003,45.301285,0.0],[26.217923,45.301109,0.0],[26.217846,45.300971,0.0],[26.217689,45.300757,0.0],[26.217568,45.300634,0.0],[26.217383,45.300483,0.0],[26.217157,45.300346,0.0],[26.217072,45.300277,0.0],[26.216806,45.300104,0.0],[26.216709,45.30005,0.0],[26.216685,45.300045,0.0],[26.216634,45.300019,0.0],[26.216569,45.300001,0.0],[26.216547,45.300001,0.0],[26.216504,45.300007,0.0],[26.216406,45.300042,0.0],[26.216374,45.300063,0.0],[26.216298,45.30009,0.0],[26.216254,45.300097,0.0],[26.216114,45.300111,0.0],[26.215981,45.300111,0.0],[26.215898,45.300091,0.0],[26.215803,45.300045,0.0],[26.215744,45.300007,0.0],[26.215686,45.299937,0.0],[26.215567,45.299847,0.0],[26.215414,45.299745,0.0],[26.215188,45.299643,0.0],[26.215113,45.299599,0.0],[26.215009,45.299499,0.0],[26.214937,45.299388,0.0],[26.214888,45.299336,0.0],[26.214765,45.299273,0.0],[26.214579,45.299195,0.0],[26.214447,45.29913,0.0],[26.21403,45.298897,0.0],[26.213915,45.298845,0.0],[26.213506,45.298678,0.0],[26.213376,45.298636,0.0],[26.213074,45.298554,0.0],[26.212772,45.298453,0.0],[26.212071,45.298266,0.0],[26.211715,45.298186,0.0],[26.21151,45.298147,0.0],[26.211338,45.298114,0.0],[26.210992,45.298062,0.0],[26.210755,45.298013,0.0],[26.210417,45.297966,0.0],[26.210358,45.29795,0.0],[26.210307,45.297925,0.0],[26.210315,45.297908,0.0],[26.210637,45.297623,0.0],[26.210746,45.297496,0.0],[26.210776,45.297451,0.0],[26.210793,45.297397,0.0],[26.210799,45.29734,0.0],[26.210783,45.297294,0.0],[26.210725,45.297195,0.0],[26.210629,45.297057,0.0],[26.210544,45.296873,0.0],[26.210526,45.29685,0.0],[26.210469,45.296804,0.0],[26.21026,45.296673,0.0],[26.210134,45.29656,0.0],[26.210026,45.296489,0.0],[26.209967,45.296427,0.0],[26.209906,45.296313,0.0],[26.209697,45.295648,0.0],[26.209548,45.29541,0.0],[26.209491,45.295349,0.0],[26.209438,45.295272,0.0],[26.209347,45.295184,0.0],[26.209308,45.295121,0.0],[26.209246,45.295023,0.0],[26.209179,45.294962,0.0],[26.209031,45.294866,0.0],[26.208924,45.294806,0.0],[26.208741,45.294729,0.0],[26.208676,45.294692,0.0],[26.208529,45.294584,0.0],[26.208435,45.294492,0.0],[26.208336,45.294408,0.0],[26.208207,45.294319,0.0],[26.208169,45.294281,0.0],[26.208022,45.294179,0.0],[26.20779,45.294069,0.0],[26.207608,45.293937,0.0],[26.207396,45.293806,0.0],[26.207315,45.293775,0.0],[26.207161,45.293732,0.0],[26.207078,45.293699,0.0],[26.206922,45.29363,0.0],[26.206779,45.293537,0.0],[26.206592,45.293372,0.0],[26.206482,45.293242,0.0],[26.206372,45.293134,0.0],[26.206284,45.293065,0.0],[26.205994,45.292869,0.0],[26.205846,45.292739,0.0],[26.205686,45.292577,0.0],[26.205571,45.292447,0.0],[26.205467,45.292302,0.0],[26.205332,45.292018,0.0],[26.205276,45.291934,0.0],[26.205166,45.291838,0.0],[26.205019,45.291685,0.0],[26.204986,45.291672,0.0],[26.204984,45.291656,0.0],[26.204943,45.291601,0.0],[26.204765,45.291488,0.0],[26.204733,45.291459,0.0],[26.204581,45.291269,0.0],[26.204485,45.291178,0.0],[26.20436,45.291099,0.0],[26.203957,45.290906,0.0],[26.203876,45.290859,0.0],[26.203604,45.290591,0.0],[26.2035,45.290459,0.0],[26.203459,45.290424,0.0],[26.203437,45.290396,0.0],[26.203327,45.290307,0.0],[26.203178,45.290222,0.0],[26.203157,45.290144,0.0],[26.203075,45.290068,0.0],[26.203018,45.290032,0.0],[26.202945,45.289998,0.0],[26.20276,45.289934,0.0],[26.202657,45.289883,0.0],[26.202608,45.289847,0.0],[26.202418,45.289646,0.0],[26.202336,45.289578,0.0],[26.202175,45.289472,0.0],[26.202123,45.28943,0.0],[26.20211,45.289409,0.0],[26.202098,45.289358,0.0],[26.202059,45.289297,0.0],[26.201995,45.289168,0.0],[26.201943,45.289091,0.0],[26.201885,45.289038,0.0],[26.201676,45.288917,0.0],[26.201567,45.288874,0.0],[26.201316,45.288698,0.0],[26.201055,45.288558,0.0],[26.201016,45.28853,0.0],[26.200975,45.288473,0.0],[26.200958,45.288414,0.0],[26.200948,45.288284,0.0],[26.200919,45.288247,0.0],[26.200801,45.288212,0.0],[26.200725,45.28818,0.0],[26.200684,45.288143,0.0],[26.20064,45.288078,0.0],[26.200588,45.288053,0.0],[26.200566,45.28805,0.0],[26.200232,45.288055,0.0],[26.200134,45.288041,0.0],[26.200036,45.288005,0.0],[26.19999,45.287969,0.0],[26.199962,45.287925,0.0],[26.199931,45.287845,0.0],[26.199901,45.287805,0.0],[26.199789,45.287718,0.0],[26.19966,45.287593,0.0],[26.199548,45.287496,0.0],[26.199374,45.287385,0.0],[26.199338,45.287345,0.0],[26.199296,45.287261,0.0],[26.199279,45.28719,0.0],[26.199278,45.287099,0.0],[26.199301,45.287038,0.0],[26.19937,45.286938,0.0],[26.199424,45.286904,0.0],[26.19948,45.286886,0.0],[26.19952,45.286857,0.0],[26.199533,45.286808,0.0],[26.199537,45.286731,0.0],[26.199548,45.286701,0.0],[26.199582,45.286655,0.0],[26.199692,45.286578,0.0],[26.199724,45.286547,0.0],[26.199758,45.286494,0.0],[26.199804,45.286455,0.0],[26.199916,45.286403,0.0],[26.199988,45.286349,0.0],[26.200018,45.286309,0.0],[26.200033,45.28624,0.0],[26.200062,45.286194,0.0],[26.20012,45.286133,0.0],[26.200165,45.286072,0.0],[26.200165,45.286056,0.0],[26.200187,45.286035,0.0],[26.200189,45.286011,0.0],[26.200175,45.285992,0.0],[26.200143,45.285988,0.0],[26.200051,45.286027,0.0],[26.199987,45.286031,0.0],[26.199911,45.286065,0.0],[26.199879,45.286069,0.0],[26.199781,45.286039,0.0],[26.199672,45.285969,0.0],[26.199574,45.285915,0.0],[26.199531,45.285898,0.0],[26.199477,45.285892,0.0],[26.199428,45.285915,0.0],[26.199396,45.285923,0.0],[26.199353,45.285922,0.0],[26.199309,45.28591,0.0],[26.199252,45.285873,0.0],[26.199244,45.285852,0.0],[26.199249,45.285832,0.0],[26.199294,45.285796,0.0],[26.199437,45.285744,0.0],[26.199453,45.285723,0.0],[26.199444,45.285706,0.0],[26.199393,45.285685,0.0],[26.199154,45.285627,0.0],[26.199056,45.285597,0.0],[26.197722,45.285211,0.0],[26.197114,45.284991,0.0],[26.196657,45.284807,0.0],[26.195984,45.284568,0.0],[26.195962,45.284562,0.0],[26.195951,45.284566,0.0],[26.195821,45.284517,0.0],[26.195702,45.284489,0.0],[26.195599,45.284452,0.0],[26.195273,45.284364,0.0],[26.195252,45.284364,0.0],[26.195144,45.284424,0.0],[26.194887,45.284595,0.0],[26.194807,45.284656,0.0],[26.194725,45.284705,0.0],[26.194574,45.284587,0.0],[26.194463,45.2845,0.0],[26.194223,45.28431,0.0],[26.19398,45.284058,0.0],[26.193517,45.283526,0.0],[26.193298,45.28324,0.0],[26.193063,45.282932,0.0],[26.192998,45.282875,0.0],[26.192905,45.282896,0.0],[26.192756,45.28293,0.0],[26.192624,45.282922,0.0],[26.19247,45.282877,0.0],[26.192357,45.282812,0.0],[26.192095,45.282708,0.0],[26.191915,45.28263,0.0],[26.191773,45.282523,0.0],[26.191602,45.282348,0.0],[26.191431,45.28217,0.0],[26.191249,45.281982,0.0],[26.191074,45.281869,0.0],[26.190863,45.281786,0.0],[26.190663,45.281572,0.0],[26.190486,45.281359,0.0],[26.190208,45.281066,0.0],[26.190157,45.281009,0.0],[26.190053,45.280819,0.0],[26.189942,45.280685,0.0],[26.189729,45.280543,0.0],[26.189362,45.280267,0.0],[26.189281,45.280183,0.0],[26.189213,45.28008,0.0],[26.18912,45.279971,0.0],[26.189012,45.279866,0.0],[26.18885,45.279762,0.0],[26.188617,45.279654,0.0],[26.188431,45.279583,0.0],[26.188129,45.279531,0.0],[26.187892,45.279486,0.0],[26.187578,45.279341,0.0],[26.187366,45.27929,0.0],[26.187001,45.279176,0.0],[26.186832,45.279116,0.0],[26.186799,45.279056,0.0],[26.186785,45.278975,0.0],[26.186823,45.278869,0.0],[26.186897,45.278706,0.0],[26.186923,45.278548,0.0],[26.186949,45.278447,0.0],[26.18704,45.278317,0.0],[26.187152,45.278223,0.0],[26.187333,45.278141,0.0],[26.187536,45.278083,0.0],[26.187705,45.278008,0.0],[26.187923,45.277866,0.0],[26.188068,45.277681,0.0],[26.188253,45.277395,0.0],[26.188597,45.277133,0.0],[26.188777,45.276876,0.0],[26.188824,45.276654,0.0],[26.188996,45.276576,0.0],[26.189226,45.276499,0.0],[26.189453,45.27646,0.0],[26.189831,45.276463,0.0],[26.190156,45.276493,0.0],[26.190647,45.276578,0.0],[26.191119,45.276669,0.0],[26.191328,45.276717,0.0],[26.19178,45.276807,0.0],[26.192252,45.276904,0.0],[26.19256,45.276983,0.0],[26.192944,45.277073,0.0],[26.193029,45.277081,0.0],[26.193096,45.277115,0.0],[26.193187,45.277155,0.0],[26.19333,45.27718,0.0],[26.193557,45.277201,0.0],[26.193736,45.277253,0.0],[26.194027,45.27734,0.0],[26.194193,45.277394,0.0],[26.194274,45.277453,0.0],[26.194398,45.277564,0.0],[26.194521,45.277639,0.0],[26.194599,45.277674,0.0],[26.194688,45.277707,0.0],[26.194784,45.277681,0.0],[26.194925,45.277695,0.0],[26.195005,45.277745,0.0],[26.195207,45.277762,0.0],[26.195377,45.277689,0.0],[26.195559,45.277555,0.0],[26.195632,45.277501,0.0],[26.195664,45.277434,0.0],[26.195707,45.277371,0.0],[26.195779,45.277331,0.0],[26.195813,45.27729,0.0],[26.195762,45.277271,0.0],[26.195686,45.27724,0.0],[26.195686,45.277216,0.0],[26.195689,45.27719,0.0],[26.195758,45.277163,0.0],[26.195791,45.277132,0.0],[26.195775,45.277072,0.0],[26.19575,45.277044,0.0],[26.195649,45.27704,0.0],[26.195539,45.277055,0.0],[26.195454,45.277073,0.0],[26.19541,45.277075,0.0],[26.195389,45.27705,0.0],[26.195389,45.277022,0.0],[26.195396,45.276994,0.0],[26.195357,45.276978,0.0],[26.19517,45.276964,0.0],[26.195009,45.276965,0.0],[26.194854,45.276929,0.0],[26.194806,45.276865,0.0],[26.194783,45.276767,0.0],[26.194718,45.27662,0.0],[26.194714,45.276593,0.0],[26.194712,45.276539,0.0],[26.194727,45.276491,0.0],[26.194791,45.276498,0.0],[26.194852,45.276498,0.0],[26.194901,45.276469,0.0],[26.194917,45.276419,0.0],[26.194897,45.276353,0.0],[26.194824,45.276242,0.0],[26.194799,45.276116,0.0],[26.194807,45.276021,0.0],[26.194815,45.275935,0.0],[26.194903,45.275829,0.0],[26.194987,45.275804,0.0],[26.195126,45.275843,0.0],[26.19525,45.275877,0.0],[26.195336,45.275859,0.0],[26.195416,45.275777,0.0],[26.195532,45.275726,0.0],[26.195616,45.275749,0.0],[26.195675,45.275797,0.0],[26.195717,45.275863,0.0],[26.195758,45.275903,0.0],[26.19583,45.275901,0.0],[26.195917,45.275884,0.0],[26.196008,45.275852,0.0],[26.196057,45.275827,0.0],[26.196077,45.275793,0.0],[26.19612,45.275758,0.0],[26.196191,45.275711,0.0],[26.196203,45.275668,0.0],[26.196181,45.275611,0.0],[26.19615,45.275543,0.0],[26.196152,45.275478,0.0],[26.196223,45.275432,0.0],[26.196293,45.275434,0.0],[26.19635,45.275469,0.0],[26.196408,45.275482,0.0],[26.196458,45.275446,0.0],[26.196618,45.275387,0.0],[26.196796,45.275348,0.0],[26.197089,45.275301,0.0],[26.197326,45.27526,0.0],[26.197606,45.275228,0.0],[26.197812,45.275216,0.0],[26.198203,45.275202,0.0],[26.198678,45.275222,0.0],[26.19917,45.275265,0.0],[26.199723,45.275294,0.0],[26.200191,45.275311,0.0],[26.200588,45.275342,0.0],[26.201257,45.275291,0.0],[26.201739,45.27518,0.0],[26.202139,45.275073,0.0],[26.202497,45.275001,0.0],[26.202912,45.274837,0.0],[26.203595,45.2745,0.0],[26.204392,45.274175,0.0],[26.204576,45.274111,0.0],[26.204672,45.274096,0.0],[26.204855,45.274056,0.0],[26.205129,45.274024,0.0],[26.205367,45.274054,0.0],[26.205625,45.274088,0.0],[26.205705,45.274116,0.0],[26.205826,45.274184,0.0],[26.20626,45.274518,0.0],[26.206507,45.274727,0.0],[26.206814,45.274902,0.0],[26.206998,45.274989,0.0],[26.207462,45.275137,0.0],[26.20762,45.275203,0.0],[26.207955,45.275361,0.0],[26.208266,45.275599,0.0],[26.208575,45.275857,0.0],[26.20867,45.275897,0.0],[26.208797,45.275915,0.0],[26.208897,45.275932,0.0],[26.209012,45.275957,0.0],[26.209154,45.275969,0.0],[26.209242,45.27597,0.0],[26.209442,45.27593,0.0],[26.209613,45.275905,0.0],[26.209934,45.275888,0.0],[26.210565,45.275823,0.0],[26.210829,45.275786,0.0],[26.21095,45.275782,0.0],[26.211277,45.275727,0.0],[26.211563,45.275669,0.0],[26.212119,45.275613,0.0],[26.212613,45.275592,0.0],[26.2129,45.275721,0.0],[26.213149,45.27586,0.0],[26.213488,45.276068,0.0],[26.213852,45.276342,0.0],[26.214288,45.27647,0.0],[26.214829,45.276579,0.0],[26.215288,45.276704,0.0],[26.215887,45.276916,0.0],[26.216181,45.277058,0.0],[26.216579,45.277274,0.0],[26.216827,45.27743,0.0],[26.217174,45.277527,0.0],[26.217613,45.27764,0.0],[26.217919,45.277762,0.0],[26.218227,45.277841,0.0],[26.218587,45.27784,0.0],[26.218754,45.277946,0.0],[26.218885,45.277996,0.0],[26.218963,45.277964,0.0],[26.219089,45.277849,0.0],[26.219259,45.277766,0.0],[26.219446,45.277733,0.0],[26.219683,45.277704,0.0],[26.219919,45.277673,0.0],[26.220322,45.27759,0.0],[26.220687,45.277424,0.0],[26.220903,45.277272,0.0],[26.221008,45.277111,0.0],[26.221171,45.276967,0.0],[26.221287,45.276904,0.0],[26.2214,45.276819,0.0],[26.221492,45.276739,0.0],[26.221601,45.276655,0.0],[26.222007,45.276474,0.0],[26.222621,45.276336,0.0],[26.222771,45.27628,0.0],[26.222856,45.276194,0.0],[26.222921,45.276079,0.0],[26.22298,45.275967,0.0],[26.223102,45.275879,0.0],[26.223303,45.275718,0.0],[26.223296,45.275609,0.0],[26.223255,45.275464,0.0],[26.223275,45.275367,0.0],[26.22336,45.27516,0.0],[26.223655,45.274921,0.0],[26.223836,45.274727,0.0],[26.224236,45.274446,0.0],[26.22471,45.274128,0.0],[26.224905,45.273997,0.0],[26.225002,45.273625,0.0],[26.225022,45.273533,0.0],[26.2252,45.273328,0.0],[26.225433,45.273022,0.0],[26.225743,45.272676,0.0],[26.225867,45.272528,0.0],[26.225976,45.272278,0.0],[26.226116,45.272061,0.0],[26.226129,45.271903,0.0],[26.226092,45.271693,0.0],[26.226089,45.271557,0.0],[26.226196,45.271416,0.0],[26.226468,45.271178,0.0],[26.226717,45.270879,0.0],[26.226795,45.270755,0.0],[26.226873,45.270633,0.0],[26.227002,45.270366,0.0],[26.227095,45.270223,0.0],[26.227161,45.270088,0.0],[26.227193,45.269907,0.0],[26.227247,45.269824,0.0],[26.227192,45.269641,0.0],[26.227165,45.269495,0.0],[26.227148,45.268984,0.0],[26.2273,45.268653,0.0],[26.227461,45.268275,0.0],[26.227513,45.268135,0.0],[26.227607,45.267951,0.0],[26.22775,45.267765,0.0],[26.227886,45.267691,0.0],[26.22818,45.267521,0.0],[26.22838,45.267399,0.0],[26.228523,45.267268,0.0],[26.228584,45.267156,0.0],[26.22861,45.266974,0.0],[26.228552,45.266798,0.0],[26.228505,45.266681,0.0],[26.228487,45.266601,0.0],[26.22846,45.266489,0.0],[26.228484,45.266373,0.0],[26.228631,45.266203,0.0],[26.228764,45.265945,0.0],[26.228984,45.265509,0.0],[26.229223,45.26505,0.0],[26.22934,45.264907,0.0],[26.22946,45.264636,0.0],[26.229459,45.264472,0.0],[26.229478,45.264142,0.0],[26.229449,45.264032,0.0],[26.229397,45.263958,0.0],[26.229241,45.263738,0.0],[26.229248,45.263677,0.0],[26.229256,45.263615,0.0],[26.229316,45.263465,0.0],[26.229408,45.263313,0.0],[26.229506,45.26325,0.0],[26.229634,45.263105,0.0],[26.229768,45.262922,0.0],[26.229796,45.262746,0.0],[26.229876,45.262678,0.0],[26.229933,45.262597,0.0],[26.230056,45.262466,0.0],[26.230222,45.262378,0.0],[26.230278,45.262325,0.0],[26.230329,45.262239,0.0],[26.230509,45.261966,0.0],[26.230557,45.261894,0.0],[26.23064,45.261805,0.0],[26.230694,45.261754,0.0],[26.230923,45.261514,0.0],[26.231123,45.261304,0.0],[26.231152,45.261275,0.0],[26.231158,45.261273,0.0],[26.23117,45.261269,0.0],[26.231195,45.261237,0.0],[26.231489,45.260866,0.0],[26.231391,45.260823,0.0],[26.231262,45.260816,0.0],[26.231191,45.260796,0.0],[26.231121,45.260776,0.0],[26.23104,45.260765,0.0],[26.230961,45.260765,0.0],[26.23083,45.260792,0.0],[26.230586,45.260798,0.0],[26.230461,45.260765,0.0],[26.2303,45.260698,0.0],[26.230214,45.260644,0.0],[26.230152,45.260579,0.0],[26.230117,45.260491,0.0],[26.23011,45.26039,0.0],[26.230069,45.260271,0.0],[26.230024,45.260184,0.0],[26.230473,45.259544,0.0],[26.230653,45.259335,0.0],[26.231194,45.258925,0.0],[26.231359,45.258779,0.0],[26.231434,45.258687,0.0],[26.231556,45.258595,0.0],[26.231633,45.258526,0.0],[26.231722,45.258407,0.0],[26.231699,45.258339,0.0],[26.231711,45.258278,0.0],[26.231741,45.258219,0.0],[26.231833,45.258154,0.0],[26.231926,45.258134,0.0],[26.232058,45.258095,0.0],[26.232113,45.258067,0.0],[26.232139,45.257995,0.0],[26.231876,45.257807,0.0],[26.231814,45.257755,0.0],[26.231802,45.257708,0.0],[26.231843,45.257655,0.0],[26.231917,45.257601,0.0],[26.232106,45.257611,0.0],[26.232236,45.257613,0.0],[26.232248,45.257576,0.0],[26.232175,45.257485,0.0],[26.232171,45.257449,0.0],[26.232205,45.257404,0.0],[26.232262,45.25738,0.0],[26.232375,45.25736,0.0],[26.232492,45.257325,0.0],[26.232519,45.257249,0.0],[26.232505,45.257199,0.0],[26.232439,45.257166,0.0],[26.232394,45.257168,0.0],[26.232358,45.257188,0.0],[26.232324,45.257264,0.0],[26.232284,45.257297,0.0],[26.232231,45.257298,0.0],[26.232196,45.25728,0.0],[26.232162,45.257227,0.0],[26.232158,45.257119,0.0],[26.23219,45.257054,0.0],[26.232312,45.256926,0.0],[26.232229,45.256829,0.0],[26.232209,45.256754,0.0],[26.23224,45.256676,0.0],[26.232297,45.256633,0.0],[26.232368,45.256607,0.0],[26.23243,45.256615,0.0],[26.232559,45.256686,0.0],[26.232624,45.256687,0.0],[26.232686,45.256662,0.0],[26.232872,45.256617,0.0],[26.233012,45.256639,0.0],[26.232849,45.256387,0.0],[26.232858,45.256235,0.0],[26.232832,45.255921,0.0],[26.232749,45.255643,0.0],[26.232746,45.255322,0.0],[26.23277,45.255168,0.0],[26.232791,45.254527,0.0],[26.232804,45.254198,0.0],[26.232767,45.253688,0.0],[26.232659,45.253172,0.0],[26.232654,45.252591,0.0],[26.232635,45.252276,0.0],[26.232602,45.252058,0.0],[26.232458,45.251587,0.0],[26.232365,45.251417,0.0],[26.232213,45.251273,0.0],[26.23207,45.251124,0.0],[26.231978,45.251025,0.0],[26.23189,45.250964,0.0],[26.231786,45.250917,0.0],[26.231585,45.250893,0.0],[26.231413,45.250894,0.0],[26.231329,45.250888,0.0],[26.23121,45.250861,0.0],[26.231101,45.250827,0.0],[26.230996,45.250763,0.0],[26.230925,45.250719,0.0],[26.230775,45.250669,0.0],[26.230698,45.25064,0.0],[26.23062,45.250594,0.0],[26.230555,45.250529,0.0],[26.230486,45.250433,0.0],[26.230447,45.250331,0.0],[26.230237,45.250023,0.0],[26.230152,45.249943,0.0],[26.229686,45.249452,0.0],[26.229319,45.2492,0.0],[26.2291,45.248842,0.0],[26.228908,45.248597,0.0],[26.228737,45.248384,0.0],[26.228648,45.248196,0.0],[26.228522,45.248008,0.0],[26.22848,45.247945,0.0],[26.228346,45.247805,0.0],[26.228253,45.247707,0.0],[26.227964,45.247465,0.0],[26.227856,45.247374,0.0],[26.227865,45.247282,0.0],[26.227873,45.24719,0.0],[26.227883,45.247087,0.0],[26.227877,45.246963,0.0],[26.227863,45.246628,0.0],[26.227749,45.245945,0.0],[26.227676,45.245546,0.0],[26.227603,45.245147,0.0],[26.22766,45.24465,0.0],[26.227873,45.244502,0.0],[26.228504,45.244002,0.0],[26.229165,45.24334,0.0],[26.229746,45.242803,0.0],[26.230207,45.242333,0.0],[26.230459,45.242135,0.0],[26.230693,45.24203,0.0],[26.231063,45.241969,0.0],[26.231488,45.241897,0.0],[26.231696,45.241799,0.0],[26.232193,45.241657,0.0],[26.232491,45.241405,0.0],[26.232709,45.241075,0.0],[26.233603,45.240217,0.0],[26.233974,45.239859,0.0],[26.234566,45.240198,0.0],[26.234977,45.240435,0.0],[26.235221,45.240501,0.0],[26.235386,45.240612,0.0],[26.235566,45.240686,0.0],[26.235543,45.240551,0.0],[26.235634,45.240327,0.0],[26.235705,45.240213,0.0],[26.235925,45.240021,0.0],[26.235951,45.239929,0.0],[26.236327,45.239889,0.0],[26.236599,45.239865,0.0],[26.236647,45.239826,0.0],[26.236657,45.23978,0.0],[26.236722,45.239774,0.0],[26.236807,45.239754,0.0],[26.236844,45.239695,0.0],[26.236897,45.239678,0.0],[26.237013,45.239755,0.0],[26.237121,45.239787,0.0],[26.237298,45.239867,0.0],[26.237637,45.240068,0.0],[26.237646,45.2401,0.0],[26.237596,45.24016,0.0],[26.237604,45.240196,0.0],[26.237671,45.24023,0.0],[26.237686,45.240264,0.0],[26.237672,45.240289,0.0],[26.237514,45.240312,0.0],[26.237336,45.240319,0.0],[26.237255,45.240416,0.0],[26.237157,45.240442,0.0],[26.23719,45.240522,0.0],[26.237366,45.240509,0.0],[26.237446,45.240538,0.0],[26.237581,45.240627,0.0],[26.237812,45.240526,0.0],[26.238049,45.240371,0.0],[26.238137,45.240375,0.0],[26.238184,45.240311,0.0],[26.23826,45.240279,0.0],[26.238456,45.240273,0.0],[26.238514,45.24024,0.0],[26.238571,45.240134,0.0],[26.238861,45.24013,0.0],[26.238984,45.240082,0.0],[26.239048,45.240135,0.0],[26.239113,45.240122,0.0],[26.239469,45.23997,0.0],[26.23975,45.239837,0.0],[26.239907,45.239751,0.0],[26.240057,45.239638,0.0],[26.240075,45.239731,0.0],[26.240194,45.239668,0.0],[26.240393,45.239542,0.0],[26.240691,45.239405,0.0],[26.240878,45.239308,0.0],[26.241112,45.239177,0.0],[26.24125,45.239104,0.0],[26.241456,45.238993,0.0],[26.241938,45.238854,0.0],[26.242065,45.238516,0.0],[26.242084,45.238277,0.0],[26.242181,45.238285,0.0],[26.242373,45.238382,0.0],[26.242804,45.238061,0.0],[26.243247,45.23784,0.0],[26.243524,45.237702,0.0],[26.243579,45.237699,0.0],[26.243722,45.237301,0.0],[26.243631,45.237142,0.0],[26.243626,45.237051,0.0],[26.243723,45.236819,0.0],[26.243778,45.236632,0.0],[26.243978,45.23649,0.0],[26.244045,45.236414,0.0],[26.244075,45.236257,0.0],[26.244124,45.236092,0.0],[26.24426,45.235931,0.0],[26.244483,45.235771,0.0],[26.244183,45.235698,0.0],[26.243948,45.235644,0.0],[26.243703,45.235615,0.0],[26.243601,45.235581,0.0],[26.243447,45.235559,0.0],[26.243152,45.235528,0.0],[26.242128,45.235376,0.0],[26.241417,45.235285,0.0],[26.240916,45.235219,0.0],[26.240567,45.235151,0.0],[26.239381,45.234947,0.0],[26.23867,45.234886,0.0],[26.238214,45.234879,0.0],[26.237887,45.234849,0.0],[26.237715,45.234817,0.0],[26.237433,45.234768,0.0],[26.237177,45.23471,0.0],[26.236816,45.234538,0.0],[26.236538,45.234463,0.0],[26.236198,45.234408,0.0],[26.235651,45.234431,0.0],[26.235087,45.234324,0.0],[26.235209,45.23383,0.0],[26.235338,45.233428,0.0],[26.235491,45.233008,0.0],[26.235574,45.232585,0.0],[26.235606,45.232374,0.0],[26.235691,45.232375,0.0],[26.235954,45.232331,0.0],[26.23624,45.232241,0.0],[26.236693,45.232104,0.0],[26.236864,45.23207,0.0],[26.236934,45.232022,0.0],[26.236926,45.231828,0.0],[26.236842,45.231848,0.0],[26.236802,45.231807,0.0],[26.236805,45.23171,0.0],[26.236862,45.231677,0.0],[26.23704,45.231636,0.0],[26.237173,45.231604,0.0],[26.237275,45.231557,0.0],[26.237315,45.231486,0.0],[26.237287,45.231434,0.0],[26.237183,45.231451,0.0],[26.237136,45.231427,0.0],[26.237142,45.231384,0.0],[26.237229,45.23132,0.0],[26.237574,45.23129,0.0],[26.237672,45.231252,0.0],[26.237779,45.231148,0.0],[26.23784,45.231045,0.0],[26.237805,45.23087,0.0],[26.237823,45.230788,0.0],[26.237962,45.230706,0.0],[26.238175,45.230551,0.0],[26.238311,45.230497,0.0],[26.238436,45.230559,0.0],[26.238596,45.230506,0.0],[26.238834,45.230503,0.0],[26.239132,45.230488,0.0],[26.2393,45.23047,0.0],[26.239466,45.230494,0.0],[26.239665,45.23054,0.0],[26.239965,45.230638,0.0],[26.240139,45.230727,0.0],[26.240288,45.230739,0.0],[26.240378,45.230696,0.0],[26.240473,45.230609,0.0],[26.240659,45.230423,0.0],[26.240841,45.230251,0.0],[26.240886,45.230178,0.0],[26.24087,45.230095,0.0],[26.240818,45.23005,0.0],[26.24071,45.230042,0.0],[26.240618,45.230024,0.0],[26.240552,45.229964,0.0],[26.240569,45.229893,0.0],[26.240663,45.229813,0.0],[26.241356,45.229836,0.0],[26.241529,45.229793,0.0],[26.241946,45.229419,0.0],[26.241927,45.229373,0.0],[26.241818,45.229281,0.0],[26.241893,45.229007,0.0],[26.241925,45.228755,0.0],[26.241986,45.228624,0.0],[26.241905,45.228563,0.0],[26.241575,45.22842,0.0],[26.24167,45.228308,0.0],[26.241841,45.228115,0.0],[26.242231,45.227675,0.0],[26.242728,45.227095,0.0],[26.243269,45.226475,0.0],[26.244185,45.225437,0.0],[26.244783,45.224762,0.0],[26.245016,45.224503,0.0],[26.245086,45.224423,0.0],[26.245254,45.224327,0.0],[26.245379,45.224321,0.0],[26.245442,45.224237,0.0],[26.245451,45.224091,0.0],[26.245455,45.22376,0.0],[26.245515,45.223706,0.0],[26.245729,45.223715,0.0],[26.245939,45.223742,0.0],[26.245997,45.2238,0.0],[26.245989,45.223947,0.0],[26.246024,45.224052,0.0],[26.246222,45.224265,0.0],[26.246377,45.224406,0.0],[26.246514,45.224466,0.0],[26.24658,45.224494,0.0],[26.246664,45.224484,0.0],[26.24672,45.2244,0.0],[26.246799,45.224174,0.0],[26.24685,45.223911,0.0],[26.246908,45.223712,0.0],[26.246984,45.223637,0.0],[26.247027,45.223564,0.0],[26.247135,45.223494,0.0],[26.247248,45.223444,0.0],[26.247399,45.223432,0.0],[26.247513,45.223466,0.0],[26.247622,45.223485,0.0],[26.247702,45.223479,0.0],[26.247717,45.223434,0.0],[26.247592,45.223328,0.0],[26.247263,45.223062,0.0],[26.247174,45.222878,0.0],[26.247142,45.222727,0.0],[26.247086,45.222572,0.0],[26.246877,45.22244,0.0],[26.246724,45.222319,0.0],[26.246646,45.222228,0.0],[26.246625,45.222086,0.0],[26.246664,45.221806,0.0],[26.246735,45.221397,0.0],[26.246824,45.221095,0.0],[26.247111,45.220485,0.0],[26.247117,45.220464,0.0],[26.247115,45.219561,0.0],[26.247107,45.219258,0.0],[26.247103,45.219197,0.0],[26.24717,45.219168,0.0],[26.247306,45.219196,0.0],[26.247369,45.219255,0.0],[26.247515,45.219343,0.0],[26.24771,45.219429,0.0],[26.247696,45.219203,0.0],[26.247614,45.219093,0.0],[26.247502,45.219082,0.0],[26.247431,45.219047,0.0],[26.247445,45.218975,0.0],[26.247488,45.218906,0.0],[26.247515,45.21883,0.0],[26.247509,45.218784,0.0],[26.247461,45.218727,0.0],[26.247399,45.218679,0.0],[26.247331,45.218595,0.0],[26.247297,45.218542,0.0],[26.247302,45.218531,0.0],[26.247267,45.218373,0.0],[26.247367,45.218156,0.0],[26.247466,45.217934,0.0],[26.247559,45.21767,0.0],[26.247768,45.2175,0.0],[26.247951,45.217343,0.0],[26.248122,45.217244,0.0],[26.248239,45.217145,0.0],[26.248265,45.216989,0.0],[26.24834,45.216911,0.0],[26.248327,45.216835,0.0],[26.248216,45.216705,0.0],[26.24834,45.216545,0.0],[26.24835,45.216394,0.0],[26.248316,45.216343,0.0],[26.248294,45.216204,0.0],[26.248319,45.215961,0.0],[26.247996,45.215962,0.0],[26.247761,45.215993,0.0],[26.247592,45.215942,0.0],[26.24756,45.215884,0.0],[26.247615,45.215841,0.0],[26.247706,45.215785,0.0],[26.247778,45.215689,0.0],[26.247938,45.215328,0.0],[26.248108,45.214888,0.0],[26.248132,45.214612,0.0],[26.248279,45.214245,0.0],[26.249024,45.214024,0.0],[26.249368,45.213894,0.0],[26.249772,45.21373,0.0],[26.250126,45.213643,0.0],[26.250395,45.213661,0.0],[26.250715,45.213593,0.0],[26.250903,45.213502,0.0],[26.251314,45.213189,0.0],[26.251492,45.212925,0.0],[26.251477,45.212826,0.0],[26.251424,45.212582,0.0],[26.25144,45.2124,0.0],[26.251482,45.212193,0.0],[26.251527,45.212119,0.0],[26.251526,45.212056,0.0],[26.2514,45.211973,0.0],[26.251297,45.211892,0.0],[26.251147,45.211755,0.0],[26.251242,45.211736,0.0],[26.251286,45.211688,0.0],[26.251277,45.211622,0.0],[26.251223,45.21155,0.0],[26.251135,45.211487,0.0],[26.251134,45.211374,0.0],[26.251138,45.211193,0.0],[26.251219,45.210865,0.0],[26.251194,45.210656,0.0],[26.251252,45.210486,0.0],[26.251306,45.210295,0.0],[26.251217,45.210179,0.0],[26.251174,45.210093,0.0],[26.251231,45.209908,0.0],[26.251408,45.209391,0.0],[26.251501,45.20919,0.0],[26.2516,45.209106,0.0],[26.251803,45.209045,0.0],[26.251887,45.209042,0.0],[26.251966,45.209094,0.0],[26.251975,45.209184,0.0],[26.251879,45.209298,0.0],[26.251835,45.209381,0.0],[26.251854,45.209394,0.0],[26.251973,45.209364,0.0],[26.25219,45.209272,0.0],[26.252311,45.209205,0.0],[26.252364,45.209142,0.0],[26.252446,45.208959,0.0],[26.252497,45.208732,0.0],[26.252342,45.208719,0.0],[26.252191,45.208776,0.0],[26.251917,45.208917,0.0],[26.251821,45.208948,0.0],[26.25175,45.208929,0.0],[26.25172,45.208895,0.0],[26.25173,45.20883,0.0],[26.251798,45.208701,0.0],[26.251879,45.208613,0.0],[26.251912,45.208542,0.0],[26.251747,45.208355,0.0],[26.251804,45.208197,0.0],[26.252087,45.207347,0.0],[26.252078,45.207192,0.0],[26.251975,45.206945,0.0],[26.251734,45.206442,0.0],[26.251489,45.205904,0.0],[26.251447,45.20554,0.0],[26.251349,45.205008,0.0],[26.251455,45.20456,0.0],[26.251482,45.204289,0.0],[26.251432,45.204088,0.0],[26.251255,45.203748,0.0],[26.251039,45.203301,0.0],[26.250832,45.202727,0.0],[26.250734,45.202466,0.0],[26.250637,45.202205,0.0],[26.25059,45.201992,0.0],[26.250543,45.20178,0.0],[26.250546,45.201407,0.0],[26.250617,45.200981,0.0],[26.250718,45.20046,0.0],[26.250785,45.200179,0.0],[26.251021,45.199765,0.0],[26.251106,45.19956,0.0],[26.251229,45.199507,0.0],[26.251315,45.199515,0.0],[26.251386,45.199578,0.0],[26.251434,45.19966,0.0],[26.251448,45.199734,0.0],[26.251443,45.199764,0.0],[26.251448,45.199833,0.0],[26.25147,45.199917,0.0],[26.25151,45.199993,0.0],[26.251524,45.200039,0.0],[26.251548,45.200092,0.0],[26.251583,45.200237,0.0],[26.25174,45.200481,0.0],[26.251823,45.20058,0.0],[26.251904,45.200656,0.0],[26.252134,45.200799,0.0],[26.252236,45.200888,0.0],[26.25235,45.201056,0.0],[26.252412,45.201132,0.0],[26.252468,45.201193,0.0],[26.252606,45.201315,0.0],[26.252717,45.201395,0.0],[26.252833,45.201494,0.0],[26.252954,45.201578,0.0],[26.253008,45.201603,0.0],[26.253167,45.201704,0.0],[26.253256,45.201736,0.0],[26.253334,45.201752,0.0],[26.253442,45.201753,0.0],[26.253496,45.201742,0.0],[26.253593,45.2017,0.0],[26.25369,45.201618,0.0],[26.25376,45.201525,0.0],[26.253777,45.201464,0.0],[26.253822,45.201418,0.0],[26.253946,45.201342,0.0],[26.254057,45.201298,0.0],[26.254111,45.20129,0.0],[26.254165,45.2013,0.0],[26.254281,45.201355,0.0],[26.254359,45.201351,0.0],[26.254372,45.201336,0.0],[26.254362,45.201303,0.0],[26.254275,45.201227,0.0],[26.254281,45.201204,0.0],[26.254305,45.201193,0.0],[26.25437,45.201187,0.0],[26.254424,45.201191,0.0],[26.254499,45.201219,0.0],[26.254585,45.201229,0.0],[26.254618,45.201229,0.0],[26.254693,45.201202,0.0],[26.254952,45.201206,0.0],[26.255448,45.201269,0.0],[26.255686,45.20129,0.0],[26.255955,45.20132,0.0],[26.256139,45.201351,0.0],[26.256354,45.201408,0.0],[26.25643,45.201419,0.0],[26.256689,45.20148,0.0],[26.256794,45.201495,0.0],[26.256969,45.201499,0.0],[26.257239,45.201478,0.0],[26.25767,45.20148,0.0],[26.257897,45.20151,0.0],[26.257938,45.20152,0.0],[26.257967,45.201539,0.0],[26.257981,45.2016,0.0],[26.258067,45.201844,0.0],[26.258094,45.202027,0.0],[26.258078,45.20208,0.0],[26.258035,45.202141,0.0],[26.257941,45.202238,0.0],[26.257895,45.202301,0.0],[26.257809,45.202469,0.0],[26.257674,45.202667,0.0],[26.257637,45.202743,0.0],[26.257542,45.202995,0.0],[26.257507,45.203064,0.0],[26.257505,45.203094,0.0],[26.257478,45.203132,0.0],[26.257459,45.203178,0.0],[26.2574,45.203262,0.0],[26.257265,45.203544,0.0],[26.25718,45.203704,0.0],[26.257071,45.20391,0.0],[26.256896,45.204283,0.0],[26.256815,45.204421,0.0],[26.256783,45.204489,0.0],[26.25678,45.204527,0.0],[26.256794,45.204642,0.0],[26.256826,45.204726,0.0],[26.256951,45.204924,0.0],[26.257037,45.205122,0.0],[26.257137,45.205267,0.0],[26.257229,45.205343,0.0],[26.257286,45.205427,0.0],[26.257326,45.205526,0.0],[26.257361,45.205579,0.0],[26.257356,45.205598,0.0],[26.257372,45.205637,0.0],[26.257396,45.205751,0.0],[26.257399,45.205873,0.0],[26.257364,45.206014,0.0],[26.25734,45.206204,0.0],[26.257343,45.20622,0.0],[26.257394,45.206281,0.0],[26.257402,45.206349,0.0],[26.257324,45.206532,0.0],[26.25733,45.206608,0.0],[26.257365,45.206761,0.0],[26.257357,45.20686,0.0],[26.257381,45.207028,0.0],[26.257352,45.207096,0.0],[26.257322,45.207135,0.0],[26.25722,45.207188,0.0],[26.257166,45.207253,0.0],[26.257144,45.207325,0.0],[26.257144,45.207363,0.0],[26.257163,45.20744,0.0],[26.257174,45.20747,0.0],[26.25718,45.207584,0.0],[26.257198,45.207683,0.0],[26.257251,45.207783,0.0],[26.257274,45.207821,0.0],[26.257272,45.207927,0.0],[26.257304,45.207996,0.0],[26.257366,45.208087,0.0],[26.25746,45.208145,0.0],[26.257471,45.208167,0.0],[26.257463,45.208196,0.0],[26.257404,45.208234,0.0],[26.257366,45.208278,0.0],[26.257369,45.208331,0.0],[26.257365,45.208364,0.0],[26.257381,45.208391,0.0],[26.257386,45.208429,0.0],[26.257413,45.208497,0.0],[26.257429,45.208612,0.0],[26.257477,45.208765,0.0],[26.257517,45.208818,0.0],[26.257549,45.208841,0.0],[26.257636,45.208885,0.0],[26.257722,45.208916,0.0],[26.25784,45.208947,0.0],[26.257867,45.20896,0.0],[26.257921,45.20897,0.0],[26.25818,45.209007,0.0],[26.25832,45.209013,0.0],[26.258558,45.209002,0.0],[26.258741,45.208978,0.0],[26.258828,45.208957,0.0],[26.258968,45.208896,0.0],[26.259022,45.208885,0.0],[26.259249,45.208886,0.0],[26.259314,45.208894,0.0],[26.259411,45.208913,0.0],[26.259497,45.208942,0.0],[26.259548,45.208967,0.0],[26.259642,45.20903,0.0],[26.259747,45.209114,0.0],[26.259866,45.209187,0.0],[26.26006,45.209258,0.0],[26.260149,45.209275,0.0],[26.2603,45.209274,0.0],[26.260375,45.209257,0.0],[26.260483,45.209215,0.0],[26.260754,45.209069,0.0],[26.260862,45.209035,0.0],[26.260897,45.209001,0.0],[26.260908,45.208957,0.0],[26.260946,45.208881,0.0],[26.261062,45.208782,0.0],[26.261097,45.208763,0.0],[26.261159,45.208754,0.0],[26.261267,45.208762,0.0],[26.26131,45.20877,0.0],[26.261451,45.208818,0.0],[26.261526,45.20882,0.0],[26.261602,45.208809,0.0],[26.261688,45.208782,0.0],[26.261756,45.208727,0.0],[26.261791,45.208708,0.0],[26.26184,45.208693,0.0],[26.261926,45.20868,0.0],[26.262131,45.208687,0.0],[26.262206,45.208688,0.0],[26.262487,45.208718,0.0],[26.262724,45.20873,0.0],[26.262962,45.208759,0.0],[26.263339,45.208777,0.0],[26.263587,45.208808,0.0],[26.263749,45.208837,0.0],[26.263814,45.208855,0.0],[26.263922,45.208872,0.0],[26.264126,45.208922,0.0],[26.264385,45.208969,0.0],[26.264558,45.209017,0.0],[26.264841,45.209138,0.0],[26.264978,45.209182,0.0],[26.26542,45.209282,0.0],[26.26569,45.209356,0.0],[26.265881,45.209394,0.0],[26.26611,45.209458,0.0],[26.266248,45.209512,0.0],[26.266304,45.209527,0.0],[26.266326,45.209519,0.0],[26.266364,45.209485,0.0],[26.266537,45.209255,0.0],[26.266779,45.208859,0.0],[26.266872,45.208677,0.0],[26.266925,45.20857,0.0],[26.267015,45.208444,0.0],[26.267046,45.20834,0.0],[26.267078,45.2083,0.0],[26.26717,45.208225,0.0],[26.267226,45.208164,0.0],[26.267269,45.208151,0.0],[26.267331,45.208151,0.0],[26.267385,45.20817,0.0],[26.267528,45.208277,0.0],[26.267609,45.208301,0.0],[26.267666,45.208303,0.0],[26.267698,45.208296,0.0],[26.267795,45.208261,0.0],[26.267868,45.208212,0.0],[26.267903,45.208172,0.0],[26.267962,45.208073,0.0],[26.267965,45.208034,0.0],[26.267922,45.207975,0.0],[26.267838,45.20792,0.0],[26.267809,45.20789,0.0],[26.267798,45.207871,0.0],[26.267798,45.20784,0.0],[26.267808,45.207794,0.0],[26.267833,45.207771,0.0],[26.267865,45.207752,0.0],[26.267941,45.207726,0.0],[26.267967,45.207705,0.0],[26.267967,45.207695,0.0],[26.267927,45.207651,0.0],[26.267994,45.207543,0.0],[26.268113,45.207444,0.0],[26.268124,45.207421,0.0],[26.268113,45.207367,0.0],[26.268129,45.207344,0.0],[26.268153,45.207333,0.0],[26.268188,45.207331,0.0],[26.268242,45.207346,0.0],[26.268307,45.20735,0.0],[26.26835,45.207329,0.0],[26.268377,45.207287,0.0],[26.268361,45.207234,0.0],[26.268361,45.207211,0.0],[26.268374,45.20718,0.0],[26.268447,45.207131,0.0],[26.268609,45.207058,0.0],[26.268652,45.207018,0.0],[26.268697,45.206933,0.0],[26.268711,45.206864,0.0],[26.268724,45.206841,0.0],[26.268724,45.206772,0.0],[26.268738,45.206734,0.0],[26.268875,45.20662,0.0],[26.268924,45.206536,0.0],[26.268945,45.20646,0.0],[26.268972,45.206429,0.0],[26.269026,45.206391,0.0],[26.269153,45.206324,0.0],[26.269239,45.206288,0.0],[26.269411,45.206242,0.0],[26.269681,45.206155,0.0],[26.270166,45.206048,0.0],[26.270328,45.205983,0.0],[26.270404,45.205964,0.0],[26.270479,45.205966,0.0],[26.270541,45.205988,0.0],[26.270682,45.20607,0.0],[26.270727,45.206089,0.0],[26.270789,45.206131,0.0],[26.270994,45.206236,0.0],[26.271397,45.206428,0.0],[26.271537,45.206504,0.0],[26.271693,45.206575,0.0],[26.271745,45.206603,0.0],[26.271942,45.206741,0.0],[26.27205,45.20684,0.0],[26.272141,45.206904,0.0],[26.272409,45.207023,0.0],[26.272519,45.207074,0.0],[26.272829,45.207184,0.0],[26.272906,45.207203,0.0],[26.273237,45.207297,0.0],[26.273364,45.207325,0.0],[26.273474,45.207336,0.0],[26.273625,45.207367,0.0],[26.273701,45.207371,0.0],[26.273787,45.207346,0.0],[26.273968,45.207222,0.0],[26.274003,45.207207,0.0],[26.274046,45.207205,0.0],[26.274151,45.207233,0.0],[26.274316,45.207262,0.0],[26.274445,45.207268,0.0],[26.274607,45.207225,0.0],[26.274747,45.20718,0.0],[26.274801,45.207176,0.0],[26.274833,45.207184,0.0],[26.274852,45.207195,0.0],[26.274914,45.207292,0.0],[26.274968,45.207345,0.0],[26.275063,45.207406,0.0],[26.275144,45.207435,0.0],[26.275238,45.20745,0.0],[26.27557,45.207482,0.0],[26.275743,45.207498,0.0],[26.275864,45.207499,0.0],[26.276026,45.207486,0.0],[26.276166,45.207459,0.0],[26.276209,45.207448,0.0],[26.2765,45.207335,0.0],[26.276565,45.207324,0.0],[26.276791,45.207253,0.0],[26.277244,45.207144,0.0],[26.277341,45.207116,0.0],[26.277622,45.20706,0.0],[26.277924,45.20703,0.0],[26.278139,45.20699,0.0],[26.278205,45.206988,0.0],[26.278291,45.20698,0.0],[26.278668,45.206976,0.0],[26.278895,45.206964,0.0],[26.279261,45.206958,0.0],[26.279423,45.206943,0.0],[26.279542,45.20692,0.0],[26.279596,45.206901,0.0],[26.279749,45.206783,0.0],[26.279844,45.206739,0.0],[26.279919,45.206716,0.0],[26.280049,45.206699,0.0],[26.280232,45.206703,0.0],[26.280361,45.206722,0.0],[26.280512,45.206758,0.0],[26.28078,45.206838,0.0],[26.280987,45.206878,0.0],[26.281063,45.206885,0.0],[26.281117,45.206878,0.0],[26.28124,45.206862,0.0],[26.281315,45.206859,0.0],[26.281358,45.206868,0.0],[26.281445,45.20687,0.0],[26.281477,45.206879,0.0],[26.281493,45.206875,0.0],[26.281807,45.206926,0.0],[26.28199,45.206946,0.0],[26.282028,45.206958,0.0],[26.28232,45.207004,0.0],[26.282601,45.207078,0.0],[26.282634,45.207079,0.0],[26.282747,45.20713,0.0],[26.282845,45.207157,0.0],[26.283202,45.207293,0.0],[26.283673,45.207539,0.0],[26.283871,45.207628,0.0],[26.283925,45.207647,0.0],[26.283968,45.207654,0.0],[26.284003,45.207658,0.0],[26.28423,45.207654,0.0],[26.284478,45.207664,0.0],[26.284781,45.207663,0.0],[26.284921,45.207642,0.0],[26.285136,45.207569,0.0],[26.285255,45.207551,0.0],[26.285298,45.207555,0.0],[26.285309,45.207547,0.0],[26.285503,45.207558,0.0],[26.285687,45.207586,0.0],[26.286019,45.207619,0.0],[26.286173,45.20762,0.0],[26.286292,45.207599,0.0],[26.286464,45.207585,0.0],[26.286594,45.207592,0.0],[26.286647,45.207603,0.0],[26.286724,45.207609,0.0],[26.286883,45.207647,0.0],[26.28708,45.207675,0.0],[26.28734,45.207737,0.0],[26.287426,45.207742,0.0],[26.287545,45.20774,0.0],[26.28761,45.207732,0.0],[26.287728,45.207703,0.0],[26.287782,45.207678,0.0],[26.287879,45.207619,0.0],[26.287976,45.207586,0.0],[26.288019,45.207561,0.0],[26.288137,45.207513,0.0],[26.288363,45.207432,0.0],[26.288385,45.20743,0.0],[26.28874,45.207288,0.0],[26.288902,45.207247,0.0],[26.289031,45.207232,0.0],[26.289129,45.207228,0.0],[26.289247,45.207208,0.0],[26.289333,45.207189,0.0],[26.289452,45.207147,0.0],[26.289603,45.207079,0.0],[26.289689,45.207033,0.0],[26.289872,45.206955,0.0],[26.290173,45.206853,0.0],[26.290313,45.206793,0.0],[26.290399,45.206741,0.0],[26.290507,45.206651,0.0],[26.29056,45.206628,0.0],[26.290679,45.206596,0.0],[26.290787,45.206576,0.0],[26.291003,45.206553,0.0],[26.291164,45.206497,0.0],[26.291229,45.20647,0.0],[26.291369,45.206393,0.0],[26.291562,45.206261,0.0],[26.291847,45.206049,0.0],[26.291917,45.206008,0.0],[26.292013,45.205968,0.0],[26.292121,45.205922,0.0],[26.292229,45.205904,0.0],[26.292326,45.205904,0.0],[26.292455,45.205866,0.0],[26.292541,45.205827,0.0],[26.292584,45.205795,0.0],[26.292633,45.205772,0.0],[26.292783,45.205674,0.0],[26.292988,45.20558,0.0],[26.293192,45.205522,0.0],[26.293408,45.205441,0.0],[26.293505,45.20542,0.0],[26.293699,45.205412,0.0],[26.293861,45.205423,0.0],[26.294164,45.205422,0.0],[26.294336,45.205388,0.0],[26.294498,45.205373,0.0],[26.294617,45.205393,0.0],[26.294782,45.205459,0.0],[26.295025,45.205541,0.0],[26.295082,45.205548,0.0],[26.295168,45.205548,0.0],[26.295222,45.205538,0.0],[26.29533,45.205496,0.0],[26.295413,45.20544,0.0],[26.295531,45.205293,0.0],[26.295608,45.205148,0.0],[26.295707,45.205018,0.0],[26.295841,45.20488,0.0],[26.296056,45.204721,0.0],[26.296139,45.204672,0.0],[26.29622,45.204639,0.0],[26.296457,45.204587,0.0],[26.296619,45.204542,0.0],[26.296834,45.204446,0.0],[26.296974,45.204398,0.0],[26.297029,45.204388,0.0],[26.297136,45.204363,0.0],[26.297341,45.204351,0.0],[26.2976,45.204326,0.0],[26.297729,45.204304,0.0],[26.297923,45.204258,0.0],[26.298139,45.204219,0.0],[26.298398,45.204184,0.0],[26.298581,45.204168,0.0],[26.298667,45.204154,0.0],[26.298764,45.204123,0.0],[26.298829,45.204112,0.0],[26.29953,45.204014,0.0],[26.299789,45.203969,0.0],[26.299961,45.203919,0.0],[26.300177,45.203875,0.0],[26.300446,45.203809,0.0],[26.30064,45.203782,0.0],[26.300867,45.203741,0.0],[26.301061,45.203696,0.0],[26.301406,45.203606,0.0],[26.301513,45.203556,0.0],[26.301761,45.20341,0.0],[26.301911,45.203341,0.0],[26.30204,45.203295,0.0],[26.302105,45.20326,0.0],[26.302148,45.203245,0.0],[26.302202,45.203237,0.0],[26.302299,45.203208,0.0],[26.302395,45.203187,0.0],[26.302676,45.203119,0.0],[26.302805,45.203077,0.0],[26.302945,45.203008,0.0],[26.303053,45.202935,0.0],[26.303139,45.202889,0.0],[26.303225,45.202858,0.0],[26.30343,45.202825,0.0],[26.303678,45.202811,0.0],[26.303872,45.202766,0.0],[26.303926,45.202747,0.0],[26.303996,45.202695,0.0],[26.304118,45.202489,0.0],[26.304185,45.202428,0.0],[26.304226,45.202397,0.0],[26.304288,45.202365,0.0],[26.304371,45.202349,0.0],[26.304379,45.20235,0.0],[26.304404,45.202351,0.0],[26.304428,45.20237,0.0],[26.304497,45.202526,0.0],[26.304603,45.202708,0.0],[26.304685,45.202868,0.0],[26.304682,45.202876,0.0],[26.30477,45.203005,0.0],[26.304868,45.203211,0.0],[26.304901,45.203256,0.0],[26.30512,45.203644,0.0],[26.305229,45.203796,0.0],[26.305248,45.203842,0.0],[26.305254,45.20388,0.0],[26.305241,45.204059,0.0],[26.305247,45.204151,0.0],[26.305346,45.204356,0.0],[26.305466,45.204546,0.0],[26.305494,45.204607,0.0],[26.305603,45.20482,0.0],[26.305638,45.204874,0.0],[26.305676,45.204912,0.0],[26.30593,45.205231,0.0],[26.306452,45.205862,0.0],[26.306534,45.205976,0.0],[26.307672,45.20739,0.0],[26.307985,45.207762,0.0],[26.308034,45.20783,0.0],[26.308102,45.207903,0.0],[26.308173,45.208001,0.0],[26.308244,45.208077,0.0],[26.308249,45.208093,0.0],[26.308334,45.208184,0.0],[26.308391,45.20826,0.0],[26.308407,45.208267,0.0],[26.308473,45.208336,0.0],[26.30849,45.208412,0.0],[26.308557,45.208527,0.0],[26.308638,45.208633,0.0],[26.308695,45.20867,0.0],[26.308806,45.208715,0.0],[26.308889,45.208763,0.0],[26.308952,45.208824,0.0],[26.309006,45.208893,0.0],[26.309154,45.209018,0.0],[26.309227,45.209054,0.0],[26.309273,45.209091,0.0],[26.309481,45.209222,0.0],[26.309738,45.209415,0.0],[26.309759,45.209438,0.0],[26.309803,45.209457,0.0],[26.310143,45.209685,0.0],[26.310578,45.209962,0.0],[26.311624,45.21068,0.0],[26.311767,45.210771,0.0],[26.312029,45.210924,0.0],[26.312242,45.211084,0.0],[26.312296,45.21111,0.0],[26.312456,45.211213,0.0],[26.312507,45.211246,0.0],[26.312544,45.211241,0.0],[26.312609,45.211207,0.0],[26.313355,45.21078,0.0],[26.313522,45.210695,0.0],[26.313712,45.210581,0.0],[26.314187,45.210319,0.0],[26.314204,45.2103,0.0],[26.314247,45.210284,0.0],[26.31456,45.210112,0.0],[26.314939,45.209891,0.0],[26.315458,45.209603,0.0],[26.315523,45.209576,0.0],[26.315577,45.209538,0.0],[26.315777,45.209428,0.0],[26.315801,45.209398,0.0],[26.315809,45.209369,0.0],[26.316025,45.209007,0.0],[26.316075,45.20903,0.0],[26.316137,45.209059,0.0],[26.316654,45.209325,0.0],[26.317084,45.209522,0.0],[26.317249,45.209614,0.0],[26.31734,45.209674,0.0],[26.317647,45.209837,0.0],[26.318011,45.21003,0.0],[26.318215,45.210124,0.0],[26.318334,45.210193,0.0],[26.318625,45.210382,0.0],[26.318789,45.21047,0.0],[26.318821,45.210508,0.0],[26.318824,45.210524,0.0],[26.318824,45.210562,0.0],[26.31881,45.210596,0.0],[26.318788,45.210733,0.0],[26.318796,45.210787,0.0],[26.318836,45.210804,0.0],[26.318874,45.210806,0.0],[26.31895,45.210785,0.0],[26.319036,45.210747,0.0],[26.319101,45.210743,0.0],[26.319214,45.210797,0.0],[26.319327,45.210868,0.0],[26.319394,45.210922,0.0],[26.31951,45.210998,0.0],[26.31954,45.211029,0.0],[26.319534,45.211057,0.0],[26.319494,45.211074,0.0],[26.319321,45.211095,0.0],[26.319261,45.211106,0.0],[26.319213,45.211123,0.0],[26.319153,45.211163,0.0],[26.319148,45.211178,0.0],[26.319151,45.211192,0.0],[26.319172,45.211205,0.0],[26.319247,45.21122,0.0],[26.319347,45.211213,0.0],[26.319455,45.211217,0.0],[26.319509,45.211231,0.0],[26.319563,45.211263,0.0],[26.319574,45.211288,0.0],[26.319587,45.211402,0.0],[26.319584,45.211582,0.0],[26.319556,45.211803,0.0],[26.319572,45.211871,0.0],[26.319572,45.21191,0.0],[26.319604,45.211955,0.0],[26.319682,45.211997,0.0],[26.319736,45.212019,0.0],[26.319771,45.212047,0.0],[26.319784,45.212063,0.0],[26.319795,45.212101,0.0],[26.319789,45.212146,0.0],[26.319751,45.212238,0.0],[26.319759,45.212314,0.0],[26.319735,45.21239,0.0],[26.319667,45.212467,0.0],[26.319529,45.212573,0.0],[26.31945,45.212667,0.0],[26.319461,45.212741,0.0],[26.319488,45.212794,0.0],[26.319539,45.212863,0.0],[26.319625,45.212932,0.0],[26.3198,45.213035,0.0],[26.319921,45.213142,0.0],[26.319972,45.213171,0.0],[26.320064,45.213173,0.0],[26.320115,45.213142,0.0],[26.320145,45.213085,0.0],[26.320151,45.213001,0.0],[26.320197,45.212967,0.0],[26.32069,45.212974,0.0],[26.320733,45.212976,0.0],[26.32083,45.212993,0.0],[26.321065,45.213089,0.0],[26.321242,45.213202,0.0],[26.321294,45.213204,0.0],[26.321332,45.213178,0.0],[26.321372,45.213119,0.0],[26.321389,45.213081,0.0],[26.3214,45.213012,0.0],[26.3214,45.212959,0.0],[26.321384,45.212905,0.0],[26.321392,45.212867,0.0],[26.321519,45.212789,0.0],[26.321544,45.212745,0.0],[26.321576,45.212707,0.0],[26.321608,45.212688,0.0],[26.321662,45.212669,0.0],[26.32177,45.212649,0.0],[26.321878,45.212641,0.0],[26.322051,45.212642,0.0],[26.322105,45.212649,0.0],[26.322188,45.212676,0.0],[26.322237,45.212711,0.0],[26.322253,45.212739,0.0],[26.322274,45.212793,0.0],[26.322306,45.212953,0.0],[26.322368,45.213151,0.0],[26.322442,45.213357,0.0],[26.322507,45.213472,0.0],[26.322531,45.213485,0.0],[26.322563,45.21348,0.0],[26.322569,45.21347,0.0],[26.322572,45.213404,0.0],[26.322553,45.213297,0.0],[26.322567,45.213205,0.0],[26.322581,45.213182,0.0],[26.322591,45.213179,0.0],[26.322643,45.213181,0.0],[26.322672,45.213194,0.0],[26.322823,45.213362,0.0],[26.322893,45.213446,0.0],[26.323011,45.213553,0.0],[26.323035,45.213584,0.0],[26.323046,45.213607,0.0],[26.323046,45.213691,0.0],[26.323056,45.213721,0.0],[26.323078,45.213752,0.0],[26.323097,45.213765,0.0],[26.323143,45.213773,0.0],[26.323186,45.213765,0.0],[26.32321,45.213739,0.0],[26.323224,45.213695,0.0],[26.323253,45.213676,0.0],[26.323289,45.213674,0.0],[26.32331,45.21368,0.0],[26.323369,45.213716,0.0],[26.323404,45.213783,0.0],[26.323433,45.213935,0.0],[26.323468,45.213981,0.0],[26.323509,45.214004,0.0],[26.3236,45.214027,0.0],[26.323859,45.214043,0.0],[26.324097,45.214068,0.0],[26.32415,45.214067,0.0],[26.324226,45.214055,0.0],[26.32428,45.214031,0.0],[26.32435,45.21396,0.0],[26.324369,45.213957,0.0],[26.324418,45.213961,0.0],[26.324464,45.213976,0.0],[26.324623,45.214058,0.0],[26.324795,45.214163,0.0],[26.324905,45.214221,0.0],[26.325202,45.214353,0.0],[26.325285,45.214409,0.0],[26.325366,45.214477,0.0],[26.325476,45.214592,0.0],[26.325589,45.214745,0.0],[26.325621,45.214775,0.0],[26.325672,45.214852,0.0],[26.325685,45.21489,0.0],[26.325674,45.214997,0.0],[26.325582,45.215218,0.0],[26.325557,45.215317,0.0],[26.325557,45.215347,0.0],[26.32553,45.215439,0.0],[26.325524,45.2155,0.0],[26.325532,45.215645,0.0],[26.325575,45.215813,0.0],[26.325599,45.215874,0.0],[26.325815,45.216024,0.0],[26.326218,45.216317,0.0],[26.326358,45.216409,0.0],[26.32688,45.216694,0.0],[26.327165,45.216872,0.0],[26.327265,45.216924,0.0],[26.32744,45.217031,0.0],[26.327537,45.217113,0.0],[26.327585,45.217175,0.0],[26.327622,45.217212,0.0],[26.327739,45.217196,0.0],[26.327934,45.217149,0.0],[26.328009,45.217137,0.0],[26.32816,45.2171,0.0],[26.328247,45.217084,0.0],[26.328409,45.217039,0.0],[26.328444,45.217007,0.0],[26.328466,45.216955,0.0],[26.328482,45.216879,0.0],[26.328482,45.216772,0.0],[26.328529,45.216605,0.0],[26.328545,45.216589,0.0],[26.328637,45.216559,0.0],[26.329004,45.216474,0.0],[26.329069,45.216467,0.0],[26.329187,45.216474,0.0],[26.329433,45.216511,0.0],[26.329889,45.216554,0.0],[26.33005,45.216577,0.0],[26.330339,45.216627,0.0],[26.3306,45.216713,0.0],[26.330773,45.216775,0.0],[26.330932,45.216835,0.0],[26.331158,45.21691,0.0],[26.331385,45.216975,0.0],[26.331808,45.217075,0.0],[26.331996,45.217155,0.0],[26.332309,45.217326,0.0],[26.33246,45.217398,0.0],[26.332729,45.217521,0.0],[26.332883,45.217567,0.0],[26.332948,45.217573,0.0],[26.333004,45.217573,0.0],[26.33322,45.217511,0.0],[26.333404,45.217483,0.0],[26.333512,45.217487,0.0],[26.333533,45.217483,0.0],[26.333587,45.217491,0.0],[26.333814,45.217539,0.0],[26.334094,45.217642,0.0],[26.334177,45.217688,0.0],[26.334328,45.217833,0.0],[26.33443,45.217906,0.0],[26.334608,45.217988,0.0],[26.334843,45.218056,0.0],[26.335004,45.218079,0.0],[26.335253,45.218093,0.0],[26.33535,45.218104,0.0],[26.335922,45.218111,0.0],[26.336116,45.218122,0.0],[26.336191,45.218129,0.0],[26.336386,45.218129,0.0],[26.33644,45.218114,0.0],[26.336477,45.218082,0.0],[26.336502,45.217998,0.0],[26.336494,45.217983,0.0],[26.336484,45.217815,0.0],[26.336425,45.217573,0.0],[26.336409,45.217479,0.0],[26.336412,45.217441,0.0],[26.336434,45.217388,0.0],[26.336469,45.21735,0.0],[26.336609,45.21728,0.0],[26.336782,45.217219,0.0],[26.33688,45.217204,0.0],[26.337041,45.217204,0.0],[26.337171,45.217216,0.0],[26.337387,45.217224,0.0],[26.337613,45.217224,0.0],[26.337818,45.21721,0.0],[26.338002,45.217172,0.0],[26.338121,45.217126,0.0],[26.338218,45.217041,0.0],[26.338251,45.217003,0.0],[26.338308,45.21685,0.0],[26.338351,45.216805,0.0],[26.338397,45.21678,0.0],[26.338527,45.21674,0.0],[26.338764,45.216683,0.0],[26.338829,45.216672,0.0],[26.338883,45.21667,0.0],[26.33911,45.216627,0.0],[26.339347,45.216597,0.0],[26.339563,45.216529,0.0],[26.339747,45.216491,0.0],[26.339866,45.216457,0.0],[26.340092,45.216404,0.0],[26.340211,45.216377,0.0],[26.340277,45.216369,0.0],[26.340308,45.216359,0.0],[26.340772,45.21632,0.0],[26.34115,45.216316,0.0],[26.341506,45.216275,0.0],[26.341679,45.216276,0.0],[26.341784,45.216293,0.0],[26.341906,45.216303,0.0],[26.34237,45.216288,0.0],[26.342456,45.216291,0.0],[26.342542,45.216304,0.0],[26.342715,45.216348,0.0],[26.342823,45.216368,0.0],[26.342941,45.216377,0.0],[26.343028,45.216376,0.0],[26.343103,45.216364,0.0],[26.34319,45.216334,0.0],[26.343471,45.216188,0.0],[26.343557,45.21615,0.0],[26.343633,45.216106,0.0],[26.343749,45.21607,0.0],[26.343814,45.21605,0.0],[26.343868,45.216014,0.0],[26.343962,45.215929,0.0],[26.34417,45.215817,0.0],[26.344267,45.215781,0.0],[26.344418,45.215737,0.0],[26.344786,45.215675,0.0],[26.345012,45.215654,0.0],[26.345336,45.215666,0.0],[26.345563,45.215707,0.0],[26.345682,45.215709,0.0],[26.345801,45.215677,0.0],[26.345984,45.215597,0.0],[26.346103,45.215553,0.0],[26.346492,45.21544,0.0],[26.346665,45.215406,0.0],[26.346859,45.215393,0.0],[26.347021,45.21537,0.0],[26.347129,45.215363,0.0],[26.347237,45.21534,0.0],[26.347334,45.215329,0.0],[26.34741,45.215302,0.0],[26.347483,45.215257,0.0],[26.347555,45.215185,0.0],[26.347609,45.215101,0.0],[26.347647,45.215025,0.0],[26.347674,45.214926,0.0],[26.347712,45.214842,0.0],[26.347793,45.214735,0.0],[26.347996,45.214507,0.0],[26.348133,45.214317,0.0],[26.348217,45.214233,0.0],[26.348384,45.214096,0.0],[26.348443,45.214062,0.0],[26.348581,45.213992,0.0],[26.348884,45.213872,0.0],[26.34897,45.213825,0.0],[26.349032,45.213777,0.0],[26.349132,45.213671,0.0],[26.34917,45.213587,0.0],[26.349181,45.213503,0.0],[26.349219,45.213442,0.0],[26.349275,45.213382,0.0],[26.349381,45.213309,0.0],[26.349461,45.213283,0.0],[26.349667,45.213247,0.0],[26.349807,45.213184,0.0],[26.349869,45.213143,0.0],[26.349904,45.21311,0.0],[26.349985,45.21299,0.0],[26.350045,45.212922,0.0],[26.350201,45.212701,0.0],[26.350258,45.212633,0.0],[26.350298,45.212587,0.0],[26.350441,45.212458,0.0],[26.350512,45.212416,0.0],[26.350552,45.212407,0.0],[26.350736,45.212414,0.0],[26.3508,45.212424,0.0],[26.350909,45.212455,0.0],[26.350973,45.212461,0.0],[26.351286,45.212514,0.0],[26.351556,45.212536,0.0],[26.35187,45.212546,0.0],[26.352323,45.212549,0.0],[26.352377,45.212541,0.0],[26.352874,45.212548,0.0],[26.352928,45.212557,0.0],[26.352971,45.212574,0.0],[26.353033,45.212609,0.0],[26.353169,45.21271,0.0],[26.353284,45.212794,0.0],[26.353422,45.21285,0.0],[26.353538,45.212878,0.0],[26.353614,45.21289,0.0],[26.353846,45.212902,0.0],[26.353962,45.21294,0.0],[26.354027,45.212969,0.0],[26.354723,45.213376,0.0],[26.354874,45.213456,0.0],[26.355115,45.213565,0.0],[26.355336,45.21368,0.0],[26.355528,45.213783,0.0],[26.355852,45.213972,0.0],[26.356189,45.214127,0.0],[26.356373,45.214218,0.0],[26.356556,45.21432,0.0],[26.356724,45.214391,0.0],[26.356875,45.214427,0.0],[26.357026,45.214443,0.0],[26.357458,45.214437,0.0],[26.357598,45.214457,0.0],[26.357728,45.214493,0.0],[26.357787,45.214539,0.0],[26.357852,45.214631,0.0],[26.35789,45.214644,0.0],[26.357922,45.214642,0.0],[26.358052,45.214562,0.0],[26.358095,45.214549,0.0],[26.358181,45.214538,0.0],[26.358333,45.21453,0.0],[26.358365,45.214521,0.0],[26.358387,45.214509,0.0],[26.358424,45.214468,0.0],[26.358412,45.214402,0.0],[26.358422,45.214388,0.0],[26.358414,45.214273,0.0],[26.35843,45.214151,0.0],[26.358419,45.214014,0.0],[26.35843,45.213847,0.0],[26.358416,45.213778,0.0],[26.358395,45.213732,0.0],[26.358281,45.213542,0.0],[26.358243,45.213498,0.0],[26.358168,45.213423,0.0],[26.358081,45.213366,0.0],[26.358003,45.213284,0.0],[26.357954,45.213183,0.0],[26.357903,45.213099,0.0],[26.357717,45.212855,0.0],[26.357452,45.212544,0.0],[26.357255,45.212245,0.0],[26.357147,45.212113,0.0],[26.357074,45.212059,0.0],[26.356923,45.211996,0.0],[26.356739,45.211903,0.0],[26.356626,45.211828,0.0],[26.356586,45.211784,0.0],[26.356534,45.211687,0.0],[26.356459,45.211588,0.0],[26.356432,45.211506,0.0],[26.356432,45.211412,0.0],[26.356502,45.211154,0.0],[26.356496,45.211062,0.0],[26.356383,45.210841,0.0],[26.356288,45.210688,0.0],[26.356159,45.2105,0.0],[26.356143,45.210461,0.0],[26.356116,45.210378,0.0],[26.356113,45.210292,0.0],[26.356102,45.210238,0.0],[26.356091,45.210223,0.0],[26.356093,45.210192,0.0],[26.356081,45.210101,0.0],[26.356064,45.210048,0.0],[26.356005,45.209941,0.0],[26.355937,45.209766,0.0],[26.355824,45.209537,0.0],[26.355616,45.209201,0.0],[26.355549,45.209051,0.0],[26.355535,45.209003,0.0],[26.355467,45.208898,0.0],[26.355438,45.208839,0.0],[26.355354,45.208736,0.0],[26.355284,45.208677,0.0],[26.3552,45.20862,0.0],[26.35493,45.208478,0.0],[26.354704,45.208392,0.0],[26.354639,45.208356,0.0],[26.354608,45.208347,0.0],[26.354587,45.208322,0.0],[26.354541,45.208293,0.0],[26.354458,45.208266,0.0],[26.354234,45.208159,0.0],[26.354105,45.208115,0.0],[26.353858,45.208048,0.0],[26.353794,45.208023,0.0],[26.353709,45.20797,0.0],[26.353648,45.207916,0.0],[26.353621,45.207882,0.0],[26.353583,45.207777,0.0],[26.353558,45.207656,0.0],[26.353536,45.20741,0.0],[26.3535,45.20732,0.0],[26.353468,45.207272,0.0],[26.353444,45.207251,0.0],[26.35329,45.207141,0.0],[26.353243,45.20707,0.0],[26.353223,45.206967,0.0],[26.353224,45.206934,0.0],[26.353241,45.206873,0.0],[26.353248,45.206774,0.0],[26.353184,45.206629,0.0],[26.353176,45.20648,0.0],[26.353126,45.206258,0.0],[26.353005,45.205975,0.0],[26.352969,45.205868,0.0],[26.35295,45.205746,0.0],[26.352927,45.205662,0.0],[26.352762,45.205393,0.0],[26.352716,45.205286,0.0],[26.352668,45.205221,0.0],[26.352489,45.205026,0.0],[26.35234,45.204889,0.0],[26.352186,45.204762,0.0],[26.351992,45.20461,0.0],[26.3518,45.20448,0.0],[26.351673,45.204381,0.0],[26.351601,45.204306,0.0],[26.351579,45.204218,0.0],[26.35156,45.204188,0.0],[26.351529,45.204151,0.0],[26.351499,45.204132,0.0],[26.351387,45.204081,0.0],[26.35128,45.204042,0.0],[26.350937,45.203934,0.0],[26.35083,45.203894,0.0],[26.350819,45.203885,0.0],[26.350781,45.203883,0.0],[26.350765,45.203871,0.0],[26.350631,45.203824,0.0],[26.350438,45.203742,0.0],[26.350181,45.203646,0.0],[26.350053,45.203582,0.0],[26.349882,45.203479,0.0],[26.349776,45.203402,0.0],[26.349606,45.203251,0.0],[26.349308,45.202917,0.0],[26.349224,45.202803,0.0],[26.349219,45.202786,0.0],[26.3492,45.202775,0.0],[26.349155,45.202709,0.0],[26.349075,45.202539,0.0],[26.349024,45.202363,0.0],[26.349023,45.202142,0.0],[26.349033,45.202027,0.0],[26.349027,45.201959,0.0],[26.348994,45.201844,0.0],[26.348942,45.201752,0.0],[26.34877,45.201548,0.0],[26.348768,45.201537,0.0],[26.348707,45.201473,0.0],[26.348659,45.201444,0.0],[26.348542,45.201355,0.0],[26.348476,45.20128,0.0],[26.348463,45.201238,0.0],[26.348467,45.201168,0.0],[26.348481,45.201153,0.0],[26.3485,45.201031,0.0],[26.348471,45.20097,0.0],[26.348391,45.200866,0.0],[26.348144,45.200554,0.0],[26.348079,45.200458,0.0],[26.348022,45.200336,0.0],[26.348022,45.200321,0.0],[26.348044,45.20029,0.0],[26.348149,45.200169,0.0],[26.348368,45.200006,0.0],[26.348448,45.199928,0.0],[26.348495,45.19986,0.0],[26.348509,45.199822,0.0],[26.348556,45.199617,0.0],[26.34857,45.199442,0.0],[26.348567,45.199312,0.0],[26.348546,45.199167,0.0],[26.348545,45.199098,0.0],[26.348481,45.198777,0.0],[26.348439,45.198388,0.0],[26.348427,45.198052,0.0],[26.348373,45.197937,0.0],[26.34833,45.197887,0.0],[26.348109,45.19775,0.0],[26.348027,45.197667,0.0],[26.347943,45.197535,0.0],[26.347871,45.19738,0.0],[26.347787,45.197226,0.0],[26.347724,45.197136,0.0],[26.34767,45.197075,0.0],[26.347481,45.196859,0.0],[26.347355,45.196698,0.0],[26.347297,45.196613,0.0],[26.347256,45.196514,0.0],[26.347249,45.196473,0.0],[26.347253,45.196405,0.0],[26.347276,45.196336,0.0],[26.347286,45.196215,0.0],[26.34731,45.196108,0.0],[26.347355,45.195986,0.0],[26.347362,45.195926,0.0],[26.347396,45.19585,0.0],[26.347459,45.195782,0.0],[26.347582,45.195705,0.0],[26.347729,45.195653,0.0],[26.347826,45.19561,0.0],[26.347859,45.195585,0.0],[26.348044,45.195502,0.0],[26.348207,45.195438,0.0],[26.348369,45.195329,0.0],[26.348418,45.195288,0.0],[26.348459,45.195231,0.0],[26.348546,45.195095,0.0],[26.348596,45.194996,0.0],[26.348663,45.194905,0.0],[26.348773,45.1948,0.0],[26.348784,45.194777,0.0],[26.348931,45.194683,0.0],[26.348995,45.194619,0.0],[26.349055,45.194574,0.0],[26.349169,45.194529,0.0],[26.349256,45.194478,0.0],[26.349461,45.194318,0.0],[26.349503,45.194273,0.0],[26.349549,45.194245,0.0],[26.349604,45.194198,0.0],[26.349731,45.194054,0.0],[26.349884,45.193812,0.0],[26.349895,45.193781,0.0],[26.349912,45.193774,0.0],[26.349974,45.193599,0.0],[26.349975,45.193546,0.0],[26.349962,45.193485,0.0],[26.349942,45.193294,0.0],[26.349949,45.193218,0.0],[26.350028,45.193028,0.0],[26.350056,45.19299,0.0],[26.350152,45.192914,0.0],[26.350264,45.192855,0.0],[26.350449,45.192769,0.0],[26.350544,45.192701,0.0],[26.350619,45.19261,0.0],[26.350639,45.192565,0.0],[26.350618,45.192496,0.0],[26.350555,45.192423,0.0],[26.350444,45.19233,0.0],[26.350297,45.192222,0.0],[26.350068,45.192079,0.0],[26.349956,45.191994,0.0],[26.349743,45.191862,0.0],[26.349552,45.191725,0.0],[26.349487,45.19169,0.0],[26.349312,45.19157,0.0],[26.349024,45.191399,0.0],[26.348571,45.191084,0.0],[26.348379,45.190973,0.0],[26.348155,45.19087,0.0],[26.348112,45.190839,0.0],[26.348102,45.190822,0.0],[26.348108,45.190747,0.0],[26.348123,45.190717,0.0],[26.34812,45.190689,0.0],[26.34815,45.190565,0.0],[26.348157,45.190451,0.0],[26.348178,45.190352,0.0],[26.348213,45.190245,0.0],[26.348299,45.189968,0.0],[26.348318,45.1898,0.0],[26.348312,45.189716,0.0],[26.348265,45.189632,0.0],[26.348217,45.189589,0.0],[26.348105,45.189527,0.0],[26.347934,45.189455,0.0],[26.347848,45.189405,0.0],[26.347795,45.18936,0.0],[26.34775,45.189299,0.0],[26.347743,45.189276,0.0],[26.347732,45.189154,0.0],[26.347642,45.188886,0.0],[26.347645,45.188772,0.0],[26.347775,45.188437,0.0],[26.347809,45.188369,0.0],[26.347875,45.18828,0.0],[26.347942,45.188172,0.0],[26.348001,45.188028,0.0],[26.348005,45.187982,0.0],[26.348016,45.187963,0.0],[26.347996,45.187872,0.0],[26.34798,45.187842,0.0],[26.34796,45.187791,0.0],[26.347871,45.187661,0.0],[26.3478,45.187576,0.0],[26.347745,45.187502,0.0],[26.347732,45.187467,0.0],[26.347665,45.187394,0.0],[26.347623,45.187362,0.0],[26.347481,45.187286,0.0],[26.347433,45.187229,0.0],[26.347428,45.187187,0.0],[26.347439,45.187157,0.0],[26.347538,45.187043,0.0],[26.347589,45.187007,0.0],[26.34766,45.186975,0.0],[26.347744,45.186955,0.0],[26.347852,45.186939,0.0],[26.348132,45.186912,0.0],[26.348284,45.186875,0.0],[26.348338,45.186852,0.0],[26.348414,45.186809,0.0],[26.348488,45.18673,0.0],[26.348545,45.186686,0.0],[26.348597,45.186662,0.0],[26.348681,45.18664,0.0],[26.348767,45.18664,0.0],[26.348799,45.186646,0.0],[26.348848,45.186666,0.0],[26.348877,45.186683,0.0],[26.34901,45.186798,0.0],[26.34915,45.186877,0.0],[26.349206,45.186921,0.0],[26.349254,45.186931,0.0],[26.349341,45.186932,0.0],[26.349513,45.186914,0.0],[26.349816,45.186845,0.0],[26.350011,45.186782,0.0],[26.350087,45.18675,0.0],[26.350229,45.186675,0.0],[26.350358,45.186636,0.0],[26.350488,45.186608,0.0],[26.350553,45.18661,0.0],[26.350725,45.186653,0.0],[26.350811,45.186684,0.0],[26.351077,45.186799,0.0],[26.351165,45.186828,0.0],[26.351262,45.186847,0.0],[26.351338,45.18685,0.0],[26.351521,45.18684,0.0],[26.35168,45.186862,0.0],[26.351823,45.18687,0.0],[26.352071,45.1869,0.0],[26.352222,45.186901,0.0],[26.352254,45.186893,0.0],[26.352276,45.186896,0.0],[26.352373,45.186881,0.0],[26.352556,45.186877,0.0],[26.352741,45.186815,0.0],[26.352814,45.186763,0.0],[26.352839,45.186734,0.0],[26.35285,45.186698,0.0],[26.352853,45.186637,0.0],[26.352963,45.186493,0.0],[26.353005,45.186402,0.0],[26.353006,45.186303,0.0],[26.35299,45.186265,0.0],[26.352945,45.186206,0.0],[26.352868,45.186139,0.0],[26.352804,45.186043,0.0],[26.352757,45.185951,0.0],[26.35275,45.185868,0.0],[26.352729,45.185776,0.0],[26.352733,45.185677,0.0],[26.352722,45.185525,0.0],[26.352694,45.185387,0.0],[26.352664,45.185151,0.0],[26.352661,45.184923,0.0],[26.352679,45.184794,0.0],[26.352735,45.184642,0.0],[26.352795,45.184558,0.0],[26.352915,45.184452,0.0],[26.352932,45.18443,0.0],[26.352996,45.18427,0.0],[26.353002,45.184187,0.0],[26.352987,45.184103,0.0],[26.352956,45.184011,0.0],[26.352946,45.183943,0.0],[26.352947,45.183836,0.0],[26.352973,45.183714,0.0],[26.352974,45.183676,0.0],[26.353012,45.183585,0.0],[26.353027,45.183524,0.0],[26.353074,45.183448,0.0],[26.35311,45.183358,0.0],[26.353135,45.183297,0.0],[26.353234,45.183153,0.0],[26.353337,45.183047,0.0],[26.353491,45.182835,0.0],[26.353551,45.182774,0.0],[26.353595,45.182736,0.0],[26.353652,45.1827,0.0],[26.353774,45.18264,0.0],[26.353987,45.182442,0.0],[26.354275,45.182263,0.0],[26.354474,45.182114,0.0],[26.354651,45.181959,0.0],[26.354738,45.181853,0.0],[26.354815,45.181739,0.0],[26.354843,45.181648,0.0],[26.35491,45.181512,0.0],[26.354954,45.18139,0.0],[26.35498,45.181306,0.0],[26.355004,45.181116,0.0],[26.355023,45.181048,0.0],[26.355048,45.181002,0.0],[26.35506,45.180949,0.0],[26.355078,45.18053,0.0],[26.355096,45.180439,0.0],[26.355146,45.180295,0.0],[26.355146,45.180257,0.0],[26.355166,45.180188,0.0],[26.355154,45.180089,0.0],[26.355113,45.179906,0.0],[26.355118,45.179724,0.0],[26.35513,45.179655,0.0],[26.355118,45.179587,0.0],[26.35511,45.179488,0.0],[26.355079,45.179366,0.0],[26.355043,45.179274,0.0],[26.355011,45.179228,0.0],[26.354858,45.179113,0.0],[26.354805,45.179086,0.0],[26.354762,45.179055,0.0],[26.354479,45.178829,0.0],[26.354429,45.178754,0.0],[26.35441,45.178704,0.0],[26.354398,45.178657,0.0],[26.354396,45.178596,0.0],[26.354401,45.178558,0.0],[26.354437,45.178482,0.0],[26.354435,45.178467,0.0],[26.354465,45.17844,0.0],[26.354506,45.178376,0.0],[26.3547,45.177951,0.0],[26.354816,45.177738,0.0],[26.354879,45.17764,0.0],[26.355082,45.177374,0.0],[26.355082,45.177359,0.0],[26.355151,45.177245,0.0],[26.355182,45.177154,0.0],[26.355209,45.176964,0.0],[26.355303,45.176759,0.0],[26.355347,45.176668,0.0],[26.355372,45.176577,0.0],[26.355386,45.176562,0.0],[26.355381,45.17655,0.0],[26.355393,45.176486,0.0],[26.355383,45.176394,0.0],[26.355362,45.176326,0.0],[26.355294,45.17618,0.0],[26.355234,45.176022,0.0],[26.355177,45.17577,0.0],[26.355154,45.175471,0.0],[26.355186,45.175061,0.0],[26.355236,45.174741,0.0],[26.355253,45.174444,0.0],[26.355248,45.174399,0.0],[26.355256,45.174391,0.0],[26.355255,45.174277,0.0],[26.355282,45.174087,0.0],[26.355371,45.173844,0.0],[26.355407,45.173806,0.0],[26.355513,45.173723,0.0],[26.355742,45.173496,0.0],[26.355802,45.17342,0.0],[26.355879,45.173299,0.0],[26.35594,45.173223,0.0],[26.356082,45.173079,0.0],[26.356161,45.172965,0.0],[26.356301,45.172753,0.0],[26.356488,45.172511,0.0],[26.356614,45.172314,0.0],[26.356631,45.172276,0.0],[26.356637,45.172245,0.0],[26.356632,45.1722,0.0],[26.356559,45.172016,0.0],[26.356507,45.171795,0.0],[26.356497,45.171788,0.0],[26.356434,45.171644,0.0],[26.356325,45.171459,0.0],[26.356214,45.171312,0.0],[26.356092,45.171174,0.0],[26.355961,45.171051,0.0],[26.355854,45.170984,0.0],[26.355672,45.170905,0.0],[26.355532,45.170864,0.0],[26.355317,45.170782,0.0],[26.355177,45.17074,0.0],[26.355102,45.170695,0.0],[26.355012,45.170628,0.0],[26.354841,45.17048,0.0],[26.354766,45.170396,0.0],[26.354706,45.170308,0.0],[26.354616,45.17014,0.0],[26.354556,45.169962,0.0],[26.354443,45.169712,0.0],[26.354376,45.169497,0.0],[26.354337,45.16942,0.0],[26.354263,45.169268,0.0],[26.354122,45.169076,0.0],[26.353965,45.168891,0.0],[26.353896,45.168793,0.0],[26.353761,45.168627,0.0],[26.353745,45.168587,0.0],[26.353729,45.168569,0.0],[26.353706,45.168482,0.0],[26.353707,45.168426,0.0],[26.353724,45.168366,0.0],[26.353807,45.168206,0.0],[26.353826,45.168145,0.0],[26.353833,45.168077,0.0],[26.353822,45.168066,0.0],[26.353825,45.168039,0.0],[26.353809,45.168027,0.0],[26.353807,45.167974,0.0],[26.353794,45.167951,0.0],[26.353755,45.167806,0.0],[26.35374,45.167715,0.0],[26.353736,45.167562,0.0],[26.353767,45.167479,0.0],[26.353803,45.167433,0.0],[26.353831,45.16735,0.0],[26.353837,45.167266,0.0],[26.353866,45.167122,0.0],[26.353861,45.167099,0.0],[26.353868,45.166924,0.0],[26.35388,45.166863,0.0],[26.353902,45.166817,0.0],[26.353922,45.166734,0.0],[26.35392,45.166688,0.0],[26.353947,45.166666,0.0],[26.353929,45.166585,0.0],[26.353937,45.166576,0.0],[26.353919,45.166553,0.0],[26.353919,45.16653,0.0],[26.353905,45.166503,0.0],[26.353908,45.16648,0.0],[26.353855,45.166221,0.0],[26.353856,45.166168,0.0],[26.35384,45.166091,0.0],[26.35384,45.166023,0.0],[26.353819,45.165931,0.0],[26.353828,45.165703,0.0],[26.353873,45.165467,0.0],[26.353933,45.165314,0.0],[26.353963,45.165185,0.0],[26.354078,45.164949,0.0],[26.354165,45.164743,0.0],[26.354218,45.16466,0.0],[26.354237,45.164661,0.0],[26.354279,45.164662,0.0],[26.354441,45.164666,0.0],[26.354711,45.164657,0.0],[26.354927,45.16466,0.0],[26.355316,45.164638,0.0],[26.355543,45.164616,0.0],[26.3559,45.164569,0.0],[26.356105,45.164547,0.0],[26.356213,45.164541,0.0],[26.356678,45.164488,0.0],[26.357002,45.164474,0.0],[26.357282,45.164463,0.0],[26.35752,45.164423,0.0],[26.357672,45.164384,0.0],[26.357888,45.16431,0.0],[26.358018,45.16428,0.0],[26.358126,45.164273,0.0],[26.358266,45.164277,0.0],[26.358353,45.164285,0.0],[26.358946,45.164387,0.0],[26.359226,45.164466,0.0],[26.359302,45.164467,0.0],[26.359356,45.164457,0.0],[26.359475,45.164419,0.0],[26.35954,45.164408,0.0],[26.359713,45.16441,0.0],[26.359842,45.16446,0.0],[26.359909,45.164503,0.0],[26.359939,45.164531,0.0],[26.359944,45.164546,0.0],[26.359904,45.164592,0.0],[26.359903,45.164623,0.0],[26.359946,45.164661,0.0],[26.359987,45.164678,0.0],[26.360025,45.164684,0.0],[26.360162,45.16469,0.0],[26.360413,45.164687,0.0],[26.360737,45.164657,0.0],[26.360921,45.164629,0.0],[26.361008,45.164622,0.0],[26.361062,45.164609,0.0],[26.361353,45.164615,0.0],[26.361828,45.164653,0.0],[26.361958,45.164668,0.0],[26.362228,45.16468,0.0],[26.362325,45.164685,0.0],[26.362498,45.164681,0.0],[26.362671,45.164621,0.0],[26.362974,45.164469,0.0],[26.36309,45.164386,0.0],[26.363212,45.164274,0.0],[26.363272,45.164228,0.0],[26.363359,45.164181,0.0],[26.363424,45.164158,0.0],[26.363575,45.164132,0.0],[26.363694,45.164132,0.0],[26.363909,45.164175,0.0],[26.363985,45.164182,0.0],[26.364061,45.164181,0.0],[26.364169,45.164162,0.0],[26.364331,45.1641,0.0],[26.364483,45.164007,0.0],[26.364645,45.16387,0.0],[26.365017,45.163593,0.0],[26.365154,45.16354,0.0],[26.365241,45.163519,0.0],[26.365338,45.163485,0.0],[26.365587,45.163358,0.0],[26.36575,45.163252,0.0],[26.365829,45.163183,0.0],[26.366034,45.163028,0.0],[26.36614,45.162961,0.0],[26.366254,45.162901,0.0],[26.36647,45.162802,0.0],[26.366643,45.162734,0.0],[26.366968,45.162621,0.0],[26.367228,45.162509,0.0],[26.367487,45.162418,0.0],[26.367565,45.162402,0.0],[26.367617,45.16239,0.0],[26.367736,45.162377,0.0],[26.36779,45.162364,0.0],[26.367876,45.162328,0.0],[26.367966,45.162256,0.0],[26.368017,45.162233,0.0],[26.368071,45.162224,0.0],[26.36819,45.16222,0.0],[26.368223,45.162213,0.0],[26.368266,45.162196,0.0],[26.368353,45.162146,0.0],[26.368428,45.162118,0.0],[26.368709,45.162065,0.0],[26.368753,45.162052,0.0],[26.36885,45.162007,0.0],[26.368999,45.1619,0.0],[26.369124,45.161786,0.0],[26.369213,45.161688,0.0],[26.369327,45.161543,0.0],[26.36943,45.161467,0.0],[26.369506,45.161429,0.0],[26.369614,45.161393,0.0],[26.370003,45.161326,0.0],[26.37022,45.161273,0.0],[26.37035,45.161212,0.0],[26.370469,45.161146,0.0],[26.370598,45.161093,0.0],[26.370815,45.161038,0.0],[26.371112,45.160978,0.0],[26.371317,45.160923,0.0],[26.371653,45.160804,0.0],[26.372291,45.160614,0.0],[26.372724,45.160449,0.0],[26.372841,45.16038,0.0],[26.373027,45.160267,0.0],[26.373135,45.16017,0.0],[26.373189,45.160132,0.0],[26.373199,45.160128,0.0],[26.373241,45.160106,0.0],[26.373254,45.160088,0.0],[26.373344,45.160024,0.0],[26.373461,45.159936,0.0],[26.373617,45.159844,0.0],[26.373795,45.159808,0.0],[26.373844,45.159797,0.0],[26.374093,45.159765,0.0],[26.374112,45.159755,0.0],[26.374152,45.15975,0.0],[26.374163,45.159754,0.0],[26.374358,45.159707,0.0],[26.374532,45.159662,0.0],[26.374723,45.159596,0.0],[26.374987,45.159467,0.0],[26.37511,45.159422,0.0],[26.375142,45.159399,0.0],[26.375219,45.159332,0.0],[26.375316,45.159214,0.0],[26.375431,45.159093,0.0],[26.375538,45.159022,0.0],[26.375595,45.158997,0.0],[26.375641,45.15899,0.0],[26.375695,45.158964,0.0],[26.37576,45.158948,0.0],[26.375869,45.158937,0.0],[26.376177,45.158938,0.0],[26.376209,45.15893,0.0],[26.376264,45.158904,0.0],[26.376307,45.158872,0.0],[26.376427,45.15882,0.0],[26.376698,45.158788,0.0],[26.376849,45.158751,0.0],[26.376915,45.158721,0.0],[26.37709,45.158605,0.0],[26.377187,45.158575,0.0],[26.377285,45.158576,0.0],[26.3775,45.158597,0.0],[26.377716,45.158642,0.0],[26.377888,45.158671,0.0],[26.377982,45.15871,0.0],[26.378024,45.158738,0.0],[26.378056,45.158788,0.0],[26.378031,45.158841,0.0],[26.378013,45.158921,0.0],[26.378012,45.158967,0.0],[26.378025,45.159013,0.0],[26.378098,45.159166,0.0],[26.378198,45.159335,0.0],[26.378255,45.159457,0.0],[26.378342,45.159565,0.0],[26.378451,45.159676,0.0],[26.37856,45.159753,0.0],[26.378681,45.159821,0.0],[26.378772,45.159864,0.0],[26.378964,45.159976,0.0],[26.379114,45.160097,0.0],[26.37924,45.160154,0.0],[26.379357,45.160219,0.0],[26.379434,45.160332,0.0],[26.379456,45.160424,0.0],[26.379461,45.16047,0.0],[26.37943,45.16055,0.0],[26.379408,45.16058,0.0],[26.379342,45.160619,0.0],[26.379123,45.160675,0.0],[26.379027,45.16072,0.0],[26.37894,45.160791,0.0],[26.378914,45.160843,0.0],[26.378908,45.160911,0.0],[26.378928,45.16098,0.0],[26.378968,45.161041,0.0],[26.379026,45.161078,0.0],[26.379207,45.161083,0.0],[26.379251,45.161078,0.0],[26.379348,45.16105,0.0],[26.379446,45.161051,0.0],[26.379532,45.161069,0.0],[26.379625,45.161146,0.0],[26.379685,45.161265,0.0],[26.379705,45.161326,0.0],[26.379715,45.161395,0.0],[26.379705,45.161509,0.0],[26.379675,45.16155,0.0],[26.379584,45.161639,0.0],[26.379521,45.16169,0.0],[26.379463,45.161762,0.0],[26.379446,45.161815,0.0],[26.379448,45.161876,0.0],[26.379466,45.161899,0.0],[26.37953,45.161936,0.0],[26.379608,45.161956,0.0],[26.3797,45.161966,0.0],[26.379786,45.161988,0.0],[26.379848,45.162017,0.0],[26.37993,45.162069,0.0],[26.379965,45.162106,0.0],[26.379996,45.162159,0.0],[26.380027,45.162274,0.0],[26.380048,45.162305,0.0],[26.380106,45.162358,0.0],[26.380163,45.162391,0.0],[26.380197,45.162403,0.0],[26.380319,45.162416,0.0],[26.38047,45.162413,0.0],[26.380524,45.162406,0.0],[26.380643,45.162407,0.0],[26.380729,45.162421,0.0],[26.380812,45.162462,0.0],[26.380868,45.16251,0.0],[26.380905,45.162564,0.0],[26.380915,45.162602,0.0],[26.380911,45.162686,0.0],[26.380934,45.162762,0.0],[26.381,45.162846,0.0],[26.38106,45.16289,0.0],[26.381258,45.163047,0.0],[26.381298,45.163093,0.0],[26.381334,45.163185,0.0],[26.381334,45.163223,0.0],[26.381303,45.163303,0.0],[26.381302,45.163348,0.0],[26.38132,45.163402,0.0],[26.381357,45.163456,0.0],[26.381413,45.163502,0.0],[26.38153,45.163575,0.0],[26.381745,45.163663,0.0],[26.38182,45.163702,0.0],[26.381894,45.163761,0.0],[26.381945,45.16383,0.0],[26.381954,45.163914,0.0],[26.381937,45.163979,0.0],[26.381849,45.164192,0.0],[26.381796,45.16429,0.0],[26.381744,45.164366,0.0],[26.381724,45.164419,0.0],[26.381718,45.16445,0.0],[26.381735,45.164545,0.0],[26.381777,45.164645,0.0],[26.381811,45.164691,0.0],[26.381894,45.164752,0.0],[26.382186,45.164894,0.0],[26.38229,45.164958,0.0],[26.382324,45.165004,0.0],[26.38235,45.165065,0.0],[26.382414,45.165142,0.0],[26.382494,45.165203,0.0],[26.382665,45.165287,0.0],[26.382705,45.165316,0.0],[26.382724,45.165339,0.0],[26.382742,45.165369,0.0],[26.382749,45.165423,0.0],[26.382733,45.165747,0.0],[26.382738,45.16593,0.0],[26.382774,45.166037,0.0],[26.382845,45.166121,0.0],[26.382885,45.16616,0.0],[26.382978,45.166225,0.0],[26.383118,45.166286,0.0],[26.383209,45.166311,0.0],[26.383303,45.166322,0.0],[26.383401,45.16632,0.0],[26.383703,45.166325,0.0],[26.383757,45.166341,0.0],[26.383837,45.166389,0.0],[26.383907,45.166416,0.0],[26.383961,45.166426,0.0],[26.384263,45.166433,0.0],[26.384328,45.166454,0.0],[26.384438,45.166505,0.0],[26.384483,45.166551,0.0],[26.384507,45.166562,0.0],[26.384544,45.166597,0.0],[26.384588,45.16667,0.0],[26.384583,45.166679,0.0],[26.384588,45.166718,0.0],[26.384616,45.166794,0.0],[26.384659,45.166855,0.0],[26.38479,45.166993,0.0],[26.384829,45.167062,0.0],[26.384821,45.167108,0.0],[26.384799,45.167138,0.0],[26.384693,45.167212,0.0],[26.384663,45.167244,0.0],[26.384665,45.167297,0.0],[26.38471,45.167343,0.0],[26.384825,45.167396,0.0],[26.384904,45.167411,0.0],[26.385001,45.167419,0.0],[26.385162,45.16742,0.0],[26.385303,45.167406,0.0],[26.385411,45.167376,0.0],[26.385541,45.167333,0.0],[26.385639,45.167286,0.0],[26.385769,45.167245,0.0],[26.385855,45.167238,0.0],[26.385963,45.167246,0.0],[26.386006,45.167256,0.0],[26.386065,45.16731,0.0],[26.386054,45.167355,0.0],[26.386029,45.167405,0.0],[26.38602,45.167488,0.0],[26.386068,45.167565,0.0],[26.386164,45.167649,0.0],[26.38625,45.1677,0.0],[26.38636,45.167752,0.0],[26.386453,45.167809,0.0],[26.386574,45.167907,0.0],[26.386603,45.167953,0.0],[26.386651,45.167999,0.0],[26.386699,45.16802,0.0],[26.386764,45.168027,0.0],[26.386807,45.168,0.0],[26.386856,45.167959,0.0],[26.386873,45.167953,0.0],[26.387024,45.167961,0.0],[26.387139,45.167987,0.0],[26.387217,45.168016,0.0],[26.387357,45.16804,0.0],[26.387435,45.168071,0.0],[26.3875,45.168115,0.0],[26.387529,45.168153,0.0],[26.387547,45.168207,0.0],[26.387538,45.168275,0.0],[26.387493,45.16845,0.0],[26.387508,45.168542,0.0],[26.387535,45.16858,0.0],[26.387637,45.168657,0.0],[26.387868,45.168736,0.0],[26.387981,45.168802,0.0],[26.388009,45.168865,0.0],[26.388006,45.168903,0.0],[26.387956,45.169032,0.0],[26.387939,45.169139,0.0],[26.387916,45.169215,0.0],[26.387904,45.169322,0.0],[26.387909,45.169383,0.0],[26.387919,45.169436,0.0],[26.387948,45.169497,0.0],[26.388002,45.169551,0.0],[26.388087,45.16962,0.0],[26.388116,45.169666,0.0],[26.388092,45.169702,0.0],[26.388043,45.16973,0.0],[26.388005,45.169762,0.0],[26.387991,45.169787,0.0],[26.387993,45.169818,0.0],[26.388047,45.169864,0.0],[26.388119,45.169906,0.0],[26.388151,45.16992,0.0],[26.388307,45.169961,0.0],[26.388448,45.169963,0.0],[26.38861,45.169938,0.0],[26.388761,45.169946,0.0],[26.388804,45.169954,0.0],[26.388842,45.16997,0.0],[26.388943,45.170031,0.0],[26.388965,45.170052,0.0],[26.389007,45.170113,0.0],[26.389076,45.170266,0.0],[26.389096,45.170358,0.0],[26.389106,45.170457,0.0],[26.389148,45.170572,0.0],[26.389197,45.170755,0.0],[26.389193,45.170892,0.0],[26.389156,45.170999,0.0],[26.389115,45.171052,0.0],[26.38909,45.171105,0.0],[26.389084,45.171151,0.0],[26.389095,45.171189,0.0],[26.389148,45.171242,0.0],[26.389333,45.171366,0.0],[26.389502,45.171454,0.0],[26.389728,45.171553,0.0],[26.389822,45.171601,0.0],[26.389909,45.171739,0.0],[26.389972,45.171884,0.0],[26.389988,45.171953,0.0],[26.390044,45.172174,0.0],[26.390059,45.172304,0.0],[26.390056,45.172384,0.0],[26.390031,45.17246,0.0],[26.390005,45.172589,0.0],[26.39,45.17278,0.0],[26.390049,45.172948,0.0],[26.3901,45.173024,0.0],[26.390174,45.173101,0.0],[26.390282,45.173174,0.0],[26.390388,45.173266,0.0],[26.390447,45.173295,0.0],[26.39055,45.173305,0.0],[26.390844,45.173313,0.0],[26.391243,45.173345,0.0],[26.391361,45.173382,0.0],[26.391458,45.173404,0.0],[26.391501,45.173421,0.0],[26.391584,45.173471,0.0],[26.391688,45.173582,0.0],[26.391744,45.173674,0.0],[26.39185,45.173866,0.0],[26.391944,45.174095,0.0],[26.392069,45.174317,0.0],[26.39216,45.174409,0.0],[26.392191,45.174454,0.0],[26.392218,45.174523,0.0],[26.392225,45.174569,0.0],[26.392207,45.174721,0.0],[26.392211,45.174828,0.0],[26.392224,45.174874,0.0],[26.392259,45.174912,0.0],[26.392302,45.174943,0.0],[26.392476,45.175032,0.0],[26.392546,45.175087,0.0],[26.392712,45.175203,0.0],[26.393102,45.17535,0.0],[26.39323,45.175415,0.0],[26.39334,45.175502,0.0],[26.393419,45.175662,0.0],[26.393472,45.175739,0.0],[26.393577,45.175812,0.0],[26.393727,45.175864,0.0],[26.3938,45.175899,0.0],[26.393931,45.175976,0.0],[26.393945,45.175978,0.0],[26.393966,45.176001,0.0],[26.393996,45.176009,0.0],[26.394084,45.176063,0.0],[26.394382,45.176213,0.0],[26.394739,45.176377,0.0],[26.395171,45.176628,0.0],[26.395536,45.176797,0.0],[26.39559,45.17683,0.0],[26.395654,45.17688,0.0],[26.395696,45.176941,0.0],[26.395695,45.177025,0.0],[26.395708,45.177109,0.0],[26.395721,45.177147,0.0],[26.395748,45.177186,0.0],[26.395812,45.177239,0.0],[26.396061,45.177357,0.0],[26.396126,45.177399,0.0],[26.396177,45.177451,0.0],[26.396192,45.177482,0.0],[26.396218,45.177611,0.0],[26.396236,45.177642,0.0],[26.396287,45.177688,0.0],[26.396438,45.177752,0.0],[26.396483,45.177758,0.0],[26.396635,45.177761,0.0],[26.396785,45.1778,0.0],[26.396936,45.177854,0.0],[26.397065,45.177861,0.0],[26.397141,45.177863,0.0],[26.397292,45.177898,0.0],[26.397418,45.177958,0.0],[26.397538,45.178039,0.0],[26.397787,45.178238,0.0],[26.39783,45.178284,0.0],[26.397907,45.178399,0.0],[26.397992,45.178506,0.0],[26.398002,45.178537,0.0],[26.398067,45.178577,0.0],[26.398123,45.178629,0.0],[26.398206,45.178671,0.0],[26.398209,45.178679,0.0],[26.398292,45.178716,0.0],[26.398496,45.178774,0.0],[26.398701,45.178821,0.0],[26.398777,45.178822,0.0],[26.39896,45.178796,0.0],[26.399317,45.1788,0.0],[26.399522,45.178786,0.0],[26.399619,45.178769,0.0],[26.399835,45.17875,0.0],[26.399987,45.178697,0.0],[26.400041,45.178669,0.0],[26.400183,45.178576,0.0],[26.40027,45.178552,0.0],[26.400356,45.178549,0.0],[26.400431,45.178563,0.0],[26.400474,45.178597,0.0],[26.400519,45.178655,0.0],[26.40057,45.178676,0.0],[26.400662,45.178695,0.0],[26.400802,45.178704,0.0],[26.400932,45.17869,0.0],[26.401073,45.178652,0.0],[26.401148,45.178641,0.0],[26.401332,45.17864,0.0],[26.401545,45.178655,0.0],[26.401666,45.178656,0.0],[26.40172,45.178648,0.0],[26.401785,45.178637,0.0],[26.401991,45.178579,0.0],[26.4021,45.178538,0.0],[26.402161,45.178504,0.0],[26.402415,45.17837,0.0],[26.402588,45.178311,0.0],[26.40275,45.178277,0.0],[26.402804,45.178274,0.0],[26.402837,45.178278,0.0],[26.403118,45.178241,0.0],[26.403475,45.178141,0.0],[26.403637,45.178107,0.0],[26.403864,45.178089,0.0],[26.4042,45.178042,0.0],[26.404459,45.178022,0.0],[26.405333,45.178014,0.0],[26.405431,45.178007,0.0],[26.405614,45.177984,0.0],[26.405874,45.17793,0.0],[26.405939,45.177926,0.0],[26.406112,45.177899,0.0],[26.406188,45.177874,0.0],[26.406247,45.17787,0.0],[26.406268,45.177863,0.0],[26.406333,45.177857,0.0],[26.406365,45.177846,0.0],[26.406451,45.177835,0.0],[26.406678,45.177782,0.0],[26.407099,45.177711,0.0],[26.407186,45.177688,0.0],[26.407272,45.177675,0.0],[26.407391,45.177668,0.0],[26.407607,45.177608,0.0],[26.407704,45.177595,0.0],[26.407844,45.177559,0.0],[26.408039,45.177493,0.0],[26.408125,45.177448,0.0],[26.408255,45.177399,0.0],[26.408471,45.177291,0.0],[26.408752,45.177212,0.0],[26.408925,45.177191,0.0],[26.40913,45.177154,0.0],[26.409249,45.177145,0.0],[26.409411,45.177141,0.0],[26.409508,45.17713,0.0],[26.409961,45.177059,0.0],[26.410177,45.17701,0.0],[26.410296,45.176997,0.0],[26.410566,45.176945,0.0],[26.410717,45.176926,0.0],[26.4113,45.176869,0.0],[26.411408,45.17687,0.0],[26.41144,45.176877,0.0],[26.411643,45.176887,0.0],[26.411688,45.176893,0.0],[26.411785,45.176892,0.0],[26.411969,45.176873,0.0],[26.412152,45.176866,0.0],[26.412271,45.176853,0.0],[26.412476,45.17685,0.0],[26.412875,45.176861,0.0],[26.41294,45.176867,0.0],[26.413005,45.176886,0.0],[26.413069,45.176888,0.0],[26.413129,45.176899,0.0],[26.413236,45.176909,0.0],[26.413355,45.176917,0.0],[26.413646,45.176922,0.0],[26.413765,45.176939,0.0],[26.414207,45.176941,0.0],[26.414553,45.176921,0.0],[26.414909,45.176861,0.0],[26.415287,45.176733,0.0],[26.415568,45.176673,0.0],[26.415698,45.176633,0.0],[26.415859,45.176597,0.0],[26.416,45.176552,0.0],[26.416216,45.176499,0.0],[26.41654,45.176401,0.0],[26.416896,45.176326,0.0],[26.417014,45.176291,0.0],[26.417188,45.17624,0.0],[26.417609,45.176131,0.0],[26.417782,45.176074,0.0],[26.417912,45.17604,0.0],[26.418128,45.175999,0.0],[26.418236,45.175988,0.0],[26.418462,45.17595,0.0],[26.419056,45.17583,0.0],[26.419197,45.175793,0.0],[26.419456,45.175748,0.0],[26.420222,45.175668,0.0],[26.420336,45.175648,0.0],[26.420508,45.175629,0.0],[26.420821,45.175584,0.0],[26.421026,45.175547,0.0],[26.421264,45.175517,0.0],[26.421415,45.175489,0.0],[26.421448,45.175478,0.0],[26.421458,45.175481,0.0],[26.421631,45.175453,0.0],[26.422009,45.17542,0.0],[26.422149,45.175402,0.0],[26.422151,45.175402,0.0],[26.422222,45.175399,0.0],[26.422387,45.175393,0.0],[26.422624,45.17538,0.0],[26.422764,45.17539,0.0],[26.423001,45.175452,0.0],[26.423109,45.175488,0.0],[26.423254,45.175553,0.0],[26.423354,45.175607,0.0],[26.423556,45.175739,0.0],[26.423671,45.175846,0.0],[26.423854,45.175979,0.0],[26.424163,45.176239,0.0],[26.424552,45.176667,0.0],[26.424614,45.176766,0.0],[26.424662,45.176819,0.0],[26.424716,45.176852,0.0],[26.424859,45.176881,0.0],[26.424934,45.176919,0.0],[26.424959,45.176949,0.0],[26.424958,45.176972,0.0],[26.424996,45.177056,0.0],[26.425063,45.177117,0.0],[26.425149,45.177169,0.0],[26.425208,45.177192,0.0],[26.425346,45.177213,0.0],[26.4254,45.177228,0.0],[26.425537,45.177301,0.0],[26.425612,45.177355,0.0],[26.425827,45.17753,0.0],[26.425884,45.177584,0.0],[26.425959,45.177683,0.0],[26.425999,45.177714,0.0],[26.426072,45.177746,0.0],[26.426174,45.177777,0.0],[26.426368,45.177804,0.0],[26.426578,45.177885,0.0],[26.426743,45.177967,0.0],[26.426899,45.178064,0.0],[26.426963,45.178108,0.0],[26.427061,45.178202,0.0],[26.427095,45.178223,0.0],[26.427157,45.178307,0.0],[26.427277,45.178505,0.0],[26.427315,45.178559,0.0],[26.427363,45.178604,0.0],[26.427376,45.178642,0.0],[26.427425,45.178711,0.0],[26.427465,45.178749,0.0],[26.427591,45.178845,0.0],[26.427729,45.178925,0.0],[26.427858,45.179017,0.0],[26.4281,45.179174,0.0],[26.428193,45.179223,0.0],[26.428286,45.179273,0.0],[26.428412,45.179327,0.0],[26.428474,45.179346,0.0],[26.428576,45.179441,0.0],[26.429058,45.179885,0.0],[26.429201,45.180017,0.0],[26.429296,45.180106,0.0],[26.429369,45.180205,0.0],[26.429435,45.180264,0.0],[26.429573,45.180388,0.0],[26.429713,45.180482,0.0],[26.429734,45.180503,0.0],[26.429772,45.18052,0.0],[26.42995,45.180633,0.0],[26.430179,45.180738,0.0],[26.430512,45.180908,0.0],[26.430763,45.181021,0.0],[26.4309,45.1811,0.0],[26.431083,45.181186,0.0],[26.431137,45.181222,0.0],[26.431619,45.181471,0.0],[26.431826,45.181565,0.0],[26.43188,45.181595,0.0],[26.431912,45.181624,0.0],[26.431958,45.181645,0.0],[26.432108,45.181811,0.0],[26.432143,45.181834,0.0],[26.432148,45.181857,0.0],[26.432286,45.182017,0.0],[26.432417,45.182139,0.0],[26.432584,45.182315,0.0],[26.432782,45.182477,0.0],[26.432963,45.182636,0.0],[26.433288,45.182896,0.0],[26.433331,45.182941,0.0],[26.433382,45.182972,0.0],[26.433487,45.183067,0.0],[26.43371,45.183232,0.0],[26.434103,45.183552,0.0],[26.434369,45.183743,0.0],[26.434466,45.183805,0.0],[26.434509,45.183843,0.0],[26.434697,45.183958,0.0],[26.435007,45.184097,0.0],[26.435459,45.184323,0.0],[26.435572,45.184386,0.0],[26.43571,45.184446,0.0],[26.435888,45.184507,0.0],[26.436052,45.184553,0.0],[26.43616,45.184576,0.0],[26.436265,45.184598,0.0],[26.436354,45.184605,0.0],[26.436483,45.184629,0.0],[26.43658,45.184638,0.0],[26.436796,45.184647,0.0],[26.436926,45.184643,0.0],[26.437076,45.184655,0.0],[26.437174,45.184661,0.0],[26.437454,45.1847,0.0],[26.437489,45.184718,0.0],[26.437591,45.184716,0.0],[26.43772,45.184736,0.0],[26.438279,45.184874,0.0],[26.43843,45.184924,0.0],[26.438505,45.18494,0.0],[26.438545,45.184956,0.0],[26.438935,45.185055,0.0],[26.439,45.185063,0.0],[26.439021,45.185077,0.0],[26.439182,45.185116,0.0],[26.439365,45.185178,0.0],[26.439548,45.185225,0.0],[26.439645,45.185257,0.0],[26.439787,45.185315,0.0],[26.439988,45.185417,0.0],[26.440298,45.18561,0.0],[26.440464,45.1857,0.0],[26.440908,45.185991,0.0],[26.441082,45.186118,0.0],[26.441186,45.186208,0.0],[26.441284,45.186321,0.0],[26.44137,45.186454,0.0],[26.441475,45.186616,0.0],[26.441509,45.186647,0.0],[26.441552,45.1867,0.0],[26.441775,45.186957,0.0],[26.441883,45.187048,0.0],[26.441954,45.187111,0.0],[26.44204,45.187172,0.0],[26.442133,45.187217,0.0],[26.442187,45.187253,0.0],[26.442246,45.187276,0.0],[26.44235,45.187332,0.0],[26.442406,45.187369,0.0],[26.442449,45.187386,0.0],[26.442581,45.187465,0.0],[26.442604,45.187492,0.0],[26.442668,45.187533,0.0],[26.442735,45.187554,0.0],[26.443008,45.187692,0.0],[26.44304,45.187713,0.0],[26.443095,45.187782,0.0],[26.443121,45.187851,0.0],[26.44312,45.187889,0.0],[26.443065,45.188017,0.0],[26.443041,45.18814,0.0],[26.443045,45.188201,0.0],[26.443074,45.188255,0.0],[26.443188,45.188385,0.0],[26.443204,45.188423,0.0],[26.443213,45.188485,0.0],[26.443232,45.188515,0.0],[26.443274,45.188554,0.0],[26.443314,45.188568,0.0],[26.443424,45.188587,0.0],[26.443527,45.188634,0.0],[26.443617,45.18869,0.0],[26.443718,45.188783,0.0],[26.44379,45.188836,0.0],[26.443954,45.188908,0.0],[26.444133,45.189009,0.0],[26.444357,45.18911,0.0],[26.444525,45.189216,0.0],[26.444678,45.189302,0.0],[26.444864,45.189437,0.0],[26.445008,45.189552,0.0],[26.445075,45.189614,0.0],[26.445101,45.189652,0.0],[26.445188,45.189729,0.0],[26.445335,45.189816,0.0],[26.445409,45.189829,0.0],[26.445439,45.189836,0.0],[26.4455,45.189838,0.0],[26.44556,45.189839,0.0],[26.44561,45.189868,0.0],[26.445784,45.189967,0.0],[26.44603,45.190074,0.0],[26.446515,45.190284,0.0],[26.447119,45.190498,0.0],[26.447703,45.190751,0.0],[26.448253,45.190853,0.0],[26.448842,45.191085,0.0],[26.449087,45.191289,0.0],[26.449283,45.191362,0.0],[26.449832,45.191461,0.0],[26.450267,45.191596,0.0],[26.450681,45.191865,0.0],[26.450972,45.192029,0.0],[26.451378,45.192158,0.0],[26.451952,45.192391,0.0],[26.452201,45.192559,0.0],[26.452698,45.192782,0.0],[26.452815,45.192854,0.0],[26.452956,45.193135,0.0],[26.453231,45.193426,0.0],[26.453384,45.193689,0.0],[26.453575,45.193834,0.0],[26.45365,45.194059,0.0],[26.453764,45.19422,0.0],[26.454261,45.194622,0.0],[26.45471,45.1948,0.0],[26.454948,45.195005,0.0],[26.455333,45.19521,0.0],[26.455611,45.195414,0.0],[26.455871,45.195546,0.0],[26.456158,45.195714,0.0],[26.456337,45.195728,0.0],[26.4566,45.195785,0.0],[26.457029,45.195841,0.0],[26.457387,45.195922,0.0],[26.457856,45.196111,0.0],[26.458178,45.196257,0.0],[26.458506,45.196381,0.0],[26.459114,45.196565,0.0],[26.459547,45.196829,0.0],[26.459657,45.196909,0.0],[26.460098,45.197234,0.0],[26.460335,45.197496,0.0],[26.460666,45.197941,0.0],[26.460821,45.198086,0.0],[26.460961,45.198147,0.0],[26.461272,45.198222,0.0],[26.461682,45.198322,0.0],[26.461752,45.198339,0.0],[26.461888,45.198372,0.0],[26.461926,45.198308,0.0],[26.461952,45.198224,0.0],[26.462128,45.197642,0.0],[26.462231,45.197302,0.0],[26.462562,45.196394,0.0],[26.462754,45.196054,0.0],[26.462946,45.195715,0.0],[26.462935,45.195428,0.0],[26.462954,45.195258,0.0],[26.463082,45.194834,0.0],[26.463127,45.194524,0.0],[26.463182,45.193823,0.0],[26.46323,45.193205,0.0],[26.463237,45.193123,0.0],[26.463267,45.191587,0.0],[26.463311,45.189255,0.0],[26.463344,45.188309,0.0],[26.463372,45.187342,0.0],[26.463358,45.186554,0.0],[26.463334,45.185991,0.0],[26.46334,45.185708,0.0],[26.463347,45.185425,0.0],[26.463317,45.184955,0.0],[26.463158,45.184607,0.0],[26.463051,45.184303,0.0],[26.462928,45.184071,0.0],[26.462798,45.18389,0.0],[26.462634,45.183637,0.0],[26.462467,45.183461,0.0],[26.462325,45.183161,0.0],[26.462268,45.182969,0.0],[26.462209,45.182405,0.0],[26.462194,45.182162,0.0],[26.462208,45.181779,0.0],[26.462237,45.181508,0.0],[26.462307,45.181251,0.0],[26.462493,45.180851,0.0],[26.462637,45.180647,0.0],[26.462813,45.180274,0.0],[26.462923,45.179914,0.0],[26.462963,45.179756,0.0],[26.463033,45.179492,0.0],[26.463073,45.179393,0.0],[26.463119,45.179257,0.0],[26.463172,45.179061,0.0],[26.463238,45.178885,0.0],[26.463272,45.178737,0.0],[26.463381,45.178398,0.0],[26.463546,45.177993,0.0],[26.463738,45.177593,0.0],[26.463796,45.177373,0.0],[26.463825,45.176725,0.0],[26.463735,45.17653,0.0],[26.463551,45.176358,0.0],[26.46327,45.176186,0.0],[26.462848,45.175962,0.0],[26.462719,45.175841,0.0],[26.462652,45.175636,0.0],[26.462659,45.175245,0.0],[26.462667,45.175102,0.0],[26.462696,45.174839,0.0],[26.462749,45.174481,0.0],[26.462783,45.174232,0.0],[26.462819,45.173926,0.0],[26.462852,45.173634,0.0],[26.462878,45.173509,0.0],[26.462924,45.173294,0.0],[26.462986,45.173135,0.0],[26.463028,45.172981,0.0],[26.463059,45.172283,0.0],[26.463085,45.171881,0.0],[26.463074,45.171289,0.0],[26.463046,45.171074,0.0],[26.462967,45.17084,0.0],[26.462801,45.170441,0.0],[26.46263,45.169846,0.0],[26.462472,45.169292,0.0],[26.462398,45.168821,0.0],[26.462159,45.168254,0.0],[26.461979,45.16753,0.0],[26.461984,45.167357,0.0],[26.46209,45.166728,0.0],[26.462125,45.16643,0.0],[26.46229,45.166241,0.0],[26.462652,45.165827,0.0],[26.46289,45.165519,0.0],[26.463161,45.164864,0.0],[26.463266,45.164504,0.0],[26.463356,45.16407,0.0],[26.463491,45.163861,0.0],[26.463569,45.163713,0.0],[26.463631,45.163479,0.0],[26.463618,45.163233,0.0],[26.46352,45.162984,0.0],[26.463478,45.162508,0.0],[26.463589,45.162359,0.0],[26.463696,45.162146,0.0],[26.463626,45.161699,0.0],[26.463531,45.161091,0.0],[26.463529,45.16075,0.0],[26.463542,45.160253,0.0],[26.463616,45.160082,0.0],[26.463639,45.159818,0.0],[26.463592,45.159624,0.0],[26.463487,45.158819,0.0],[26.463597,45.158546,0.0],[26.46374,45.158299,0.0],[26.463882,45.158051,0.0],[26.463997,45.157953,0.0],[26.464333,45.157646,0.0],[26.464861,45.157088,0.0],[26.465113,45.156738,0.0],[26.465467,45.156019,0.0],[26.465502,45.155639,0.0],[26.465444,45.154957,0.0],[26.465836,45.154224,0.0],[26.465971,45.153904,0.0],[26.466106,45.153584,0.0],[26.466291,45.152976,0.0],[26.466595,45.152417,0.0],[26.46679,45.151985,0.0],[26.467001,45.151657,0.0],[26.467226,45.151331,0.0],[26.467452,45.151005,0.0],[26.46753,45.150798,0.0],[26.467576,45.150697,0.0],[26.467779,45.150341,0.0],[26.46795,45.15008,0.0],[26.468228,45.149571,0.0],[26.468481,45.149067,0.0],[26.468628,45.148651,0.0],[26.468704,45.148287,0.0],[26.468863,45.147886,0.0],[26.468922,45.147456,0.0],[26.4693,45.146678,0.0],[26.469412,45.146442,0.0],[26.469757,45.145977,0.0],[26.469997,45.145459,0.0],[26.470071,45.145316,0.0],[26.470281,45.145059,0.0],[26.470382,45.144839,0.0],[26.470454,45.144514,0.0],[26.470537,45.144223,0.0],[26.470599,45.144097,0.0],[26.47073,45.143961,0.0],[26.47079,45.143837,0.0],[26.470896,45.143633,0.0],[26.470942,45.143546,0.0],[26.470989,45.143459,0.0],[26.471087,45.143226,0.0],[26.471217,45.14298,0.0],[26.471293,45.142859,0.0],[26.471119,45.142775,0.0],[26.470989,45.142731,0.0],[26.471028,45.142586,0.0],[26.471057,45.142322,0.0],[26.471076,45.142076,0.0],[26.471099,45.141872,0.0],[26.471114,45.14174,0.0],[26.471121,45.141678,0.0],[26.471129,45.141615,0.0],[26.471135,45.14154,0.0],[26.471132,45.141456,0.0],[26.471046,45.141274,0.0],[26.471015,45.140948,0.0],[26.471048,45.140691,0.0],[26.471003,45.140355,0.0],[26.47106,45.140208,0.0],[26.471092,45.140103,0.0],[26.471091,45.1398,0.0],[26.470916,45.139279,0.0],[26.470996,45.13872,0.0],[26.471004,45.138562,0.0],[26.470561,45.138492,0.0],[26.470164,45.138491,0.0],[26.470117,45.139171,0.0],[26.470062,45.13947,0.0],[26.469227,45.139456,0.0],[26.468853,45.139458,0.0],[26.468145,45.139472,0.0],[26.467909,45.139477,0.0],[26.46776,45.139449,0.0],[26.467546,45.139443,0.0],[26.467207,45.139448,0.0],[26.46704,45.139407,0.0],[26.466608,45.139012,0.0],[26.466057,45.138856,0.0],[26.465414,45.13872,0.0],[26.465035,45.138684,0.0],[26.464794,45.138597,0.0],[26.464372,45.138627,0.0],[26.463991,45.138554,0.0],[26.463721,45.138633,0.0],[26.463281,45.138555,0.0],[26.462814,45.138536,0.0],[26.462383,45.138403,0.0],[26.462308,45.138326,0.0],[26.462277,45.138084,0.0],[26.462154,45.137936,0.0],[26.462218,45.137798,0.0],[26.462263,45.137667,0.0],[26.462112,45.137553,0.0],[26.462054,45.137465,0.0],[26.461668,45.137494,0.0],[26.461586,45.137716,0.0],[26.46134,45.137708,0.0],[26.460558,45.137483,0.0],[26.460522,45.136954,0.0],[26.460526,45.136491,0.0],[26.460493,45.136385,0.0],[26.460025,45.136415,0.0],[26.459779,45.136485,0.0],[26.459638,45.136923,0.0],[26.459531,45.136942,0.0],[26.459498,45.137027,0.0],[26.459395,45.137016,0.0],[26.458874,45.13693,0.0],[26.45877,45.13687,0.0],[26.458757,45.136564,0.0],[26.458704,45.136536,0.0],[26.458522,45.136587,0.0],[26.45827,45.136565,0.0],[26.457852,45.136416,0.0],[26.457838,45.136281,0.0],[26.457881,45.135944,0.0],[26.457971,45.135455,0.0],[26.457998,45.134888,0.0],[26.45797,45.134011,0.0],[26.457944,45.133354,0.0],[26.457983,45.133139,0.0],[26.458022,45.132925,0.0],[26.458045,45.132548,0.0],[26.457992,45.132131,0.0],[26.457972,45.13176,0.0],[26.457995,45.130585,0.0],[26.457962,45.129652,0.0],[26.457989,45.129355,0.0],[26.457978,45.129198,0.0],[26.457734,45.129071,0.0],[26.457071,45.128865,0.0],[26.455939,45.128663,0.0],[26.454916,45.128441,0.0],[26.454636,45.128341,0.0],[26.454456,45.128194,0.0],[26.454186,45.127511,0.0],[26.453465,45.12745,0.0],[26.453351,45.127568,0.0],[26.453164,45.127649,0.0],[26.452663,45.127748,0.0],[26.45256,45.127718,0.0],[26.452392,45.127561,0.0],[26.452224,45.127403,0.0],[26.451663,45.127037,0.0],[26.451605,45.126907,0.0],[26.451605,45.126766,0.0],[26.451369,45.126503,0.0],[26.451044,45.126416,0.0],[26.451019,45.126401,0.0],[26.450995,45.126384,0.0],[26.451075,45.125607,0.0],[26.451025,45.124317,0.0],[26.450962,45.122915,0.0],[26.450885,45.122407,0.0],[26.450807,45.121899,0.0],[26.450722,45.121145,0.0],[26.450715,45.120542,0.0],[26.450722,45.120113,0.0],[26.450691,45.119529,0.0],[26.450701,45.119471,0.0],[26.451129,45.119491,0.0],[26.451165,45.119223,0.0],[26.451172,45.1189,0.0],[26.451162,45.118571,0.0],[26.451077,45.117616,0.0],[26.451109,45.116995,0.0],[26.451103,45.116704,0.0],[26.451024,45.115782,0.0],[26.450972,45.11546,0.0],[26.450969,45.11541,0.0],[26.451039,45.1153,0.0],[26.451259,45.115307,0.0],[26.451546,45.115379,0.0],[26.451737,45.115379,0.0],[26.451956,45.115365,0.0],[26.452222,45.115331,0.0],[26.452644,45.115248,0.0],[26.452791,45.11523,0.0],[26.452841,45.115254,0.0],[26.452898,45.115321,0.0],[26.452949,45.115491,0.0],[26.452929,45.1157,0.0],[26.45288,45.115837,0.0],[26.452793,45.115905,0.0],[26.452776,45.115956,0.0],[26.452849,45.115999,0.0],[26.453245,45.116031,0.0],[26.45344,45.116024,0.0],[26.453549,45.11599,0.0],[26.453601,45.11594,0.0],[26.453593,45.1159,0.0],[26.453554,45.115829,0.0],[26.453489,45.115743,0.0],[26.453535,45.115559,0.0],[26.45365,45.115415,0.0],[26.453806,45.11523,0.0],[26.453859,45.115192,0.0],[26.453888,45.115041,0.0],[26.453881,45.114775,0.0],[26.453843,45.114602,0.0],[26.453776,45.114533,0.0],[26.453746,45.114295,0.0],[26.453786,45.114013,0.0],[26.453803,45.113995,0.0],[26.453969,45.113706,0.0],[26.454298,45.113183,0.0],[26.454756,45.112633,0.0],[26.45488,45.112427,0.0],[26.454914,45.112224,0.0],[26.454789,45.111811,0.0],[26.454769,45.111555,0.0],[26.45469,45.111447,0.0],[26.454635,45.111365,0.0],[26.4546,45.111246,0.0],[26.4546,45.111061,0.0],[26.454588,45.110945,0.0],[26.454526,45.110695,0.0],[26.454459,45.110549,0.0],[26.454328,45.110368,0.0],[26.454158,45.11012,0.0],[26.454005,45.109875,0.0],[26.453913,45.109689,0.0],[26.453895,45.109483,0.0],[26.453896,45.109313,0.0],[26.453694,45.108941,0.0],[26.453583,45.10883,0.0],[26.453552,45.108607,0.0],[26.453593,45.108445,0.0],[26.453726,45.108214,0.0],[26.453912,45.107877,0.0],[26.454078,45.107488,0.0],[26.454159,45.107325,0.0],[26.454409,45.10709,0.0],[26.454822,45.106926,0.0],[26.454982,45.106855,0.0],[26.4551,45.106537,0.0],[26.455344,45.106339,0.0],[26.455412,45.10612,0.0],[26.455345,45.105885,0.0],[26.455264,45.105798,0.0],[26.455259,45.105731,0.0],[26.455298,45.105677,0.0],[26.45536,45.105639,0.0],[26.455469,45.105615,0.0],[26.455538,45.105592,0.0],[26.455615,45.105533,0.0],[26.455628,45.105458,0.0],[26.455357,45.104585,0.0],[26.455429,45.104231,0.0],[26.45535,45.104086,0.0],[26.455306,45.10393,0.0],[26.455243,45.103268,0.0],[26.455279,45.102952,0.0],[26.455352,45.102616,0.0],[26.455599,45.102239,0.0],[26.455705,45.102113,0.0],[26.455823,45.1018,0.0],[26.456003,45.101577,0.0],[26.456025,45.101454,0.0],[26.455976,45.101301,0.0],[26.456046,45.101223,0.0],[26.456101,45.101062,0.0],[26.456083,45.100825,0.0],[26.456106,45.100577,0.0],[26.456109,45.100441,0.0],[26.456239,45.100128,0.0],[26.456255,45.099921,0.0],[26.455426,45.099584,0.0],[26.454607,45.099185,0.0],[26.454407,45.099105,0.0],[26.453513,45.098806,0.0],[26.453759,45.098075,0.0],[26.45406,45.097558,0.0],[26.454275,45.097317,0.0],[26.454476,45.096829,0.0],[26.45474,45.096456,0.0],[26.454809,45.096333,0.0],[26.454906,45.095976,0.0],[26.455102,45.095634,0.0],[26.455205,45.09535,0.0],[26.455239,45.095229,0.0],[26.455267,45.095166,0.0],[26.455318,45.095097,0.0],[26.455398,45.095001,0.0],[26.455477,45.094908,0.0],[26.45552,45.094803,0.0],[26.455553,45.094711,0.0],[26.455568,45.094599,0.0],[26.455541,45.094483,0.0],[26.45554,45.094438,0.0],[26.455628,45.094361,0.0],[26.455751,45.09421,0.0],[26.45581,45.094113,0.0],[26.455825,45.094033,0.0],[26.455848,45.09395,0.0],[26.455946,45.093842,0.0],[26.456068,45.093784,0.0],[26.456274,45.093641,0.0],[26.456429,45.093484,0.0],[26.45651,45.093383,0.0],[26.456701,45.093081,0.0],[26.456789,45.092941,0.0],[26.456862,45.09283,0.0],[26.457042,45.092672,0.0],[26.457308,45.092491,0.0],[26.457518,45.092383,0.0],[26.457754,45.09223,0.0],[26.457779,45.092207,0.0],[26.457667,45.092149,0.0],[26.457594,45.092132,0.0],[26.457529,45.092129,0.0],[26.457425,45.092141,0.0],[26.457307,45.092148,0.0],[26.457159,45.092132,0.0],[26.457086,45.092111,0.0],[26.456798,45.09199,0.0],[26.456475,45.091845,0.0],[26.455995,45.091656,0.0],[26.455714,45.09153,0.0],[26.455283,45.091308,0.0],[26.454959,45.091178,0.0],[26.454789,45.091092,0.0],[26.454082,45.09068,0.0],[26.453944,45.090286,0.0],[26.453635,45.090174,0.0],[26.4536,45.089646,0.0],[26.453673,45.089571,0.0],[26.453654,45.089423,0.0],[26.453533,45.089271,0.0],[26.453522,45.089111,0.0],[26.453736,45.08871,0.0],[26.453864,45.08812,0.0],[26.453629,45.087982,0.0],[26.455121,45.085896,0.0],[26.455561,45.085286,0.0],[26.456183,45.084409,0.0],[26.45666,45.083744,0.0],[26.456906,45.083378,0.0],[26.457046,45.083204,0.0],[26.457329,45.082711,0.0],[26.457517,45.082272,0.0],[26.457753,45.081908,0.0],[26.457519,45.081995,0.0],[26.457266,45.082023,0.0],[26.456908,45.082013,0.0],[26.456311,45.081873,0.0],[26.455598,45.081489,0.0],[26.455418,45.081417,0.0],[26.455227,45.081483,0.0],[26.455109,45.081587,0.0],[26.455087,45.081634,0.0],[26.454954,45.081998,0.0],[26.45483,45.082184,0.0],[26.454665,45.082355,0.0],[26.454496,45.082489,0.0],[26.454256,45.082658,0.0],[26.453815,45.083,0.0],[26.453553,45.083206,0.0],[26.453327,45.083357,0.0],[26.453215,45.083422,0.0],[26.452922,45.083568,0.0],[26.452888,45.083585,0.0],[26.452565,45.083277,0.0],[26.451897,45.082452,0.0],[26.451204,45.081781,0.0],[26.451257,45.081699,0.0],[26.451209,45.081535,0.0],[26.450967,45.081169,0.0],[26.450878,45.080928,0.0],[26.450724,45.080732,0.0],[26.450393,45.08046,0.0],[26.450347,45.080339,0.0],[26.45037,45.080047,0.0],[26.450513,45.079669,0.0],[26.450516,45.079573,0.0],[26.45045,45.07952,0.0],[26.450307,45.079497,0.0],[26.449985,45.079534,0.0],[26.449444,45.079688,0.0],[26.448864,45.079894,0.0],[26.448614,45.079996,0.0],[26.448464,45.080039,0.0],[26.448346,45.08006,0.0],[26.448228,45.080074,0.0],[26.448099,45.080084,0.0],[26.447845,45.080183,0.0],[26.447678,45.080265,0.0],[26.447325,45.080454,0.0],[26.447243,45.080494,0.0],[26.447166,45.080479,0.0],[26.447074,45.080442,0.0],[26.446964,45.080378,0.0],[26.446317,45.079981,0.0],[26.445667,45.079603,0.0],[26.445091,45.079269,0.0],[26.444853,45.079183,0.0],[26.444476,45.0791,0.0],[26.444483,45.079043,0.0],[26.444496,45.078959,0.0],[26.444495,45.078898,0.0],[26.444484,45.078837,0.0],[26.444456,45.078768,0.0],[26.444455,45.078691,0.0],[26.444489,45.078267,0.0],[26.444497,45.078159,0.0],[26.444521,45.077789,0.0],[26.444507,45.077602,0.0],[26.444492,45.077414,0.0],[26.444471,45.077135,0.0],[26.444484,45.076967,0.0],[26.444497,45.076799,0.0],[26.444547,45.076619,0.0],[26.444631,45.076466,0.0],[26.444643,45.076383,0.0],[26.444687,45.076095,0.0],[26.444731,45.076028,0.0],[26.444776,45.075961,0.0],[26.444767,45.075923,0.0],[26.444777,45.075887,0.0],[26.444814,45.075831,0.0],[26.44483,45.075789,0.0],[26.444857,45.075751,0.0],[26.444886,45.075724,0.0],[26.444963,45.075589,0.0],[26.445045,45.075485,0.0],[26.445147,45.075397,0.0],[26.44523,45.075345,0.0],[26.445423,45.075248,0.0],[26.445508,45.07519,0.0],[26.445548,45.07515,0.0],[26.445588,45.075091,0.0],[26.445647,45.075035,0.0],[26.445778,45.074954,0.0],[26.445934,45.074902,0.0],[26.446023,45.074885,0.0],[26.446057,45.074868,0.0],[26.446138,45.074848,0.0],[26.446323,45.07477,0.0],[26.446412,45.074718,0.0],[26.446422,45.074722,0.0],[26.446482,45.07471,0.0],[26.446503,45.074714,0.0],[26.446519,45.07471,0.0],[26.446541,45.074717,0.0],[26.446622,45.074706,0.0],[26.446643,45.074709,0.0],[26.446724,45.074681,0.0],[26.44679,45.074635,0.0],[26.446857,45.074569,0.0],[26.446908,45.074497,0.0],[26.446945,45.074417,0.0],[26.446955,45.074348,0.0],[26.446989,45.074268,0.0],[26.447154,45.074061,0.0],[26.447255,45.073902,0.0],[26.447316,45.073763,0.0],[26.447315,45.07374,0.0],[26.447332,45.073695,0.0],[26.447336,45.073665,0.0],[26.447368,45.073589,0.0],[26.447427,45.073539,0.0],[26.447618,45.073506,0.0],[26.44772,45.073479,0.0],[26.447838,45.073461,0.0],[26.447989,45.073457,0.0],[26.448161,45.073462,0.0],[26.44842,45.07346,0.0],[26.448527,45.073448,0.0],[26.448651,45.073423,0.0],[26.449021,45.073313,0.0],[26.44915,45.073282,0.0],[26.44951,45.07317,0.0],[26.449811,45.073047,0.0],[26.449991,45.072985,0.0],[26.450235,45.072891,0.0],[26.450275,45.072882,0.0],[26.450503,45.07278,0.0],[26.450616,45.072743,0.0],[26.450761,45.072716,0.0],[26.451302,45.072657,0.0],[26.451536,45.072618,0.0],[26.45188,45.072571,0.0],[26.452047,45.072535,0.0],[26.452119,45.072514,0.0],[26.452185,45.072495,0.0],[26.452217,45.072485,0.0],[26.452225,45.072483,0.0],[26.45224,45.072479,0.0],[26.45253,45.072382,0.0],[26.452761,45.072363,0.0],[26.452869,45.072362,0.0],[26.453162,45.072327,0.0],[26.453519,45.072238,0.0],[26.453732,45.072211,0.0],[26.454073,45.072145,0.0],[26.454154,45.072122,0.0],[26.454329,45.072087,0.0],[26.454428,45.07206,0.0],[26.454541,45.072016,0.0],[26.454739,45.071916,0.0],[26.455066,45.071783,0.0],[26.455179,45.071748,0.0],[26.455356,45.071706,0.0],[26.455528,45.071675,0.0],[26.455733,45.071647,0.0],[26.456034,45.071635,0.0],[26.456142,45.071616,0.0],[26.456266,45.071604,0.0],[26.456373,45.071605,0.0],[26.456411,45.071619,0.0],[26.456519,45.071626,0.0],[26.456659,45.071629,0.0],[26.456713,45.071625,0.0],[26.456847,45.07161,0.0],[26.456966,45.071586,0.0],[26.457138,45.07153,0.0],[26.457333,45.071463,0.0],[26.457374,45.071444,0.0],[26.457524,45.071401,0.0],[26.457648,45.071374,0.0],[26.457755,45.071365,0.0],[26.458197,45.071361,0.0],[26.458671,45.07139,0.0],[26.458746,45.071402,0.0],[26.458941,45.071416,0.0],[26.459016,45.071416,0.0],[26.459072,45.071404,0.0],[26.459126,45.071383,0.0],[26.459228,45.071299,0.0],[26.459268,45.071276,0.0],[26.459316,45.071259,0.0],[26.459446,45.07127,0.0],[26.4595,45.07129,0.0],[26.459619,45.071359,0.0],[26.459705,45.071383,0.0],[26.459791,45.071389,0.0],[26.46005,45.071384,0.0],[26.460077,45.071378,0.0],[26.46013,45.071348,0.0],[26.460141,45.071311,0.0],[26.460126,45.071227,0.0],[26.460077,45.071113,0.0],[26.460082,45.071052,0.0],[26.460129,45.070945,0.0],[26.460139,45.070899,0.0],[26.460117,45.070792,0.0],[26.460041,45.070709,0.0],[26.459761,45.070492,0.0],[26.459731,45.070446,0.0],[26.459736,45.070414,0.0],[26.459752,45.070389,0.0],[26.459782,45.070368,0.0],[26.459868,45.070362,0.0],[26.459922,45.070379,0.0],[26.459987,45.07043,0.0],[26.460014,45.07047,0.0],[26.460028,45.07051,0.0],[26.460067,45.070554,0.0],[26.460076,45.07055,0.0],[26.460081,45.070548,0.0],[26.460117,45.070533,0.0],[26.46016,45.070515,0.0],[26.460219,45.07049,0.0],[26.460271,45.070469,0.0],[26.460287,45.070462,0.0],[26.460289,45.070462,0.0],[26.460343,45.07046,0.0],[26.460429,45.070466,0.0],[26.460613,45.070571,0.0],[26.460667,45.070594,0.0],[26.46071,45.07059,0.0],[26.460823,45.070534,0.0],[26.460962,45.070498,0.0],[26.461027,45.070498,0.0],[26.461226,45.070459,0.0],[26.461406,45.070456,0.0],[26.461533,45.070444,0.0],[26.461673,45.070448,0.0],[26.461964,45.070498,0.0],[26.462147,45.070511,0.0],[26.462288,45.070534,0.0],[26.462368,45.070531,0.0],[26.462481,45.070522,0.0],[26.462686,45.070485,0.0],[26.462976,45.070423,0.0],[26.46325,45.070372,0.0],[26.463788,45.070302,0.0],[26.464299,45.070307,0.0],[26.464359,45.070308,0.0],[26.464369,45.070307,0.0],[26.464403,45.070304,0.0],[26.46447,45.070299,0.0],[26.464517,45.070296,0.0],[26.464543,45.070158,0.0],[26.464571,45.070087,0.0],[26.464575,45.070076,0.0],[26.464599,45.070032,0.0],[26.464607,45.070017,0.0],[26.464681,45.069912,0.0],[26.464749,45.06974,0.0],[26.46477,45.069657,0.0],[26.46482,45.069579,0.0],[26.46487,45.069535,0.0],[26.464964,45.069445,0.0],[26.464999,45.069392,0.0],[26.465015,45.069346,0.0],[26.46502,45.069319,0.0],[26.465009,45.069265,0.0],[26.464959,45.069166,0.0],[26.464963,45.069052,0.0],[26.465003,45.068933,0.0],[26.465135,45.068712,0.0],[26.465146,45.068704,0.0],[26.465233,45.068547,0.0],[26.465345,45.068375,0.0],[26.465599,45.068002,0.0],[26.465854,45.067629,0.0],[26.466219,45.0672,0.0],[26.466347,45.067076,0.0],[26.466606,45.066852,0.0],[26.466812,45.066658,0.0],[26.466969,45.06653,0.0],[26.46705,45.066474,0.0],[26.467208,45.066386,0.0],[26.467253,45.066342,0.0],[26.467405,45.066235,0.0],[26.467488,45.066156,0.0],[26.467857,45.06589,0.0],[26.467953,45.065805,0.0],[26.468068,45.065687,0.0],[26.468276,45.065507,0.0],[26.468546,45.065284,0.0],[26.468562,45.06528,0.0],[26.468748,45.065097,0.0],[26.46883,45.065042,0.0],[26.469226,45.064656,0.0],[26.46949,45.064373,0.0],[26.470023,45.063881,0.0],[26.470271,45.063635,0.0],[26.470385,45.063414,0.0],[26.470507,45.063085,0.0],[26.470541,45.062963,0.0],[26.470578,45.062772,0.0],[26.47062,45.062681,0.0],[26.470655,45.062499,0.0],[26.470676,45.062438,0.0],[26.470706,45.0624,0.0],[26.47074,45.062324,0.0],[26.470817,45.062233,0.0],[26.47087,45.062134,0.0],[26.470974,45.061837,0.0],[26.471024,45.061603,0.0],[26.471081,45.061281,0.0],[26.47108,45.060723,0.0],[26.471135,45.060464,0.0],[26.471225,45.060236,0.0],[26.471266,45.060167,0.0],[26.471482,45.059856,0.0],[26.471777,45.0595,0.0],[26.472062,45.05919,0.0],[26.472346,45.058818,0.0],[26.472515,45.058572,0.0],[26.472681,45.058374,0.0],[26.473099,45.057989,0.0],[26.473328,45.0578,0.0],[26.473715,45.057438,0.0],[26.47403,45.057116,0.0],[26.474143,45.056946,0.0],[26.474258,45.056586,0.0],[26.474309,45.056307,0.0],[26.474349,45.055752,0.0],[26.474382,45.055607,0.0],[26.474598,45.054899,0.0],[26.474692,45.054695,0.0],[26.474951,45.053955,0.0],[26.475076,45.053546,0.0],[26.475292,45.052904,0.0],[26.475374,45.052561,0.0],[26.475456,45.052287,0.0],[26.475593,45.051715,0.0],[26.475726,45.050991,0.0],[26.476013,45.049947,0.0],[26.476103,45.049386,0.0],[26.476144,45.049001,0.0],[26.476214,45.048578,0.0],[26.476265,45.048311,0.0],[26.476334,45.047785,0.0],[26.476352,45.047714,0.0],[26.47641,45.04771,0.0],[26.477235,45.047694,0.0],[26.478564,45.047735,0.0],[26.478861,45.047793,0.0],[26.479067,45.047853,0.0],[26.47916,45.047845,0.0],[26.47926,45.047819,0.0],[26.479448,45.047725,0.0],[26.479384,45.046523,0.0],[26.479226,45.044344,0.0],[26.479021,45.041351,0.0],[26.478993,45.040951,0.0],[26.47894,45.040265,0.0],[26.478888,45.03958,0.0],[26.478881,45.039441,0.0],[26.478874,45.039301,0.0],[26.478822,45.038824,0.0],[26.478801,45.038457,0.0],[26.478736,45.037652,0.0],[26.478681,45.036659,0.0],[26.47865,45.036253,0.0],[26.478591,45.03546,0.0],[26.478517,45.034544,0.0],[26.478518,45.034358,0.0],[26.478698,45.034102,0.0],[26.479334,45.033189,0.0],[26.479545,45.032892,0.0],[26.48002,45.032241,0.0],[26.480102,45.032129,0.0],[26.480479,45.031606,0.0],[26.480699,45.031305,0.0],[26.481327,45.03046,0.0],[26.481534,45.030175,0.0],[26.482285,45.029149,0.0],[26.482935,45.028275,0.0],[26.483201,45.027921,0.0],[26.483238,45.027871,0.0],[26.483559,45.027438,0.0],[26.484225,45.026525,0.0],[26.484359,45.026343,0.0],[26.48444,45.026234,0.0],[26.485142,45.025293,0.0],[26.485502,45.024818,0.0],[26.485687,45.024571,0.0],[26.485871,45.024325,0.0],[26.486426,45.023569,0.0],[26.487551,45.022087,0.0],[26.488136,45.021291,0.0],[26.488355,45.020966,0.0],[26.48866,45.020484,0.0],[26.488771,45.020337,0.0],[26.4859,45.019125,0.0],[26.486212,45.018525,0.0],[26.486666,45.017825,0.0],[26.48705,45.017296,0.0],[26.487209,45.01703,0.0],[26.487357,45.016957,0.0],[26.487403,45.016676,0.0],[26.487498,45.016496,0.0],[26.487586,45.016279,0.0],[26.487722,45.016025,0.0],[26.487917,45.01568,0.0],[26.488116,45.015369,0.0],[26.488264,45.015106,0.0],[26.488601,45.014473,0.0],[26.489138,45.013568,0.0],[26.489331,45.013236,0.0],[26.489584,45.01282,0.0],[26.489614,45.012714,0.0],[26.489785,45.012256,0.0],[26.490003,45.011788,0.0],[26.490155,45.011509,0.0],[26.490417,45.011036,0.0],[26.491187,45.009705,0.0],[26.49137,45.009394,0.0],[26.491738,45.008791,0.0],[26.49201,45.008324,0.0],[26.492206,45.00794,0.0],[26.492494,45.007457,0.0],[26.492903,45.006669,0.0],[26.4931,45.006326,0.0],[26.493508,45.005642,0.0],[26.493922,45.005772,0.0],[26.494434,45.005933,0.0],[26.494883,45.006077,0.0],[26.495629,45.006315,0.0],[26.49775,45.006998,0.0],[26.498166,45.006489,0.0],[26.498541,45.006018,0.0],[26.498992,45.005456,0.0],[26.49943,45.004902,0.0],[26.499783,45.004456,0.0],[26.500062,45.0041,0.0],[26.50038,45.003679,0.0],[26.500838,45.003115,0.0],[26.501081,45.00281,0.0],[26.501981,45.001653,0.0],[26.502451,45.001048,0.0],[26.503152,45.000147,0.0],[26.503207,45.000076,0.0],[26.503316,44.999937,0.0],[26.503355,44.999887,0.0],[26.503439,44.999786,0.0],[26.503911,44.999958,0.0],[26.504383,45.000131,0.0],[26.505187,45.000448,0.0],[26.505706,45.000653,0.0],[26.505914,45.000736,0.0],[26.507213,45.001232,0.0],[26.507633,45.001405,0.0],[26.508082,45.001564,0.0],[26.508607,45.00177,0.0],[26.509025,45.001934,0.0],[26.509519,45.002129,0.0],[26.510174,45.002376,0.0],[26.511625,45.002948,0.0],[26.514143,45.003882,0.0],[26.515109,45.00425,0.0],[26.51505,45.004417,0.0],[26.514772,45.005006,0.0],[26.514524,45.005536,0.0],[26.513955,45.006771,0.0],[26.513816,45.007095,0.0],[26.513597,45.007708,0.0],[26.513359,45.008288,0.0],[26.513046,45.008955,0.0],[26.512863,45.009224,0.0],[26.512759,45.009628,0.0],[26.51244,45.01025,0.0],[26.51199,45.011475,0.0],[26.511701,45.012149,0.0],[26.511544,45.012812,0.0],[26.511524,45.01299,0.0],[26.511534,45.013147,0.0],[26.512856,45.013429,0.0],[26.514277,45.013739,0.0],[26.515283,45.013973,0.0],[26.516942,45.014363,0.0],[26.519336,45.014961,0.0],[26.520853,45.013034,0.0],[26.529398,45.014812,0.0],[26.531074,45.015153,0.0],[26.531496,45.014225,0.0],[26.53208,45.012737,0.0],[26.53295,45.010648,0.0],[26.533169,45.010061,0.0],[26.533666,45.008965,0.0],[26.533985,45.008233,0.0],[26.534463,45.007139,0.0],[26.534655,45.006641,0.0],[26.535125,45.005524,0.0],[26.53593,45.003678,0.0],[26.536099,45.003292,0.0],[26.539153,45.001868,0.0],[26.54149,45.000805,0.0],[26.542228,45.000479,0.0],[26.543659,44.999799,0.0],[26.545083,44.999147,0.0],[26.546102,44.998673,0.0],[26.548514,44.997536,0.0],[26.548656,44.997467,0.0],[26.54954,44.997725,0.0],[26.550502,44.997992,0.0],[26.55184,44.998381,0.0],[26.55282,44.998667,0.0],[26.553623,44.9989,0.0],[26.553969,44.998995,0.0],[26.555029,44.9993,0.0],[26.556435,44.999696,0.0],[26.556453,44.999679,0.0],[26.556991,44.999191,0.0],[26.557175,44.999024,0.0],[26.558348,44.997959,0.0],[26.559185,44.997199,0.0],[26.560789,44.995802,0.0],[26.560774,44.995773,0.0],[26.561013,44.995548,0.0],[26.56146,44.995195,0.0],[26.561765,44.994948,0.0],[26.56212,44.994691,0.0],[26.562318,44.994544,0.0],[26.562434,44.994452,0.0],[26.560738,44.993657,0.0],[26.561493,44.992809,0.0],[26.562703,44.991262,0.0],[26.562744,44.991213,0.0],[26.562884,44.991256,0.0],[26.563381,44.990645,0.0],[26.563432,44.990582,0.0],[26.563457,44.990551,0.0],[26.563483,44.990519,0.0],[26.563522,44.990472,0.0],[26.563547,44.99044,0.0],[26.563573,44.990409,0.0],[26.563598,44.990377,0.0],[26.563624,44.990346,0.0],[26.563649,44.990314,0.0],[26.563675,44.990283,0.0],[26.563701,44.990251,0.0],[26.563778,44.990157,0.0],[26.563804,44.990126,0.0],[26.56383,44.990094,0.0],[26.563869,44.990047,0.0],[26.563895,44.990015,0.0],[26.56392,44.989984,0.0],[26.563946,44.989952,0.0],[26.563972,44.989921,0.0],[26.563985,44.989905,0.0],[26.564024,44.989857,0.0],[26.56405,44.989826,0.0],[26.564205,44.989637,0.0],[26.564244,44.98959,0.0],[26.564257,44.989573,0.0],[26.564283,44.989542,0.0],[26.564309,44.989511,0.0],[26.564334,44.989479,0.0],[26.564386,44.989416,0.0],[26.564425,44.989369,0.0],[26.564477,44.989306,0.0],[26.564528,44.989243,0.0],[26.564554,44.989212,0.0],[26.56458,44.98918,0.0],[26.564592,44.989165,0.0],[26.564612,44.989141,0.0],[26.564663,44.989078,0.0],[26.564682,44.989055,0.0],[26.564695,44.98904,0.0],[26.564707,44.989025,0.0],[26.56472,44.98901,0.0],[26.56474,44.988985,0.0],[26.564752,44.98897,0.0],[26.564816,44.988892,0.0],[26.564842,44.98886,0.0],[26.564855,44.988845,0.0],[26.564895,44.988796,0.0],[26.564999,44.98867,0.0],[26.56505,44.988607,0.0],[26.56514,44.988497,0.0],[26.565192,44.988435,0.0],[26.565231,44.988387,0.0],[26.565282,44.988324,0.0],[26.565334,44.988261,0.0],[26.565369,44.988218,0.0],[26.565421,44.988155,0.0],[26.56546,44.988108,0.0],[26.565485,44.988076,0.0],[26.565511,44.988045,0.0],[26.565537,44.988014,0.0],[26.565601,44.987935,0.0],[26.565678,44.987841,0.0],[26.565704,44.98781,0.0],[26.56573,44.987778,0.0],[26.565756,44.987747,0.0],[26.565782,44.987715,0.0],[26.565807,44.987684,0.0],[26.565833,44.987652,0.0],[26.565859,44.987621,0.0],[26.565885,44.98759,0.0],[26.565911,44.987558,0.0],[26.565975,44.98748,0.0],[26.566026,44.987417,0.0],[26.566052,44.987386,0.0],[26.566078,44.987354,0.0],[26.566155,44.98726,0.0],[26.566181,44.987228,0.0],[26.566207,44.987197,0.0],[26.566233,44.987166,0.0],[26.566258,44.987134,0.0],[26.56631,44.987071,0.0],[26.566349,44.987024,0.0],[26.566375,44.986992,0.0],[26.566401,44.986961,0.0],[26.566427,44.986929,0.0],[26.566452,44.986898,0.0],[26.566478,44.986866,0.0],[26.56653,44.986803,0.0],[26.566556,44.986772,0.0],[26.566607,44.986709,0.0],[26.566697,44.986599,0.0],[26.566749,44.986537,0.0],[26.566852,44.986411,0.0],[26.566891,44.986363,0.0],[26.566943,44.9863,0.0],[26.566969,44.986269,0.0],[26.566994,44.986237,0.0],[26.56702,44.986206,0.0],[26.567059,44.986158,0.0],[26.567085,44.986127,0.0],[26.567111,44.986095,0.0],[26.567137,44.986064,0.0],[26.56724,44.985938,0.0],[26.567322,44.985838,0.0],[26.567348,44.985806,0.0],[26.567387,44.985759,0.0],[26.567439,44.985696,0.0],[26.567568,44.985538,0.0],[26.567697,44.985381,0.0],[26.567723,44.985349,0.0],[26.567774,44.985287,0.0],[26.5678,44.985255,0.0],[26.567826,44.985224,0.0],[26.567878,44.985161,0.0],[26.567929,44.985098,0.0],[26.567955,44.985066,0.0],[26.567981,44.985035,0.0],[26.568032,44.984972,0.0],[26.568058,44.98494,0.0],[26.568081,44.984913,0.0],[26.568107,44.984876,0.0],[26.568154,44.984812,0.0],[26.568177,44.98478,0.0],[26.568224,44.984715,0.0],[26.568247,44.984683,0.0],[26.568271,44.98465,0.0],[26.568343,44.98455,0.0],[26.568378,44.984515,0.0],[26.568406,44.984478,0.0],[26.568419,44.984462,0.0],[26.568449,44.984423,0.0],[26.568499,44.984359,0.0],[26.568549,44.984295,0.0],[26.568598,44.984231,0.0],[26.568648,44.984167,0.0],[26.568686,44.984119,0.0],[26.568736,44.984055,0.0],[26.568785,44.98399,0.0],[26.568835,44.983926,0.0],[26.568885,44.983862,0.0],[26.56891,44.98383,0.0],[26.568972,44.983751,0.0],[26.568997,44.983719,0.0],[26.569047,44.983654,0.0],[26.569065,44.983631,0.0],[26.569115,44.983567,0.0],[26.56914,44.983535,0.0],[26.569165,44.983503,0.0],[26.56919,44.983471,0.0],[26.569238,44.983408,0.0],[26.569284,44.983351,0.0],[26.56936,44.983255,0.0],[26.569411,44.983192,0.0],[26.569462,44.983128,0.0],[26.569513,44.983064,0.0],[26.569564,44.983,0.0],[26.569641,44.982904,0.0],[26.569667,44.982872,0.0],[26.569705,44.982824,0.0],[26.569756,44.98276,0.0],[26.569833,44.982664,0.0],[26.569858,44.982632,0.0],[26.56991,44.982569,0.0],[26.569935,44.982537,0.0],[26.569961,44.982505,0.0],[26.569986,44.982473,0.0],[26.570012,44.982441,0.0],[26.570038,44.982408,0.0],[26.570191,44.982216,0.0],[26.570255,44.982137,0.0],[26.570293,44.982089,0.0],[26.570396,44.981961,0.0],[26.570523,44.981801,0.0],[26.5706,44.981705,0.0],[26.570626,44.981673,0.0],[26.570677,44.981609,0.0],[26.570702,44.981577,0.0],[26.570715,44.981562,0.0],[26.570766,44.981498,0.0],[26.570791,44.981466,0.0],[26.570817,44.981434,0.0],[26.570906,44.981322,0.0],[26.570972,44.981244,0.0],[26.570998,44.981212,0.0],[26.571051,44.981149,0.0],[26.571078,44.981117,0.0],[26.571104,44.981086,0.0],[26.571131,44.981054,0.0],[26.571223,44.980944,0.0],[26.571355,44.980786,0.0],[26.571382,44.980754,0.0],[26.571435,44.980691,0.0],[26.571461,44.98066,0.0],[26.571514,44.980597,0.0],[26.571541,44.980565,0.0],[26.571594,44.980502,0.0],[26.57162,44.980471,0.0],[26.57166,44.980423,0.0],[26.571713,44.98036,0.0],[26.571739,44.980328,0.0],[26.571941,44.980113,0.0],[26.572843,44.979002,0.0],[26.573731,44.977948,0.0],[26.574045,44.977599,0.0],[26.57523,44.976155,0.0],[26.575667,44.975639,0.0],[26.577501,44.973472,0.0],[26.578065,44.972771,0.0],[26.578577,44.972083,0.0],[26.578746,44.971818,0.0],[26.578937,44.971349,0.0],[26.57914,44.970535,0.0],[26.579409,44.969308,0.0],[26.579618,44.968142,0.0],[26.580843,44.961332,0.0],[26.580901,44.961355,0.0],[26.586818,44.962594,0.0],[26.587903,44.962821,0.0],[26.588947,44.963039,0.0],[26.589567,44.963169,0.0],[26.592921,44.963972,0.0],[26.594297,44.964302,0.0],[26.594783,44.963741,0.0],[26.595258,44.963193,0.0],[26.595533,44.962877,0.0],[26.595688,44.962702,0.0],[26.596464,44.961824,0.0],[26.596884,44.961349,0.0],[26.597191,44.961022,0.0],[26.59741,44.960789,0.0],[26.597646,44.96053,0.0],[26.597899,44.960225,0.0],[26.598088,44.959998,0.0],[26.598269,44.959774,0.0],[26.598641,44.959355,0.0],[26.599023,44.958915,0.0],[26.599266,44.958648,0.0],[26.599731,44.958107,0.0],[26.60119,44.956427,0.0],[26.60144,44.956125,0.0],[26.594551,44.954846,0.0],[26.590514,44.954152,0.0],[26.589071,44.95393,0.0],[26.581041,44.952694,0.0],[26.580943,44.952684,0.0],[26.580936,44.951924,0.0],[26.580954,44.951073,0.0],[26.572487,44.949163,0.0],[26.562491,44.946907,0.0],[26.561647,44.946709,0.0],[26.561356,44.946643,0.0],[26.554574,44.945096,0.0],[26.552856,44.944661,0.0],[26.550273,44.943994,0.0],[26.547691,44.943326,0.0],[26.545683,44.942826,0.0],[26.541316,44.941651,0.0],[26.533082,44.939437,0.0],[26.532883,44.939124,0.0],[26.532051,44.937814,0.0],[26.532113,44.937523,0.0],[26.532601,44.93579,0.0],[26.532923,44.934648,0.0],[26.532981,44.934439,0.0],[26.533369,44.933061,0.0],[26.533429,44.932845,0.0],[26.533537,44.932449,0.0],[26.533748,44.931677,0.0],[26.53458,44.92828,0.0],[26.535111,44.926354,0.0],[26.536016,44.923066,0.0],[26.536843,44.920065,0.0],[26.537352,44.918212,0.0],[26.537775,44.916679,0.0],[26.537718,44.913744,0.0],[26.537726,44.913241,0.0],[26.537764,44.911033,0.0],[26.537775,44.910378,0.0],[26.537815,44.910353,0.0],[26.537861,44.910322,0.0],[26.538661,44.910731,0.0],[26.540991,44.911921,0.0],[26.541713,44.912258,0.0],[26.543877,44.913267,0.0],[26.546363,44.914466,0.0],[26.549155,44.915721,0.0],[26.549765,44.915988,0.0],[26.549927,44.915496,0.0],[26.550136,44.914861,0.0],[26.550235,44.914555,0.0],[26.550281,44.914399,0.0],[26.550435,44.914312,0.0],[26.550631,44.91433,0.0],[26.550861,44.914373,0.0],[26.551182,44.914442,0.0],[26.551435,44.914513,0.0],[26.552169,44.914679,0.0],[26.552508,44.914772,0.0],[26.553091,44.914928,0.0],[26.553689,44.915067,0.0],[26.554136,44.915203,0.0],[26.554572,44.915319,0.0],[26.555266,44.91551,0.0],[26.557645,44.913375,0.0],[26.558452,44.91265,0.0],[26.559334,44.911869,0.0],[26.561005,44.910386,0.0],[26.561849,44.909606,0.0],[26.562273,44.90923,0.0],[26.5625,44.908961,0.0],[26.562886,44.908518,0.0],[26.563103,44.90829,0.0],[26.563411,44.907913,0.0],[26.564195,44.906974,0.0],[26.565546,44.905495,0.0],[26.566516,44.904437,0.0],[26.568428,44.902414,0.0],[26.571536,44.899123,0.0],[26.573402,44.897148,0.0],[26.574386,44.896106,0.0],[26.57549,44.894937,0.0],[26.577571,44.892543,0.0],[26.579422,44.890487,0.0],[26.580197,44.889649,0.0],[26.580934,44.888831,0.0],[26.585086,44.884187,0.0],[26.586495,44.882612,0.0],[26.588629,44.883592,0.0],[26.591006,44.884693,0.0],[26.593771,44.885974,0.0],[26.594583,44.886382,0.0],[26.595999,44.884747,0.0],[26.59795,44.882415,0.0],[26.597954,44.882363,0.0],[26.598034,44.882253,0.0],[26.598218,44.882082,0.0],[26.598448,44.881782,0.0],[26.599065,44.881157,0.0],[26.599505,44.880727,0.0],[26.600359,44.879911,0.0],[26.600517,44.879771,0.0],[26.601208,44.879159,0.0],[26.603269,44.877337,0.0],[26.606772,44.87474,0.0],[26.609493,44.872723,0.0],[26.609875,44.87244,0.0],[26.609798,44.872393,0.0],[26.609566,44.87225,0.0],[26.609431,44.872175,0.0],[26.609023,44.871949,0.0],[26.607259,44.870919,0.0],[26.606833,44.870671,0.0],[26.602405,44.868096,0.0],[26.602455,44.868049,0.0],[26.602474,44.868032,0.0],[26.60294,44.867622,0.0],[26.60331,44.867275,0.0],[26.603931,44.866693,0.0],[26.604715,44.865956,0.0],[26.605831,44.864884,0.0],[26.606628,44.864125,0.0],[26.607456,44.863344,0.0],[26.607821,44.863,0.0],[26.608363,44.86249,0.0],[26.609197,44.861688,0.0],[26.60948,44.861387,0.0],[26.611268,44.859605,0.0],[26.611466,44.859408,0.0],[26.611487,44.859369,0.0],[26.611482,44.859308,0.0],[26.611439,44.859234,0.0],[26.611393,44.859194,0.0],[26.611113,44.859026,0.0],[26.611006,44.858973,0.0],[26.610963,44.858944,0.0],[26.610613,44.858771,0.0],[26.610538,44.858745,0.0],[26.610409,44.85871,0.0],[26.610323,44.858701,0.0],[26.610269,44.858682,0.0],[26.610237,44.85868,0.0],[26.609807,44.858516,0.0],[26.60828,44.857814,0.0],[26.607725,44.857564,0.0],[26.60717,44.857313,0.0],[26.607124,44.857295,0.0],[26.607079,44.857276,0.0],[26.607077,44.857278,0.0],[26.607075,44.85728,0.0],[26.607073,44.857279,0.0],[26.60707,44.857278,0.0],[26.603493,44.855729,0.0],[26.601854,44.855011,0.0],[26.601577,44.854889,0.0],[26.599343,44.853904,0.0],[26.597103,44.852915,0.0],[26.594947,44.852041,0.0],[26.594852,44.852003,0.0],[26.594009,44.851679,0.0],[26.590982,44.850398,0.0],[26.586654,44.848583,0.0],[26.586608,44.848564,0.0],[26.58279,44.846991,0.0],[26.581905,44.846627,0.0],[26.581599,44.846511,0.0],[26.581016,44.846292,0.0],[26.579823,44.845769,0.0],[26.573333,44.842926,0.0],[26.572493,44.842529,0.0],[26.572008,44.842289,0.0],[26.571821,44.842197,0.0],[26.570797,44.841778,0.0],[26.569687,44.84139,0.0],[26.568557,44.840995,0.0],[26.567918,44.840769,0.0],[26.567647,44.840674,0.0],[26.566722,44.840348,0.0],[26.564933,44.839719,0.0],[26.562464,44.83887,0.0],[26.559908,44.838093,0.0],[26.55843,44.837644,0.0],[26.556485,44.836996,0.0],[26.547551,44.834049,0.0],[26.545523,44.833367,0.0],[26.543864,44.832809,0.0],[26.541135,44.831928,0.0],[26.541119,44.831953,0.0],[26.53795,44.830909,0.0],[26.535992,44.830264,0.0],[26.534828,44.829897,0.0],[26.532769,44.829213,0.0],[26.531716,44.82887,0.0],[26.529173,44.82802,0.0],[26.528668,44.827852,0.0],[26.527767,44.827539,0.0],[26.526839,44.827205,0.0],[26.526753,44.827148,0.0],[26.52588,44.826592,0.0],[26.525508,44.826333,0.0],[26.525367,44.826166,0.0],[26.525505,44.825982,0.0],[26.525747,44.825994,0.0],[26.526601,44.826143,0.0],[26.527209,44.826236,0.0],[26.527346,44.826257,0.0],[26.527446,44.826194,0.0],[26.528105,44.825772,0.0],[26.528621,44.82543,0.0],[26.528993,44.825158,0.0],[26.529224,44.824894,0.0],[26.52951,44.824733,0.0],[26.52992,44.824603,0.0],[26.530178,44.82455,0.0],[26.530237,44.824552,0.0],[26.530354,44.824554,0.0],[26.530503,44.824578,0.0],[26.530803,44.824627,0.0],[26.530994,44.824715,0.0],[26.531215,44.824739,0.0],[26.531259,44.82465,0.0],[26.531006,44.824513,0.0],[26.53068,44.824354,0.0],[26.530581,44.824139,0.0],[26.530543,44.824056,0.0],[26.530428,44.823566,0.0],[26.530354,44.823256,0.0],[26.53031,44.823068,0.0],[26.530375,44.822943,0.0],[26.530512,44.822856,0.0],[26.53118,44.822659,0.0],[26.531701,44.822437,0.0],[26.532036,44.822295,0.0],[26.532433,44.822197,0.0],[26.532834,44.822186,0.0],[26.533017,44.822247,0.0],[26.533119,44.822393,0.0],[26.533229,44.822506,0.0],[26.533395,44.822517,0.0],[26.534677,44.821761,0.0],[26.534943,44.821633,0.0],[26.535238,44.821609,0.0],[26.534952,44.821142,0.0],[26.53472,44.820763,0.0],[26.534568,44.820727,0.0],[26.534438,44.820659,0.0],[26.534426,44.820653,0.0],[26.534277,44.820522,0.0],[26.534159,44.820477,0.0],[26.533603,44.819928,0.0],[26.532666,44.81904,0.0],[26.53126,44.81776,0.0],[26.528963,44.815608,0.0],[26.527978,44.814705,0.0],[26.527244,44.814047,0.0],[26.526709,44.813546,0.0],[26.526578,44.81338,0.0],[26.526017,44.812857,0.0],[26.525525,44.812392,0.0],[26.525518,44.812385,0.0],[26.525502,44.812371,0.0],[26.525003,44.811911,0.0],[26.524973,44.811882,0.0],[26.523955,44.81091,0.0],[26.523464,44.810453,0.0],[26.523068,44.810072,0.0],[26.522837,44.809818,0.0],[26.522802,44.809729,0.0],[26.522383,44.809328,0.0],[26.521239,44.808261,0.0],[26.520028,44.807145,0.0],[26.519642,44.806791,0.0],[26.518918,44.806057,0.0],[26.518015,44.805237,0.0],[26.516596,44.803914,0.0],[26.51502,44.802477,0.0],[26.513919,44.801447,0.0],[26.513524,44.801035,0.0],[26.513023,44.800538,0.0],[26.51224,44.799808,0.0],[26.5114,44.799039,0.0],[26.511162,44.798815,0.0],[26.511016,44.798787,0.0],[26.509991,44.797822,0.0],[26.509359,44.797274,0.0],[26.508942,44.796891,0.0],[26.508812,44.796963,0.0],[26.50833,44.797132,0.0],[26.507789,44.797322,0.0],[26.507477,44.797375,0.0],[26.507134,44.797449,0.0],[26.506728,44.797551,0.0],[26.506344,44.797643,0.0],[26.505977,44.797724,0.0],[26.505861,44.797746,0.0],[26.505764,44.79776,0.0],[26.505666,44.797762,0.0],[26.505633,44.797735,0.0],[26.505303,44.797475,0.0],[26.503795,44.796499,0.0],[26.500304,44.794393,0.0],[26.495864,44.791631,0.0],[26.495149,44.791187,0.0],[26.495147,44.791185,0.0],[26.495036,44.791116,0.0],[26.494188,44.791546,0.0],[26.493861,44.791711,0.0],[26.492017,44.792611,0.0],[26.478681,44.799157,0.0],[26.477699,44.799654,0.0],[26.472736,44.802167,0.0],[26.471444,44.802814,0.0],[26.469625,44.803725,0.0],[26.469206,44.803935,0.0],[26.468673,44.804202,0.0],[26.468664,44.804206,0.0],[26.466829,44.805085,0.0],[26.463086,44.806964,0.0],[26.459964,44.808531,0.0],[26.457724,44.809656,0.0],[26.454662,44.811193,0.0],[26.454628,44.811167,0.0],[26.451907,44.80906,0.0],[26.445926,44.804615,0.0],[26.443791,44.80318,0.0],[26.443188,44.802793,0.0],[26.442619,44.802428,0.0],[26.442445,44.80231,0.0],[26.437236,44.798792,0.0],[26.430605,44.794331,0.0],[26.427746,44.79225,0.0],[26.426685,44.791501,0.0],[26.426479,44.791306,0.0],[26.426187,44.791124,0.0],[26.424564,44.789928,0.0],[26.423548,44.789184,0.0],[26.42219,44.788198,0.0],[26.421728,44.787845,0.0],[26.419701,44.786369,0.0],[26.417764,44.784976,0.0],[26.415558,44.783354,0.0],[26.414177,44.782291,0.0],[26.412346,44.780939,0.0],[26.412324,44.780923,0.0],[26.411902,44.780656,0.0],[26.406499,44.776149,0.0],[26.405903,44.77566,0.0],[26.403626,44.773763,0.0],[26.40184,44.772287,0.0],[26.401697,44.772169,0.0],[26.400133,44.770834,0.0],[26.399991,44.770675,0.0],[26.39999,44.770674,0.0],[26.399707,44.770356,0.0],[26.399188,44.769915,0.0],[26.398812,44.769596,0.0],[26.398584,44.769407,0.0],[26.398131,44.769033,0.0],[26.398104,44.768973,0.0],[26.398063,44.768881,0.0],[26.397899,44.768738,0.0],[26.395686,44.76671,0.0],[26.395453,44.766557,0.0],[26.395382,44.76656,0.0],[26.395333,44.766562,0.0],[26.394932,44.766785,0.0],[26.394698,44.766915,0.0],[26.394037,44.767042,0.0],[26.393249,44.76699,0.0],[26.392638,44.766807,0.0],[26.392419,44.766694,0.0],[26.391893,44.766421,0.0],[26.391041,44.765827,0.0],[26.390212,44.764969,0.0],[26.388693,44.763352,0.0],[26.388372,44.763086,0.0],[26.387486,44.762439,0.0],[26.386734,44.761998,0.0],[26.386017,44.761804,0.0],[26.385817,44.761789,0.0],[26.385381,44.761757,0.0],[26.385252,44.761747,0.0],[26.385092,44.761735,0.0],[26.384463,44.761737,0.0],[26.384328,44.761761,0.0],[26.384041,44.761812,0.0],[26.383277,44.761978,0.0],[26.38286,44.762063,0.0],[26.382271,44.762183,0.0],[26.381959,44.762212,0.0],[26.381738,44.762233,0.0],[26.381263,44.762226,0.0],[26.380706,44.76216,0.0],[26.379721,44.762015,0.0],[26.379206,44.761913,0.0],[26.378859,44.761844,0.0],[26.378058,44.761686,0.0],[26.377247,44.761469,0.0],[26.375958,44.761331,0.0],[26.375402,44.761342,0.0],[26.37522,44.761392,0.0],[26.375124,44.761419,0.0],[26.374951,44.761505,0.0],[26.374779,44.761591,0.0],[26.374327,44.761813,0.0],[26.373921,44.762014,0.0],[26.373205,44.762341,0.0],[26.372762,44.762545,0.0],[26.372283,44.762805,0.0],[26.372148,44.762879,0.0],[26.371677,44.763257,0.0],[26.37023,44.764292,0.0],[26.369792,44.764678,0.0],[26.369515,44.764969,0.0],[26.36925,44.765275,0.0],[26.369082,44.76545,0.0],[26.369037,44.765497,0.0],[26.368994,44.765542,0.0],[26.368805,44.765847,0.0],[26.368683,44.766039,0.0],[26.368636,44.766175,0.0],[26.368589,44.766311,0.0],[26.368578,44.766437,0.0],[26.368575,44.766471,0.0],[26.368571,44.766511,0.0],[26.36868,44.766837,0.0],[26.368992,44.767256,0.0],[26.369301,44.7675,0.0],[26.369776,44.767678,0.0],[26.370062,44.767805,0.0],[26.37032,44.767919,0.0],[26.370683,44.768114,0.0],[26.371047,44.768333,0.0],[26.371378,44.76856,0.0],[26.371687,44.76882,0.0],[26.371962,44.76908,0.0],[26.37212,44.769291,0.0],[26.372228,44.769436,0.0],[26.37238,44.769698,0.0],[26.372558,44.770079,0.0],[26.372676,44.770349,0.0],[26.372705,44.770612,0.0],[26.372621,44.770834,0.0],[26.372214,44.771143,0.0],[26.371478,44.771438,0.0],[26.369997,44.771677,0.0],[26.369255,44.771612,0.0],[26.368446,44.771541,0.0],[26.367185,44.771281,0.0],[26.366819,44.77114,0.0],[26.366023,44.770834,0.0],[26.365652,44.770675,0.0],[26.365499,44.770596,0.0],[26.365318,44.770502,0.0],[26.364909,44.770298,0.0],[26.3647,44.770143,0.0],[26.364461,44.769974,0.0],[26.364333,44.769863,0.0],[26.364221,44.769768,0.0],[26.364164,44.769713,0.0],[26.364122,44.769672,0.0],[26.363943,44.769499,0.0],[26.363711,44.769309,0.0],[26.36357,44.769217,0.0],[26.363395,44.769134,0.0],[26.363161,44.769023,0.0],[26.362985,44.768919,0.0],[26.362737,44.768772,0.0],[26.362484,44.768597,0.0],[26.362201,44.768434,0.0],[26.362097,44.768372,0.0],[26.361883,44.768244,0.0],[26.361679,44.768143,0.0],[26.361577,44.768092,0.0],[26.361294,44.767999,0.0],[26.361032,44.767943,0.0],[26.360917,44.767934,0.0],[26.360699,44.767917,0.0],[26.360603,44.767915,0.0],[26.360501,44.767912,0.0],[26.360044,44.76797,0.0],[26.359809,44.768012,0.0],[26.35965,44.768041,0.0],[26.359319,44.768149,0.0],[26.359062,44.768271,0.0],[26.358702,44.768445,0.0],[26.358342,44.76862,0.0],[26.358076,44.768831,0.0],[26.357833,44.769101,0.0],[26.357708,44.769268,0.0],[26.357671,44.769318,0.0],[26.357615,44.7696,0.0],[26.357581,44.769904,0.0],[26.357639,44.770148,0.0],[26.357675,44.770436,0.0],[26.357677,44.770452,0.0],[26.357706,44.770834,0.0],[26.357685,44.772006,0.0],[26.357855,44.772256,0.0],[26.358158,44.772701,0.0],[26.358843,44.773498,0.0],[26.359181,44.773892,0.0],[26.359643,44.774287,0.0],[26.360246,44.774804,0.0],[26.362023,44.775992,0.0],[26.362587,44.77641,0.0],[26.363346,44.776997,0.0],[26.363614,44.777259,0.0],[26.363941,44.777578,0.0],[26.364324,44.778197,0.0],[26.364506,44.778943,0.0],[26.364574,44.779632,0.0],[26.364561,44.77969,0.0],[26.364428,44.780314,0.0],[26.364034,44.78086,0.0],[26.363985,44.780928,0.0],[26.363325,44.781434,0.0],[26.362416,44.781883,0.0],[26.361422,44.78223,0.0],[26.360384,44.782504,0.0],[26.35928,44.782554,0.0],[26.358007,44.782466,0.0],[26.357139,44.782345,0.0],[26.35669,44.782219,0.0],[26.356493,44.782164,0.0],[26.355994,44.782024,0.0],[26.355662,44.781879,0.0],[26.355428,44.781773,0.0],[26.353966,44.781116,0.0],[26.351898,44.779978,0.0],[26.351632,44.779862,0.0],[26.350623,44.779338,0.0],[26.349369,44.778658,0.0],[26.348979,44.778446,0.0],[26.347789,44.77803,0.0],[26.346763,44.777823,0.0],[26.346139,44.777835,0.0],[26.34568,44.777929,0.0],[26.346236,44.778564,0.0],[26.346717,44.779154,0.0],[26.347108,44.779609,0.0],[26.347522,44.780107,0.0],[26.349207,44.78089,0.0],[26.349687,44.781384,0.0],[26.349945,44.781648,0.0],[26.350047,44.782303,0.0],[26.349942,44.783619,0.0],[26.349999,44.784256,0.0],[26.344095,44.782894,0.0],[26.34413,44.782974,0.0],[26.344251,44.783738,0.0],[26.344085,44.784635,0.0],[26.34381,44.785127,0.0],[26.343573,44.785527,0.0],[26.343351,44.785973,0.0],[26.342826,44.787186,0.0],[26.342676,44.787804,0.0],[26.342562,44.788616,0.0],[26.342483,44.789953,0.0],[26.342571,44.790871,0.0],[26.342528,44.791159,0.0],[26.342485,44.791301,0.0],[26.342195,44.791921,0.0],[26.341336,44.79294,0.0],[26.34092,44.793291,0.0],[26.340392,44.793446,0.0],[26.339053,44.793577,0.0],[26.338118,44.793478,0.0],[26.337494,44.793307,0.0],[26.337079,44.793021,0.0],[26.336662,44.792669,0.0],[26.336272,44.79213,0.0],[26.336085,44.791721,0.0],[26.336012,44.790259,0.0],[26.335973,44.789567,0.0],[26.335825,44.788856,0.0],[26.335903,44.788547,0.0],[26.336139,44.788058,0.0],[26.336555,44.787367,0.0],[26.337274,44.786458,0.0],[26.337366,44.786101,0.0],[26.33724,44.785668,0.0],[26.336997,44.785306,0.0],[26.336527,44.785005,0.0],[26.33583,44.784859,0.0],[26.335119,44.784813,0.0],[26.334053,44.784917,0.0],[26.332901,44.78519,0.0],[26.331649,44.785472,0.0],[26.330803,44.785637,0.0],[26.330173,44.78568,0.0],[26.329917,44.785643,0.0],[26.32972,44.785569,0.0],[26.329512,44.78546,0.0],[26.32865,44.784893,0.0],[26.327257,44.784084,0.0],[26.326534,44.783948,0.0],[26.325781,44.784004,0.0],[26.324972,44.784253,0.0],[26.324262,44.78457,0.0],[26.323635,44.785,0.0],[26.323203,44.785471,0.0],[26.323093,44.786059,0.0],[26.323239,44.786631,0.0],[26.323553,44.787039,0.0],[26.324018,44.78747,0.0],[26.324894,44.788041,0.0],[26.325157,44.788246,0.0],[26.325517,44.788443,0.0],[26.326045,44.788638,0.0],[26.327059,44.788955,0.0],[26.328322,44.78915,0.0],[26.329313,44.789407,0.0],[26.32958,44.78959,0.0],[26.329846,44.789774,0.0],[26.32994,44.790034,0.0],[26.330035,44.790295,0.0],[26.330051,44.790538,0.0],[26.32993,44.790692,0.0],[26.329425,44.79072,0.0],[26.329282,44.790746,0.0],[26.329139,44.790773,0.0],[26.328686,44.790854,0.0],[26.328652,44.790861,0.0],[26.328527,44.79091,0.0],[26.328185,44.790952,0.0],[26.327842,44.790994,0.0],[26.32743,44.791044,0.0],[26.327156,44.791077,0.0],[26.327059,44.791083,0.0],[26.326022,44.791149,0.0],[26.325799,44.791163,0.0],[26.325699,44.791164,0.0],[26.32448,44.791179,0.0],[26.324231,44.791222,0.0],[26.323937,44.791273,0.0],[26.323534,44.791197,0.0],[26.32343,44.79097,0.0],[26.323213,44.790668,0.0],[26.323085,44.790438,0.0],[26.322928,44.790158,0.0],[26.32278,44.789883,0.0],[26.321156,44.78686,0.0],[26.321127,44.78676,0.0],[26.321091,44.786632,0.0],[26.320866,44.786153,0.0],[26.320642,44.785674,0.0],[26.320279,44.785021,0.0],[26.319566,44.7837,0.0],[26.319396,44.783377,0.0],[26.319415,44.783371,0.0],[26.318375,44.78149,0.0],[26.318346,44.781495,0.0],[26.318309,44.78144,0.0],[26.318302,44.781415,0.0],[26.316966,44.7789,0.0],[26.316148,44.777358,0.0],[26.31532,44.777627,0.0],[26.314999,44.777251,0.0],[26.312168,44.773928,0.0],[26.312016,44.773756,0.0],[26.308325,44.775244,0.0],[26.305201,44.771415,0.0],[26.30535,44.771351,0.0],[26.30485,44.770804,0.0],[26.303688,44.769536,0.0],[26.303463,44.76929,0.0],[26.303345,44.769162,0.0],[26.303283,44.769212,0.0],[26.30326,44.769146,0.0],[26.303238,44.76908,0.0],[26.303217,44.768976,0.0],[26.303182,44.768793,0.0],[26.303143,44.768588,0.0],[26.303097,44.768282,0.0],[26.303096,44.76828,0.0],[26.303096,44.768278,0.0],[26.303096,44.768276,0.0],[26.303095,44.768275,0.0],[26.303095,44.768272,0.0],[26.303095,44.76827,0.0],[26.303094,44.768268,0.0],[26.303092,44.768255,0.0],[26.303092,44.768252,0.0],[26.303091,44.768246,0.0],[26.303086,44.76822,0.0],[26.303086,44.768218,0.0],[26.303085,44.768215,0.0],[26.303085,44.768213,0.0],[26.303085,44.768211,0.0],[26.303084,44.768208,0.0],[26.303084,44.768205,0.0],[26.303083,44.768204,0.0],[26.303083,44.768201,0.0],[26.303083,44.768198,0.0],[26.303082,44.768196,0.0],[26.303082,44.768195,0.0],[26.303082,44.768193,0.0],[26.303081,44.768191,0.0],[26.303081,44.76819,0.0],[26.303081,44.768189,0.0],[26.303081,44.768189,0.0],[26.303081,44.768187,0.0],[26.30308,44.768185,0.0],[26.30308,44.768182,0.0],[26.30308,44.768181,0.0],[26.30308,44.76818,0.0],[26.303079,44.76818,0.0],[26.303079,44.768178,0.0],[26.303079,44.768177,0.0],[26.303079,44.768176,0.0],[26.303079,44.768175,0.0],[26.303078,44.768172,0.0],[26.303077,44.768168,0.0],[26.303076,44.768162,0.0],[26.303075,44.768154,0.0],[26.303073,44.768141,0.0],[26.303072,44.768134,0.0],[26.30307,44.768126,0.0],[26.30307,44.768122,0.0],[26.303069,44.768119,0.0],[26.303066,44.7681,0.0],[26.303063,44.768083,0.0],[26.303059,44.768061,0.0],[26.303057,44.76805,0.0],[26.303053,44.768023,0.0],[26.303044,44.767968,0.0],[26.303036,44.767923,0.0],[26.303029,44.767882,0.0],[26.303021,44.767835,0.0],[26.30301,44.767768,0.0],[26.303,44.767712,0.0],[26.302993,44.767668,0.0],[26.302988,44.767637,0.0],[26.302979,44.767586,0.0],[26.302961,44.767479,0.0],[26.302953,44.767435,0.0],[26.302944,44.767377,0.0],[26.302931,44.767304,0.0],[26.302927,44.767278,0.0],[26.30292,44.76724,0.0],[26.302918,44.767225,0.0],[26.302916,44.767214,0.0],[26.302914,44.767203,0.0],[26.302913,44.767193,0.0],[26.302911,44.767184,0.0],[26.302909,44.767174,0.0],[26.302908,44.767166,0.0],[26.302907,44.767163,0.0],[26.302905,44.76715,0.0],[26.302903,44.767137,0.0],[26.302899,44.767112,0.0],[26.302895,44.767089,0.0],[26.302892,44.767075,0.0],[26.30281,44.767,0.0],[26.302661,44.766955,0.0],[26.30208,44.766961,0.0],[26.301106,44.767053,0.0],[26.299878,44.76714,0.0],[26.299049,44.767202,0.0],[26.298998,44.767203,0.0],[26.298581,44.767238,0.0],[26.29494,44.767551,0.0],[26.294897,44.767549,0.0],[26.29045,44.76794,0.0],[26.28804,44.768151,0.0],[26.287898,44.768228,0.0],[26.284287,44.768504,0.0],[26.275342,44.769187,0.0],[26.275321,44.76888,0.0],[26.275306,44.768651,0.0],[26.27529,44.768412,0.0],[26.275278,44.768242,0.0],[26.275274,44.768179,0.0],[26.27525,44.768045,0.0],[26.275207,44.767799,0.0],[26.275161,44.767558,0.0],[26.275113,44.7673,0.0],[26.275086,44.767119,0.0],[26.275047,44.766941,0.0],[26.27501,44.766696,0.0],[26.274975,44.766496,0.0],[26.274898,44.766457,0.0],[26.274888,44.76639,0.0],[26.274868,44.766248,0.0],[26.274808,44.765825,0.0],[26.274788,44.765685,0.0],[26.274753,44.765437,0.0],[26.274734,44.765297,0.0],[26.274714,44.765157,0.0],[26.274704,44.765087,0.0],[26.274688,44.764977,0.0],[26.274649,44.764697,0.0],[26.274609,44.764418,0.0],[26.27457,44.764141,0.0],[26.27452,44.763784,0.0],[26.27449,44.763575,0.0],[26.274477,44.763483,0.0],[26.274423,44.763099,0.0],[26.274368,44.762709,0.0],[26.274364,44.762681,0.0],[26.274355,44.76262,0.0],[26.274316,44.762342,0.0],[26.274196,44.761496,0.0],[26.274175,44.761345,0.0],[26.274127,44.761007,0.0],[26.274108,44.760869,0.0],[26.274098,44.760796,0.0],[26.274078,44.760658,0.0],[26.274008,44.760163,0.0],[26.273989,44.760025,0.0],[26.273966,44.759862,0.0],[26.273893,44.759349,0.0],[26.273854,44.759074,0.0],[26.273838,44.758959,0.0],[26.273828,44.75889,0.0],[26.273803,44.758728,0.0],[26.273786,44.75859,0.0],[26.273747,44.758314,0.0],[26.273727,44.758171,0.0],[26.273707,44.758034,0.0],[26.273688,44.757896,0.0],[26.273683,44.757863,0.0],[26.273668,44.757759,0.0],[26.273649,44.757621,0.0],[26.273633,44.757507,0.0],[26.273594,44.757232,0.0],[26.273575,44.757094,0.0],[26.273536,44.756819,0.0],[26.273516,44.756682,0.0],[26.273487,44.756475,0.0],[26.273462,44.756301,0.0],[26.273296,44.75628,0.0],[26.273107,44.756294,0.0],[26.272607,44.756334,0.0],[26.2717,44.756406,0.0],[26.271029,44.756459,0.0],[26.270102,44.756532,0.0],[26.26897,44.756622,0.0],[26.268545,44.756656,0.0],[26.268152,44.756687,0.0],[26.268067,44.756694,0.0],[26.267969,44.756702,0.0],[26.267956,44.756703,0.0],[26.267799,44.756715,0.0],[26.26726,44.756755,0.0],[26.267131,44.756765,0.0],[26.267001,44.756775,0.0],[26.266655,44.756803,0.0],[26.266527,44.756813,0.0],[26.266358,44.756824,0.0],[26.265984,44.756852,0.0],[26.265926,44.756856,0.0],[26.265729,44.756871,0.0],[26.26556,44.756884,0.0],[26.265514,44.756889,0.0],[26.265457,44.756894,0.0],[26.265351,44.7569,0.0],[26.265281,44.756905,0.0],[26.265262,44.756908,0.0],[26.265093,44.756921,0.0],[26.265005,44.756928,0.0],[26.264885,44.756936,0.0],[26.264753,44.756946,0.0],[26.264564,44.75696,0.0],[26.264448,44.756968,0.0],[26.264313,44.756979,0.0],[26.264016,44.757001,0.0],[26.263863,44.757013,0.0],[26.263722,44.757024,0.0],[26.262243,44.75714,0.0],[26.261872,44.757169,0.0],[26.261741,44.757179,0.0],[26.261246,44.757215,0.0],[26.260036,44.757302,0.0],[26.259817,44.757318,0.0],[26.259675,44.757328,0.0],[26.259532,44.757339,0.0],[26.259482,44.757013,0.0],[26.259006,44.753945,0.0],[26.25896,44.75365,0.0],[26.259041,44.75355,0.0],[26.259031,44.753483,0.0],[26.259025,44.753447,0.0],[26.259019,44.753407,0.0],[26.258999,44.753274,0.0],[26.258938,44.752871,0.0],[26.258846,44.752259,0.0],[26.258734,44.751519,0.0],[26.258698,44.751285,0.0],[26.258683,44.751186,0.0],[26.258617,44.750749,0.0],[26.25859,44.750571,0.0],[26.258544,44.750266,0.0],[26.258515,44.750071,0.0],[26.258504,44.750001,0.0],[26.258462,44.749721,0.0],[26.258417,44.749426,0.0],[26.258382,44.749194,0.0],[26.258336,44.748891,0.0],[26.258322,44.748792,0.0],[26.258291,44.748593,0.0],[26.25825,44.748322,0.0],[26.258259,44.748322,0.0],[26.258258,44.748318,0.0],[26.258246,44.748241,0.0],[26.258234,44.74816,0.0],[26.258219,44.748055,0.0],[26.258215,44.748009,0.0],[26.25821,44.747954,0.0],[26.258202,44.747868,0.0],[26.258179,44.747621,0.0],[26.258174,44.747561,0.0],[26.258171,44.747529,0.0],[26.257923,44.744846,0.0],[26.257913,44.744847,0.0],[26.25785,44.744827,0.0],[26.257849,44.744822,0.0],[26.257843,44.74478,0.0],[26.25784,44.744761,0.0],[26.257762,44.744251,0.0],[26.257769,44.743922,0.0],[26.257775,44.743594,0.0],[26.257796,44.742581,0.0],[26.257726,44.742539,0.0],[26.257383,44.742333,0.0],[26.257234,44.742245,0.0],[26.257098,44.742165,0.0],[26.255666,44.741316,0.0],[26.255367,44.74114,0.0],[26.254063,44.740462,0.0],[26.251901,44.739338,0.0],[26.250386,44.738551,0.0],[26.249967,44.738376,0.0],[26.249848,44.738309,0.0],[26.249819,44.738336,0.0],[26.249776,44.738436,0.0],[26.249536,44.738604,0.0],[26.249456,44.738657,0.0],[26.249006,44.738766,0.0],[26.248623,44.738783,0.0],[26.248036,44.738818,0.0],[26.247577,44.738925,0.0],[26.247278,44.738992,0.0],[26.24698,44.739058,0.0],[26.246271,44.739288,0.0],[26.245139,44.739716,0.0],[26.244717,44.739805,0.0],[26.244189,44.739669,0.0],[26.24356,44.739367,0.0],[26.242815,44.739157,0.0],[26.242304,44.739134,0.0],[26.241884,44.739224,0.0],[26.241763,44.739386,0.0],[26.241577,44.739674,0.0],[26.241488,44.739969,0.0],[26.241475,44.740183,0.0],[26.241431,44.740747,0.0],[26.241722,44.741377,0.0],[26.241791,44.741757,0.0],[26.241765,44.742061,0.0],[26.241662,44.742483,0.0],[26.241218,44.743411,0.0],[26.240685,44.743877,0.0],[26.240145,44.744178,0.0],[26.238635,44.744879,0.0],[26.237076,44.745428,0.0],[26.236644,44.745545,0.0],[26.236211,44.745663,0.0],[26.235499,44.745703,0.0],[26.234627,44.745577,0.0],[26.234082,44.745462,0.0],[26.233761,44.745366,0.0],[26.233249,44.745093,0.0],[26.232942,44.745016,0.0],[26.232631,44.745023,0.0],[26.23226,44.74515,0.0],[26.232011,44.745306,0.0],[26.231712,44.745567,0.0],[26.231575,44.745774,0.0],[26.231415,44.746108,0.0],[26.231206,44.746569,0.0],[26.230798,44.747037,0.0],[26.23035,44.747255,0.0],[26.229718,44.747357,0.0],[26.227593,44.747322,0.0],[26.227168,44.747372,0.0],[26.226742,44.747423,0.0],[26.226192,44.747478,0.0],[26.225662,44.747606,0.0],[26.225166,44.747735,0.0],[26.224448,44.747702,0.0],[26.223984,44.747556,0.0],[26.223692,44.747549,0.0],[26.223061,44.747624,0.0],[26.222735,44.747733,0.0],[26.22241,44.748099,0.0],[26.222181,44.748516,0.0],[26.221933,44.749067,0.0],[26.221691,44.749388,0.0],[26.221468,44.749561,0.0],[26.220859,44.749848,0.0],[26.220256,44.74988,0.0],[26.219321,44.749856,0.0],[26.218778,44.74981,0.0],[26.218185,44.749848,0.0],[26.217616,44.749923,0.0],[26.216449,44.750081,0.0],[26.215552,44.750228,0.0],[26.214696,44.750309,0.0],[26.21397,44.75036,0.0],[26.213629,44.750385,0.0],[26.212797,44.750317,0.0],[26.211985,44.750275,0.0],[26.210826,44.750135,0.0],[26.210269,44.750078,0.0],[26.209643,44.750073,0.0],[26.209044,44.750086,0.0],[26.208445,44.750098,0.0],[26.206533,44.750308,0.0],[26.206248,44.750324,0.0],[26.205421,44.750372,0.0],[26.204937,44.750546,0.0],[26.204471,44.750833,0.0],[26.204399,44.750878,0.0],[26.203829,44.751268,0.0],[26.203666,44.751379,0.0],[26.203487,44.751425,0.0],[26.203106,44.751524,0.0],[26.202525,44.751664,0.0],[26.201595,44.751637,0.0],[26.201347,44.75163,0.0],[26.201068,44.751573,0.0],[26.20079,44.751515,0.0],[26.200468,44.751521,0.0],[26.200179,44.751527,0.0],[26.19983,44.751534,0.0],[26.199457,44.75161,0.0],[26.199084,44.751687,0.0],[26.197905,44.751755,0.0],[26.196913,44.751548,0.0],[26.195826,44.751463,0.0],[26.195462,44.751574,0.0],[26.195176,44.751686,0.0],[26.19489,44.751799,0.0],[26.194531,44.751955,0.0],[26.192513,44.752807,0.0],[26.192032,44.753252,0.0],[26.191071,44.753862,0.0],[26.190671,44.754225,0.0],[26.190458,44.755134,0.0],[26.190045,44.755645,0.0],[26.189429,44.756163,0.0],[26.188287,44.757025,0.0],[26.187745,44.757309,0.0],[26.187242,44.7576,0.0],[26.186528,44.757858,0.0],[26.18596,44.757995,0.0],[26.185393,44.758131,0.0],[26.185093,44.75811,0.0],[26.184587,44.757962,0.0],[26.183978,44.757799,0.0],[26.183388,44.75769,0.0],[26.182799,44.75758,0.0],[26.182006,44.757417,0.0],[26.181458,44.75729,0.0],[26.180611,44.757043,0.0],[26.179887,44.756779,0.0],[26.179347,44.756497,0.0],[26.179022,44.756256,0.0],[26.17891,44.755987,0.0],[26.178993,44.755644,0.0],[26.179225,44.755388,0.0],[26.17989,44.755014,0.0],[26.180198,44.754993,0.0],[26.180505,44.754972,0.0],[26.181329,44.754899,0.0],[26.181793,44.754624,0.0],[26.182256,44.754031,0.0],[26.182462,44.753342,0.0],[26.182403,44.752958,0.0],[26.182306,44.752383,0.0],[26.182067,44.751741,0.0],[26.181997,44.751371,0.0],[26.181874,44.751171,0.0],[26.181534,44.751102,0.0],[26.179903,44.751264,0.0],[26.179189,44.751175,0.0],[26.17858,44.75098,0.0],[26.178272,44.750838,0.0],[26.177794,44.750658,0.0],[26.177376,44.750404,0.0],[26.176866,44.750047,0.0],[26.176424,44.749758,0.0],[26.175972,44.749476,0.0],[26.175439,44.749329,0.0],[26.174979,44.749293,0.0],[26.174488,44.749319,0.0],[26.174014,44.749392,0.0],[26.173741,44.749588,0.0],[26.17334,44.749838,0.0],[26.173112,44.750324,0.0],[26.173084,44.750911,0.0],[26.172901,44.751615,0.0],[26.172393,44.752216,0.0],[26.171586,44.752668,0.0],[26.171059,44.752885,0.0],[26.170355,44.75314,0.0],[26.169454,44.753326,0.0],[26.168655,44.753246,0.0],[26.167915,44.752996,0.0],[26.167295,44.752797,0.0],[26.166437,44.752604,0.0],[26.165687,44.752652,0.0],[26.165022,44.752772,0.0],[26.164511,44.752967,0.0],[26.164304,44.753306,0.0],[26.164209,44.753671,0.0],[26.164074,44.754546,0.0],[26.163928,44.75502,0.0],[26.163636,44.755533,0.0],[26.163352,44.755858,0.0],[26.16324,44.755963,0.0],[26.162854,44.756234,0.0],[26.16227,44.756466,0.0],[26.161701,44.756528,0.0],[26.161127,44.756397,0.0],[26.160692,44.756148,0.0],[26.159848,44.75575,0.0],[26.15877,44.755596,0.0],[26.158054,44.755584,0.0],[26.157498,44.755603,0.0],[26.157115,44.755711,0.0],[26.156704,44.756008,0.0],[26.156509,44.756515,0.0],[26.156404,44.756836,0.0],[26.156108,44.757303,0.0],[26.155988,44.757493,0.0],[26.155886,44.75769,0.0],[26.155775,44.757842,0.0],[26.155664,44.757994,0.0],[26.155349,44.758316,0.0],[26.155001,44.758626,0.0],[26.154473,44.758926,0.0],[26.153905,44.759065,0.0],[26.153273,44.759075,0.0],[26.152818,44.758985,0.0],[26.15251,44.758941,0.0],[26.152202,44.758898,0.0],[26.151485,44.758792,0.0],[26.150575,44.758518,0.0],[26.149425,44.758114,0.0],[26.148592,44.757755,0.0],[26.148107,44.757478,0.0],[26.14779,44.75724,0.0],[26.147167,44.756734,0.0],[26.146544,44.756227,0.0],[26.145995,44.756037,0.0],[26.145426,44.75605,0.0],[26.144468,44.75618,0.0],[26.143452,44.756529,0.0],[26.143304,44.756702,0.0],[26.143414,44.757278,0.0],[26.143514,44.757652,0.0],[26.14342,44.758362,0.0],[26.143169,44.758776,0.0],[26.142823,44.759045,0.0],[26.142394,44.759343,0.0],[26.142159,44.759454,0.0],[26.141748,44.759563,0.0],[26.141525,44.7596,0.0],[26.141324,44.75964,0.0],[26.140676,44.75965,0.0],[26.140305,44.759567,0.0],[26.140033,44.759425,0.0],[26.13957,44.758985,0.0],[26.139441,44.758773,0.0],[26.139359,44.758385,0.0],[26.139242,44.757689,0.0],[26.139258,44.757512,0.0],[26.139313,44.757207,0.0],[26.139345,44.756903,0.0],[26.139304,44.756675,0.0],[26.139264,44.756448,0.0],[26.139297,44.756202,0.0],[26.13933,44.755955,0.0],[26.139355,44.755721,0.0],[26.139458,44.755419,0.0],[26.139685,44.755204,0.0],[26.139862,44.755116,0.0],[26.14004,44.755029,0.0],[26.140426,44.754931,0.0],[26.140885,44.754816,0.0],[26.141344,44.754701,0.0],[26.142012,44.754659,0.0],[26.142645,44.754693,0.0],[26.143376,44.754645,0.0],[26.143827,44.754485,0.0],[26.143978,44.754432,0.0],[26.144066,44.754371,0.0],[26.144333,44.754186,0.0],[26.144333,44.754185,0.0],[26.14433,44.754149,0.0],[26.144324,44.754093,0.0],[26.144313,44.753989,0.0],[26.144312,44.753981,0.0],[26.144319,44.753757,0.0],[26.144323,44.753597,0.0],[26.144236,44.753481,0.0],[26.144148,44.753366,0.0],[26.143833,44.753137,0.0],[26.143498,44.753005,0.0],[26.143122,44.752988,0.0],[26.142911,44.753008,0.0],[26.142699,44.753028,0.0],[26.142106,44.753069,0.0],[26.141865,44.753059,0.0],[26.141624,44.753049,0.0],[26.141291,44.752982,0.0],[26.140814,44.752855,0.0],[26.14038,44.752683,0.0],[26.139891,44.752388,0.0],[26.13914,44.751807,0.0],[26.138467,44.751355,0.0],[26.138247,44.751143,0.0],[26.138027,44.750931,0.0],[26.137556,44.750725,0.0],[26.13613,44.750462,0.0],[26.134924,44.750303,0.0],[26.134038,44.750136,0.0],[26.133535,44.750223,0.0],[26.133276,44.750262,0.0],[26.132949,44.750325,0.0],[26.132554,44.750419,0.0],[26.132374,44.750473,0.0],[26.132213,44.750502,0.0],[26.131839,44.750583,0.0],[26.131338,44.750679,0.0],[26.130759,44.75076,0.0],[26.129938,44.750891,0.0],[26.129555,44.750965,0.0],[26.129068,44.751024,0.0],[26.128512,44.751109,0.0],[26.128042,44.751175,0.0],[26.12768,44.751228,0.0],[26.12726,44.751296,0.0],[26.126991,44.751331,0.0],[26.126686,44.751411,0.0],[26.126476,44.751466,0.0],[26.12617,44.751578,0.0],[26.125832,44.751633,0.0],[26.124985,44.751799,0.0],[26.124323,44.751934,0.0],[26.123859,44.752021,0.0],[26.123554,44.752084,0.0],[26.123007,44.752233,0.0],[26.122789,44.752289,0.0],[26.122686,44.752309,0.0],[26.122551,44.752339,0.0],[26.122416,44.752389,0.0],[26.122296,44.752447,0.0],[26.122119,44.752524,0.0],[26.122063,44.752575,0.0],[26.12165,44.75269,0.0],[26.12088,44.75291,0.0],[26.12047,44.753035,0.0],[26.120246,44.753094,0.0],[26.118219,44.753722,0.0],[26.117163,44.753957,0.0],[26.117148,44.753961,0.0],[26.116825,44.754075,0.0],[26.11669,44.754112,0.0],[26.116355,44.754216,0.0],[26.115848,44.754366,0.0],[26.115513,44.754436,0.0],[26.11527,44.754503,0.0],[26.115074,44.754547,0.0],[26.114918,44.754573,0.0],[26.114741,44.754615,0.0],[26.114612,44.754639,0.0],[26.114494,44.754658,0.0],[26.114343,44.754669,0.0],[26.114276,44.754679,0.0],[26.114177,44.754794,0.0],[26.113567,44.755495,0.0],[26.113059,44.756079,0.0],[26.112926,44.756248,0.0],[26.112594,44.756623,0.0],[26.112168,44.757122,0.0],[26.111433,44.757961,0.0],[26.110508,44.759025,0.0],[26.110244,44.759329,0.0],[26.110093,44.759512,0.0],[26.109227,44.760531,0.0],[26.108735,44.761111,0.0],[26.108373,44.761531,0.0],[26.108157,44.761772,0.0],[26.107963,44.761996,0.0],[26.106864,44.76329,0.0],[26.106527,44.763687,0.0],[26.10564,44.764742,0.0],[26.105307,44.764964,0.0],[26.105269,44.765106,0.0],[26.105191,44.765412,0.0],[26.105113,44.765718,0.0],[26.104782,44.765709,0.0],[26.104717,44.765709,0.0],[26.104717,44.765709,0.0],[26.104686,44.765713,0.0],[26.104676,44.765743,0.0],[26.104673,44.765745,0.0],[26.104557,44.76587,0.0],[26.104462,44.76598,0.0],[26.10445,44.76601,0.0],[26.104418,44.766118,0.0],[26.104399,44.766152,0.0],[26.104346,44.766243,0.0],[26.104179,44.766439,0.0],[26.104096,44.766523,0.0],[26.104013,44.766607,0.0],[26.103697,44.766879,0.0],[26.103668,44.766919,0.0],[26.103548,44.767085,0.0],[26.103523,44.76712,0.0],[26.103455,44.767198,0.0],[26.10344,44.76722,0.0],[26.103397,44.767189,0.0],[26.103353,44.767158,0.0],[26.10329,44.767113,0.0],[26.103227,44.767067,0.0],[26.103181,44.766994,0.0],[26.103135,44.76692,0.0],[26.103053,44.766696,0.0],[26.102969,44.766462,0.0],[26.102905,44.76629,0.0],[26.102756,44.766064,0.0],[26.102527,44.76575,0.0],[26.10239,44.765361,0.0],[26.102346,44.765236,0.0],[26.102755,44.765155,0.0],[26.102048,44.764422,0.0],[26.101765,44.764135,0.0],[26.101491,44.763846,0.0],[26.101001,44.763364,0.0],[26.100531,44.762878,0.0],[26.100392,44.762685,0.0],[26.099727,44.762742,0.0],[26.099622,44.762779,0.0],[26.099529,44.762814,0.0],[26.099361,44.762878,0.0],[26.099209,44.762934,0.0],[26.098998,44.763013,0.0],[26.098864,44.763063,0.0],[26.098677,44.763132,0.0],[26.098658,44.763196,0.0],[26.098572,44.763163,0.0],[26.098098,44.763034,0.0],[26.097216,44.76274,0.0],[26.095864,44.762283,0.0],[26.094182,44.761722,0.0],[26.092113,44.761037,0.0],[26.091107,44.760712,0.0],[26.090308,44.760516,0.0],[26.090423,44.760244,0.0],[26.090571,44.759949,0.0],[26.090733,44.759631,0.0],[26.091583,44.757966,0.0],[26.09227,44.756577,0.0],[26.092954,44.755247,0.0],[26.093508,44.754194,0.0],[26.094257,44.752726,0.0],[26.094738,44.751784,0.0],[26.095583,44.750116,0.0],[26.095906,44.749427,0.0],[26.096078,44.749049,0.0],[26.096145,44.748855,0.0],[26.096183,44.748735,0.0],[26.096254,44.748656,0.0],[26.096316,44.748515,0.0],[26.096508,44.748224,0.0],[26.097635,44.745869,0.0],[26.098023,44.745002,0.0],[26.098652,44.74373,0.0],[26.098658,44.743712,0.0],[26.098824,44.743382,0.0],[26.099057,44.742892,0.0],[26.099359,44.74254,0.0],[26.099946,44.74198,0.0],[26.100194,44.741552,0.0],[26.100314,44.740695,0.0],[26.100436,44.740162,0.0],[26.099032,44.74072,0.0],[26.098,44.741038,0.0],[26.097627,44.741278,0.0],[26.09683,44.741564,0.0],[26.095746,44.741614,0.0],[26.094804,44.741544,0.0],[26.094047,44.741475,0.0],[26.093358,44.741469,0.0],[26.091863,44.74149,0.0],[26.08953,44.741093,0.0],[26.088116,44.741344,0.0],[26.08711,44.741731,0.0],[26.0868,44.742105,0.0],[26.086766,44.743423,0.0],[26.086393,44.744644,0.0],[26.086145,44.745248,0.0],[26.085447,44.745859,0.0],[26.08511,44.746196,0.0],[26.084762,44.746326,0.0],[26.084299,44.746232,0.0],[26.083561,44.745963,0.0],[26.082653,44.745503,0.0],[26.081133,44.744698,0.0],[26.080357,44.744619,0.0],[26.079743,44.744767,0.0],[26.079254,44.745112,0.0],[26.078851,44.745387,0.0],[26.078476,44.746197,0.0],[26.077939,44.747683,0.0],[26.077828,44.747989,0.0],[26.077754,44.748224,0.0],[26.077544,44.748893,0.0],[26.077104,44.749427,0.0],[26.077053,44.749489,0.0],[26.076881,44.749668,0.0],[26.076018,44.750417,0.0],[26.075799,44.750611,0.0],[26.075309,44.750976,0.0],[26.074429,44.751239,0.0],[26.073728,44.751447,0.0],[26.072548,44.751629,0.0],[26.07173,44.751618,0.0],[26.071024,44.751511,0.0],[26.070438,44.751282,0.0],[26.070194,44.751109,0.0],[26.069763,44.750859,0.0],[26.068946,44.750678,0.0],[26.068095,44.750349,0.0],[26.066806,44.750093,0.0],[26.065403,44.749955,0.0],[26.064674,44.749909,0.0],[26.064154,44.74987,0.0],[26.063365,44.74961,0.0],[26.062939,44.749269,0.0],[26.062673,44.748687,0.0],[26.062872,44.748159,0.0],[26.063336,44.747659,0.0],[26.064115,44.746915,0.0],[26.064628,44.746144,0.0],[26.06476,44.745796,0.0],[26.064885,44.744975,0.0],[26.064944,44.744458,0.0],[26.064809,44.742965,0.0],[26.064287,44.741907,0.0],[26.063754,44.741191,0.0],[26.063555,44.740929,0.0],[26.06313,44.740549,0.0],[26.062274,44.739896,0.0],[26.061674,44.739519,0.0],[26.060139,44.739022,0.0],[26.059574,44.738839,0.0],[26.058718,44.738631,0.0],[26.057453,44.738454,0.0],[26.056373,44.738703,0.0],[26.055861,44.739091,0.0],[26.055485,44.739339,0.0],[26.054849,44.739536,0.0],[26.054113,44.739578,0.0],[26.052976,44.739441,0.0],[26.052452,44.739294,0.0],[26.05202,44.738988,0.0],[26.051926,44.738379,0.0],[26.051962,44.73801,0.0],[26.052133,44.737701,0.0],[26.052225,44.737413,0.0],[26.052275,44.737128,0.0],[26.052383,44.736804,0.0],[26.052991,44.736239,0.0],[26.053419,44.735789,0.0],[26.053461,44.735487,0.0],[26.053012,44.735042,0.0],[26.052201,44.734484,0.0],[26.05161,44.734264,0.0],[26.050934,44.73423,0.0],[26.050285,44.734277,0.0],[26.049643,44.734422,0.0],[26.0491,44.734733,0.0],[26.048773,44.734969,0.0],[26.048512,44.735378,0.0],[26.048444,44.736275,0.0],[26.048505,44.736836,0.0],[26.04869,44.737535,0.0],[26.049077,44.738676,0.0],[26.049227,44.738904,0.0],[26.049343,44.739038,0.0],[26.049945,44.739278,0.0],[26.050958,44.739626,0.0],[26.05127,44.739963,0.0],[26.051293,44.740465,0.0],[26.051252,44.740733,0.0],[26.051104,44.741528,0.0],[26.050988,44.742051,0.0],[26.050793,44.742548,0.0],[26.050319,44.742705,0.0],[26.04982,44.742541,0.0],[26.049135,44.742138,0.0],[26.048396,44.742099,0.0],[26.047512,44.742173,0.0],[26.046838,44.742317,0.0],[26.046508,44.742512,0.0],[26.046226,44.742806,0.0],[26.046024,44.743181,0.0],[26.045742,44.743709,0.0],[26.045442,44.744199,0.0],[26.045059,44.744532,0.0],[26.044562,44.744599,0.0],[26.044068,44.744486,0.0],[26.043602,44.744246,0.0],[26.043432,44.744163,0.0],[26.042862,44.743885,0.0],[26.04224,44.743581,0.0],[26.041945,44.743527,0.0],[26.041849,44.74351,0.0],[26.040839,44.743197,0.0],[26.040604,44.743124,0.0],[26.040428,44.743081,0.0],[26.039638,44.742886,0.0],[26.038643,44.742607,0.0],[26.038172,44.742474,0.0],[26.03779,44.742188,0.0],[26.037629,44.742068,0.0],[26.037252,44.741614,0.0],[26.036717,44.741251,0.0],[26.036227,44.741139,0.0],[26.036004,44.741088,0.0],[26.035433,44.741165,0.0],[26.03491,44.741385,0.0],[26.034361,44.74167,0.0],[26.033767,44.742188,0.0],[26.033445,44.742423,0.0],[26.032893,44.742827,0.0],[26.032284,44.743214,0.0],[26.031746,44.743464,0.0],[26.031361,44.743643,0.0],[26.030693,44.7439,0.0],[26.029993,44.744117,0.0],[26.029564,44.744228,0.0],[26.028886,44.744405,0.0],[26.028323,44.744558,0.0],[26.027811,44.744737,0.0],[26.027094,44.744833,0.0],[26.026719,44.744884,0.0],[26.026265,44.744945,0.0],[26.025829,44.745004,0.0],[26.025646,44.745029,0.0],[26.025243,44.745015,0.0],[26.024796,44.744867,0.0],[26.024516,44.744664,0.0],[26.024122,44.744099,0.0],[26.023889,44.743853,0.0],[26.023751,44.743708,0.0],[26.022708,44.743386,0.0],[26.022323,44.743277,0.0],[26.021969,44.743177,0.0],[26.02137,44.742916,0.0],[26.020705,44.742642,0.0],[26.020106,44.74233,0.0],[26.019882,44.742268,0.0],[26.019569,44.742182,0.0],[26.018797,44.742221,0.0],[26.017638,44.742257,0.0],[26.016563,44.742398,0.0],[26.015763,44.74266,0.0],[26.014481,44.743375,0.0],[26.013712,44.74361,0.0],[26.013212,44.743767,0.0],[26.012698,44.743857,0.0],[26.012591,44.743824,0.0],[26.012268,44.743726,0.0],[26.01199,44.743263,0.0],[26.012,44.742627,0.0],[26.011848,44.74232,0.0],[26.011831,44.74221,0.0],[26.011786,44.741932,0.0],[26.01188,44.741656,0.0],[26.011941,44.741212,0.0],[26.011502,44.740553,0.0],[26.011382,44.740419,0.0],[26.011175,44.740188,0.0],[26.01089,44.739972,0.0],[26.010339,44.739614,0.0],[26.00968,44.739185,0.0],[26.009096,44.738832,0.0],[26.008275,44.738609,0.0],[26.007285,44.73844,0.0],[26.00643,44.738054,0.0],[26.006048,44.737628,0.0],[26.005818,44.737186,0.0],[26.005557,44.736877,0.0],[26.005349,44.73663,0.0],[26.004917,44.736226,0.0],[26.004742,44.736062,0.0],[26.004493,44.735943,0.0],[26.003881,44.735653,0.0],[26.003351,44.735535,0.0],[26.002814,44.735416,0.0],[26.002454,44.735417,0.0],[26.001972,44.735419,0.0],[26.001684,44.735548,0.0],[26.001523,44.73562,0.0],[26.001516,44.735795,0.0],[26.001507,44.735999,0.0],[26.001602,44.73641,0.0],[26.001383,44.736788,0.0],[26.000862,44.736988,0.0],[26.000334,44.737187,0.0],[26.000038,44.737676,0.0],[25.999928,44.738219,0.0],[25.999916,44.738927,0.0],[25.999786,44.739203,0.0],[25.999625,44.739548,0.0],[25.999099,44.73998,0.0],[25.998779,44.740245,0.0],[25.998141,44.740729,0.0],[25.997688,44.741409,0.0],[25.997223,44.741803,0.0],[25.996697,44.741998,0.0],[25.996437,44.742094,0.0],[25.996304,44.74214,0.0],[25.99603,44.742234,0.0],[25.994931,44.742665,0.0],[25.994556,44.742845,0.0],[25.993747,44.743231,0.0],[25.993005,44.743617,0.0],[25.99252,44.743869,0.0],[25.99189,44.744699,0.0],[25.991568,44.745167,0.0],[25.991329,44.745514,0.0],[25.991131,44.745823,0.0],[25.991029,44.745983,0.0],[25.990521,44.746417,0.0],[25.989935,44.746678,0.0],[25.989208,44.746814,0.0],[25.988617,44.746797,0.0],[25.988213,44.746745,0.0],[25.988031,44.746721,0.0],[25.987442,44.746449,0.0],[25.98724,44.746056,0.0],[25.987304,44.745756,0.0],[25.987309,44.745582,0.0],[25.987312,44.745482,0.0],[25.987335,44.745398,0.0],[25.987401,44.745155,0.0],[25.987431,44.744715,0.0],[25.987427,44.744138,0.0],[25.987103,44.743572,0.0],[25.986496,44.743335,0.0],[25.985956,44.743026,0.0],[25.985435,44.742721,0.0],[25.985194,44.74258,0.0],[25.984765,44.742222,0.0],[25.984525,44.742022,0.0],[25.983795,44.741979,0.0],[25.982913,44.742246,0.0],[25.982461,44.742309,0.0],[25.982186,44.742347,0.0],[25.981972,44.742322,0.0],[25.981544,44.742272,0.0],[25.981331,44.742138,0.0],[25.981159,44.74203,0.0],[25.980934,44.741925,0.0],[25.980694,44.741813,0.0],[25.980496,44.741726,0.0],[25.980206,44.741598,0.0],[25.979985,44.741516,0.0],[25.979757,44.741432,0.0],[25.97927,44.741252,0.0],[25.978645,44.741069,0.0],[25.978388,44.740853,0.0],[25.978137,44.74064,0.0],[25.978197,44.740272,0.0],[25.978328,44.740033,0.0],[25.978447,44.739817,0.0],[25.978652,44.739305,0.0],[25.978507,44.738522,0.0],[25.978153,44.738032,0.0],[25.977795,44.737695,0.0],[25.977261,44.737332,0.0],[25.976798,44.737054,0.0],[25.976161,44.736827,0.0],[25.975295,44.737004,0.0],[25.974613,44.737194,0.0],[25.973993,44.737334,0.0],[25.971739,44.737659,0.0],[25.969984,44.737851,0.0],[25.968953,44.738111,0.0],[25.968151,44.738071,0.0],[25.967567,44.738254,0.0],[25.96763,44.742007,0.0],[25.967648,44.743097,0.0],[25.969023,44.744537,0.0],[25.969047,44.744636,0.0],[25.969093,44.744826,0.0],[25.969746,44.745436,0.0],[25.971085,44.7472,0.0],[25.971148,44.748085,0.0],[25.970858,44.748691,0.0],[25.970105,44.749224,0.0],[25.969482,44.749523,0.0],[25.968858,44.749823,0.0],[25.968775,44.749821,0.0],[25.968672,44.749786,0.0],[25.968474,44.749736,0.0],[25.968307,44.749712,0.0],[25.967892,44.749661,0.0],[25.967473,44.74963,0.0],[25.9672,44.749559,0.0],[25.96685,44.749442,0.0],[25.966501,44.749349,0.0],[25.966151,44.749304,0.0],[25.965857,44.749304,0.0],[25.96531,44.749385,0.0],[25.964835,44.749481,0.0],[25.964612,44.749492,0.0],[25.963837,44.749477,0.0],[25.963541,44.749397,0.0],[25.962891,44.749148,0.0],[25.962534,44.748924,0.0],[25.962397,44.748757,0.0],[25.962222,44.748438,0.0],[25.962116,44.748201,0.0],[25.962081,44.748004,0.0],[25.962065,44.747845,0.0],[25.962137,44.747592,0.0],[25.962208,44.747338,0.0],[25.962295,44.746912,0.0],[25.962292,44.746461,0.0],[25.96231,44.746186,0.0],[25.962359,44.745954,0.0],[25.962564,44.745654,0.0],[25.96286,44.745095,0.0],[25.963156,44.744536,0.0],[25.963544,44.743774,0.0],[25.963723,44.743287,0.0],[25.964215,44.742651,0.0],[25.964475,44.742279,0.0],[25.964555,44.742164,0.0],[25.964781,44.741789,0.0],[25.964873,44.741339,0.0],[25.964885,44.740438,0.0],[25.965393,44.740169,0.0],[25.964884,44.739842,0.0],[25.964376,44.739515,0.0],[25.963219,44.739679,0.0],[25.962821,44.739672,0.0],[25.962069,44.739665,0.0],[25.961726,44.739384,0.0],[25.961382,44.739102,0.0],[25.961792,44.738959,0.0],[25.962561,44.738564,0.0],[25.96333,44.73817,0.0],[25.963621,44.738187,0.0],[25.964275,44.737822,0.0],[25.965309,44.737245,0.0],[25.965724,44.737242,0.0],[25.966202,44.737439,0.0],[25.966087,44.73412,0.0],[25.966039,44.732736,0.0],[25.967374,44.731802,0.0],[25.970644,44.732608,0.0],[25.971244,44.732038,0.0],[25.97156,44.73171,0.0],[25.971872,44.731346,0.0],[25.972032,44.731142,0.0],[25.972594,44.73036,0.0],[25.973252,44.729509,0.0],[25.973909,44.728658,0.0],[25.974514,44.728129,0.0],[25.974461,44.728034,0.0],[25.97435,44.727838,0.0],[25.974234,44.727631,0.0],[25.97411,44.727411,0.0],[25.973836,44.726923,0.0],[25.973712,44.726707,0.0],[25.973504,44.72635,0.0],[25.973342,44.726072,0.0],[25.972955,44.725407,0.0],[25.972194,44.724101,0.0],[25.972171,44.72406,0.0],[25.972082,44.723909,0.0],[25.971679,44.72322,0.0],[25.971294,44.722565,0.0],[25.971081,44.722169,0.0],[25.970897,44.721829,0.0],[25.970666,44.721402,0.0],[25.970468,44.721036,0.0],[25.970402,44.720721,0.0],[25.970386,44.720112,0.0],[25.970385,44.720075,0.0],[25.970366,44.71964,0.0],[25.970355,44.719582,0.0],[25.970204,44.71876,0.0],[25.970369,44.717933,0.0],[25.970735,44.716412,0.0],[25.9709,44.71562,0.0],[25.971064,44.714827,0.0],[25.971434,44.713277,0.0],[25.971596,44.712831,0.0],[25.971546,44.712822,0.0],[25.971756,44.712207,0.0],[25.972271,44.7107,0.0],[25.968733,44.709976,0.0],[25.967587,44.709742,0.0],[25.955493,44.707642,0.0],[25.955161,44.708269,0.0],[25.955002,44.708641,0.0],[25.954838,44.708994,0.0],[25.954783,44.709221,0.0],[25.954802,44.709583,0.0],[25.954616,44.709802,0.0],[25.954255,44.710239,0.0],[25.954669,44.710706,0.0],[25.954396,44.711106,0.0],[25.954344,44.711329,0.0],[25.954509,44.711802,0.0],[25.954771,44.712261,0.0],[25.955161,44.712845,0.0],[25.955782,44.713599,0.0],[25.95592,44.713883,0.0],[25.955994,44.71431,0.0],[25.956153,44.714546,0.0],[25.956562,44.714715,0.0],[25.956908,44.714929,0.0],[25.95729,44.715043,0.0],[25.957941,44.715102,0.0],[25.958479,44.715383,0.0],[25.959091,44.715797,0.0],[25.95976,44.716181,0.0],[25.960332,44.716428,0.0],[25.960765,44.716505,0.0],[25.961037,44.716788,0.0],[25.961233,44.717153,0.0],[25.961514,44.717402,0.0],[25.961716,44.717543,0.0],[25.962185,44.717634,0.0],[25.962522,44.717869,0.0],[25.962729,44.718248,0.0],[25.962735,44.718628,0.0],[25.962923,44.718848,0.0],[25.963011,44.719149,0.0],[25.963057,44.719323,0.0],[25.96328,44.719505,0.0],[25.963687,44.719714,0.0],[25.964617,44.71978,0.0],[25.965866,44.719977,0.0],[25.968441,44.720385,0.0],[25.968988,44.720472,0.0],[25.969354,44.720594,0.0],[25.968268,44.721746,0.0],[25.966809,44.723162,0.0],[25.964621,44.725304,0.0],[25.964168,44.724837,0.0],[25.96304,44.723492,0.0],[25.962538,44.723295,0.0],[25.961684,44.722956,0.0],[25.960446,44.722313,0.0],[25.959403,44.722014,0.0],[25.958931,44.721999,0.0],[25.95838,44.721423,0.0],[25.955798,44.722439,0.0],[25.951806,44.717372,0.0],[25.953167,44.716759,0.0],[25.953165,44.716664,0.0],[25.950252,44.713183,0.0],[25.947433,44.709731,0.0],[25.945396,44.707184,0.0],[25.944734,44.706428,0.0],[25.944111,44.705259,0.0],[25.943251,44.703744,0.0],[25.941656,44.704121,0.0],[25.939971,44.701035,0.0],[25.938108,44.69896,0.0],[25.934675,44.695136,0.0],[25.933468,44.695984,0.0],[25.932174,44.696848,0.0],[25.932134,44.696814,0.0],[25.93126,44.697487,0.0],[25.929643,44.698541,0.0],[25.929337,44.70066,0.0],[25.929318,44.700688,0.0],[25.929258,44.701209,0.0],[25.929136,44.702112,0.0],[25.928975,44.702952,0.0],[25.928896,44.703466,0.0],[25.928816,44.703981,0.0],[25.928526,44.705301,0.0],[25.928527,44.705322,0.0],[25.928295,44.706621,0.0],[25.928065,44.708059,0.0],[25.927919,44.709247,0.0],[25.927253,44.709572,0.0],[25.926307,44.710044,0.0],[25.926278,44.710051,0.0],[25.92596,44.710213,0.0],[25.924608,44.710898,0.0],[25.92321,44.711651,0.0],[25.922177,44.712173,0.0],[25.920874,44.712794,0.0],[25.919917,44.713239,0.0],[25.919923,44.713259,0.0],[25.918503,44.714402,0.0],[25.917466,44.715252,0.0],[25.916733,44.715944,0.0],[25.916237,44.716585,0.0],[25.915743,44.717289,0.0],[25.915414,44.717808,0.0],[25.915402,44.717821,0.0],[25.915182,44.718303,0.0],[25.914881,44.719021,0.0],[25.914636,44.719719,0.0],[25.914244,44.720689,0.0],[25.91411,44.72119,0.0],[25.913981,44.721455,0.0],[25.913734,44.721822,0.0],[25.91362,44.721991,0.0],[25.913466,44.722217,0.0],[25.913435,44.722263,0.0],[25.913204,44.722657,0.0],[25.913037,44.722868,0.0],[25.91297,44.722821,0.0],[25.912898,44.72277,0.0],[25.912874,44.722807,0.0],[25.912597,44.723832,0.0],[25.912502,44.724117,0.0],[25.911633,44.727182,0.0],[25.911636,44.727243,0.0],[25.911615,44.727254,0.0],[25.911474,44.727759,0.0],[25.911446,44.727789,0.0],[25.911455,44.72782,0.0],[25.911235,44.728595,0.0],[25.911245,44.728622,0.0],[25.911229,44.728633,0.0],[25.911158,44.72883,0.0],[25.911156,44.728876,0.0],[25.910947,44.729597,0.0],[25.910907,44.729719,0.0],[25.910915,44.72978,0.0],[25.910893,44.729795,0.0],[25.910866,44.729955,0.0],[25.910831,44.73003,0.0],[25.910841,44.730061,0.0],[25.91075,44.730373,0.0],[25.910448,44.731627,0.0],[25.909939,44.733626,0.0],[25.909914,44.733706,0.0],[25.910257,44.733993,0.0],[25.9104,44.73424,0.0],[25.91041,44.734836,0.0],[25.910692,44.735082,0.0],[25.911252,44.735177,0.0],[25.912013,44.734823,0.0],[25.912703,44.73437,0.0],[25.913122,44.734466,0.0],[25.913618,44.734959,0.0],[25.913838,44.735653,0.0],[25.914192,44.735998,0.0],[25.914616,44.736342,0.0],[25.915949,44.736878,0.0],[25.916722,44.73722,0.0],[25.916863,44.737368,0.0],[25.917145,44.737514,0.0],[25.917985,44.737756,0.0],[25.918819,44.7376,0.0],[25.919372,44.737298,0.0],[25.919644,44.736848,0.0],[25.919289,44.736503,0.0],[25.918312,44.736412,0.0],[25.917472,44.73622,0.0],[25.917534,44.735723,0.0],[25.917595,44.735175,0.0],[25.917659,44.734827,0.0],[25.918214,44.734624,0.0],[25.919326,44.734466,0.0],[25.919673,44.734364,0.0],[25.92037,44.734308,0.0],[25.921421,44.734697,0.0],[25.922265,44.735137,0.0],[25.923453,44.735326,0.0],[25.924223,44.735519,0.0],[25.924652,44.736211,0.0],[25.924592,44.736808,0.0],[25.924393,44.737406,0.0],[25.923644,44.738505,0.0],[25.922889,44.739256,0.0],[25.922618,44.739755,0.0],[25.922834,44.740151,0.0],[25.923814,44.740392,0.0],[25.924436,44.740088,0.0],[25.924986,44.739587,0.0],[25.925329,44.739236,0.0],[25.925882,44.738983,0.0],[25.926091,44.738932,0.0],[25.926446,44.739327,0.0],[25.926525,44.739922,0.0],[25.926259,44.740719,0.0],[25.925707,44.741072,0.0],[25.925303,44.741969,0.0],[25.924973,44.743115,0.0],[25.92506,44.744207,0.0],[25.925416,44.744652,0.0],[25.926256,44.744844,0.0],[25.927159,44.744637,0.0],[25.928269,44.74433,0.0],[25.929393,44.744818,0.0],[25.9301,44.745408,0.0],[25.930806,44.745999,0.0],[25.931583,44.746589,0.0],[25.93229,44.747179,0.0],[25.932931,44.748018,0.0],[25.933775,44.748459,0.0],[25.934897,44.748847,0.0],[25.936017,44.749136,0.0],[25.936854,44.749129,0.0],[25.937964,44.748821,0.0],[25.938191,44.748711,0.0],[25.938348,44.748942,0.0],[25.938985,44.749913,0.0],[25.939032,44.749944,0.0],[25.939559,44.749996,0.0],[25.939585,44.750041,0.0],[25.939697,44.750186,0.0],[25.94011,44.750692,0.0],[25.940224,44.750845,0.0],[25.94119,44.752055,0.0],[25.941395,44.752323,0.0],[25.941433,44.752361,0.0],[25.941555,44.752522,0.0],[25.941709,44.752706,0.0],[25.941763,44.752783,0.0],[25.941856,44.75289,0.0],[25.94197,44.753043,0.0],[25.942154,44.753265,0.0],[25.942255,44.753403,0.0],[25.942295,44.753449,0.0],[25.942319,44.753463,0.0],[25.942319,44.753472,0.0],[25.942356,44.753518,0.0],[25.942452,44.753595,0.0],[25.9425,44.753624,0.0],[25.942594,44.753653,0.0],[25.942674,44.753687,0.0],[25.94269,44.753703,0.0],[25.942689,44.753711,0.0],[25.942679,44.753765,0.0],[25.942655,44.753844,0.0],[25.942609,44.753939,0.0],[25.942544,44.754038,0.0],[25.942471,44.754122,0.0],[25.942321,44.754266,0.0],[25.942068,44.754437,0.0],[25.941935,44.754559,0.0],[25.941888,44.754633,0.0],[25.941749,44.754849,0.0],[25.941698,44.754982,0.0],[25.941649,44.755171,0.0],[25.941645,44.755383,0.0],[25.941658,44.755475,0.0],[25.941721,44.755704,0.0],[25.941806,44.755869,0.0],[25.94187,44.755961,0.0],[25.941972,44.756145,0.0],[25.942192,44.756548,0.0],[25.942212,44.756573,0.0],[25.942212,44.756588,0.0],[25.942257,44.75668,0.0],[25.942254,44.756699,0.0],[25.942289,44.756787,0.0],[25.942296,44.756871,0.0],[25.942277,44.756948,0.0],[25.942207,44.757096,0.0],[25.942129,44.75718,0.0],[25.942008,44.757279,0.0],[25.941986,44.757287,0.0],[25.941806,44.757412,0.0],[25.941618,44.757516,0.0],[25.941471,44.757562,0.0],[25.941269,44.757603,0.0],[25.941173,44.757612,0.0],[25.941087,44.757612,0.0],[25.94037,44.757537,0.0],[25.939952,44.757537,0.0],[25.939877,44.757533,0.0],[25.939737,44.757512,0.0],[25.939684,44.757516,0.0],[25.939641,44.75751,0.0],[25.939512,44.757509,0.0],[25.939448,44.757515,0.0],[25.939338,44.757535,0.0],[25.939148,44.757546,0.0],[25.939078,44.757557,0.0],[25.939014,44.757557,0.0],[25.938472,44.757609,0.0],[25.938237,44.757621,0.0],[25.937979,44.757652,0.0],[25.937722,44.757684,0.0],[25.937636,44.757715,0.0],[25.937534,44.75772,0.0],[25.937523,44.757726,0.0],[25.937509,44.757715,0.0],[25.937474,44.757723,0.0],[25.937424,44.75775,0.0],[25.937356,44.757773,0.0],[25.937317,44.757793,0.0],[25.9373,44.757802,0.0],[25.937211,44.757827,0.0],[25.937175,44.757848,0.0],[25.937046,44.757936,0.0],[25.936834,44.758121,0.0],[25.936766,44.75821,0.0],[25.936663,44.758319,0.0],[25.936642,44.758352,0.0],[25.936636,44.758378,0.0],[25.936608,44.758417,0.0],[25.936549,44.758559,0.0],[25.936403,44.758831,0.0],[25.936374,44.758873,0.0],[25.936313,44.758933,0.0],[25.93618,44.759135,0.0],[25.935972,44.759384,0.0],[25.935778,44.759695,0.0],[25.935716,44.759835,0.0],[25.935629,44.760094,0.0],[25.93548,44.760343,0.0],[25.935348,44.760504,0.0],[25.935202,44.760622,0.0],[25.935125,44.76067,0.0],[25.935046,44.760734,0.0],[25.934943,44.760832,0.0],[25.934861,44.760888,0.0],[25.934769,44.760994,0.0],[25.934748,44.761074,0.0],[25.934766,44.761158,0.0],[25.934782,44.761188,0.0],[25.934856,44.76131,0.0],[25.934938,44.761409,0.0],[25.935012,44.761515,0.0],[25.93511,44.761629,0.0],[25.935254,44.761842,0.0],[25.935302,44.761911,0.0],[25.935429,44.762155,0.0],[25.935538,44.762437,0.0],[25.935589,44.76265,0.0],[25.935593,44.76273,0.0],[25.935568,44.762853,0.0],[25.935542,44.762922,0.0],[25.935511,44.762972,0.0],[25.935436,44.763062,0.0],[25.935403,44.763098,0.0],[25.935323,44.763154,0.0],[25.935313,44.763176,0.0],[25.935276,44.763206,0.0],[25.935109,44.763307,0.0],[25.934946,44.763382,0.0],[25.93481,44.763429,0.0],[25.934754,44.763439,0.0],[25.93469,44.763445,0.0],[25.934508,44.763443,0.0],[25.934207,44.763395,0.0],[25.933884,44.763325,0.0],[25.933766,44.763291,0.0],[25.933346,44.763155,0.0],[25.932968,44.763001,0.0],[25.932678,44.762903,0.0],[25.932473,44.762826,0.0],[25.932085,44.762718,0.0],[25.931978,44.7627,0.0],[25.931731,44.762642,0.0],[25.931526,44.762605,0.0],[25.931376,44.762568,0.0],[25.931193,44.762543,0.0],[25.930732,44.76251,0.0],[25.930464,44.762508,0.0],[25.930255,44.762521,0.0],[25.930126,44.762529,0.0],[25.929436,44.762612,0.0],[25.928794,44.762666,0.0],[25.928306,44.762656,0.0],[25.927673,44.762596,0.0],[25.927566,44.762598,0.0],[25.927373,44.762588,0.0],[25.927266,44.762591,0.0],[25.92702,44.762619,0.0],[25.926934,44.762637,0.0],[25.926635,44.762731,0.0],[25.926564,44.762764,0.0],[25.926468,44.762823,0.0],[25.926317,44.762966,0.0],[25.926291,44.763016,0.0],[25.926266,44.7631,0.0],[25.926257,44.763203,0.0],[25.926293,44.763295,0.0],[25.926337,44.763355,0.0],[25.926421,44.763435,0.0],[25.926667,44.763598,0.0],[25.926886,44.763776,0.0],[25.926995,44.763867,0.0],[25.927093,44.763962,0.0],[25.9273,44.76419,0.0],[25.927426,44.764349,0.0],[25.927439,44.764372,0.0],[25.927437,44.764387,0.0],[25.927456,44.76441,0.0],[25.927472,44.764418,0.0],[25.927579,44.764573,0.0],[25.927687,44.764817,0.0],[25.927718,44.764932,0.0],[25.927732,44.764945,0.0],[25.927761,44.765096,0.0],[25.927795,44.765195,0.0],[25.927804,44.765287,0.0],[25.927821,44.765348,0.0],[25.927907,44.765561,0.0],[25.927935,44.765614,0.0],[25.928041,44.765759,0.0],[25.928159,44.765895,0.0],[25.928238,44.765971,0.0],[25.928311,44.766032,0.0],[25.92849,44.766157,0.0],[25.92869,44.766289,0.0],[25.928849,44.76638,0.0],[25.929229,44.76653,0.0],[25.929496,44.766622,0.0],[25.929671,44.76667,0.0],[25.929803,44.766696,0.0],[25.930136,44.766793,0.0],[25.930274,44.76685,0.0],[25.930436,44.766931,0.0],[25.930453,44.766946,0.0],[25.93062,44.767042,0.0],[25.930777,44.767156,0.0],[25.930921,44.767283,0.0],[25.931021,44.767389,0.0],[25.931109,44.767503,0.0],[25.931241,44.767739,0.0],[25.931292,44.767945,0.0],[25.931297,44.768098,0.0],[25.931265,44.768255,0.0],[25.931267,44.768385,0.0],[25.931252,44.768503,0.0],[25.931204,44.768656,0.0],[25.931147,44.768798,0.0],[25.93105,44.768967,0.0],[25.930934,44.7691,0.0],[25.930919,44.769136,0.0],[25.930848,44.769234,0.0],[25.9308,44.769272,0.0],[25.930713,44.769326,0.0],[25.930609,44.769369,0.0],[25.930505,44.769397,0.0],[25.930347,44.769421,0.0],[25.930037,44.769482,0.0],[25.929378,44.769534,0.0],[25.929282,44.769527,0.0],[25.929014,44.769528,0.0],[25.928896,44.769526,0.0],[25.928595,44.769498,0.0],[25.928338,44.769482,0.0],[25.927984,44.769475,0.0],[25.927737,44.769452,0.0],[25.927523,44.769444,0.0],[25.92733,44.769449,0.0],[25.926944,44.769442,0.0],[25.926644,44.769461,0.0],[25.926264,44.769517,0.0],[25.926056,44.769561,0.0],[25.925976,44.769571,0.0],[25.925826,44.769608,0.0],[25.925154,44.769802,0.0],[25.925068,44.769833,0.0],[25.924834,44.769942,0.0],[25.924489,44.770162,0.0],[25.924396,44.770233,0.0],[25.924301,44.770345,0.0],[25.924253,44.770443,0.0],[25.924161,44.770632,0.0],[25.924091,44.770768,0.0],[25.92404,44.770825,0.0],[25.924032,44.770847,0.0],[25.924051,44.770877,0.0],[25.924173,44.770953,0.0],[25.924235,44.77101,0.0],[25.924469,44.771131,0.0],[25.924735,44.771243,0.0],[25.924875,44.771279,0.0],[25.92495,44.77129,0.0],[25.925143,44.771302,0.0],[25.925293,44.771303,0.0],[25.925421,44.771297,0.0],[25.925582,44.771273,0.0],[25.925667,44.77125,0.0],[25.925902,44.771165,0.0],[25.926051,44.771082,0.0],[25.926213,44.770929,0.0],[25.926293,44.770877,0.0],[25.926349,44.770856,0.0],[25.926379,44.770828,0.0],[25.926519,44.770771,0.0],[25.926572,44.77074,0.0],[25.92671,44.770685,0.0],[25.926817,44.77065,0.0],[25.926924,44.770631,0.0],[25.927095,44.77062,0.0],[25.927278,44.770636,0.0],[25.927331,44.770649,0.0],[25.927468,44.770666,0.0],[25.927808,44.770779,0.0],[25.927875,44.770815,0.0],[25.927967,44.770829,0.0],[25.928039,44.770925,0.0],[25.928036,44.770932,0.0],[25.928069,44.770959,0.0],[25.928188,44.771096,0.0],[25.928264,44.77121,0.0],[25.928313,44.771294,0.0],[25.928333,44.771355,0.0],[25.928374,44.771423,0.0],[25.928434,44.771607,0.0],[25.928444,44.771733,0.0],[25.928423,44.771778,0.0],[25.928356,44.771851,0.0],[25.928266,44.771914,0.0],[25.92825,44.77193,0.0],[25.928154,44.771988,0.0],[25.928096,44.772011,0.0],[25.928051,44.772042,0.0],[25.927875,44.772132,0.0],[25.927848,44.772153,0.0],[25.927744,44.772211,0.0],[25.927587,44.772323,0.0],[25.927558,44.772334,0.0],[25.927055,44.772627,0.0],[25.926096,44.773135,0.0],[25.925838,44.773253,0.0],[25.925558,44.773397,0.0],[25.925433,44.773455,0.0],[25.925166,44.773542,0.0],[25.924813,44.773618,0.0],[25.924685,44.773619,0.0],[25.924631,44.773628,0.0],[25.924299,44.773626,0.0],[25.924181,44.773619,0.0],[25.923849,44.773582,0.0],[25.923806,44.77358,0.0],[25.923666,44.773558,0.0],[25.923452,44.7735,0.0],[25.922957,44.77329,0.0],[25.922753,44.77323,0.0],[25.922624,44.773206,0.0],[25.922206,44.773158,0.0],[25.922034,44.773147,0.0],[25.921895,44.773142,0.0],[25.921482,44.773148,0.0],[25.921268,44.773162,0.0],[25.920985,44.773199,0.0],[25.920734,44.773248,0.0],[25.920614,44.7733,0.0],[25.920568,44.773325,0.0],[25.920531,44.773356,0.0],[25.920465,44.773389,0.0],[25.920419,44.773406,0.0],[25.92036,44.773416,0.0],[25.920216,44.773377,0.0],[25.920027,44.773299,0.0],[25.919817,44.773199,0.0],[25.919683,44.773117,0.0],[25.919607,44.773083,0.0],[25.919408,44.772969,0.0],[25.919166,44.772864,0.0],[25.91894,44.772773,0.0],[25.9188,44.772732,0.0],[25.918692,44.772711,0.0],[25.918435,44.772661,0.0],[25.918156,44.772582,0.0],[25.918006,44.772517,0.0],[25.917952,44.772481,0.0],[25.917849,44.772388,0.0],[25.917806,44.772365,0.0],[25.91772,44.772341,0.0],[25.917634,44.772326,0.0],[25.917527,44.772323,0.0],[25.917409,44.77231,0.0],[25.917329,44.772325,0.0],[25.917268,44.772373,0.0],[25.917193,44.772448,0.0],[25.917125,44.772548,0.0],[25.917104,44.772599,0.0],[25.917089,44.772676,0.0],[25.91709,44.772768,0.0],[25.917101,44.772829,0.0],[25.917156,44.772989,0.0],[25.917268,44.77321,0.0],[25.917418,44.773454,0.0],[25.917543,44.773629,0.0],[25.917638,44.773743,0.0],[25.917743,44.773865,0.0],[25.918062,44.774146,0.0],[25.91816,44.774252,0.0],[25.918181,44.774283,0.0],[25.91819,44.774313,0.0],[25.918174,44.774386,0.0],[25.918151,44.774415,0.0],[25.918079,44.774465,0.0],[25.917935,44.774542,0.0],[25.917839,44.774607,0.0],[25.917606,44.774816,0.0],[25.917546,44.774878,0.0],[25.917442,44.774989,0.0],[25.917362,44.775111,0.0],[25.917307,44.77524,0.0],[25.917292,44.77531,0.0],[25.91729,44.775383,0.0],[25.917307,44.775497,0.0],[25.917351,44.775619,0.0],[25.917398,44.775711,0.0],[25.91746,44.775795,0.0],[25.917528,44.775863,0.0],[25.91769,44.775971,0.0],[25.917817,44.776017,0.0],[25.917934,44.776056,0.0],[25.917956,44.776052,0.0],[25.918253,44.776093,0.0],[25.918564,44.776114,0.0],[25.918663,44.776114,0.0],[25.918803,44.776102,0.0],[25.918931,44.776073,0.0],[25.91908,44.776017,0.0],[25.919325,44.775903,0.0],[25.919507,44.77583,0.0],[25.919624,44.775795,0.0],[25.919785,44.775775,0.0],[25.920149,44.775775,0.0],[25.920889,44.775833,0.0],[25.921242,44.775834,0.0],[25.921317,44.775841,0.0],[25.921355,44.775856,0.0],[25.921374,44.775871,0.0],[25.921422,44.775934,0.0],[25.921472,44.776025,0.0],[25.921499,44.776109,0.0],[25.921505,44.77614,0.0],[25.921501,44.776247,0.0],[25.921485,44.776323,0.0],[25.921459,44.776388,0.0],[25.921433,44.776419,0.0],[25.921361,44.776477,0.0],[25.921329,44.776492,0.0],[25.921313,44.776515,0.0],[25.92122,44.776567,0.0],[25.921108,44.776619,0.0],[25.921025,44.776652,0.0],[25.920828,44.776716,0.0],[25.92055,44.776796,0.0],[25.920433,44.776832,0.0],[25.920273,44.776871,0.0],[25.920091,44.776933,0.0],[25.919947,44.77701,0.0],[25.919846,44.777079,0.0],[25.919761,44.777146,0.0],[25.919583,44.777317,0.0],[25.919546,44.777342,0.0],[25.919394,44.777409,0.0],[25.91928,44.777473,0.0],[25.919138,44.777519,0.0],[25.918917,44.777627,0.0],[25.918848,44.777683,0.0],[25.918769,44.777767,0.0],[25.918732,44.777834,0.0],[25.918703,44.777924,0.0],[25.918691,44.778023,0.0],[25.918692,44.778092,0.0],[25.918674,44.778192,0.0],[25.91868,44.778554,0.0],[25.918747,44.778776,0.0],[25.918798,44.778867,0.0],[25.918891,44.778997,0.0],[25.918969,44.779065,0.0],[25.919091,44.779152,0.0],[25.919284,44.779251,0.0],[25.919448,44.779317,0.0],[25.919621,44.779377,0.0],[25.919849,44.779447,0.0],[25.919962,44.77949,0.0],[25.920076,44.779537,0.0],[25.920134,44.779568,0.0],[25.920172,44.779581,0.0],[25.920336,44.779674,0.0],[25.920473,44.779732,0.0],[25.92057,44.779799,0.0],[25.920632,44.779875,0.0],[25.920649,44.779936,0.0],[25.92065,44.779997,0.0],[25.920632,44.780085,0.0],[25.92059,44.780169,0.0],[25.920548,44.780209,0.0],[25.920537,44.780231,0.0],[25.920455,44.780305,0.0],[25.920388,44.780344,0.0],[25.920314,44.780371,0.0],[25.920089,44.780416,0.0],[25.919886,44.780417,0.0],[25.919564,44.780395,0.0],[25.919414,44.780396,0.0],[25.919296,44.780387,0.0],[25.919001,44.780401,0.0],[25.918879,44.780433,0.0],[25.918812,44.780477,0.0],[25.91877,44.780529,0.0],[25.918694,44.780682,0.0],[25.918663,44.780781,0.0],[25.918655,44.78085,0.0],[25.91866,44.781033,0.0],[25.918693,44.781117,0.0],[25.918699,44.781155,0.0],[25.918912,44.781582,0.0],[25.918934,44.781643,0.0],[25.919171,44.782054,0.0],[25.919215,44.782184,0.0],[25.9192,44.782245,0.0],[25.919113,44.782383,0.0],[25.919057,44.782437,0.0],[25.918929,44.782523,0.0],[25.918809,44.782574,0.0],[25.918724,44.782591,0.0],[25.918339,44.782694,0.0],[25.917933,44.782814,0.0],[25.917805,44.782845,0.0],[25.917645,44.782905,0.0],[25.917554,44.782923,0.0],[25.917295,44.783035,0.0],[25.91717,44.783073,0.0],[25.917015,44.783148,0.0],[25.916901,44.783216,0.0],[25.916712,44.783354,0.0],[25.916619,44.783442,0.0],[25.91658,44.783509,0.0],[25.916562,44.783559,0.0],[25.916554,44.783647,0.0],[25.916577,44.783754,0.0],[25.916643,44.783899,0.0],[25.916719,44.783998,0.0],[25.916927,44.784211,0.0],[25.917055,44.784363,0.0],[25.917182,44.784492,0.0],[25.917296,44.784637,0.0],[25.917439,44.784789,0.0],[25.917474,44.784843,0.0],[25.917537,44.784934,0.0],[25.917564,44.784994,0.0],[25.917619,44.785078,0.0],[25.917661,44.785231,0.0],[25.917684,44.785384,0.0],[25.917684,44.78546,0.0],[25.917669,44.785567,0.0],[25.917638,44.785682,0.0],[25.917552,44.785884,0.0],[25.91747,44.785984,0.0],[25.91726,44.786145,0.0],[25.917026,44.78629,0.0],[25.916594,44.786494,0.0],[25.91645,44.786533,0.0],[25.916332,44.786552,0.0],[25.915914,44.786573,0.0],[25.915609,44.786603,0.0],[25.915336,44.786614,0.0],[25.915122,44.786615,0.0],[25.914682,44.78658,0.0],[25.914618,44.786577,0.0],[25.914597,44.786585,0.0],[25.914093,44.786548,0.0],[25.913986,44.786541,0.0],[25.9136,44.786543,0.0],[25.913321,44.786565,0.0],[25.913118,44.786593,0.0],[25.912616,44.786675,0.0],[25.911679,44.786796,0.0],[25.911423,44.786835,0.0],[25.911059,44.786879,0.0],[25.910866,44.786912,0.0],[25.910759,44.786939,0.0],[25.910658,44.786976,0.0],[25.910543,44.787039,0.0],[25.91036,44.787178,0.0],[25.910198,44.787335,0.0],[25.910071,44.787482,0.0],[25.910026,44.787551,0.0],[25.909948,44.78772,0.0],[25.909926,44.78775,0.0],[25.909909,44.787896,0.0],[25.909919,44.788056,0.0],[25.909927,44.788079,0.0],[25.909944,44.78817,0.0],[25.910026,44.78833,0.0],[25.910113,44.788452,0.0],[25.910154,44.788498,0.0],[25.910218,44.788551,0.0],[25.910342,44.788612,0.0],[25.910616,44.788679,0.0],[25.91068,44.788702,0.0],[25.91074,44.788728,0.0],[25.910775,44.788759,0.0],[25.910797,44.788801,0.0],[25.910797,44.788862,0.0],[25.910772,44.788957,0.0],[25.910753,44.788984,0.0],[25.910676,44.789048,0.0],[25.910466,44.789171,0.0],[25.91037,44.789219,0.0],[25.910237,44.789307,0.0],[25.910074,44.789394,0.0],[25.910042,44.789419,0.0],[25.909821,44.7895,0.0],[25.909698,44.789564,0.0],[25.909533,44.789635,0.0],[25.909146,44.789831,0.0],[25.90892,44.789928,0.0],[25.908754,44.790018,0.0],[25.908193,44.79042,0.0],[25.907841,44.79075,0.0],[25.907724,44.790865,0.0],[25.907657,44.790943,0.0],[25.907568,44.791102,0.0],[25.907444,44.791301,0.0],[25.90742,44.791328,0.0],[25.907344,44.791477,0.0],[25.907299,44.791544,0.0],[25.907286,44.791611,0.0],[25.907265,44.79165,0.0],[25.907239,44.791663,0.0],[25.907197,44.791779,0.0],[25.907189,44.791777,0.0],[25.907165,44.791865,0.0],[25.907131,44.791941,0.0],[25.907068,44.792094,0.0],[25.907055,44.792163,0.0],[25.907012,44.792281,0.0],[25.906953,44.792613,0.0],[25.906931,44.792957,0.0],[25.906896,44.793216,0.0],[25.906895,44.793346,0.0],[25.906882,44.793491,0.0],[25.906847,44.793698,0.0],[25.906809,44.794007,0.0],[25.906793,44.79406,0.0],[25.906782,44.794142,0.0],[25.906777,44.794431,0.0],[25.906776,44.794595,0.0],[25.906792,44.794649,0.0],[25.906787,44.794654,0.0],[25.906776,44.794652,0.0],[25.906774,44.794708,0.0],[25.906779,44.794958,0.0],[25.906789,44.795027,0.0],[25.906789,44.795172,0.0],[25.906805,44.795286,0.0],[25.906797,44.795424,0.0],[25.906808,44.795477,0.0],[25.906805,44.795569,0.0],[25.906791,44.795607,0.0],[25.90678,44.795748,0.0],[25.906771,44.795812,0.0],[25.906781,44.795875,0.0],[25.906788,44.795928,0.0],[25.906826,44.796012,0.0],[25.906852,44.796043,0.0],[25.906901,44.796077,0.0],[25.907024,44.796133,0.0],[25.907182,44.796173,0.0],[25.907278,44.796184,0.0],[25.90746,44.796154,0.0],[25.907578,44.796128,0.0],[25.907686,44.79608,0.0],[25.907782,44.796032,0.0],[25.907868,44.795979,0.0],[25.908139,44.795764,0.0],[25.908313,44.795525,0.0],[25.908343,44.795441,0.0],[25.908348,44.795372,0.0],[25.908337,44.795304,0.0],[25.908255,44.795113,0.0],[25.908016,44.79477,0.0],[25.907979,44.794702,0.0],[25.907963,44.794639,0.0],[25.907968,44.7946,0.0],[25.908006,44.794564,0.0],[25.908049,44.794547,0.0],[25.908132,44.79454,0.0],[25.90826,44.794544,0.0],[25.908668,44.794599,0.0],[25.909053,44.794642,0.0],[25.909236,44.79469,0.0],[25.909364,44.794715,0.0],[25.909503,44.79473,0.0],[25.909801,44.794784,0.0],[25.909889,44.794792,0.0],[25.910093,44.794827,0.0],[25.910177,44.794858,0.0],[25.910259,44.794892,0.0],[25.910473,44.795011,0.0],[25.910567,44.795074,0.0],[25.910676,44.795181,0.0],[25.910738,44.795265,0.0],[25.910797,44.795387,0.0],[25.910842,44.795509,0.0],[25.910842,44.79554,0.0],[25.910874,44.795678,0.0],[25.910866,44.795769,0.0],[25.910847,44.795823,0.0],[25.910844,44.795865,0.0],[25.910826,44.795903,0.0],[25.910801,44.795994,0.0],[25.91078,44.796034,0.0],[25.91075,44.796147,0.0],[25.910643,44.796296,0.0],[25.910308,44.796578,0.0],[25.910196,44.796668,0.0],[25.910076,44.79676,0.0],[25.909971,44.796838,0.0],[25.909882,44.796902,0.0],[25.909646,44.797043,0.0],[25.909346,44.79718,0.0],[25.90909,44.797301,0.0],[25.90889,44.797388,0.0],[25.908255,44.797618,0.0],[25.908204,44.797627,0.0],[25.908091,44.797662,0.0],[25.908054,44.797679,0.0],[25.907882,44.797722,0.0],[25.907721,44.797772,0.0],[25.907577,44.79781,0.0],[25.907496,44.797819,0.0],[25.907386,44.797842,0.0],[25.90725,44.797888,0.0],[25.907126,44.797945,0.0],[25.907041,44.797975,0.0],[25.906714,44.798135,0.0],[25.906494,44.798257,0.0],[25.906385,44.798305,0.0],[25.906298,44.798349,0.0],[25.906258,44.798347,0.0],[25.9062,44.798372,0.0],[25.906106,44.798398,0.0],[25.905967,44.798446,0.0],[25.905877,44.798486,0.0],[25.905698,44.798592,0.0],[25.905535,44.798666,0.0],[25.905194,44.798812,0.0],[25.905151,44.79882,0.0],[25.905092,44.798846,0.0],[25.904937,44.798891,0.0],[25.904665,44.798982,0.0],[25.904409,44.799076,0.0],[25.904008,44.799238,0.0],[25.903709,44.799343,0.0],[25.90356,44.799402,0.0],[25.903272,44.799551,0.0],[25.903171,44.799612,0.0],[25.903006,44.799756,0.0],[25.902977,44.799792,0.0],[25.902969,44.799819,0.0],[25.902948,44.799827,0.0],[25.902837,44.799946,0.0],[25.902794,44.799982,0.0],[25.902691,44.800122,0.0],[25.902668,44.80024,0.0],[25.902642,44.800313,0.0],[25.902617,44.800352,0.0],[25.902589,44.800397,0.0],[25.902584,44.800428,0.0],[25.902529,44.800545,0.0],[25.902526,44.800566,0.0],[25.902449,44.800677,0.0],[25.902325,44.800822,0.0],[25.902259,44.800886,0.0],[25.902213,44.800916,0.0],[25.901896,44.801088,0.0],[25.901424,44.801298,0.0],[25.901248,44.801363,0.0],[25.901082,44.801413,0.0],[25.900847,44.801464,0.0],[25.900635,44.801492,0.0],[25.900574,44.801496,0.0],[25.900413,44.801492,0.0],[25.90036,44.801504,0.0],[25.900317,44.8015,0.0],[25.900301,44.801506,0.0],[25.900177,44.801509,0.0],[25.900137,44.801514,0.0],[25.899936,44.801515,0.0],[25.899593,44.801501,0.0],[25.899433,44.801506,0.0],[25.899122,44.801499,0.0],[25.898897,44.801502,0.0],[25.898725,44.801493,0.0],[25.898639,44.801478,0.0],[25.898548,44.801446,0.0],[25.898424,44.801391,0.0],[25.89836,44.801349,0.0],[25.898193,44.801276,0.0],[25.898126,44.801232,0.0],[25.898077,44.801175,0.0],[25.898046,44.801114,0.0],[25.898006,44.801049,0.0],[25.897967,44.800942,0.0],[25.897948,44.800858,0.0],[25.897882,44.800715,0.0],[25.89782,44.800614,0.0],[25.897744,44.800542,0.0],[25.897593,44.800443,0.0],[25.897571,44.800422,0.0],[25.897493,44.80039,0.0],[25.8973,44.800333,0.0],[25.897021,44.800262,0.0],[25.896881,44.800217,0.0],[25.896736,44.80019,0.0],[25.896677,44.800181,0.0],[25.896618,44.800183,0.0],[25.89649,44.80022,0.0],[25.896343,44.800295,0.0],[25.896279,44.800347,0.0],[25.896176,44.800416,0.0],[25.89603,44.800548,0.0],[25.895958,44.800604,0.0],[25.895889,44.80069,0.0],[25.895842,44.800792,0.0],[25.895823,44.800858,0.0],[25.89581,44.800912,0.0],[25.895789,44.80095,0.0],[25.895774,44.801027,0.0],[25.895737,44.801107,0.0],[25.895687,44.801176,0.0],[25.895605,44.801239,0.0],[25.895362,44.801359,0.0],[25.895242,44.801409,0.0],[25.895092,44.80145,0.0],[25.894762,44.801509,0.0],[25.894418,44.801569,0.0],[25.894234,44.801617,0.0],[25.893911,44.801744,0.0],[25.893823,44.801792,0.0],[25.89377,44.801831,0.0],[25.893711,44.80189,0.0],[25.893557,44.802007,0.0],[25.89348,44.802093,0.0],[25.893451,44.802138,0.0],[25.89342,44.80221,0.0],[25.893415,44.802285,0.0],[25.893402,44.8023,0.0],[25.893404,44.80232,0.0],[25.893463,44.802442,0.0],[25.893506,44.802529,0.0],[25.893553,44.802689,0.0],[25.893553,44.803056,0.0],[25.893538,44.803127,0.0],[25.893538,44.803186,0.0],[25.893523,44.8033,0.0],[25.893503,44.803373,0.0],[25.893445,44.803484,0.0],[25.893373,44.80358,0.0],[25.893323,44.803628,0.0],[25.893251,44.803725,0.0],[25.893029,44.803967,0.0],[25.892771,44.804216,0.0],[25.892707,44.804289,0.0],[25.892649,44.804373,0.0],[25.892474,44.804565,0.0],[25.892347,44.804676,0.0],[25.892326,44.804707,0.0],[25.891892,44.80501,0.0],[25.891777,44.805064,0.0],[25.891566,44.805187,0.0],[25.89134,44.805304,0.0],[25.89123,44.805372,0.0],[25.891078,44.805443,0.0],[25.89098,44.805502,0.0],[25.890862,44.805558,0.0],[25.890812,44.805576,0.0],[25.89077,44.805601,0.0],[25.890465,44.805747,0.0],[25.890108,44.805993,0.0],[25.889954,44.806073,0.0],[25.889889,44.806093,0.0],[25.889857,44.806095,0.0],[25.889761,44.806118,0.0],[25.889245,44.806275,0.0],[25.889189,44.806279,0.0],[25.888975,44.806322,0.0],[25.888767,44.806393,0.0],[25.888468,44.806541,0.0],[25.888186,44.806708,0.0],[25.887786,44.806966,0.0],[25.887656,44.807062,0.0],[25.887597,44.807114,0.0],[25.887369,44.807365,0.0],[25.887277,44.807489,0.0],[25.887147,44.807616,0.0],[25.887051,44.807736,0.0],[25.886996,44.807824,0.0],[25.886911,44.807928,0.0],[25.886846,44.808023,0.0],[25.886675,44.808253,0.0],[25.886615,44.808368,0.0],[25.886549,44.808472,0.0],[25.886353,44.808747,0.0],[25.886229,44.808965,0.0],[25.886213,44.809011,0.0],[25.886198,44.809118,0.0],[25.886218,44.809195,0.0],[25.886218,44.809252,0.0],[25.88623,44.809298,0.0],[25.886245,44.809519,0.0],[25.886297,44.809924,0.0],[25.886298,44.810023,0.0],[25.886288,44.81013,0.0],[25.886271,44.810204,0.0],[25.886178,44.810387,0.0],[25.886086,44.810594,0.0],[25.886073,44.810625,0.0],[25.885924,44.810833,0.0],[25.885793,44.811018,0.0],[25.885595,44.811334,0.0],[25.885397,44.811649,0.0],[25.885273,44.812143,0.0],[25.885064,44.812535,0.0],[25.884701,44.812954,0.0],[25.884443,44.813288,0.0],[25.884367,44.813747,0.0],[25.884374,44.813839,0.0],[25.884412,44.81435,0.0],[25.88475,44.814602,0.0],[25.885461,44.81503,0.0],[25.885802,44.815095,0.0],[25.886143,44.81516,0.0],[25.887126,44.815458,0.0],[25.887429,44.815745,0.0],[25.887361,44.815966,0.0],[25.887103,44.816248,0.0],[25.886952,44.816521,0.0],[25.886887,44.816972,0.0],[25.887011,44.817277,0.0],[25.887342,44.817616,0.0],[25.887605,44.817841,0.0],[25.887764,44.81807,0.0],[25.887779,44.818307,0.0],[25.887455,44.818496,0.0],[25.887092,44.818644,0.0],[25.886674,44.818588,0.0],[25.886195,44.81849,0.0],[25.885729,44.818476,0.0],[25.885276,44.818505,0.0],[25.884849,44.818704,0.0],[25.88458,44.819037,0.0],[25.884658,44.81947,0.0],[25.884747,44.819826,0.0],[25.884719,44.820293,0.0],[25.884331,44.820704,0.0],[25.883942,44.820988,0.0],[25.883504,44.821246,0.0],[25.883113,44.821393,0.0],[25.882304,44.821578,0.0],[25.881513,44.821372,0.0],[25.880712,44.821015,0.0],[25.88004,44.820774,0.0],[25.878846,44.820378,0.0],[25.878525,44.820451,0.0],[25.878404,44.820575,0.0],[25.878385,44.82098,0.0],[25.87832,44.821562,0.0],[25.878104,44.822004,0.0],[25.878034,44.822269,0.0],[25.878058,44.822251,0.0],[25.877937,44.822446,0.0],[25.87786,44.822532,0.0],[25.87771,44.822979,0.0],[25.877324,44.823316,0.0],[25.877056,44.823652,0.0],[25.876821,44.823654,0.0],[25.876742,44.82395,0.0],[25.87639,44.824248,0.0],[25.876037,44.82454,0.0],[25.875549,44.824889,0.0],[25.875047,44.825338,0.0],[25.874895,44.825674,0.0],[25.875063,44.825893,0.0],[25.875568,44.82617,0.0],[25.875615,44.826184,0.0],[25.875942,44.826447,0.0],[25.876322,44.826876,0.0],[25.876542,44.827175,0.0],[25.876614,44.827534,0.0],[25.876606,44.827527,0.0],[25.876627,44.827851,0.0],[25.876591,44.82817,0.0],[25.876488,44.828356,0.0],[25.876353,44.828571,0.0],[25.876283,44.82878,0.0],[25.876259,44.828769,0.0],[25.876279,44.829029,0.0],[25.876469,44.829254,0.0],[25.876554,44.829333,0.0],[25.87676,44.829525,0.0],[25.876808,44.82957,0.0],[25.876894,44.829835,0.0],[25.876883,44.830195,0.0],[25.876773,44.830468,0.0],[25.876623,44.830799,0.0],[25.876433,44.831131,0.0],[25.876243,44.831474,0.0],[25.875969,44.831685,0.0],[25.875653,44.831774,0.0],[25.875076,44.831842,0.0],[25.874873,44.83182,0.0],[25.874393,44.831882,0.0],[25.873808,44.831956,0.0],[25.873133,44.831979,0.0],[25.872857,44.831998,0.0],[25.872832,44.831993,0.0],[25.872474,44.832019,0.0],[25.872158,44.832073,0.0],[25.872004,44.832126,0.0],[25.87185,44.83218,0.0],[25.87155,44.832263,0.0],[25.871368,44.832331,0.0],[25.871185,44.832395,0.0],[25.870708,44.832345,0.0],[25.870305,44.832244,0.0]]]],"type":"MultiPolygon"},"properties":{"fid":1,"area":4714.84,"perimeter":481.21,"_s":{"f":"#3579b1","fo":0.0,"s":"#3579b1","so":1.0,"w":7.56,"r":5.0}}}]}